word,mean_percentile,n_sources,sources,mean_raw_concreteness,gloss_english,tier,selected,gloss_source
Gabel,1,1,Kanske2010,1.190476,fork,core,TRUE,hack_llm_translation
Apfel,0.9985,1,Kanske2010,1.206349,apple,core,TRUE,hack_llm_translation
Besen,0.9985,1,Kanske2010,1.206349,broom,core,TRUE,hack_llm_translation
Hammer,0.997,1,Kanske2010,1.209677,hammer,core,TRUE,hack_llm_translation
Pfanne,0.9955,1,Kanske2010,1.253968,pan,core,TRUE,hack_llm_translation
Toaster,0.9955,1,Kanske2010,1.253968,toaster,core,TRUE,hack_llm_translation
Felsen,0.994,1,Kanske2010,1.258065,rock,core,TRUE,hack_llm_translation
Anker,0.9915,1,Kanske2010,1.269841,anchor,core,TRUE,hack_llm_translation
Bagger,0.9915,1,Kanske2010,1.269841,excavator,core,TRUE,hack_llm_translation
Schüssel,0.9915,1,Kanske2010,1.269841,bowl,core,TRUE,hack_llm_translation
Stuhl,0.9915,1,Kanske2010,1.269841,chair,core,TRUE,hack_llm_translation
Kondom,0.989,1,Kanske2010,1.274194,condom,core,TRUE,hack_llm_translation
Lampe,0.988,1,Kanske2010,1.285714,lamp,core,TRUE,hack_llm_translation
Ratte,0.987,1,Kanske2010,1.295082,rat,core,TRUE,hack_llm_translation
Löffel,0.9855,1,Kanske2010,1.301587,spoon,core,TRUE,hack_llm_translation
Torte,0.9855,1,Kanske2010,1.301587,cake,core,TRUE,hack_llm_translation
Penis,0.9825,1,Kanske2010,1.31746,penis,core,TRUE,hack_llm_translation
Schere,0.9825,1,Kanske2010,1.31746,scissors,core,TRUE,hack_llm_translation
Schrank,0.9825,1,Kanske2010,1.31746,cabinet,core,TRUE,hack_llm_translation
Schuh,0.9825,1,Kanske2010,1.31746,shoe,core,TRUE,hack_llm_translation
Hoden,0.98,1,Kanske2010,1.322581,testicle,core,TRUE,hack_llm_translation
Ast,0.978,1,Kanske2010,1.333333,branch,core,TRUE,hack_llm_translation
Stein,0.978,1,Kanske2010,1.333333,stone,core,TRUE,hack_llm_translation
Tür,0.978,1,Kanske2010,1.333333,door,core,TRUE,hack_llm_translation
Brief,0.976,1,Kanske2010,1.33871,letter,core,TRUE,hack_llm_translation
Ball,0.973,1,Kanske2010,1.349206,ball,core,TRUE,hack_llm_translation
Boot,0.973,1,Kanske2010,1.349206,boat,core,TRUE,hack_llm_translation
Rose,0.973,1,Kanske2010,1.349206,rose,core,TRUE,hack_llm_translation
Schinken,0.973,1,Kanske2010,1.349206,ham,core,TRUE,hack_llm_translation
Tasse,0.973,1,Kanske2010,1.349206,cup,core,TRUE,hack_llm_translation
Bein,0.97,1,Kanske2010,1.354839,leg,core,TRUE,hack_llm_translation
Brücke,0.968,1,Kanske2010,1.365079,bridge,core,TRUE,hack_llm_translation
Kirsche,0.968,1,Kanske2010,1.365079,cherry,core,TRUE,hack_llm_translation
Tisch,0.968,1,Kanske2010,1.365079,table,core,TRUE,hack_llm_translation
Bett,0.966,1,Kanske2010,1.370968,bed,core,TRUE,hack_llm_translation
Gras,0.9635,1,Kanske2010,1.380952,grass,core,TRUE,hack_llm_translation
Münze,0.9635,1,Kanske2010,1.380952,coin,core,TRUE,hack_llm_translation
Waggon,0.9635,1,Kanske2010,1.380952,wagon,core,TRUE,hack_llm_translation
Zeitung,0.9635,1,Kanske2010,1.380952,newspaper,core,TRUE,hack_llm_translation
Flasche,0.961,1,Kanske2010,1.396825,bottle,core,TRUE,hack_llm_translation
Stiefel,0.96,1,Kanske2010,1.403226,boot,core,TRUE,hack_llm_translation
Becher,0.958,1,Kanske2010,1.412698,cup,core,TRUE,hack_llm_translation
Finger,0.958,1,Kanske2010,1.412698,finger,core,TRUE,hack_llm_translation
Schaf,0.958,1,Kanske2010,1.412698,sheep,core,TRUE,hack_llm_translation
Spiegel,0.9555,1,Kanske2010,1.428571,mirror,core,TRUE,hack_llm_translation
Taste,0.9555,1,Kanske2010,1.428571,key,core,TRUE,hack_llm_translation
Erbse,0.951,1,Kanske2010,1.444444,pea,core,TRUE,hack_llm_translation
Fisch,0.951,1,Kanske2010,1.444444,fish,core,TRUE,hack_llm_translation
Hut,0.951,1,Kanske2010,1.444444,hat,core,TRUE,hack_llm_translation
Käse,0.951,1,Kanske2010,1.444444,cheese,core,TRUE,hack_llm_translation
Kran,0.951,1,Kanske2010,1.444444,crane,core,TRUE,hack_llm_translation
Kuh,0.951,1,Kanske2010,1.444444,cow,core,TRUE,hack_llm_translation
Mund,0.951,1,Kanske2010,1.444444,mouth,core,TRUE,hack_llm_translation
Kreide,0.947,1,Kanske2010,1.451613,chalk,core,TRUE,hack_llm_translation
Baum,0.9425,1,Kanske2010,1.460318,tree,core,TRUE,hack_llm_translation
Dackel,0.9425,1,Kanske2010,1.460318,dachshund,core,TRUE,hack_llm_translation
Dose,0.9425,1,Kanske2010,1.460318,can,core,TRUE,hack_llm_translation
Fenster,0.9425,1,Kanske2010,1.460318,window,core,TRUE,hack_llm_translation
Frosch,0.9425,1,Kanske2010,1.460318,frog,core,TRUE,hack_llm_translation
Korken,0.9425,1,Kanske2010,1.460318,cork,core,TRUE,hack_llm_translation
Traktor,0.9425,1,Kanske2010,1.460318,tractor,core,TRUE,hack_llm_translation
Zelt,0.9425,1,Kanske2010,1.460318,tent,core,TRUE,hack_llm_translation
Mais,0.938,1,Kanske2010,1.467742,corn,core,TRUE,hack_llm_translation
Karpfen,0.936,1,Kanske2010,1.476191,carp,core,TRUE,hack_llm_translation
Nadel,0.936,1,Kanske2010,1.476191,needle,core,TRUE,hack_llm_translation
Seil,0.936,1,Kanske2010,1.476191,rope,core,TRUE,hack_llm_translation
Hocker,0.9335,1,Kanske2010,1.483871,stool,core,TRUE,hack_llm_translation
Nase,0.9335,1,Kanske2010,1.483871,nose,core,TRUE,hack_llm_translation
Amsel,0.9285,1,Kanske2010,1.492064,blackbird,core,TRUE,hack_llm_translation
Delphin,0.9285,1,Kanske2010,1.492064,dolphin,core,TRUE,hack_llm_translation
Kamm,0.9285,1,Kanske2010,1.492064,comb,core,TRUE,hack_llm_translation
Kanne,0.9285,1,Kanske2010,1.492064,pot,core,TRUE,hack_llm_translation
Klinke,0.9285,1,Kanske2010,1.492064,door handle,core,TRUE,hack_llm_translation
Mehl,0.9285,1,Kanske2010,1.492064,flour,core,TRUE,hack_llm_translation
Regal,0.9285,1,Kanske2010,1.492064,shelf,core,TRUE,hack_llm_translation
Schiff,0.9285,1,Kanske2010,1.492064,ship,core,TRUE,hack_llm_translation
Blume,0.923,1,Kanske2010,1.5,flower,core,TRUE,hack_llm_translation
Jacke,0.923,1,Kanske2010,1.5,jacket,core,TRUE,hack_llm_translation
Schirm,0.923,1,Kanske2010,1.5,umbrella,core,TRUE,hack_llm_translation
Angel,0.9195,1,Kanske2010,1.507937,fishing rod,core,TRUE,hack_llm_translation
Glas,0.9195,1,Kanske2010,1.507937,glass,core,TRUE,hack_llm_translation
Ruder,0.9195,1,Kanske2010,1.507937,oar,core,TRUE,hack_llm_translation
Schaufel,0.9195,1,Kanske2010,1.507937,shovel,core,TRUE,hack_llm_translation
Mütze,0.917,1,Kanske2010,1.508197,beanie,core,TRUE,hack_llm_translation
Bambus,0.915,1,Kanske2010,1.516129,bamboo,core,TRUE,hack_llm_translation
Daumen,0.915,1,Kanske2010,1.516129,thumb,core,TRUE,hack_llm_translation
Schulter,0.915,1,Kanske2010,1.516129,shoulder,core,TRUE,hack_llm_translation
Knopf,0.9125,1,Kanske2010,1.52381,button,core,TRUE,hack_llm_translation
Tafel,0.9125,1,Kanske2010,1.52381,board,core,TRUE,hack_llm_translation
Mühle,0.9105,1,Kanske2010,1.532258,mill,core,TRUE,hack_llm_translation
Ofen,0.9105,1,Kanske2010,1.532258,oven,core,TRUE,hack_llm_translation
Kinn,0.908,1,Kanske2010,1.539683,chin,core,TRUE,hack_llm_translation
Krug,0.908,1,Kanske2010,1.539683,jug,core,TRUE,hack_llm_translation
Paddel,0.908,1,Kanske2010,1.539683,paddle,core,TRUE,hack_llm_translation
Gleis,0.9055,1,Kanske2010,1.548387,track,core,TRUE,hack_llm_translation
Kelle,0.9055,1,Kanske2010,1.548387,ladle,core,TRUE,hack_llm_translation
Stift,0.9035,1,Kanske2010,1.555556,pen,core,TRUE,hack_llm_translation
Zettel,0.9035,1,Kanske2010,1.555556,note,core,TRUE,hack_llm_translation
Kind,0.901,1,Kanske2010,1.564516,child,core,TRUE,hack_llm_translation
Schilf,0.901,1,Kanske2010,1.564516,reed,core,TRUE,hack_llm_translation
Taxi,0.901,1,Kanske2010,1.564516,taxi,core,TRUE,hack_llm_translation
Dusche,0.8975,1,Kanske2010,1.571429,shower,core,TRUE,hack_llm_translation
Galgen,0.8975,1,Kanske2010,1.571429,gallows,core,TRUE,hack_llm_translation
Leiter,0.8975,1,Kanske2010,1.571429,ladder,core,TRUE,hack_llm_translation
Zug,0.8975,1,Kanske2010,1.571429,train,core,TRUE,hack_llm_translation
Dach,0.893,1,Kanske2010,1.580645,roof,core,TRUE,hack_llm_translation
Fön,0.893,1,Kanske2010,1.580645,hair dryer,core,TRUE,hack_llm_translation
Hai,0.893,1,Kanske2010,1.580645,shark,core,TRUE,hack_llm_translation
Henkel,0.893,1,Kanske2010,1.580645,handle,core,TRUE,hack_llm_translation
Schnee,0.893,1,Kanske2010,1.580645,snow,core,TRUE,hack_llm_translation
Fass,0.888,1,Kanske2010,1.587302,barrel,core,TRUE,hack_llm_translation
Heft,0.888,1,Kanske2010,1.587302,notebook,core,TRUE,hack_llm_translation
Nacken,0.888,1,Kanske2010,1.587302,nape,core,TRUE,hack_llm_translation
Natter,0.888,1,Kanske2010,1.587302,adder,core,TRUE,hack_llm_translation
Tube,0.888,1,Kanske2010,1.587302,tube,core,TRUE,hack_llm_translation
Birke,0.8835,1,Kanske2010,1.596774,birch,core,TRUE,hack_llm_translation
Ente,0.8835,1,Kanske2010,1.596774,duck,core,TRUE,hack_llm_translation
Sau,0.8835,1,Kanske2010,1.596774,sow,core,TRUE,hack_llm_translation
Tasche,0.8835,1,Kanske2010,1.596774,bag,core,TRUE,hack_llm_translation
Bohne,0.8805,1,Kanske2010,1.603175,bean,core,TRUE,hack_llm_translation
Turm,0.8805,1,Kanske2010,1.603175,tower,core,TRUE,hack_llm_translation
Bahn,0.8785,1,Kanske2010,1.612903,railway,core,TRUE,hack_llm_translation
Treppe,0.8785,1,Kanske2010,1.612903,stairs,core,TRUE,hack_llm_translation
Fackel,0.8765,1,Kanske2010,1.619048,torch,core,TRUE,hack_llm_translation
Truhe,0.8765,1,Kanske2010,1.619048,chest,core,TRUE,hack_llm_translation
Brezel,0.8745,1,Kanske2010,1.629032,pretzel,core,TRUE,hack_llm_translation
Draht,0.8745,1,Kanske2010,1.629032,wire,core,TRUE,hack_llm_translation
Decke,0.872,1,Kanske2010,1.634921,blanket,core,TRUE,hack_llm_translation
Schal,0.872,1,Kanske2010,1.634921,scarf,core,TRUE,hack_llm_translation
Spritze,0.872,1,Kanske2010,1.634921,syringe,core,TRUE,hack_llm_translation
Brust,0.869,1,Kanske2010,1.645161,chest,core,TRUE,hack_llm_translation
Küken,0.869,1,Kanske2010,1.645161,chick,core,TRUE,hack_llm_translation
Sieb,0.869,1,Kanske2010,1.645161,sieve,core,TRUE,hack_llm_translation
Efeu,0.866,1,Kanske2010,1.650794,ivy,core,TRUE,hack_llm_translation
Pizza,0.866,1,Kanske2010,1.650794,pizza,core,TRUE,hack_llm_translation
Strick,0.866,1,Kanske2010,1.650794,rope,core,TRUE,hack_llm_translation
Klingel,0.8635,1,Kanske2010,1.655738,doorbell,core,TRUE,hack_llm_translation
Papier,0.8635,1,Kanske2010,1.655738,paper,core,TRUE,hack_llm_translation
Besteck,0.8595,1,Kanske2010,1.66129,cutlery,core,TRUE,hack_llm_translation
Brett,0.8595,1,Kanske2010,1.66129,board,core,TRUE,hack_llm_translation
Hemd,0.8595,1,Kanske2010,1.66129,shirt,core,TRUE,hack_llm_translation
Korb,0.8595,1,Kanske2010,1.66129,basket,core,TRUE,hack_llm_translation
Lilie,0.8595,1,Kanske2010,1.66129,lily,core,TRUE,hack_llm_translation
Yacht,0.8595,1,Kanske2010,1.66129,yacht,core,TRUE,hack_llm_translation
Eiche,0.8545,1,Kanske2010,1.666667,oak,core,TRUE,hack_llm_translation
Geier,0.8545,1,Kanske2010,1.666667,vulture,core,TRUE,hack_llm_translation
Krake,0.8545,1,Kanske2010,1.666667,octopus,core,TRUE,hack_llm_translation
Kuchen,0.8545,1,Kanske2010,1.666667,cake,core,TRUE,hack_llm_translation
Waffe,0.852,1,Kanske2010,1.677419,weapon,core,TRUE,hack_llm_translation
Kissen,0.851,1,Kanske2010,1.68254,pillow,core,TRUE,hack_llm_translation
Ahorn,0.849,1,Kanske2010,1.693548,maple,core,TRUE,hack_llm_translation
Butter,0.849,1,Kanske2010,1.693548,butter,core,TRUE,hack_llm_translation
Mantel,0.849,1,Kanske2010,1.693548,coat,core,TRUE,hack_llm_translation
Faden,0.845,1,Kanske2010,1.698413,thread,core,TRUE,hack_llm_translation
Gebiss,0.845,1,Kanske2010,1.698413,denture,core,TRUE,hack_llm_translation
Hütte,0.845,1,Kanske2010,1.698413,hut,core,TRUE,hack_llm_translation
Spange,0.845,1,Kanske2010,1.698413,clasp,core,TRUE,hack_llm_translation
Stute,0.845,1,Kanske2010,1.698413,mare,core,TRUE,hack_llm_translation
Fluss,0.8415,1,Kanske2010,1.709677,river,core,TRUE,hack_llm_translation
Honig,0.8415,1,Kanske2010,1.709677,honey,core,TRUE,hack_llm_translation
Busen,0.8385,1,Kanske2010,1.714286,bosom,core,TRUE,hack_llm_translation
Eule,0.8385,1,Kanske2010,1.714286,owl,core,TRUE,hack_llm_translation
Teppich,0.8385,1,Kanske2010,1.714286,carpet,core,TRUE,hack_llm_translation
Wade,0.8385,1,Kanske2010,1.714286,calf,core,TRUE,hack_llm_translation
Flagge,0.8345,1,Kanske2010,1.725807,flag,core,TRUE,hack_llm_translation
Kiesel,0.8345,1,Kanske2010,1.725807,pebble,core,TRUE,hack_llm_translation
Sahne,0.8345,1,Kanske2010,1.725807,cream,core,TRUE,hack_llm_translation
Weste,0.8345,1,Kanske2010,1.725807,vest,core,TRUE,hack_llm_translation
Blech,0.831,1,Kanske2010,1.730159,sheet metal,core,TRUE,hack_llm_translation
Klo,0.831,1,Kanske2010,1.730159,toilet,core,TRUE,hack_llm_translation
Strumpf,0.831,1,Kanske2010,1.730159,stocking,core,TRUE,hack_llm_translation
Bonbon,0.828,1,Kanske2010,1.741936,candy,core,TRUE,hack_llm_translation
Knospe,0.828,1,Kanske2010,1.741936,bud,core,TRUE,hack_llm_translation
Tuch,0.828,1,Kanske2010,1.741936,cloth,core,TRUE,hack_llm_translation
Ampel,0.8245,1,Kanske2010,1.746032,traffic light,core,TRUE,hack_llm_translation
Knie,0.8245,1,Kanske2010,1.746032,knee,core,TRUE,hack_llm_translation
Popo,0.8245,1,Kanske2010,1.746032,bottom,core,TRUE,hack_llm_translation
Schlips,0.8245,1,Kanske2010,1.746032,necktie,core,TRUE,hack_llm_translation
Klammer,0.822,1,Kanske2010,1.758065,clip,core,TRUE,hack_llm_translation
Schwamm,0.821,1,Kanske2010,1.761905,sponge,core,TRUE,hack_llm_translation
Bad,0.8195,1,Kanske2010,1.774194,bath,core,TRUE,hack_llm_translation
Sarg,0.8195,1,Kanske2010,1.774194,coffin,core,TRUE,hack_llm_translation
Beet,0.816,1,Kanske2010,1.777778,flowerbed,core,TRUE,hack_llm_translation
Fähre,0.816,1,Kanske2010,1.777778,ferry,core,TRUE,hack_llm_translation
Gelenk,0.816,1,Kanske2010,1.777778,joint,core,TRUE,hack_llm_translation
Kessel,0.816,1,Kanske2010,1.777778,kettle,core,TRUE,hack_llm_translation
Locke,0.816,1,Kanske2010,1.777778,curl,core,TRUE,hack_llm_translation
Hecke,0.811,1,Kanske2010,1.790323,hedge,core,TRUE,hack_llm_translation
Kappe,0.811,1,Kanske2010,1.790323,cap,core,TRUE,hack_llm_translation
Kasse,0.811,1,Kanske2010,1.790323,cash register,core,TRUE,hack_llm_translation
Scheide,0.811,1,Kanske2010,1.790323,vagina,core,TRUE,hack_llm_translation
Schnur,0.811,1,Kanske2010,1.790323,cord,core,TRUE,hack_llm_translation
Büchse,0.8065,1,Kanske2010,1.793651,tin,core,TRUE,hack_llm_translation
Hose,0.8065,1,Kanske2010,1.793651,pants,core,TRUE,hack_llm_translation
Kompass,0.8065,1,Kanske2010,1.793651,compass,core,TRUE,hack_llm_translation
Stecker,0.8065,1,Kanske2010,1.793651,plug,core,TRUE,hack_llm_translation
Stirn,0.804,1,Kanske2010,1.806452,forehead,core,TRUE,hack_llm_translation
Kabel,0.803,1,Kanske2010,1.809524,cable,core,TRUE,hack_llm_translation
Pimmel,0.8015,1,Kanske2010,1.822581,penis,core,TRUE,hack_llm_translation
Schabe,0.8015,1,Kanske2010,1.822581,cockroach,core,TRUE,hack_llm_translation
Umschlag,0.8,1,Kanske2010,1.825397,envelope,core,TRUE,hack_llm_translation
Berg,0.798,1,Kanske2010,1.83871,mountain,core,TRUE,hack_llm_translation
Blüte,0.798,1,Kanske2010,1.83871,blossom,core,TRUE,hack_llm_translation
Paket,0.798,1,Kanske2010,1.83871,package,core,TRUE,hack_llm_translation
Hefter,0.795,1,Kanske2010,1.854839,stapler,core,TRUE,hack_llm_translation
Schale,0.795,1,Kanske2010,1.854839,peel,core,TRUE,hack_llm_translation
Warze,0.795,1,Kanske2010,1.854839,wart,core,TRUE,hack_llm_translation
Laub,0.792,1,Kanske2010,1.857143,foliage,core,TRUE,hack_llm_translation
Pendel,0.792,1,Kanske2010,1.857143,pendulum,core,TRUE,hack_llm_translation
Sperma,0.792,1,Kanske2010,1.857143,sperm,core,TRUE,hack_llm_translation
Balken,0.79,1,Kanske2010,1.868853,beam,core,TRUE,hack_llm_translation
Krücke,0.789,1,Kanske2010,1.870968,crutch,core,TRUE,hack_llm_translation
Balkon,0.7865,1,Kanske2010,1.873016,balcony,core,TRUE,hack_llm_translation
Kasten,0.7865,1,Kanske2010,1.873016,box,core,TRUE,hack_llm_translation
Stachel,0.7865,1,Kanske2010,1.873016,spike,core,TRUE,hack_llm_translation
Strasse,0.7865,1,Kanske2010,1.873016,street,core,TRUE,hack_llm_translation
Damm,0.783,1,Kanske2010,1.887097,dam,core,TRUE,hack_llm_translation
Nippel,0.783,1,Kanske2010,1.887097,nipple,core,TRUE,hack_llm_translation
Wachs,0.783,1,Kanske2010,1.887097,wax,core,TRUE,hack_llm_translation
Dildo,0.78,1,Kanske2010,1.888889,dildo,core,TRUE,hack_llm_translation
Karton,0.78,1,Kanske2010,1.888889,cardboard box,core,TRUE,hack_llm_translation
Lunge,0.78,1,Kanske2010,1.888889,lung,core,TRUE,hack_llm_translation
Pickel,0.7775,1,Kanske2010,1.904762,pimple,core,TRUE,hack_llm_translation
Stiel,0.7775,1,Kanske2010,1.904762,stem,core,TRUE,hack_llm_translation
Ferse,0.7755,1,Kanske2010,1.919355,heel,core,TRUE,hack_llm_translation
Korn,0.7755,1,Kanske2010,1.919355,grain,core,TRUE,hack_llm_translation
Deckel,0.7715,1,Kanske2010,1.920635,lid,core,TRUE,hack_llm_translation
Keller,0.7715,1,Kanske2010,1.920635,basement,core,TRUE,hack_llm_translation
Schenkel,0.7715,1,Kanske2010,1.920635,thigh,core,TRUE,hack_llm_translation
Schwanz,0.7715,1,Kanske2010,1.920635,tail,core,TRUE,hack_llm_translation
Stamm,0.7715,1,Kanske2010,1.920635,trunk,core,TRUE,hack_llm_translation
Teig,0.7715,1,Kanske2010,1.920635,dough,core,TRUE,hack_llm_translation
Bühne,0.767,1,Kanske2010,1.936508,stage,core,TRUE,hack_llm_translation
Denkmal,0.767,1,Kanske2010,1.936508,monument,core,TRUE,hack_llm_translation
Zecke,0.767,1,Kanske2010,1.936508,tick,core,TRUE,hack_llm_translation
Karte,0.765,1,Kanske2010,1.95082,card,core,TRUE,hack_llm_translation
Juwel,0.7635,1,Kanske2010,1.951613,jewel,core,TRUE,hack_llm_translation
Sohle,0.7635,1,Kanske2010,1.951613,sole,core,TRUE,hack_llm_translation
Kotze,0.762,1,Kanske2010,1.952381,vomit,core,TRUE,hack_llm_translation
Popel,0.7605,1,Kanske2010,1.967742,booger,core,TRUE,hack_llm_translation
Tinte,0.7605,1,Kanske2010,1.967742,ink,core,TRUE,hack_llm_translation
Gold,0.758,1,Kanske2010,1.968254,gold,core,TRUE,hack_llm_translation
Schalter,0.758,1,Kanske2010,1.968254,switch,core,TRUE,hack_llm_translation
Ski,0.758,1,Kanske2010,1.968254,ski,core,TRUE,hack_llm_translation
Docht,0.755,1,Kanske2010,1.984127,wick,core,TRUE,hack_llm_translation
Hüfte,0.755,1,Kanske2010,1.984127,hip,core,TRUE,hack_llm_translation
Sand,0.755,1,Kanske2010,1.984127,sand,core,TRUE,hack_llm_translation
Gebäck,0.752,1,Kanske2010,2,pastry,core,TRUE,hack_llm_translation
Kristall,0.752,1,Kanske2010,2,crystal,core,TRUE,hack_llm_translation
Urne,0.752,1,Kanske2010,2,urn,core,TRUE,hack_llm_translation
Blase,0.7485,1,Kanske2010,2.015873,bladder,core,TRUE,hack_llm_translation
Blatt,0.7485,1,Kanske2010,2.015873,leaf,core,TRUE,hack_llm_translation
Garn,0.7485,1,Kanske2010,2.015873,yarn,core,TRUE,hack_llm_translation
Säule,0.7485,1,Kanske2010,2.015873,pillar,core,TRUE,hack_llm_translation
Kippe,0.7455,1,Kanske2010,2.016129,cigarette butt,core,TRUE,hack_llm_translation
Körper,0.7455,1,Kanske2010,2.016129,body,core,TRUE,hack_llm_translation
Hafen,0.744,1,Kanske2010,2.016393,harbor,core,TRUE,hack_llm_translation
Bach,0.7405,1,Kanske2010,2.031746,stream,core,TRUE,hack_llm_translation
Dessert,0.7405,1,Kanske2010,2.031746,dessert,core,TRUE,hack_llm_translation
Glied,0.7405,1,Kanske2010,2.031746,limb,core,TRUE,hack_llm_translation
Hintern,0.7405,1,Kanske2010,2.031746,buttocks,core,TRUE,hack_llm_translation
Magen,0.7405,1,Kanske2010,2.031746,stomach,core,TRUE,hack_llm_translation
Sauna,0.7405,1,Kanske2010,2.031746,sauna,core,TRUE,hack_llm_translation
Alge,0.7365,1,Kanske2010,2.032258,algae,core,TRUE,hack_llm_translation
Perle,0.7365,1,Kanske2010,2.032258,pearl,core,TRUE,hack_llm_translation
Sekt,0.735,1,Kanske2010,2.032787,sparkling wine,core,TRUE,hack_llm_translation
Laden,0.733,1,Kanske2010,2.047619,shop,core,TRUE,hack_llm_translation
Speichel,0.733,1,Kanske2010,2.047619,saliva,core,TRUE,hack_llm_translation
Spucke,0.733,1,Kanske2010,2.047619,spit,core,TRUE,hack_llm_translation
Blinker,0.7305,1,Kanske2010,2.048387,turn signal,core,TRUE,hack_llm_translation
Muskel,0.7305,1,Kanske2010,2.048387,muscle,core,TRUE,hack_llm_translation
Gebüsch,0.728,1,Kanske2010,2.063492,bushes,core,TRUE,hack_llm_translation
Holz,0.728,1,Kanske2010,2.063492,wood,core,TRUE,hack_llm_translation
Wanze,0.728,1,Kanske2010,2.063492,bug,core,TRUE,hack_llm_translation
Anzug,0.7255,1,Kanske2010,2.064516,suit,core,TRUE,hack_llm_translation
Schiene,0.7255,1,Kanske2010,2.064516,rail,core,TRUE,hack_llm_translation
Bombe,0.7225,1,Kanske2010,2.079365,bomb,core,TRUE,hack_llm_translation
Kralle,0.7225,1,Kanske2010,2.079365,claw,core,TRUE,hack_llm_translation
Stufe,0.7225,1,Kanske2010,2.079365,step,core,TRUE,hack_llm_translation
Suppe,0.7225,1,Kanske2010,2.079365,soup,core,TRUE,hack_llm_translation
Bauch,0.719,1,Kanske2010,2.095238,belly,core,TRUE,hack_llm_translation
Made,0.719,1,Kanske2010,2.095238,maggot,core,TRUE,hack_llm_translation
Murmel,0.719,1,Kanske2010,2.095238,marble,core,TRUE,hack_llm_translation
Klinik,0.7165,1,Kanske2010,2.096774,clinic,core,TRUE,hack_llm_translation
Leder,0.7165,1,Kanske2010,2.096774,leather,core,TRUE,hack_llm_translation
Baby,0.714,1,Kanske2010,2.111111,baby,core,TRUE,hack_llm_translation
Narbe,0.714,1,Kanske2010,2.111111,scar,core,TRUE,hack_llm_translation
Packung,0.714,1,Kanske2010,2.111111,package,core,TRUE,hack_llm_translation
Fessel,0.7115,1,Kanske2010,2.114754,ankle,core,TRUE,hack_llm_translation
Folie,0.7115,1,Kanske2010,2.114754,foil,core,TRUE,hack_llm_translation
Stahl,0.71,1,Kanske2010,2.129032,steel,core,TRUE,hack_llm_translation
Gondel,0.709,1,Kanske2010,2.142857,gondola,core,TRUE,hack_llm_translation
Kachel,0.7075,1,Kanske2010,2.145161,tile,core,TRUE,hack_llm_translation
Schmuck,0.7075,1,Kanske2010,2.145161,jewelry,core,TRUE,hack_llm_translation
Gipfel,0.706,1,Kanske2010,2.147541,summit,core,TRUE,hack_llm_translation
Dorf,0.7035,1,Kanske2010,2.15873,village,core,TRUE,hack_llm_translation
Flinte,0.7035,1,Kanske2010,2.15873,shotgun,core,TRUE,hack_llm_translation
Milben,0.7035,1,Kanske2010,2.15873,mites,core,TRUE,hack_llm_translation
Sockel,0.7035,1,Kanske2010,2.15873,pedestal,core,TRUE,hack_llm_translation
Tennis,0.7005,1,Kanske2010,2.16129,tennis,core,TRUE,hack_llm_translation
Zimt,0.7005,1,Kanske2010,2.16129,cinnamon,core,TRUE,hack_llm_translation
Herz,0.699,1,Kanske2010,2.177419,heart,core,TRUE,hack_llm_translation
Binde,0.6975,1,Kanske2010,2.190476,bandage,core,TRUE,hack_llm_translation
Braut,0.6975,1,Kanske2010,2.190476,bride,core,TRUE,hack_llm_translation
Knüppel,0.6955,1,Kanske2010,2.193548,club,core,TRUE,hack_llm_translation
Selters,0.6955,1,Kanske2010,2.193548,seltzer water,core,TRUE,hack_llm_translation
Filter,0.6935,1,Kanske2010,2.206349,filter,core,TRUE,hack_llm_translation
Gruft,0.6935,1,Kanske2010,2.206349,crypt,core,TRUE,hack_llm_translation
Aufzug,0.6915,1,Kanske2010,2.209677,elevator,core,TRUE,hack_llm_translation
Hengst,0.6915,1,Kanske2010,2.209677,stallion,core,TRUE,hack_llm_translation
Eisen,0.6895,1,Kanske2010,2.213115,iron,core,TRUE,hack_llm_translation
Kern,0.6895,1,Kanske2010,2.213115,core,core,TRUE,hack_llm_translation
Kuppel,0.6865,1,Kanske2010,2.222222,dome,core,TRUE,hack_llm_translation
Rasen,0.6865,1,Kanske2010,2.222222,lawn,core,TRUE,hack_llm_translation
Rechner,0.6865,1,Kanske2010,2.222222,calculator,core,TRUE,hack_llm_translation
Urin,0.6865,1,Kanske2010,2.222222,urine,core,TRUE,hack_llm_translation
Gesicht,0.684,1,Kanske2010,2.225807,face,core,TRUE,hack_llm_translation
Zimmer,0.683,1,Kanske2010,2.238095,room,core,TRUE,hack_llm_translation
Kräuter,0.6815,1,Kanske2010,2.241936,herbs,core,TRUE,hack_llm_translation
Reptil,0.6815,1,Kanske2010,2.241936,reptile,core,TRUE,hack_llm_translation
Meer,0.6795,1,Kanske2010,2.253968,sea,core,TRUE,hack_llm_translation
Plane,0.6795,1,Kanske2010,2.253968,tarp,core,TRUE,hack_llm_translation
Faser,0.6765,1,Kanske2010,2.269841,fiber,core,TRUE,hack_llm_translation
Pisse,0.6765,1,Kanske2010,2.269841,piss,core,TRUE,hack_llm_translation
Saphir,0.6765,1,Kanske2010,2.269841,sapphire,core,TRUE,hack_llm_translation
Strand,0.6765,1,Kanske2010,2.269841,beach,core,TRUE,hack_llm_translation
Arsch,0.673,1,Kanske2010,2.274194,ass,core,TRUE,hack_llm_translation
Becken,0.673,1,Kanske2010,2.274194,basin,core,TRUE,hack_llm_translation
Konfekt,0.673,1,Kanske2010,2.274194,confectionery,core,TRUE,hack_llm_translation
Knast,0.6705,1,Kanske2010,2.285714,prison,core,TRUE,hack_llm_translation
Schaum,0.6705,1,Kanske2010,2.285714,foam,core,TRUE,hack_llm_translation
Haut,0.667,1,Kanske2010,2.301587,skin,core,TRUE,hack_llm_translation
Leiche,0.667,1,Kanske2010,2.301587,corpse,core,TRUE,hack_llm_translation
Organ,0.667,1,Kanske2010,2.301587,organ,core,TRUE,hack_llm_translation
Riegel,0.667,1,Kanske2010,2.301587,bolt,core,TRUE,hack_llm_translation
Vorhang,0.667,1,Kanske2010,2.301587,curtain,core,TRUE,hack_llm_translation
Metall,0.664,1,Kanske2010,2.306452,metal,core,TRUE,hack_llm_translation
Kot,0.663,1,Kanske2010,2.31746,feces,core,TRUE,hack_llm_translation
Raps,0.662,1,Kanske2010,2.322581,rapeseed,core,TRUE,hack_llm_translation
Freibad,0.659,1,Kanske2010,2.333333,outdoor pool,core,TRUE,hack_llm_translation
Junge,0.659,1,Kanske2010,2.333333,boy,core,TRUE,hack_llm_translation
Kacke,0.659,1,Kanske2010,2.333333,poop,core,TRUE,hack_llm_translation
Leichnam,0.659,1,Kanske2010,2.333333,corpse,core,TRUE,hack_llm_translation
Muschi,0.659,1,Kanske2010,2.333333,pussy,core,TRUE,hack_llm_translation
Hotel,0.656,1,Kanske2010,2.33871,hotel,core,TRUE,hack_llm_translation
Akne,0.655,1,Kanske2010,2.349206,acne,core,TRUE,hack_llm_translation
Platte,0.654,1,Kanske2010,2.354839,record,core,TRUE,hack_llm_translation
Koks,0.6525,1,Kanske2010,2.380952,cocaine,core,TRUE,hack_llm_translation
Ordner,0.6525,1,Kanske2010,2.380952,folder,core,TRUE,hack_llm_translation
Viper,0.651,1,Kanske2010,2.387097,viper,core,TRUE,hack_llm_translation
Lehrer,0.65,1,Kanske2010,2.403226,teacher,core,TRUE,hack_llm_translation
Bild,0.6485,1,Kanske2010,2.412698,picture,core,TRUE,hack_llm_translation
Grab,0.6485,1,Kanske2010,2.412698,grave,core,TRUE,hack_llm_translation
Palast,0.647,1,Kanske2010,2.419355,palace,core,TRUE,hack_llm_translation
Saal,0.646,1,Kanske2010,2.428571,hall,core,TRUE,hack_llm_translation
Film,0.6445,1,Kanske2010,2.435484,film,core,TRUE,hack_llm_translation
Sitz,0.6445,1,Kanske2010,2.435484,seat,core,TRUE,hack_llm_translation
Knoten,0.6425,1,Kanske2010,2.444444,knot,core,TRUE,hack_llm_translation
Plakat,0.6425,1,Kanske2010,2.444444,poster,core,TRUE,hack_llm_translation
Feld,0.6405,1,Kanske2010,2.451613,field,core,TRUE,hack_llm_translation
Kreis,0.6405,1,Kanske2010,2.451613,circle,core,TRUE,hack_llm_translation
Buckel,0.6375,1,Kanske2010,2.460318,hump,core,TRUE,hack_llm_translation
Futter,0.6375,1,Kanske2010,2.460318,feed,core,TRUE,hack_llm_translation
Giebel,0.6375,1,Kanske2010,2.460318,gable,core,TRUE,hack_llm_translation
Knabe,0.6375,1,Kanske2010,2.460318,boy,core,TRUE,hack_llm_translation
Rampe,0.635,1,Kanske2010,2.467742,ramp,core,TRUE,hack_llm_translation
Seide,0.634,1,Kanske2010,2.483871,silk,core,TRUE,hack_llm_translation
Anus,0.632,1,Kanske2010,2.5,anus,core,TRUE,hack_llm_translation
Frucht,0.632,1,Kanske2010,2.5,fruit,core,TRUE,hack_llm_translation
Schlaufe,0.632,1,Kanske2010,2.5,loop,core,TRUE,hack_llm_translation
Kapsel,0.63,1,Kanske2010,2.508197,capsule,core,TRUE,hack_llm_translation
Drucker,0.629,1,Kanske2010,2.532258,printer,core,TRUE,hack_llm_translation
Sonne,0.628,1,Kanske2010,2.539683,sun,core,TRUE,hack_llm_translation
Gepäck,0.627,1,Kanske2010,2.571429,luggage,core,TRUE,hack_llm_translation
Möse,0.626,1,Kanske2010,2.573771,pussy,core,TRUE,hack_llm_translation
Schleim,0.625,1,Kanske2010,2.580645,slime,core,TRUE,hack_llm_translation
Knorpel,0.624,1,Kanske2010,2.587302,cartilage,core,TRUE,hack_llm_translation
Bordell,0.6225,1,Kanske2010,2.596774,brothel,core,TRUE,hack_llm_translation
Zelle,0.6225,1,Kanske2010,2.596774,cell,core,TRUE,hack_llm_translation
Delle,0.6205,1,Kanske2010,2.603175,dent,core,TRUE,hack_llm_translation
Satin,0.6205,1,Kanske2010,2.603175,satin,core,TRUE,hack_llm_translation
Eiter,0.619,1,Kanske2010,2.612903,pus,core,TRUE,hack_llm_translation
Kerker,0.6175,1,Kanske2010,2.634921,dungeon,core,TRUE,hack_llm_translation
Vulva,0.6175,1,Kanske2010,2.634921,vulva,core,TRUE,hack_llm_translation
Akte,0.6145,1,Kanske2010,2.698413,file,core,TRUE,hack_llm_translation
Bar,0.6145,1,Kanske2010,2.698413,bar,core,TRUE,hack_llm_translation
Grübchen,0.6145,1,Kanske2010,2.698413,dimple,core,TRUE,hack_llm_translation
Kante,0.6145,1,Kanske2010,2.698413,edge,core,TRUE,hack_llm_translation
Klempner,0.612,1,Kanske2010,2.704918,plumber,core,TRUE,hack_llm_translation
Maul,0.611,1,Kanske2010,2.714286,mouth,core,TRUE,hack_llm_translation
Diele,0.6095,1,Kanske2010,2.730159,hallway,core,TRUE,hack_llm_translation
Kleidung,0.6095,1,Kanske2010,2.730159,clothing,core,TRUE,hack_llm_translation
Getränk,0.608,1,Kanske2010,2.737705,drink,core,TRUE,hack_llm_translation
Album,0.607,1,Kanske2010,2.741936,album,core,TRUE,hack_llm_translation
Basar,0.6055,1,Kanske2010,2.758065,bazaar,core,TRUE,hack_llm_translation
Büro,0.6055,1,Kanske2010,2.758065,office,core,TRUE,hack_llm_translation
Abteil,0.604,1,Kanske2010,2.761905,compartment,core,TRUE,hack_llm_translation
Mast,0.602,1,Kanske2010,2.774194,mast,core,TRUE,hack_llm_translation
Parfüm,0.602,1,Kanske2010,2.774194,perfume,core,TRUE,hack_llm_translation
Streifen,0.602,1,Kanske2010,2.774194,stripe,core,TRUE,hack_llm_translation
Müll,0.5995,1,Kanske2010,2.793651,trash,core,TRUE,hack_llm_translation
Röhre,0.5995,1,Kanske2010,2.793651,tube,core,TRUE,hack_llm_translation
Grind,0.598,1,Kanske2010,2.809524,scab,core,TRUE,hack_llm_translation
Winkel,0.597,1,Kanske2010,2.825397,angle,core,TRUE,hack_llm_translation
Siegel,0.596,1,Kanske2010,2.870968,seal,core,TRUE,hack_llm_translation
Soja,0.595,1,Kanske2010,2.873016,soy,core,TRUE,hack_llm_translation
Achse,0.594,1,Kanske2010,2.888889,axle,core,TRUE,hack_llm_translation
Bruder,0.5925,1,Kanske2010,2.903226,brother,core,TRUE,hack_llm_translation
Gewand,0.5925,1,Kanske2010,2.903226,garment,core,TRUE,hack_llm_translation
Spalte,0.591,1,Kanske2010,2.920635,crack,core,TRUE,hack_llm_translation
Fotze,0.5895,1,Kanske2010,2.936508,cunt,core,TRUE,hack_llm_translation
Stoff,0.5895,1,Kanske2010,2.936508,fabric,core,TRUE,hack_llm_translation
Bogen,0.5875,1,Kanske2010,2.951613,arch,core,TRUE,hack_llm_translation
Nektar,0.5875,1,Kanske2010,2.951613,nectar,core,TRUE,hack_llm_translation
Dreck,0.586,1,Kanske2010,2.952381,dirt,core,TRUE,hack_llm_translation
Herpes,0.585,1,Kanske2010,2.968254,herpes,core,TRUE,hack_llm_translation
Stapel,0.584,1,Kanske2010,2.984127,stack,core,TRUE,hack_llm_translation
Ekzem,0.5825,1,Kanske2010,3,eczema,core,TRUE,hack_llm_translation
Scheisse,0.5825,1,Kanske2010,3,shit,core,TRUE,hack_llm_translation
Bauer,0.581,1,Kanske2010,3.016129,farmer,core,TRUE,hack_llm_translation
Kuss,0.5795,1,Kanske2010,3.031746,kiss,core,TRUE,hack_llm_translation
Prospekt,0.5795,1,Kanske2010,3.031746,brochure,core,TRUE,hack_llm_translation
Golf,0.577,1,Kanske2010,3.032258,golf,core,TRUE,hack_llm_translation
Mist,0.577,1,Kanske2010,3.032258,manure,core,TRUE,hack_llm_translation
Schimmel,0.577,1,Kanske2010,3.032258,mold,core,TRUE,hack_llm_translation
Gasse,0.575,1,Kanske2010,3.048387,alley,core,TRUE,hack_llm_translation
Wampe,0.574,1,Kanske2010,3.065574,belly,core,TRUE,hack_llm_translation
Büfett,0.572,1,Kanske2010,3.079365,buffet,core,TRUE,hack_llm_translation
Trophäe,0.572,1,Kanske2010,3.079365,trophy,core,TRUE,hack_llm_translation
Wunde,0.572,1,Kanske2010,3.079365,wound,core,TRUE,hack_llm_translation
Lager,0.569,1,Kanske2010,3.096774,warehouse,core,TRUE,hack_llm_translation
Sänger,0.569,1,Kanske2010,3.096774,singer,core,TRUE,hack_llm_translation
Schweiss,0.569,1,Kanske2010,3.096774,sweat,core,TRUE,hack_llm_translation
Drogen,0.567,1,Kanske2010,3.126984,drugs,core,TRUE,hack_llm_translation
Gebälk,0.566,1,Kanske2010,3.129032,timberwork,core,TRUE,hack_llm_translation
Bistro,0.565,1,Kanske2010,3.142857,bistro,core,TRUE,hack_llm_translation
Kuhle,0.5635,1,Kanske2010,3.15873,pit,core,TRUE,hack_llm_translation
Stummel,0.5635,1,Kanske2010,3.15873,stub,core,TRUE,hack_llm_translation
Quadrat,0.562,1,Kanske2010,3.16129,square,core,TRUE,hack_llm_translation
Bündel,0.56,1,Kanske2010,3.174603,bundle,core,TRUE,hack_llm_translation
Polyp,0.56,1,Kanske2010,3.174603,polyp,core,TRUE,hack_llm_translation
Tumor,0.56,1,Kanske2010,3.174603,tumor,core,TRUE,hack_llm_translation
Disco,0.5575,1,Kanske2010,3.206349,disco,core,TRUE,hack_llm_translation
Galle,0.5575,1,Kanske2010,3.206349,bile,core,TRUE,hack_llm_translation
Blutung,0.5555,1,Kanske2010,3.209677,bleeding,core,TRUE,hack_llm_translation
Köter,0.5555,1,Kanske2010,3.209677,mutt,core,TRUE,hack_llm_translation
Mama,0.554,1,Kanske2010,3.222222,mom,core,TRUE,hack_llm_translation
Arznei,0.551,1,Kanske2010,3.238095,medicine,core,TRUE,hack_llm_translation
Dozent,0.551,1,Kanske2010,3.238095,lecturer,core,TRUE,hack_llm_translation
Farmer,0.551,1,Kanske2010,3.238095,farmer,core,TRUE,hack_llm_translation
Fracht,0.551,1,Kanske2010,3.238095,cargo,core,TRUE,hack_llm_translation
Schnauze,0.551,1,Kanske2010,3.238095,snout,core,TRUE,hack_llm_translation
Pocken,0.548,1,Kanske2010,3.241936,smallpox,core,TRUE,hack_llm_translation
Lumpen,0.547,1,Kanske2010,3.269841,rags,core,TRUE,hack_llm_translation
Archiv,0.546,1,Kanske2010,3.278689,archive,core,TRUE,hack_llm_translation
Gemächt,0.5445,1,Kanske2010,3.301587,genitals,core,TRUE,hack_llm_translation
Picknick,0.5445,1,Kanske2010,3.301587,picnic,core,TRUE,hack_llm_translation
Markt,0.5425,1,Kanske2010,3.31746,market,core,TRUE,hack_llm_translation
Tänzer,0.5425,1,Kanske2010,3.31746,dancer,core,TRUE,hack_llm_translation
Dampf,0.5405,1,Kanske2010,3.322581,steam,core,TRUE,hack_llm_translation
Roman,0.5405,1,Kanske2010,3.322581,novel,core,TRUE,hack_llm_translation
Dame,0.538,1,Kanske2010,3.333333,lady,core,TRUE,hack_llm_translation
Henker,0.538,1,Kanske2010,3.333333,executioner,core,TRUE,hack_llm_translation
Monteur,0.538,1,Kanske2010,3.333333,mechanic,core,TRUE,hack_llm_translation
Geschwür,0.536,1,Kanske2010,3.33871,ulcer,core,TRUE,hack_llm_translation
Athlet,0.535,1,Kanske2010,3.370968,athlete,core,TRUE,hack_llm_translation
Läufer,0.534,1,Kanske2010,3.387097,runner,core,TRUE,hack_llm_translation
Anwalt,0.532,1,Kanske2010,3.412698,lawyer,core,TRUE,hack_llm_translation
Masseur,0.532,1,Kanske2010,3.412698,masseur,core,TRUE,hack_llm_translation
Puff,0.532,1,Kanske2010,3.412698,brothel,core,TRUE,hack_llm_translation
Räuber,0.53,1,Kanske2010,3.444444,robber,core,TRUE,hack_llm_translation
Glitzer,0.5285,1,Kanske2010,3.460318,glitter,core,TRUE,hack_llm_translation
Porno,0.5285,1,Kanske2010,3.460318,porn,core,TRUE,hack_llm_translation
Abfall,0.527,1,Kanske2010,3.467742,waste,core,TRUE,hack_llm_translation
Kurve,0.525,1,Kanske2010,3.492064,curve,core,TRUE,hack_llm_translation
Maler,0.525,1,Kanske2010,3.492064,painter,core,TRUE,hack_llm_translation
Zeile,0.525,1,Kanske2010,3.492064,line,core,TRUE,hack_llm_translation
Graphik,0.5225,1,Kanske2010,3.507937,graphic,core,TRUE,hack_llm_translation
Schmutz,0.5225,1,Kanske2010,3.507937,dirt,core,TRUE,hack_llm_translation
Funzel,0.521,1,Kanske2010,3.564516,dim lamp,core,TRUE,hack_llm_translation
Maid,0.52,1,Kanske2010,3.587302,maiden,core,TRUE,hack_llm_translation
Bote,0.518,1,Kanske2010,3.603175,messenger,core,TRUE,hack_llm_translation
Gedärm,0.518,1,Kanske2010,3.603175,intestines,core,TRUE,hack_llm_translation
Rasur,0.518,1,Kanske2010,3.603175,shave,core,TRUE,hack_llm_translation
Geburt,0.516,1,Kanske2010,3.634921,birth,core,TRUE,hack_llm_translation
Geschenk,0.515,1,Kanske2010,3.666667,gift,core,TRUE,hack_llm_translation
Fetzen,0.5135,1,Kanske2010,3.68254,scrap,core,TRUE,hack_llm_translation
Sklave,0.5135,1,Kanske2010,3.68254,slave,core,TRUE,hack_llm_translation
Ladung,0.512,1,Kanske2010,3.714286,cargo,core,TRUE,hack_llm_translation
Moschus,0.5105,1,Kanske2010,3.730159,musk,core,TRUE,hack_llm_translation
Tanz,0.5105,1,Kanske2010,3.730159,dance,core,TRUE,hack_llm_translation
Bastler,0.5085,1,Kanske2010,3.741936,hobbyist,core,TRUE,hack_llm_translation
Rotz,0.5085,1,Kanske2010,3.741936,snot,core,TRUE,hack_llm_translation
Furz,0.507,1,Kanske2010,3.746032,fart,core,TRUE,hack_llm_translation
Fahrer,0.506,1,Kanske2010,3.758065,driver,core,TRUE,hack_llm_translation
Tango,0.505,1,Kanske2010,3.774194,tango,core,TRUE,hack_llm_translation
Gedicht,0.503,1,Kanske2010,3.777778,poem,core,TRUE,hack_llm_translation
Notar,0.503,1,Kanske2010,3.777778,notary,core,TRUE,hack_llm_translation
Student,0.503,1,Kanske2010,3.777778,student,core,TRUE,hack_llm_translation
Ausguck,0.501,1,Kanske2010,3.790323,lookout,core,TRUE,hack_llm_translation
Figur,0.499,1,Kanske2010,3.825397,figure,core,TRUE,hack_llm_translation
Kunde,0.499,1,Kanske2010,3.825397,customer,core,TRUE,hack_llm_translation
Pussy,0.499,1,Kanske2010,3.825397,pussy,core,TRUE,hack_llm_translation
Pups,0.497,1,Kanske2010,3.83871,fart,core,TRUE,hack_llm_translation
Autor,0.496,1,Kanske2010,3.854839,author,core,TRUE,hack_llm_translation
Krüppel,0.494,1,Kanske2010,3.888889,cripple,core,TRUE,hack_llm_translation
Morast,0.494,1,Kanske2010,3.888889,mire,core,TRUE,hack_llm_translation
Schläger,0.494,1,Kanske2010,3.888889,racket,core,TRUE,hack_llm_translation
Nazi,0.492,1,Kanske2010,3.919355,nazi,core,TRUE,hack_llm_translation
Schnitt,0.491,1,Kanske2010,3.952381,cut,core,TRUE,hack_llm_translation
Geisel,0.489,1,Kanske2010,4,hostage,core,TRUE,hack_llm_translation
Krebs,0.489,1,Kanske2010,4,cancer,core,TRUE,hack_llm_translation
Nutte,0.489,1,Kanske2010,4,whore,core,TRUE,hack_llm_translation
Getier,0.4865,1,Kanske2010,4.015873,creatures,core,TRUE,hack_llm_translation
Notiz,0.4865,1,Kanske2010,4.015873,note,core,TRUE,hack_llm_translation
Speicher,0.485,1,Kanske2010,4.047619,storage,core,TRUE,hack_llm_translation
Hochzeit,0.484,1,Kanske2010,4.048387,wedding,core,TRUE,hack_llm_translation
Ass,0.483,1,Kanske2010,4.064516,ace,core,TRUE,hack_llm_translation
Einfahrt,0.4815,1,Kanske2010,4.079365,driveway,core,TRUE,hack_llm_translation
Lepra,0.4815,1,Kanske2010,4.079365,leprosy,core,TRUE,hack_llm_translation
Falle,0.48,1,Kanske2010,4.080645,trap,core,TRUE,hack_llm_translation
Gruppe,0.479,1,Kanske2010,4.095238,group,core,TRUE,hack_llm_translation
Slalom,0.478,1,Kanske2010,4.111111,slalom,core,TRUE,hack_llm_translation
Gang,0.4765,1,Kanske2010,4.126984,gang,core,TRUE,hack_llm_translation
Gewürm,0.4765,1,Kanske2010,4.126984,vermin,core,TRUE,hack_llm_translation
Lesbe,0.475,1,Kanske2010,4.142857,lesbian,core,TRUE,hack_llm_translation
Gatte,0.4735,1,Kanske2010,4.145161,spouse,core,TRUE,hack_llm_translation
Prärie,0.4735,1,Kanske2010,4.145161,prairie,core,TRUE,hack_llm_translation
Kiffer,0.4715,1,Kanske2010,4.174603,stoner,core,TRUE,hack_llm_translation
Paar,0.4715,1,Kanske2010,4.174603,pair,core,TRUE,hack_llm_translation
Himmel,0.47,1,Kanske2010,4.177419,sky,core,TRUE,hack_llm_translation
Gift,0.4685,1,Kanske2010,4.190476,poison,core,TRUE,hack_llm_translation
Harem,0.4685,1,Kanske2010,4.190476,harem,core,TRUE,hack_llm_translation
Abdruck,0.467,1,Kanske2010,4.196721,imprint,core,TRUE,hack_llm_translation
Fest,0.4645,1,Kanske2010,4.206349,festival,core,TRUE,hack_llm_translation
Husten,0.4645,1,Kanske2010,4.206349,cough,core,TRUE,hack_llm_translation
Säufer,0.4645,1,Kanske2010,4.206349,drunkard,core,TRUE,hack_llm_translation
Schlund,0.4645,1,Kanske2010,4.206349,throat,core,TRUE,hack_llm_translation
Bildnis,0.461,1,Kanske2010,4.222222,portrait,core,TRUE,hack_llm_translation
Hure,0.461,1,Kanske2010,4.222222,whore,core,TRUE,hack_llm_translation
Licht,0.461,1,Kanske2010,4.222222,light,core,TRUE,hack_llm_translation
Balsam,0.459,1,Kanske2010,4.225807,balm,core,TRUE,hack_llm_translation
Quartier,0.4575,1,Kanske2010,4.253968,quarter,core,TRUE,hack_llm_translation
Sender,0.4575,1,Kanske2010,4.253968,transmitter,core,TRUE,hack_llm_translation
Krampf,0.456,1,Kanske2010,4.274194,cramp,core,TRUE,hack_llm_translation
Penner,0.455,1,Kanske2010,4.285714,bum,core,TRUE,hack_llm_translation
Spion,0.454,1,Kanske2010,4.301587,spy,core,TRUE,hack_llm_translation
Lücke,0.453,1,Kanske2010,4.333333,gap,core,TRUE,hack_llm_translation
Obdach,0.4515,1,Kanske2010,4.33871,shelter,core,TRUE,hack_llm_translation
Rülpser,0.4515,1,Kanske2010,4.33871,burp,core,TRUE,hack_llm_translation
Gemahl,0.4495,1,Kanske2010,4.349206,spouse,core,TRUE,hack_llm_translation
Kokser,0.4495,1,Kanske2010,4.349206,cokehead,core,TRUE,hack_llm_translation
Produkt,0.448,1,Kanske2010,4.380952,product,core,TRUE,hack_llm_translation
Feier,0.4465,1,Kanske2010,4.396825,party,core,TRUE,hack_llm_translation
Schrift,0.4465,1,Kanske2010,4.396825,writing,core,TRUE,hack_llm_translation
Würger,0.445,1,Kanske2010,4.412698,strangler,core,TRUE,hack_llm_translation
Fick,0.444,1,Kanske2010,4.419355,fuck,core,TRUE,hack_llm_translation
Schwuler,0.443,1,Kanske2010,4.428571,gay man,core,TRUE,hack_llm_translation
Lied,0.4415,1,Kanske2010,4.444444,song,core,TRUE,hack_llm_translation
Tunte,0.4415,1,Kanske2010,4.444444,queen (slang),core,TRUE,hack_llm_translation
Nigger,0.44,1,Kanske2010,4.467742,slur (racial),core,TRUE,hack_llm_translation
Wanst,0.439,1,Kanske2010,4.476191,paunch,core,TRUE,hack_llm_translation
Engel,0.438,1,Kanske2010,4.483871,angel,core,TRUE,hack_llm_translation
Bericht,0.4365,1,Kanske2010,4.492064,report,core,TRUE,hack_llm_translation
Sammler,0.4365,1,Kanske2010,4.492064,collector,core,TRUE,hack_llm_translation
Ghetto,0.435,1,Kanske2010,4.507937,ghetto,core,TRUE,hack_llm_translation
Fete,0.434,1,Kanske2010,4.52381,party,core,TRUE,hack_llm_translation
Zeichen,0.433,1,Kanske2010,4.532258,sign,core,TRUE,hack_llm_translation
Schlaf,0.4315,1,Kanske2010,4.539683,sleep,core,TRUE,hack_llm_translation
Sex,0.4315,1,Kanske2010,4.539683,sex,core,TRUE,hack_llm_translation
Fixer,0.43,1,Kanske2010,4.555556,junkie,core,TRUE,hack_llm_translation
Farbe,0.429,1,Kanske2010,4.564516,color,core,TRUE,hack_llm_translation
Asthma,0.427,1,Kanske2010,4.571429,asthma,core,TRUE,hack_llm_translation
Dirne,0.427,1,Kanske2010,4.571429,harlot,core,TRUE,hack_llm_translation
Infarkt,0.427,1,Kanske2010,4.571429,heart attack,core,TRUE,hack_llm_translation
Kaff,0.425,1,Kanske2010,4.573771,town,core,TRUE,hack_llm_translation
Schwinge,0.424,1,Kanske2010,4.580645,wing,core,TRUE,hack_llm_translation
Killer,0.423,1,Kanske2010,4.596774,killer,core,TRUE,hack_llm_translation
Schlampe,0.4215,1,Kanske2010,4.603175,slut,core,TRUE,hack_llm_translation
Täter,0.4215,1,Kanske2010,4.603175,perpetrator,core,TRUE,hack_llm_translation
Pest,0.42,1,Kanske2010,4.612903,plague,core,TRUE,hack_llm_translation
Schmaus,0.419,1,Kanske2010,4.619048,feast,core,TRUE,hack_llm_translation
Schatz,0.418,1,Kanske2010,4.634921,treasure,core,TRUE,hack_llm_translation
Beleg,0.4165,1,Kanske2010,4.650794,receipt,core,TRUE,hack_llm_translation
Retter,0.4165,1,Kanske2010,4.650794,rescuer,core,TRUE,hack_llm_translation
Absatz,0.4145,1,Kanske2010,4.677419,heel,core,TRUE,hack_llm_translation
Mörder,0.4145,1,Kanske2010,4.677419,murderer,core,TRUE,hack_llm_translation
Spitzel,0.413,1,Kanske2010,4.68254,informant,core,TRUE,hack_llm_translation
Göre,0.412,1,Kanske2010,4.698413,brat,core,TRUE,hack_llm_translation
Gebiet,0.4105,1,Kanske2010,4.714286,area,core,TRUE,hack_llm_translation
Helfer,0.4105,1,Kanske2010,4.714286,helper,core,TRUE,hack_llm_translation
Freund,0.4085,1,Kanske2010,4.730159,friend,core,TRUE,hack_llm_translation
Zufahrt,0.4085,1,Kanske2010,4.730159,access road,core,TRUE,hack_llm_translation
Fabel,0.407,1,Kanske2010,4.737705,fable,core,TRUE,hack_llm_translation
Fratze,0.405,1,Kanske2010,4.746032,grimace,core,TRUE,hack_llm_translation
Menü,0.405,1,Kanske2010,4.746032,menu,core,TRUE,hack_llm_translation
Party,0.405,1,Kanske2010,4.746032,party,core,TRUE,hack_llm_translation
Sieger,0.4025,1,Kanske2010,4.758065,winner,core,TRUE,hack_llm_translation
Steuer,0.4025,1,Kanske2010,4.758065,tax,core,TRUE,hack_llm_translation
Aufsatz,0.401,1,Kanske2010,4.761905,essay,core,TRUE,hack_llm_translation
Akteur,0.399,1,Kanske2010,4.777778,actor,extended,FALSE,hack_llm_translation
Fäulnis,0.399,1,Kanske2010,4.777778,decay,extended,FALSE,hack_llm_translation
Krätze,0.399,1,Kanske2010,4.777778,scabies,extended,FALSE,hack_llm_translation
Gaffer,0.397,1,Kanske2010,4.825397,NA,extended,FALSE,
Mutant,0.396,1,Kanske2010,4.873016,NA,extended,FALSE,
Gesang,0.3945,1,Kanske2010,4.888889,NA,extended,FALSE,
Vortrag,0.3945,1,Kanske2010,4.888889,NA,extended,FALSE,
Gründer,0.393,1,Kanske2010,4.904762,NA,extended,FALSE,
Lohn,0.392,1,Kanske2010,4.920635,NA,extended,FALSE,
Satz,0.391,1,Kanske2010,4.935484,NA,extended,FALSE,
Sendung,0.3895,1,Kanske2010,4.936508,NA,extended,FALSE,
Würze,0.3895,1,Kanske2010,4.936508,NA,extended,FALSE,
Tripper,0.388,1,Kanske2010,4.951613,NA,extended,FALSE,
Monster,0.3865,1,Kanske2010,4.952381,NA,extended,FALSE,
Stasi,0.3865,1,Kanske2010,4.952381,NA,extended,FALSE,
Opfer,0.385,1,Kanske2010,4.968254,NA,extended,FALSE,
Spanner,0.384,1,Kanske2010,4.983871,NA,extended,FALSE,
Abend,0.3825,1,Kanske2010,4.984127,NA,extended,FALSE,
Grinsen,0.3825,1,Kanske2010,4.984127,NA,extended,FALSE,
Schurke,0.381,1,Kanske2010,5,NA,extended,FALSE,
Lachen,0.38,1,Kanske2010,5.015873,NA,extended,FALSE,
Hehler,0.3785,1,Kanske2010,5.016129,NA,extended,FALSE,
Stricher,0.3785,1,Kanske2010,5.016129,NA,extended,FALSE,
Hälfte,0.3765,1,Kanske2010,5.031746,NA,extended,FALSE,
Orgie,0.3765,1,Kanske2010,5.031746,NA,extended,FALSE,
Betrag,0.3745,1,Kanske2010,5.047619,NA,extended,FALSE,
Prügel,0.3745,1,Kanske2010,5.047619,NA,extended,FALSE,
Poet,0.373,1,Kanske2010,5.095238,NA,extended,FALSE,
Dürre,0.371,1,Kanske2010,5.096774,NA,extended,FALSE,
Elfe,0.371,1,Kanske2010,5.096774,NA,extended,FALSE,
Trauung,0.371,1,Kanske2010,5.096774,NA,extended,FALSE,
Pöbel,0.369,1,Kanske2010,5.112903,NA,extended,FALSE,
Hymne,0.3675,1,Kanske2010,5.129032,NA,extended,FALSE,
Kurs,0.3675,1,Kanske2010,5.129032,NA,extended,FALSE,
Gebrüll,0.3655,1,Kanske2010,5.15873,NA,extended,FALSE,
Prämie,0.3655,1,Kanske2010,5.15873,NA,extended,FALSE,
Koma,0.3635,1,Kanske2010,5.16129,NA,extended,FALSE,
Kuppler,0.3635,1,Kanske2010,5.16129,NA,extended,FALSE,
Fee,0.361,1,Kanske2010,5.193548,NA,extended,FALSE,
Format,0.361,1,Kanske2010,5.193548,NA,extended,FALSE,
Schlacht,0.361,1,Kanske2010,5.193548,NA,extended,FALSE,
Bestie,0.359,1,Kanske2010,5.209677,NA,extended,FALSE,
Silbe,0.358,1,Kanske2010,5.225807,NA,extended,FALSE,
Lesung,0.3565,1,Kanske2010,5.253968,NA,extended,FALSE,
Rüpel,0.3565,1,Kanske2010,5.253968,NA,extended,FALSE,
Sommer,0.355,1,Kanske2010,5.258065,NA,extended,FALSE,
Technik,0.354,1,Kanske2010,5.290323,NA,extended,FALSE,
Moder,0.353,1,Kanske2010,5.295082,NA,extended,FALSE,
Advent,0.3515,1,Kanske2010,5.306452,NA,extended,FALSE,
Beifall,0.3515,1,Kanske2010,5.306452,NA,extended,FALSE,
Tötung,0.35,1,Kanske2010,5.311475,NA,extended,FALSE,
Störer,0.349,1,Kanske2010,5.31746,NA,extended,FALSE,
Modul,0.348,1,Kanske2010,5.322581,NA,extended,FALSE,
Mord,0.3465,1,Kanske2010,5.333333,NA,extended,FALSE,
Raub,0.3465,1,Kanske2010,5.333333,NA,extended,FALSE,
Fahrt,0.3445,1,Kanske2010,5.33871,NA,extended,FALSE,
Rassist,0.3445,1,Kanske2010,5.33871,NA,extended,FALSE,
Spende,0.343,1,Kanske2010,5.365079,NA,extended,FALSE,
Aids,0.342,1,Kanske2010,5.370968,NA,extended,FALSE,
Diva,0.3405,1,Kanske2010,5.380952,NA,extended,FALSE,
Lizenz,0.3405,1,Kanske2010,5.380952,NA,extended,FALSE,
Schuft,0.339,1,Kanske2010,5.387097,NA,extended,FALSE,
Lächeln,0.3375,1,Kanske2010,5.396825,NA,extended,FALSE,
Musik,0.3375,1,Kanske2010,5.396825,NA,extended,FALSE,
Abfahrt,0.3355,1,Kanske2010,5.412698,NA,extended,FALSE,
Stecher,0.3355,1,Kanske2010,5.412698,NA,extended,FALSE,
Biest,0.3335,1,Kanske2010,5.428571,NA,extended,FALSE,
Lüstling,0.3335,1,Kanske2010,5.428571,NA,extended,FALSE,
Zicke,0.332,1,Kanske2010,5.444444,NA,extended,FALSE,
Abzweig,0.331,1,Kanske2010,5.476191,NA,extended,FALSE,
Umlaut,0.3295,1,Kanske2010,5.483871,NA,extended,FALSE,
Zombie,0.3295,1,Kanske2010,5.483871,NA,extended,FALSE,
Monat,0.328,1,Kanske2010,5.492064,NA,extended,FALSE,
Handel,0.327,1,Kanske2010,5.516129,NA,extended,FALSE,
Reise,0.326,1,Kanske2010,5.52381,NA,extended,FALSE,
Schrei,0.325,1,Kanske2010,5.548387,NA,extended,FALSE,
Ketzer,0.323,1,Kanske2010,5.555556,NA,extended,FALSE,
Trottel,0.323,1,Kanske2010,5.555556,NA,extended,FALSE,
Wichser,0.323,1,Kanske2010,5.555556,NA,extended,FALSE,
Schwarm,0.32,1,Kanske2010,5.564516,NA,extended,FALSE,
Spinner,0.32,1,Kanske2010,5.564516,NA,extended,FALSE,
Träumer,0.32,1,Kanske2010,5.564516,NA,extended,FALSE,
Krieg,0.318,1,Kanske2010,5.580645,NA,extended,FALSE,
Paarung,0.316,1,Kanske2010,5.587302,NA,extended,FALSE,
Stunde,0.316,1,Kanske2010,5.587302,NA,extended,FALSE,
Wort,0.316,1,Kanske2010,5.587302,NA,extended,FALSE,
Statut,0.314,1,Kanske2010,5.596774,NA,extended,FALSE,
Applaus,0.312,1,Kanske2010,5.603175,NA,extended,FALSE,
Ausflug,0.312,1,Kanske2010,5.603175,NA,extended,FALSE,
Treffer,0.312,1,Kanske2010,5.603175,NA,extended,FALSE,
Held,0.31,1,Kanske2010,5.612903,NA,extended,FALSE,
Befund,0.309,1,Kanske2010,5.629032,NA,extended,FALSE,
Bastard,0.308,1,Kanske2010,5.634921,NA,extended,FALSE,
Ressort,0.307,1,Kanske2010,5.645161,NA,extended,FALSE,
Gestank,0.306,1,Kanske2010,5.650794,NA,extended,FALSE,
Fieber,0.3045,1,Kanske2010,5.66129,NA,extended,FALSE,
Gewühl,0.3045,1,Kanske2010,5.66129,NA,extended,FALSE,
Akkord,0.3025,1,Kanske2010,5.677419,NA,extended,FALSE,
Märchen,0.3025,1,Kanske2010,5.677419,NA,extended,FALSE,
Luder,0.301,1,Kanske2010,5.68254,NA,extended,FALSE,
Zufuhr,0.3,1,Kanske2010,5.693548,NA,extended,FALSE,
Memme,0.299,1,Kanske2010,5.698413,NA,extended,FALSE,
Furie,0.2975,1,Kanske2010,5.704918,NA,extended,FALSE,
Verkauf,0.2975,1,Kanske2010,5.704918,NA,extended,FALSE,
Liebster,0.296,1,Kanske2010,5.714286,NA,extended,FALSE,
Mitte,0.295,1,Kanske2010,5.725807,NA,extended,FALSE,
Duft,0.294,1,Kanske2010,5.741936,NA,extended,FALSE,
Schulden,0.293,1,Kanske2010,5.746032,NA,extended,FALSE,
Ästhet,0.292,1,Kanske2010,5.761905,NA,extended,FALSE,
Ehe,0.291,1,Kanske2010,5.770492,NA,extended,FALSE,
Sadist,0.29,1,Kanske2010,5.786885,NA,extended,FALSE,
Echo,0.2885,1,Kanske2010,5.793651,NA,extended,FALSE,
Irrer,0.2885,1,Kanske2010,5.793651,NA,extended,FALSE,
Formel,0.2865,1,Kanske2010,5.822581,NA,extended,FALSE,
Frühling,0.2865,1,Kanske2010,5.822581,NA,extended,FALSE,
Anfahrt,0.285,1,Kanske2010,5.825397,NA,extended,FALSE,
Anschlag,0.283,1,Kanske2010,5.84127,NA,extended,FALSE,
Dämon,0.283,1,Kanske2010,5.84127,NA,extended,FALSE,
Liebling,0.283,1,Kanske2010,5.84127,NA,extended,FALSE,
Name,0.281,1,Kanske2010,5.854839,NA,extended,FALSE,
Salbung,0.28,1,Kanske2010,5.857143,NA,extended,FALSE,
Häscher,0.2785,1,Kanske2010,5.870968,NA,extended,FALSE,
Hauch,0.2785,1,Kanske2010,5.870968,NA,extended,FALSE,
Schnösel,0.277,1,Kanske2010,5.873016,NA,extended,FALSE,
Beruf,0.276,1,Kanske2010,5.904762,NA,extended,FALSE,
Profi,0.275,1,Kanske2010,5.920635,NA,extended,FALSE,
Abstand,0.273,1,Kanske2010,5.936508,NA,extended,FALSE,
Bescheid,0.273,1,Kanske2010,5.936508,NA,extended,FALSE,
Besuch,0.273,1,Kanske2010,5.936508,NA,extended,FALSE,
Zutritt,0.271,1,Kanske2010,5.951613,NA,extended,FALSE,
Import,0.269,1,Kanske2010,5.952381,NA,extended,FALSE,
Obhut,0.269,1,Kanske2010,5.952381,NA,extended,FALSE,
Verb,0.269,1,Kanske2010,5.952381,NA,extended,FALSE,
Teufel,0.267,1,Kanske2010,5.967213,NA,extended,FALSE,
Lehre,0.266,1,Kanske2010,5.967742,NA,extended,FALSE,
Geschrei,0.265,1,Kanske2010,5.968254,NA,extended,FALSE,
Beweis,0.2635,1,Kanske2010,5.984127,NA,extended,FALSE,
Zugang,0.2635,1,Kanske2010,5.984127,NA,extended,FALSE,
Distrikt,0.2615,1,Kanske2010,6,NA,extended,FALSE,
Eintritt,0.2615,1,Kanske2010,6,NA,extended,FALSE,
Aufsicht,0.26,1,Kanske2010,6.015873,NA,extended,FALSE,
Absturz,0.258,1,Kanske2010,6.016129,NA,extended,FALSE,
Anhang,0.258,1,Kanske2010,6.016129,NA,extended,FALSE,
Feind,0.258,1,Kanske2010,6.016129,NA,extended,FALSE,
Abschaum,0.2555,1,Kanske2010,6.032258,NA,extended,FALSE,
Anlauf,0.2555,1,Kanske2010,6.032258,NA,extended,FALSE,
Abstieg,0.254,1,Kanske2010,6.047619,NA,extended,FALSE,
Beispiel,0.253,1,Kanske2010,6.064516,NA,extended,FALSE,
Pleite,0.252,1,Kanske2010,6.080645,NA,extended,FALSE,
Jubel,0.2505,1,Kanske2010,6.081967,NA,extended,FALSE,
Rächer,0.2505,1,Kanske2010,6.081967,NA,extended,FALSE,
Aufriss,0.2485,1,Kanske2010,6.095238,NA,extended,FALSE,
Aufstieg,0.2485,1,Kanske2010,6.095238,NA,extended,FALSE,
Trumpf,0.247,1,Kanske2010,6.112903,NA,extended,FALSE,
Angriff,0.245,1,Kanske2010,6.126984,NA,extended,FALSE,
Feigling,0.245,1,Kanske2010,6.126984,NA,extended,FALSE,
Sieg,0.245,1,Kanske2010,6.126984,NA,extended,FALSE,
Geheul,0.243,1,Kanske2010,6.142857,NA,extended,FALSE,
Satan,0.241,1,Kanske2010,6.145161,NA,extended,FALSE,
Sequenz,0.241,1,Kanske2010,6.145161,NA,extended,FALSE,
Stümper,0.241,1,Kanske2010,6.145161,NA,extended,FALSE,
Wärme,0.239,1,Kanske2010,6.147541,NA,extended,FALSE,
Bankrott,0.2375,1,Kanske2010,6.16129,NA,extended,FALSE,
Tröster,0.2375,1,Kanske2010,6.16129,NA,extended,FALSE,
Flirt,0.236,1,Kanske2010,6.174603,NA,extended,FALSE,
Gewinn,0.235,1,Kanske2010,6.177419,NA,extended,FALSE,
Folter,0.233,1,Kanske2010,6.190476,NA,extended,FALSE,
Klage,0.233,1,Kanske2010,6.190476,NA,extended,FALSE,
Klima,0.233,1,Kanske2010,6.190476,NA,extended,FALSE,
Rekord,0.231,1,Kanske2010,6.193548,NA,extended,FALSE,
Kollaps,0.229,1,Kanske2010,6.209677,NA,extended,FALSE,
Lügner,0.229,1,Kanske2010,6.209677,NA,extended,FALSE,
Suff,0.229,1,Kanske2010,6.209677,NA,extended,FALSE,
Ankunft,0.227,1,Kanske2010,6.222222,NA,extended,FALSE,
Stinker,0.226,1,Kanske2010,6.225807,NA,extended,FALSE,
Ordnung,0.225,1,Kanske2010,6.241936,NA,extended,FALSE,
Andrang,0.224,1,Kanske2010,6.253968,NA,extended,FALSE,
Witz,0.223,1,Kanske2010,6.269841,NA,extended,FALSE,
Krach,0.222,1,Kanske2010,6.274194,NA,extended,FALSE,
Transfer,0.221,1,Kanske2010,6.290323,NA,extended,FALSE,
Depp,0.2185,1,Kanske2010,6.333333,NA,extended,FALSE,
Glanz,0.2185,1,Kanske2010,6.333333,NA,extended,FALSE,
Schiss,0.2185,1,Kanske2010,6.333333,NA,extended,FALSE,
Seuche,0.2185,1,Kanske2010,6.333333,NA,extended,FALSE,
Akzent,0.216,1,Kanske2010,6.33871,NA,extended,FALSE,
Tod,0.215,1,Kanske2010,6.370968,NA,extended,FALSE,
Plage,0.214,1,Kanske2010,6.387097,NA,extended,FALSE,
Grazie,0.2125,1,Kanske2010,6.396825,NA,extended,FALSE,
Schwung,0.2125,1,Kanske2010,6.396825,NA,extended,FALSE,
Pfusch,0.211,1,Kanske2010,6.403226,NA,extended,FALSE,
Faktor,0.21,1,Kanske2010,6.412698,NA,extended,FALSE,
Petze,0.209,1,Kanske2010,6.419355,NA,extended,FALSE,
Liebchen,0.2075,1,Kanske2010,6.428571,NA,extended,FALSE,
Vorspiel,0.2075,1,Kanske2010,6.428571,NA,extended,FALSE,
Auskunft,0.205,1,Kanske2010,6.435484,NA,extended,FALSE,
Kitzel,0.205,1,Kanske2010,6.435484,NA,extended,FALSE,
Schalk,0.205,1,Kanske2010,6.435484,NA,extended,FALSE,
Inzest,0.2025,1,Kanske2010,6.451613,NA,extended,FALSE,
Summe,0.2025,1,Kanske2010,6.451613,NA,extended,FALSE,
Macke,0.199,1,Kanske2010,6.467742,NA,extended,FALSE,
Pracht,0.199,1,Kanske2010,6.467742,NA,extended,FALSE,
Profit,0.199,1,Kanske2010,6.467742,NA,extended,FALSE,
Spektrum,0.199,1,Kanske2010,6.467742,NA,extended,FALSE,
Urlaub,0.199,1,Kanske2010,6.467742,NA,extended,FALSE,
Fokus,0.1955,1,Kanske2010,6.483871,NA,extended,FALSE,
Härte,0.1955,1,Kanske2010,6.483871,NA,extended,FALSE,
Rettung,0.194,1,Kanske2010,6.5,NA,extended,FALSE,
Herkunft,0.1915,1,Kanske2010,6.516129,NA,extended,FALSE,
Pflege,0.1915,1,Kanske2010,6.516129,NA,extended,FALSE,
Schema,0.1915,1,Kanske2010,6.516129,NA,extended,FALSE,
Urteil,0.1915,1,Kanske2010,6.516129,NA,extended,FALSE,
Heilung,0.189,1,Kanske2010,6.52381,NA,extended,FALSE,
Inhalt,0.1875,1,Kanske2010,6.571429,NA,extended,FALSE,
Inzucht,0.1875,1,Kanske2010,6.571429,NA,extended,FALSE,
Detail,0.1855,1,Kanske2010,6.596774,NA,extended,FALSE,
Scherz,0.1855,1,Kanske2010,6.596774,NA,extended,FALSE,
Strahlen,0.184,1,Kanske2010,6.603175,NA,extended,FALSE,
Handlung,0.182,1,Kanske2010,6.612903,NA,extended,FALSE,
Idol,0.182,1,Kanske2010,6.612903,NA,extended,FALSE,
Sprache,0.182,1,Kanske2010,6.612903,NA,extended,FALSE,
Ansatz,0.179,1,Kanske2010,6.66129,NA,extended,FALSE,
Gespött,0.179,1,Kanske2010,6.66129,NA,extended,FALSE,
Trauma,0.179,1,Kanske2010,6.66129,NA,extended,FALSE,
Mief,0.1765,1,Kanske2010,6.666667,NA,extended,FALSE,
Zugriff,0.1765,1,Kanske2010,6.666667,NA,extended,FALSE,
Streit,0.175,1,Kanske2010,6.672131,NA,extended,FALSE,
Betrug,0.174,1,Kanske2010,6.677419,NA,extended,FALSE,
Nutzen,0.173,1,Kanske2010,6.709677,NA,extended,FALSE,
Phase,0.172,1,Kanske2010,6.714286,NA,extended,FALSE,
Bestand,0.1705,1,Kanske2010,6.725807,NA,extended,FALSE,
Genie,0.1705,1,Kanske2010,6.725807,NA,extended,FALSE,
Kraft,0.169,1,Kanske2010,6.730159,NA,extended,FALSE,
Trennung,0.1675,1,Kanske2010,6.741936,NA,extended,FALSE,
Vorgang,0.1675,1,Kanske2010,6.741936,NA,extended,FALSE,
Sorte,0.166,1,Kanske2010,6.754098,NA,extended,FALSE,
Krise,0.165,1,Kanske2010,6.758065,NA,extended,FALSE,
Hilfe,0.164,1,Kanske2010,6.761905,NA,extended,FALSE,
Anzahl,0.1625,1,Kanske2010,6.770492,NA,extended,FALSE,
Gewalt,0.1625,1,Kanske2010,6.770492,NA,extended,FALSE,
Effekt,0.16,1,Kanske2010,6.774194,NA,extended,FALSE,
Hölle,0.16,1,Kanske2010,6.774194,NA,extended,FALSE,
Reichtum,0.16,1,Kanske2010,6.774194,NA,extended,FALSE,
Wachstum,0.158,1,Kanske2010,6.777778,NA,extended,FALSE,
Kontext,0.157,1,Kanske2010,6.790323,NA,extended,FALSE,
Elend,0.156,1,Kanske2010,6.806452,NA,extended,FALSE,
Lob,0.155,1,Kanske2010,6.816667,NA,extended,FALSE,
Stunk,0.154,1,Kanske2010,6.822581,NA,extended,FALSE,
Ablauf,0.1525,1,Kanske2010,6.83871,NA,extended,FALSE,
Nähe,0.1525,1,Kanske2010,6.83871,NA,extended,FALSE,
Scheusal,0.1505,1,Kanske2010,6.854839,NA,extended,FALSE,
Vorbild,0.1505,1,Kanske2010,6.854839,NA,extended,FALSE,
Ruin,0.149,1,Kanske2010,6.870968,NA,extended,FALSE,
Absicht,0.148,1,Kanske2010,6.885246,NA,extended,FALSE,
Gebrauch,0.147,1,Kanske2010,6.888889,NA,extended,FALSE,
List,0.146,1,Kanske2010,6.904762,NA,extended,FALSE,
Fülle,0.145,1,Kanske2010,6.919355,NA,extended,FALSE,
Frische,0.144,1,Kanske2010,6.920635,NA,extended,FALSE,
Traum,0.1425,1,Kanske2010,6.935484,NA,extended,FALSE,
Zank,0.1425,1,Kanske2010,6.935484,NA,extended,FALSE,
Betreff,0.141,1,Kanske2010,6.951613,NA,extended,FALSE,
Chance,0.139,1,Kanske2010,6.967742,NA,extended,FALSE,
Luxus,0.139,1,Kanske2010,6.967742,NA,extended,FALSE,
Verriss,0.139,1,Kanske2010,6.967742,NA,extended,FALSE,
Lockung,0.137,1,Kanske2010,6.968254,NA,extended,FALSE,
Gefahr,0.136,1,Kanske2010,6.983871,NA,extended,FALSE,
Gezänk,0.135,1,Kanske2010,6.984127,NA,extended,FALSE,
Spott,0.134,1,Kanske2010,7.015873,NA,extended,FALSE,
Komik,0.133,1,Kanske2010,7.032258,NA,extended,FALSE,
Schwur,0.132,1,Kanske2010,7.048387,NA,extended,FALSE,
Anlass,0.131,1,Kanske2010,7.063492,NA,extended,FALSE,
Antrieb,0.13,1,Kanske2010,7.064516,NA,extended,FALSE,
Leistung,0.129,1,Kanske2010,7.065574,NA,extended,FALSE,
Bitte,0.1275,1,Kanske2010,7.080645,NA,extended,FALSE,
Jugend,0.1275,1,Kanske2010,7.080645,NA,extended,FALSE,
Schande,0.126,1,Kanske2010,7.096774,NA,extended,FALSE,
Armut,0.125,1,Kanske2010,7.126984,NA,extended,FALSE,
Genuss,0.124,1,Kanske2010,7.193548,NA,extended,FALSE,
Hobby,0.1225,1,Kanske2010,7.206349,NA,extended,FALSE,
Verbot,0.1225,1,Kanske2010,7.206349,NA,extended,FALSE,
Schock,0.12,1,Kanske2010,7.225807,NA,extended,FALSE,
Schutz,0.12,1,Kanske2010,7.225807,NA,extended,FALSE,
Zustand,0.12,1,Kanske2010,7.225807,NA,extended,FALSE,
Hetze,0.118,1,Kanske2010,7.241936,NA,extended,FALSE,
Ansporn,0.117,1,Kanske2010,7.258065,NA,extended,FALSE,
Anreiz,0.116,1,Kanske2010,7.285714,NA,extended,FALSE,
Pech,0.1145,1,Kanske2010,7.290323,NA,extended,FALSE,
Reiz,0.1145,1,Kanske2010,7.290323,NA,extended,FALSE,
Anstand,0.112,1,Kanske2010,7.306452,NA,extended,FALSE,
Dank,0.112,1,Kanske2010,7.306452,NA,extended,FALSE,
Rührung,0.112,1,Kanske2010,7.306452,NA,extended,FALSE,
Drohung,0.1095,1,Kanske2010,7.322581,NA,extended,FALSE,
Vorteil,0.1095,1,Kanske2010,7.322581,NA,extended,FALSE,
Stärke,0.108,1,Kanske2010,7.327869,NA,extended,FALSE,
Schmerz,0.1065,1,Kanske2010,7.33871,NA,extended,FALSE,
Verrat,0.1065,1,Kanske2010,7.33871,NA,extended,FALSE,
Stress,0.105,1,Kanske2010,7.349206,NA,extended,FALSE,
Geduld,0.1035,1,Kanske2010,7.354839,NA,extended,FALSE,
Moment,0.1035,1,Kanske2010,7.354839,NA,extended,FALSE,
Jammer,0.102,1,Kanske2010,7.360656,NA,extended,FALSE,
Not,0.101,1,Kanske2010,7.365079,NA,extended,FALSE,
Segen,0.1,1,Kanske2010,7.370968,NA,extended,FALSE,
Triumph,0.099,1,Kanske2010,7.387097,NA,extended,FALSE,
Zorn,0.098,1,Kanske2010,7.403226,NA,extended,FALSE,
Hast,0.097,1,Kanske2010,7.412698,NA,extended,FALSE,
Irrsinn,0.096,1,Kanske2010,7.419355,NA,extended,FALSE,
Charme,0.0945,1,Kanske2010,7.42623,NA,extended,FALSE,
Trauer,0.0945,1,Kanske2010,7.42623,NA,extended,FALSE,
Hektik,0.093,1,Kanske2010,7.428571,NA,extended,FALSE,
Chaos,0.089,1,Kanske2010,7.435484,NA,extended,FALSE,
Drangsal,0.089,1,Kanske2010,7.435484,NA,extended,FALSE,
Gunst,0.089,1,Kanske2010,7.435484,NA,extended,FALSE,
Heil,0.089,1,Kanske2010,7.435484,NA,extended,FALSE,
Mut,0.089,1,Kanske2010,7.435484,NA,extended,FALSE,
Qual,0.089,1,Kanske2010,7.435484,NA,extended,FALSE,
Segnung,0.089,1,Kanske2010,7.435484,NA,extended,FALSE,
Lüge,0.085,1,Kanske2010,7.442623,NA,extended,FALSE,
Spass,0.084,1,Kanske2010,7.444444,NA,extended,FALSE,
Reife,0.0825,1,Kanske2010,7.451613,NA,extended,FALSE,
Zauber,0.0825,1,Kanske2010,7.451613,NA,extended,FALSE,
Milde,0.081,1,Kanske2010,7.460318,NA,extended,FALSE,
Bildung,0.08,1,Kanske2010,7.467742,NA,extended,FALSE,
Terror,0.079,1,Kanske2010,7.483871,NA,extended,FALSE,
Talent,0.078,1,Kanske2010,7.5,NA,extended,FALSE,
Anrecht,0.076,1,Kanske2010,7.516129,NA,extended,FALSE,
Kunst,0.076,1,Kanske2010,7.516129,NA,extended,FALSE,
Tücke,0.076,1,Kanske2010,7.516129,NA,extended,FALSE,
Fluch,0.074,1,Kanske2010,7.52381,NA,extended,FALSE,
Rache,0.0725,1,Kanske2010,7.548387,NA,extended,FALSE,
Tugend,0.0725,1,Kanske2010,7.548387,NA,extended,FALSE,
Geiz,0.0705,1,Kanske2010,7.555556,NA,extended,FALSE,
Schreck,0.0705,1,Kanske2010,7.555556,NA,extended,FALSE,
Gier,0.0675,1,Kanske2010,7.564516,NA,extended,FALSE,
Kühnheit,0.0675,1,Kanske2010,7.564516,NA,extended,FALSE,
Sucht,0.0675,1,Kanske2010,7.564516,NA,extended,FALSE,
Wohl,0.0675,1,Kanske2010,7.564516,NA,extended,FALSE,
Trübsal,0.065,1,Kanske2010,7.580645,NA,extended,FALSE,
Güte,0.064,1,Kanske2010,7.596774,NA,extended,FALSE,
Magie,0.063,1,Kanske2010,7.612903,NA,extended,FALSE,
Angst,0.061,1,Kanske2010,7.629032,NA,extended,FALSE,
Anschein,0.061,1,Kanske2010,7.629032,NA,extended,FALSE,
Ruhe,0.061,1,Kanske2010,7.629032,NA,extended,FALSE,
Furcht,0.0585,1,Kanske2010,7.645161,NA,extended,FALSE,
Wut,0.0585,1,Kanske2010,7.645161,NA,extended,FALSE,
Ehrung,0.057,1,Kanske2010,7.66129,NA,extended,FALSE,
Freude,0.056,1,Kanske2010,7.666667,NA,extended,FALSE,
Schuld,0.055,1,Kanske2010,7.677419,NA,extended,FALSE,
Heimat,0.054,1,Kanske2010,7.693548,NA,extended,FALSE,
Wollust,0.053,1,Kanske2010,7.704918,NA,extended,FALSE,
Abscheu,0.052,1,Kanske2010,7.709677,NA,extended,FALSE,
Fleiss,0.0505,1,Kanske2010,7.725807,NA,extended,FALSE,
Horror,0.0505,1,Kanske2010,7.725807,NA,extended,FALSE,
Reifung,0.049,1,Kanske2010,7.741936,NA,extended,FALSE,
Hohn,0.048,1,Kanske2010,7.746032,NA,extended,FALSE,
Panik,0.047,1,Kanske2010,7.758065,NA,extended,FALSE,
Geilheit,0.0455,1,Kanske2010,7.774194,NA,extended,FALSE,
Wonne,0.0455,1,Kanske2010,7.774194,NA,extended,FALSE,
Bosheit,0.044,1,Kanske2010,7.790323,NA,extended,FALSE,
Lust,0.043,1,Kanske2010,7.809524,NA,extended,FALSE,
Humor,0.0415,1,Kanske2010,7.854839,NA,extended,FALSE,
Sünde,0.0415,1,Kanske2010,7.854839,NA,extended,FALSE,
Verlust,0.04,1,Kanske2010,7.868853,NA,extended,FALSE,
Dummheit,0.0375,1,Kanske2010,7.870968,NA,extended,FALSE,
Elan,0.0375,1,Kanske2010,7.870968,NA,extended,FALSE,
Treue,0.0375,1,Kanske2010,7.870968,NA,extended,FALSE,
Wissen,0.0375,1,Kanske2010,7.870968,NA,extended,FALSE,
Ekel,0.0335,1,Kanske2010,7.887097,NA,extended,FALSE,
Hass,0.0335,1,Kanske2010,7.887097,NA,extended,FALSE,
Mystik,0.0335,1,Kanske2010,7.887097,NA,extended,FALSE,
Pein,0.0335,1,Kanske2010,7.887097,NA,extended,FALSE,
Eifer,0.031,1,Kanske2010,7.903226,NA,extended,FALSE,
Gefühl,0.0285,1,Kanske2010,7.919355,NA,extended,FALSE,
Mythen,0.0285,1,Kanske2010,7.919355,NA,extended,FALSE,
Stolz,0.0285,1,Kanske2010,7.919355,NA,extended,FALSE,
Wunsch,0.0285,1,Kanske2010,7.919355,NA,extended,FALSE,
Kummer,0.026,1,Kanske2010,7.920635,NA,extended,FALSE,
Komfort,0.025,1,Kanske2010,7.936508,NA,extended,FALSE,
Leid,0.024,1,Kanske2010,7.951613,NA,extended,FALSE,
Ärger,0.023,1,Kanske2010,7.967213,NA,extended,FALSE,
Anmut,0.022,1,Kanske2010,7.983871,NA,extended,FALSE,
Phobie,0.0205,1,Kanske2010,8,NA,extended,FALSE,
Wille,0.0205,1,Kanske2010,8,NA,extended,FALSE,
Würde,0.019,1,Kanske2010,8.032258,NA,extended,FALSE,
Glaube,0.018,1,Kanske2010,8.048387,NA,extended,FALSE,
Frust,0.017,1,Kanske2010,8.064516,NA,extended,FALSE,
Freiheit,0.016,1,Kanske2010,8.065574,NA,extended,FALSE,
Unheil,0.015,1,Kanske2010,8.080645,NA,extended,FALSE,
Neid,0.0135,1,Kanske2010,8.096774,NA,extended,FALSE,
Wunder,0.0135,1,Kanske2010,8.096774,NA,extended,FALSE,
Manie,0.012,1,Kanske2010,8.112903,NA,extended,FALSE,
Klugheit,0.011,1,Kanske2010,8.129032,NA,extended,FALSE,
Ehre,0.01,1,Kanske2010,8.147541,NA,extended,FALSE,
Ruhm,0.009,1,Kanske2010,8.193548,NA,extended,FALSE,
Seele,0.008,1,Kanske2010,8.209677,NA,extended,FALSE,
Liebe,0.007,1,Kanske2010,8.225807,NA,extended,FALSE,
Glück,0.006,1,Kanske2010,8.241936,NA,extended,FALSE,
Frieden,0.0045,1,Kanske2010,8.290323,NA,extended,FALSE,
Tragik,0.0045,1,Kanske2010,8.290323,NA,extended,FALSE,
Wahrheit,0.003,1,Kanske2010,8.306452,NA,extended,FALSE,
Hoffnung,0.002,1,Kanske2010,8.33871,NA,extended,FALSE,
Weisheit,0.001,1,Kanske2010,8.377049,NA,extended,FALSE,
