"word","mean_percentile","n_sources","sources","mean_raw_concreteness","gloss_english","tier","selected"
"motor",0.999516441005803,1,"AlvarezMosquera2026",8.71428571428571,"engine","core",TRUE
"ordenador",0.999516441005803,1,"AlvarezMosquera2026",8.71428571428571,"computer","core",TRUE
"chave",0.998065764023211,1,"AlvarezMosquera2026",8.69230769230769,"key","core",TRUE
"nariz",0.997098646034816,1,"AlvarezMosquera2026",8.64285714285714,"nose","core",TRUE
"cabelo",0.996131528046422,1,"AlvarezMosquera2026",8.53846153846154,"hair","core",TRUE
"estrada",0.99468085106383,1,"AlvarezMosquera2026",8.5,"road","core",TRUE
"museo",0.99468085106383,1,"AlvarezMosquera2026",8.5,"museum","core",TRUE
"moeda",0.992263056092843,1,"AlvarezMosquera2026",8.42857142857143,"coin","core",TRUE
"pescador",0.992263056092843,1,"AlvarezMosquera2026",8.42857142857143,"fisherman","core",TRUE
"teléfono",0.992263056092843,1,"AlvarezMosquera2026",8.42857142857143,"telephone","core",TRUE
"tabaco",0.990328820116054,1,"AlvarezMosquera2026",8.38461538461539,"tobacco","core",TRUE
"camión",0.988394584139265,1,"AlvarezMosquera2026",8.35714285714286,"truck","core",TRUE
"chaqueta",0.988394584139265,1,"AlvarezMosquera2026",8.35714285714286,"jacket","core",TRUE
"xuíz",0.988394584139265,1,"AlvarezMosquera2026",8.35714285714286,"judge","core",TRUE
"baño",0.985976789168279,1,"AlvarezMosquera2026",8.30769230769231,"bathroom","core",TRUE
"fábrica",0.985976789168279,1,"AlvarezMosquera2026",8.30769230769231,"factory","core",TRUE
"alumno",0.983075435203095,1,"AlvarezMosquera2026",8.28571428571429,"student","core",TRUE
"animal",0.983075435203095,1,"AlvarezMosquera2026",8.28571428571429,"animal","core",TRUE
"caderno",0.983075435203095,1,"AlvarezMosquera2026",8.28571428571429,"notebook","core",TRUE
"doutor",0.983075435203095,1,"AlvarezMosquera2026",8.28571428571429,"doctor","core",TRUE
"obreiro",0.980657640232108,1,"AlvarezMosquera2026",8.26666666666667,"worker","core",TRUE
"bicicleta",0.978239845261122,1,"AlvarezMosquera2026",8.21428571428571,"bicycle","core",TRUE
"colexio",0.978239845261122,1,"AlvarezMosquera2026",8.21428571428571,"school","core",TRUE
"muro",0.978239845261122,1,"AlvarezMosquera2026",8.21428571428571,"wall","core",TRUE
"praia",0.978239845261122,1,"AlvarezMosquera2026",8.21428571428571,"beach","core",TRUE
"flor",0.975822050290135,1,"AlvarezMosquera2026",8.19047619047619,"flower","core",TRUE
"automóbil",0.973404255319149,1,"AlvarezMosquera2026",8.16666666666667,"automobile","core",TRUE
"carta",0.973404255319149,1,"AlvarezMosquera2026",8.16666666666667,"letter","core",TRUE
"estómago",0.973404255319149,1,"AlvarezMosquera2026",8.16666666666667,"stomach","core",TRUE
"monte",0.973404255319149,1,"AlvarezMosquera2026",8.16666666666667,"forest","core",TRUE
"escola",0.970502901353965,1,"AlvarezMosquera2026",8.15384615384615,"school","core",TRUE
"queixo",0.970502901353965,1,"AlvarezMosquera2026",8.15384615384615,"cheese","core",TRUE
"comida",0.968085106382979,1,"AlvarezMosquera2026",8.14285714285714,"meal","core",TRUE
"corpo",0.968085106382979,1,"AlvarezMosquera2026",8.14285714285714,"body","core",TRUE
"pintor",0.968085106382979,1,"AlvarezMosquera2026",8.14285714285714,"painter","core",TRUE
"bosque",0.965667311411992,1,"AlvarezMosquera2026",8.08333333333333,"forest","core",TRUE
"cadeira",0.965667311411992,1,"AlvarezMosquera2026",8.08333333333333,"chair","core",TRUE
"cidade",0.9642166344294,1,"AlvarezMosquera2026",8.07142857142857,"city","core",TRUE
"árbore",0.963249516441006,1,"AlvarezMosquera2026",8.06666666666667,"tree","core",TRUE
"bandeira",0.960348162475822,1,"AlvarezMosquera2026",8,"flag","core",TRUE
"dólar",0.960348162475822,1,"AlvarezMosquera2026",8,"dollar","core",TRUE
"lobo",0.960348162475822,1,"AlvarezMosquera2026",8,"wolf","core",TRUE
"pano",0.960348162475822,1,"AlvarezMosquera2026",8,"cloth","core",TRUE
"perna",0.960348162475822,1,"AlvarezMosquera2026",8,"leg","core",TRUE
"compañeiro",0.957446808510638,1,"AlvarezMosquera2026",7.95238095238095,"partner","core",TRUE
"casa",0.956479690522244,1,"AlvarezMosquera2026",7.93333333333333,"house","core",TRUE
"cama",0.953094777562863,1,"AlvarezMosquera2026",7.92857142857143,"bed","core",TRUE
"casco",0.953094777562863,1,"AlvarezMosquera2026",7.92857142857143,"helmet","core",TRUE
"espello",0.953094777562863,1,"AlvarezMosquera2026",7.92857142857143,"mirror","core",TRUE
"galo",0.953094777562863,1,"AlvarezMosquera2026",7.92857142857143,"rooster","core",TRUE
"pato",0.953094777562863,1,"AlvarezMosquera2026",7.92857142857143,"duck","core",TRUE
"saia",0.953094777562863,1,"AlvarezMosquera2026",7.92857142857143,"skirt","core",TRUE
"sanitario",0.949709864603482,1,"AlvarezMosquera2026",7.92307692307692,"healthcare- related","core",TRUE
"carballo",0.948742746615087,1,"AlvarezMosquera2026",7.90909090909091,"oak","core",TRUE
"mariñeiro",0.947292069632495,1,"AlvarezMosquera2026",7.9047619047619,"fisherman","core",TRUE
"vila",0.947292069632495,1,"AlvarezMosquera2026",7.9047619047619,"town","core",TRUE
"barco",0.944874274661509,1,"AlvarezMosquera2026",7.85714285714286,"boat","core",TRUE
"cara",0.944874274661509,1,"AlvarezMosquera2026",7.85714285714286,"face","core",TRUE
"pelo",0.944874274661509,1,"AlvarezMosquera2026",7.85714285714286,"hair","core",TRUE
"froita",0.942456479690522,1,"AlvarezMosquera2026",7.83333333333333,"fruit","core",TRUE
"instrumento",0.942456479690522,1,"AlvarezMosquera2026",7.83333333333333,"instrument","core",TRUE
"ouro",0.94100580270793,1,"AlvarezMosquera2026",7.80952380952381,"gold","core",TRUE
"camareiro",0.939071566731141,1,"AlvarezMosquera2026",7.8,"waiter","core",TRUE
"ollo",0.939071566731141,1,"AlvarezMosquera2026",7.8,"eye","core",TRUE
"ombro",0.939071566731141,1,"AlvarezMosquera2026",7.8,"shoulder","core",TRUE
"arma",0.936653771760155,1,"AlvarezMosquera2026",7.78571428571429,"weapon","core",TRUE
"cristal",0.936653771760155,1,"AlvarezMosquera2026",7.78571428571429,"crystal","core",TRUE
"continente",0.934235976789168,1,"AlvarezMosquera2026",7.75,"continent","core",TRUE
"pescozo",0.934235976789168,1,"AlvarezMosquera2026",7.75,"neck","core",TRUE
"tío",0.934235976789168,1,"AlvarezMosquera2026",7.75,"uncle","core",TRUE
"localidade",0.931818181818182,1,"AlvarezMosquera2026",7.73913043478261,"locality","core",TRUE
"órgano",0.931818181818182,1,"AlvarezMosquera2026",7.73913043478261,"organ","core",TRUE
"man",0.93036750483559,1,"AlvarezMosquera2026",7.73333333333333,"hand","core",TRUE
"autobús",0.927466150870406,1,"AlvarezMosquera2026",7.71428571428571,"bus","core",TRUE
"concello",0.927466150870406,1,"AlvarezMosquera2026",7.71428571428571,"municipality","core",TRUE
"fotógrafo",0.927466150870406,1,"AlvarezMosquera2026",7.71428571428571,"photographer","core",TRUE
"medicamento",0.927466150870406,1,"AlvarezMosquera2026",7.71428571428571,"medicine","core",TRUE
"xeonllo",0.927466150870406,1,"AlvarezMosquera2026",7.71428571428571,"knee","core",TRUE
"libro",0.924564796905222,1,"AlvarezMosquera2026",7.7,"book","core",TRUE
"natureza",0.923114119922631,1,"AlvarezMosquera2026",7.69230769230769,"nature","core",TRUE
"noivo",0.923114119922631,1,"AlvarezMosquera2026",7.69230769230769,"boyfriend","core",TRUE
"alimento",0.920696324951644,1,"AlvarezMosquera2026",7.66666666666667,"food","core",TRUE
"avión",0.920696324951644,1,"AlvarezMosquera2026",7.66666666666667,"airplane","core",TRUE
"peito",0.920696324951644,1,"AlvarezMosquera2026",7.66666666666667,"chest","core",TRUE
"cabeza",0.918762088974855,1,"AlvarezMosquera2026",7.65,"head","core",TRUE
"foto",0.916344294003869,1,"AlvarezMosquera2026",7.64285714285714,"photo","core",TRUE
"prato",0.916344294003869,1,"AlvarezMosquera2026",7.64285714285714,"plate","core",TRUE
"roupa",0.916344294003869,1,"AlvarezMosquera2026",7.64285714285714,"clothes","core",TRUE
"sala",0.916344294003869,1,"AlvarezMosquera2026",7.64285714285714,"room","core",TRUE
"auto",0.91247582205029,1,"AlvarezMosquera2026",7.63636363636364,"car","core",TRUE
"mozo",0.91247582205029,1,"AlvarezMosquera2026",7.63636363636364,"young man","core",TRUE
"nai",0.91247582205029,1,"AlvarezMosquera2026",7.63636363636364,"mother","core",TRUE
"periódico",0.91247582205029,1,"AlvarezMosquera2026",7.63636363636364,"newspaper","core",TRUE
"habitación",0.909574468085106,1,"AlvarezMosquera2026",7.61538461538461,"room","core",TRUE
"pistola",0.909574468085106,1,"AlvarezMosquera2026",7.61538461538461,"pistol","core",TRUE
"revista",0.908123791102515,1,"AlvarezMosquera2026",7.6,"magazine","core",TRUE
"coitelo",0.906189555125725,1,"AlvarezMosquera2026",7.58333333333333,"knife","core",TRUE
"metro",0.906189555125725,1,"AlvarezMosquera2026",7.58333333333333,"meter","core",TRUE
"tren",0.906189555125725,1,"AlvarezMosquera2026",7.58333333333333,"train","core",TRUE
"bágoa",0.903771760154739,1,"AlvarezMosquera2026",7.57142857142857,"tear","core",TRUE
"cliente",0.903771760154739,1,"AlvarezMosquera2026",7.57142857142857,"client","core",TRUE
"neno",0.902321083172147,1,"AlvarezMosquera2026",7.55,"child","core",TRUE
"explosión",0.901353965183752,1,"AlvarezMosquera2026",7.54545454545455,"explosion","core",TRUE
"adulto",0.897485493230174,1,"AlvarezMosquera2026",7.5,"adult","core",TRUE
"calendario",0.897485493230174,1,"AlvarezMosquera2026",7.5,"calendar","core",TRUE
"célula",0.897485493230174,1,"AlvarezMosquera2026",7.5,"cell","core",TRUE
"deporte",0.897485493230174,1,"AlvarezMosquera2026",7.5,"sport","core",TRUE
"feira",0.897485493230174,1,"AlvarezMosquera2026",7.5,"fair","core",TRUE
"horta",0.897485493230174,1,"AlvarezMosquera2026",7.5,"vegetable garden","core",TRUE
"laboratorio",0.897485493230174,1,"AlvarezMosquera2026",7.5,"laboratory","core",TRUE
"limpo",0.893617021276596,1,"AlvarezMosquera2026",7.46153846153846,"clean","core",TRUE
"euro",0.892649903288201,1,"AlvarezMosquera2026",7.45454545454545,"euro","core",TRUE
"teito",0.891682785299807,1,"AlvarezMosquera2026",7.44444444444444,"ceiling","core",TRUE
"chuvia",0.887814313346228,1,"AlvarezMosquera2026",7.42857142857143,"rain","core",TRUE
"palestino",0.887814313346228,1,"AlvarezMosquera2026",7.42857142857143,"palestinian","core",TRUE
"peixe",0.887814313346228,1,"AlvarezMosquera2026",7.42857142857143,"fish","core",TRUE
"transporte",0.887814313346228,1,"AlvarezMosquera2026",7.42857142857143,"transport","core",TRUE
"verde",0.887814313346228,1,"AlvarezMosquera2026",7.42857142857143,"green","core",TRUE
"vídeo",0.887814313346228,1,"AlvarezMosquera2026",7.42857142857143,"video","core",TRUE
"xogador",0.887814313346228,1,"AlvarezMosquera2026",7.42857142857143,"player","core",TRUE
"arquitecto",0.882978723404255,1,"AlvarezMosquera2026",7.41666666666667,"architect","core",TRUE
"ave",0.882978723404255,1,"AlvarezMosquera2026",7.41666666666667,"bird","core",TRUE
"máquina",0.882978723404255,1,"AlvarezMosquera2026",7.41666666666667,"machine","core",TRUE
"brazo",0.881044487427466,1,"AlvarezMosquera2026",7.41176470588235,"arm","core",TRUE
"instituto",0.879593810444874,1,"AlvarezMosquera2026",7.38461538461539,"institute","core",TRUE
"páxina",0.879593810444874,1,"AlvarezMosquera2026",7.38461538461539,"page","core",TRUE
"carteiro",0.876208897485493,1,"AlvarezMosquera2026",7.35714285714286,"postman","core",TRUE
"empregado",0.876208897485493,1,"AlvarezMosquera2026",7.35714285714286,"employee","core",TRUE
"empresario",0.876208897485493,1,"AlvarezMosquera2026",7.35714285714286,"businessman","core",TRUE
"mosteiro",0.876208897485493,1,"AlvarezMosquera2026",7.35714285714286,"monastery","core",TRUE
"paisaxe",0.876208897485493,1,"AlvarezMosquera2026",7.35714285714286,"landscape","core",TRUE
"pai",0.87330754352031,1,"AlvarezMosquera2026",7.35,"father","core",TRUE
"óso",0.87137330754352,1,"AlvarezMosquera2026",7.33333333333333,"bone","core",TRUE
"turista",0.87137330754352,1,"AlvarezMosquera2026",7.33333333333333,"tourist","core",TRUE
"vivenda",0.87137330754352,1,"AlvarezMosquera2026",7.33333333333333,"housing","core",TRUE
"comercio",0.867988394584139,1,"AlvarezMosquera2026",7.30769230769231,"store","core",TRUE
"edificio",0.867988394584139,1,"AlvarezMosquera2026",7.30769230769231,"building","core",TRUE
"labio",0.867988394584139,1,"AlvarezMosquera2026",7.30769230769231,"lip","core",TRUE
"litro",0.867988394584139,1,"AlvarezMosquera2026",7.30769230769231,"liter","core",TRUE
"sol",0.865570599613153,1,"AlvarezMosquera2026",7.29411764705882,"sun","core",TRUE
"cámara",0.862669245647969,1,"AlvarezMosquera2026",7.28571428571429,"camera","core",TRUE
"director",0.862669245647969,1,"AlvarezMosquera2026",7.28571428571429,"director","core",TRUE
"enterro",0.862669245647969,1,"AlvarezMosquera2026",7.28571428571429,"funeral","core",TRUE
"universidade",0.862669245647969,1,"AlvarezMosquera2026",7.28571428571429,"university","core",TRUE
"vermello",0.862669245647969,1,"AlvarezMosquera2026",7.28571428571429,"red","core",TRUE
"rapaz",0.859767891682785,1,"AlvarezMosquera2026",7.27272727272727,"boy","core",TRUE
"home",0.858317214700193,1,"AlvarezMosquera2026",7.26666666666667,"man","core",TRUE
"taberna",0.858317214700193,1,"AlvarezMosquera2026",7.26666666666667,"tavern","core",TRUE
"montaña",0.856866537717602,1,"AlvarezMosquera2026",7.26086956521739,"mountain","core",TRUE
"circuíto",0.854932301740812,1,"AlvarezMosquera2026",7.25,"circuit","core",TRUE
"dispositivo",0.854932301740812,1,"AlvarezMosquera2026",7.25,"device","core",TRUE
"labrego",0.854932301740812,1,"AlvarezMosquera2026",7.25,"farmer","core",TRUE
"chan",0.852998065764023,1,"AlvarezMosquera2026",7.23529411764706,"ground","core",TRUE
"documentación",0.85009671179884,1,"AlvarezMosquera2026",7.21428571428571,"documentation","core",TRUE
"gato",0.85009671179884,1,"AlvarezMosquera2026",7.21428571428571,"cat","core",TRUE
"novembro",0.85009671179884,1,"AlvarezMosquera2026",7.21428571428571,"november","core",TRUE
"recinto",0.85009671179884,1,"AlvarezMosquera2026",7.21428571428571,"enclosure","core",TRUE
"tesouro",0.85009671179884,1,"AlvarezMosquera2026",7.21428571428571,"treasure","core",TRUE
"auga",0.845744680851064,1,"AlvarezMosquera2026",7.2,"water","core",TRUE
"cativo",0.845744680851064,1,"AlvarezMosquera2026",7.2,"child","core",TRUE
"estranxeiro",0.845744680851064,1,"AlvarezMosquera2026",7.2,"foreigner","core",TRUE
"porta",0.845744680851064,1,"AlvarezMosquera2026",7.2,"door","core",TRUE
"autor",0.842359767891683,1,"AlvarezMosquera2026",7.18181818181818,"author","core",TRUE
"cinta",0.842359767891683,1,"AlvarezMosquera2026",7.18181818181818,"ribbon","core",TRUE
"sinatura",0.842359767891683,1,"AlvarezMosquera2026",7.18181818181818,"signature","core",TRUE
"aceite",0.840425531914894,1,"AlvarezMosquera2026",7.16666666666667,"oil","core",TRUE
"catálogo",0.838007736943907,1,"AlvarezMosquera2026",7.14285714285714,"catalogue","core",TRUE
"cigarro",0.838007736943907,1,"AlvarezMosquera2026",7.14285714285714,"cigarette","core",TRUE
"pobo",0.838007736943907,1,"AlvarezMosquera2026",7.14285714285714,"people","core",TRUE
"xeo",0.838007736943907,1,"AlvarezMosquera2026",7.14285714285714,"ice","core",TRUE
"banco",0.835589941972921,1,"AlvarezMosquera2026",7.13333333333333,"bank","core",TRUE
"presidente",0.834622823984526,1,"AlvarezMosquera2026",7.1,"president","core",TRUE
"banda",0.832688588007737,1,"AlvarezMosquera2026",7.09090909090909,"band","core",TRUE
"caza",0.832688588007737,1,"AlvarezMosquera2026",7.09090909090909,"hunting","core",TRUE
"mediodía",0.832688588007737,1,"AlvarezMosquera2026",7.09090909090909,"noon","core",TRUE
"lombo",0.830754352030948,1,"AlvarezMosquera2026",7.08333333333333,"back","core",TRUE
"paquete",0.828820116054159,1,"AlvarezMosquera2026",7.07692307692308,"package","core",TRUE
"teatro",0.828820116054159,1,"AlvarezMosquera2026",7.07692307692308,"theater","core",TRUE
"terrorista",0.828820116054159,1,"AlvarezMosquera2026",7.07692307692308,"terrorist","core",TRUE
"cerebro",0.82495164410058,1,"AlvarezMosquera2026",7.07142857142857,"brain","core",TRUE
"establecemento",0.82495164410058,1,"AlvarezMosquera2026",7.07142857142857,"establishment","core",TRUE
"fotografía",0.82495164410058,1,"AlvarezMosquera2026",7.07142857142857,"photograph","core",TRUE
"letra",0.82495164410058,1,"AlvarezMosquera2026",7.07142857142857,"letter","core",TRUE
"planta",0.82495164410058,1,"AlvarezMosquera2026",7.07142857142857,"plant","core",TRUE
"raio",0.822050290135397,1,"AlvarezMosquera2026",7.06666666666667,"lightning","core",TRUE
"serie",0.821083172147002,1,"AlvarezMosquera2026",7.04761904761905,"series","core",TRUE
"municipio",0.820116054158607,1,"AlvarezMosquera2026",7.04347826086957,"municipality","core",TRUE
"asento",0.811895551257253,1,"AlvarezMosquera2026",7,"seat","core",TRUE
"coiro",0.811895551257253,1,"AlvarezMosquera2026",7,"leather","core",TRUE
"columna",0.811895551257253,1,"AlvarezMosquera2026",7,"column","core",TRUE
"contrato",0.811895551257253,1,"AlvarezMosquera2026",7,"contract","core",TRUE
"cor",0.811895551257253,1,"AlvarezMosquera2026",7,"color","core",TRUE
"directivo",0.811895551257253,1,"AlvarezMosquera2026",7,"executive","core",TRUE
"droga",0.811895551257253,1,"AlvarezMosquera2026",7,"drug","core",TRUE
"facultade",0.811895551257253,1,"AlvarezMosquera2026",7,"faculty","core",TRUE
"inspector",0.811895551257253,1,"AlvarezMosquera2026",7,"inspector","core",TRUE
"liña",0.811895551257253,1,"AlvarezMosquera2026",7,"line","core",TRUE
"localización",0.811895551257253,1,"AlvarezMosquera2026",7,"location","core",TRUE
"merda",0.811895551257253,1,"AlvarezMosquera2026",7,"shit","core",TRUE
"parroquia",0.811895551257253,1,"AlvarezMosquera2026",7,"parish","core",TRUE
"praza",0.811895551257253,1,"AlvarezMosquera2026",7,"square","core",TRUE
"rostro",0.811895551257253,1,"AlvarezMosquera2026",7,"face","core",TRUE
"visitante",0.811895551257253,1,"AlvarezMosquera2026",7,"visitor","core",TRUE
"muller",0.803675048355899,1,"AlvarezMosquera2026",6.93333333333333,"woman","core",TRUE
"arxentino",0.800290135396518,1,"AlvarezMosquera2026",6.92857142857143,"argentine","core",TRUE
"enxeñeiro",0.800290135396518,1,"AlvarezMosquera2026",6.92857142857143,"engineer","core",TRUE
"gas",0.800290135396518,1,"AlvarezMosquera2026",6.92857142857143,"gas","core",TRUE
"guión",0.800290135396518,1,"AlvarezMosquera2026",6.92857142857143,"script","core",TRUE
"mancha",0.800290135396518,1,"AlvarezMosquera2026",6.92857142857143,"stain","core",TRUE
"voto",0.800290135396518,1,"AlvarezMosquera2026",6.92857142857143,"vote","core",TRUE
"area",0.796905222437137,1,"AlvarezMosquera2026",6.92307692307692,"sand","core",TRUE
"conto",0.793036750483559,1,"AlvarezMosquera2026",6.91666666666667,"story","core",TRUE
"graxa",0.793036750483559,1,"AlvarezMosquera2026",6.91666666666667,"fat","core",TRUE
"obxecto",0.793036750483559,1,"AlvarezMosquera2026",6.91666666666667,"object","core",TRUE
"premio",0.793036750483559,1,"AlvarezMosquera2026",6.91666666666667,"prize","core",TRUE
"radio",0.793036750483559,1,"AlvarezMosquera2026",6.91666666666667,"radio","core",TRUE
"templo",0.793036750483559,1,"AlvarezMosquera2026",6.91666666666667,"temple","core",TRUE
"venda",0.793036750483559,1,"AlvarezMosquera2026",6.91666666666667,"sale","core",TRUE
"caída",0.789168278529981,1,"AlvarezMosquera2026",6.91304347826087,"fall","core",TRUE
"riso",0.788201160541586,1,"AlvarezMosquera2026",6.90909090909091,"laughter","core",TRUE
"construción",0.787234042553192,1,"AlvarezMosquera2026",6.9047619047619,"construction","core",TRUE
"infraestrutura",0.7857833655706,1,"AlvarezMosquera2026",6.88888888888889,"infrastructure","core",TRUE
"lixo",0.7857833655706,1,"AlvarezMosquera2026",6.88888888888889,"garbage","core",TRUE
"película",0.784332688588008,1,"AlvarezMosquera2026",6.88235294117647,"film","core",TRUE
"asasino",0.780947775628627,1,"AlvarezMosquera2026",6.85714285714286,"murderer","core",TRUE
"conselleiro",0.780947775628627,1,"AlvarezMosquera2026",6.85714285714286,"counsellor","core",TRUE
"escrito",0.780947775628627,1,"AlvarezMosquera2026",6.85714285714286,"written text","core",TRUE
"gorxa",0.780947775628627,1,"AlvarezMosquera2026",6.85714285714286,"throat","core",TRUE
"individuo",0.780947775628627,1,"AlvarezMosquera2026",6.85714285714286,"individual","core",TRUE
"instalación",0.780947775628627,1,"AlvarezMosquera2026",6.85714285714286,"facility","core",TRUE
"nave",0.777562862669246,1,"AlvarezMosquera2026",6.84615384615385,"ship","core",TRUE
"corazón",0.776112185686654,1,"AlvarezMosquera2026",6.83333333333333,"heart","core",TRUE
"sangue",0.776112185686654,1,"AlvarezMosquera2026",6.83333333333333,"blood","core",TRUE
"escritor",0.774661508704062,1,"AlvarezMosquera2026",6.8235294117647,"writer","core",TRUE
"equipo",0.77321083172147,1,"AlvarezMosquera2026",6.81818181818182,"team","core",TRUE
"gratuíto",0.77321083172147,1,"AlvarezMosquera2026",6.81818181818182,"free","core",TRUE
"fillo",0.771276595744681,1,"AlvarezMosquera2026",6.8,"son","core",TRUE
"traballo",0.771276595744681,1,"AlvarezMosquera2026",6.8,"work","core",TRUE
"espectador",0.769825918762089,1,"AlvarezMosquera2026",6.78571428571429,"spectator","core",TRUE
"produto",0.768858800773694,1,"AlvarezMosquera2026",6.78260869565217,"product","core",TRUE
"táboa",0.767408123791103,1,"AlvarezMosquera2026",6.76923076923077,"plank","core",TRUE
"título",0.767408123791103,1,"AlvarezMosquera2026",6.76923076923077,"title","core",TRUE
"embarcación",0.764506769825919,1,"AlvarezMosquera2026",6.75,"boat","core",TRUE
"noite",0.764506769825919,1,"AlvarezMosquera2026",6.75,"night","core",TRUE
"representante",0.764506769825919,1,"AlvarezMosquera2026",6.75,"representative","core",TRUE
"vaca",0.764506769825919,1,"AlvarezMosquera2026",6.75,"cow","core",TRUE
"funcionario",0.76063829787234,1,"AlvarezMosquera2026",6.71428571428571,"civil servant","core",TRUE
"obradoiro",0.76063829787234,1,"AlvarezMosquera2026",6.71428571428571,"workshop","core",TRUE
"raíz",0.76063829787234,1,"AlvarezMosquera2026",6.71428571428571,"root","core",TRUE
"tiro",0.76063829787234,1,"AlvarezMosquera2026",6.71428571428571,"shot","core",TRUE
"cemiterio",0.757736943907157,1,"AlvarezMosquera2026",6.69230769230769,"cemetery","core",TRUE
"decreto",0.757736943907157,1,"AlvarezMosquera2026",6.69230769230769,"decree","core",TRUE
"camiño",0.754835589941973,1,"AlvarezMosquera2026",6.66666666666667,"path","core",TRUE
"corredor",0.754835589941973,1,"AlvarezMosquera2026",6.66666666666667,"runner","core",TRUE
"cruz",0.754835589941973,1,"AlvarezMosquera2026",6.66666666666667,"cross","core",TRUE
"zapato",0.754835589941973,1,"AlvarezMosquera2026",6.66666666666667,"shoe","core",TRUE
"texto",0.752417794970986,1,"AlvarezMosquera2026",6.64705882352941,"text","core",TRUE
"cerimonia",0.75,1,"AlvarezMosquera2026",6.64285714285714,"ceremony","core",TRUE
"exercicio",0.75,1,"AlvarezMosquera2026",6.64285714285714,"exercise","core",TRUE
"leira",0.75,1,"AlvarezMosquera2026",6.64285714285714,"field","core",TRUE
"norma",0.75,1,"AlvarezMosquera2026",6.64285714285714,"norm","core",TRUE
"constitución",0.746615087040619,1,"AlvarezMosquera2026",6.63636363636364,"constitution","core",TRUE
"lácteo",0.746615087040619,1,"AlvarezMosquera2026",6.63636363636364,"dairy","core",TRUE
"zona",0.746615087040619,1,"AlvarezMosquera2026",6.63636363636364,"zone","core",TRUE
"cura",0.74468085106383,1,"AlvarezMosquera2026",6.61904761904762,"priest","core",TRUE
"vacación",0.743713733075435,1,"AlvarezMosquera2026",6.61538461538461,"vacation","core",TRUE
"pel",0.742746615087041,1,"AlvarezMosquera2026",6.6,"skin","core",TRUE
"madeira",0.740812379110251,1,"AlvarezMosquera2026",6.58333333333333,"wood","core",TRUE
"vidro",0.740812379110251,1,"AlvarezMosquera2026",6.58333333333333,"glass","core",TRUE
"xulgado",0.740812379110251,1,"AlvarezMosquera2026",6.58333333333333,"court","core",TRUE
"capa",0.735976789168279,1,"AlvarezMosquera2026",6.57142857142857,"cape","core",TRUE
"despacho",0.735976789168279,1,"AlvarezMosquera2026",6.57142857142857,"office","core",TRUE
"ingreso",0.735976789168279,1,"AlvarezMosquera2026",6.57142857142857,"income","core",TRUE
"norte",0.735976789168279,1,"AlvarezMosquera2026",6.57142857142857,"north","core",TRUE
"postura",0.735976789168279,1,"AlvarezMosquera2026",6.57142857142857,"posture","core",TRUE
"quilo",0.735976789168279,1,"AlvarezMosquera2026",6.57142857142857,"kilogram","core",TRUE
"rato",0.735976789168279,1,"AlvarezMosquera2026",6.57142857142857,"mouse","core",TRUE
"xente",0.7321083172147,1,"AlvarezMosquera2026",6.55,"people","core",TRUE
"mando",0.730657640232108,1,"AlvarezMosquera2026",6.53846153846154,"command","core",TRUE
"socio",0.730657640232108,1,"AlvarezMosquera2026",6.53846153846154,"partner","core",TRUE
"porto",0.729206963249516,1,"AlvarezMosquera2026",6.53333333333333,"port","core",TRUE
"vento",0.728239845261122,1,"AlvarezMosquera2026",6.52941176470588,"wind","core",TRUE
"capítulo",0.72678916827853,1,"AlvarezMosquera2026",6.52173913043478,"chapter","core",TRUE
"tráfico",0.72678916827853,1,"AlvarezMosquera2026",6.52173913043478,"traffic","core",TRUE
"carto",0.724371373307544,1,"AlvarezMosquera2026",6.5,"money","core",TRUE
"lector",0.724371373307544,1,"AlvarezMosquera2026",6.5,"reader","core",TRUE
"temperatura",0.724371373307544,1,"AlvarezMosquera2026",6.5,"temperature","core",TRUE
"negro",0.722437137330754,1,"AlvarezMosquera2026",6.47368421052632,"black","core",TRUE
"mundo",0.72147001934236,1,"AlvarezMosquera2026",6.46666666666667,"world","core",TRUE
"tecnoloxía",0.720502901353965,1,"AlvarezMosquera2026",6.46153846153846,"technology","core",TRUE
"experimento",0.719052224371373,1,"AlvarezMosquera2026",6.45454545454545,"experiment","core",TRUE
"imaxe",0.719052224371373,1,"AlvarezMosquera2026",6.45454545454545,"image","core",TRUE
"agricultura",0.716634429400387,1,"AlvarezMosquera2026",6.44444444444444,"agriculture","core",TRUE
"asasinato",0.716634429400387,1,"AlvarezMosquera2026",6.44444444444444,"murder","core",TRUE
"tribunal",0.716634429400387,1,"AlvarezMosquera2026",6.44444444444444,"court","core",TRUE
"colaborador",0.713733075435203,1,"AlvarezMosquera2026",6.42857142857143,"collaborator","core",TRUE
"mercado",0.713733075435203,1,"AlvarezMosquera2026",6.42857142857143,"market","core",TRUE
"traxe",0.713733075435203,1,"AlvarezMosquera2026",6.42857142857143,"suit","core",TRUE
"institución",0.710348162475822,1,"AlvarezMosquera2026",6.41666666666667,"institution","core",TRUE
"madrileño",0.710348162475822,1,"AlvarezMosquera2026",6.41666666666667,"from madrid","core",TRUE
"propiedade",0.710348162475822,1,"AlvarezMosquera2026",6.41666666666667,"property","core",TRUE
"traballador",0.710348162475822,1,"AlvarezMosquera2026",6.41666666666667,"worker","core",TRUE
"rúa",0.707930367504836,1,"AlvarezMosquera2026",6.36363636363636,"street","core",TRUE
"beizo",0.705029013539652,1,"AlvarezMosquera2026",6.35714285714286,"lip","core",TRUE
"concelleiro",0.705029013539652,1,"AlvarezMosquera2026",6.35714285714286,"city councillor","core",TRUE
"costa",0.705029013539652,1,"AlvarezMosquera2026",6.35714285714286,"coast","core",TRUE
"oficio",0.705029013539652,1,"AlvarezMosquera2026",6.35714285714286,"occupation","core",TRUE
"resultado",0.705029013539652,1,"AlvarezMosquera2026",6.35714285714286,"result","core",TRUE
"cumio",0.700676982591876,1,"AlvarezMosquera2026",6.33333333333333,"summit","core",TRUE
"entrada",0.700676982591876,1,"AlvarezMosquera2026",6.33333333333333,"entry","core",TRUE
"lugar",0.700676982591876,1,"AlvarezMosquera2026",6.33333333333333,"place","core",TRUE
"outono",0.700676982591876,1,"AlvarezMosquera2026",6.33333333333333,"autumn","core",TRUE
"axencia",0.697292069632495,1,"AlvarezMosquera2026",6.30769230769231,"agency","core",TRUE
"parlamentario",0.697292069632495,1,"AlvarezMosquera2026",6.30769230769231,"parliamentary","core",TRUE
"peso",0.697292069632495,1,"AlvarezMosquera2026",6.30769230769231,"weight","core",TRUE
"país",0.695357833655706,1,"AlvarezMosquera2026",6.3,"country","core",TRUE
"barra",0.692456479690522,1,"AlvarezMosquera2026",6.28571428571429,"bar","core",TRUE
"bebida",0.692456479690522,1,"AlvarezMosquera2026",6.28571428571429,"drink","core",TRUE
"choiva",0.692456479690522,1,"AlvarezMosquera2026",6.28571428571429,"rain","core",TRUE
"garda",0.692456479690522,1,"AlvarezMosquera2026",6.28571428571429,"guard","core",TRUE
"transferencia",0.692456479690522,1,"AlvarezMosquera2026",6.28571428571429,"transfer","core",TRUE
"fundación",0.688588007736944,1,"AlvarezMosquera2026",6.27272727272727,"foundation","core",TRUE
"lonxitude",0.688588007736944,1,"AlvarezMosquera2026",6.27272727272727,"length","core",TRUE
"número",0.688588007736944,1,"AlvarezMosquera2026",6.27272727272727,"number","core",TRUE
"galería",0.686170212765957,1,"AlvarezMosquera2026",6.26666666666667,"gallery","core",TRUE
"noticia",0.686170212765957,1,"AlvarezMosquera2026",6.26666666666667,"news","core",TRUE
"debuxo",0.683268858800774,1,"AlvarezMosquera2026",6.25,"drawing","core",TRUE
"limpeza",0.683268858800774,1,"AlvarezMosquera2026",6.25,"cleaning","core",TRUE
"publicación",0.683268858800774,1,"AlvarezMosquera2026",6.25,"publication","core",TRUE
"territorio",0.683268858800774,1,"AlvarezMosquera2026",6.25,"territory","core",TRUE
"prezo",0.680851063829787,1,"AlvarezMosquera2026",6.23809523809524,"price","core",TRUE
"comisario",0.678433268858801,1,"AlvarezMosquera2026",6.23076923076923,"commissioner","core",TRUE
"emprego",0.678433268858801,1,"AlvarezMosquera2026",6.23076923076923,"employment","core",TRUE
"entrega",0.678433268858801,1,"AlvarezMosquera2026",6.23076923076923,"delivery","core",TRUE
"voz",0.678433268858801,1,"AlvarezMosquera2026",6.23076923076923,"voice","core",TRUE
"abril",0.672630560928433,1,"AlvarezMosquera2026",6.21428571428571,"april","core",TRUE
"fútbol",0.672630560928433,1,"AlvarezMosquera2026",6.21428571428571,"football","core",TRUE
"mensaxe",0.672630560928433,1,"AlvarezMosquera2026",6.21428571428571,"message","core",TRUE
"oposición",0.672630560928433,1,"AlvarezMosquera2026",6.21428571428571,"opposition","core",TRUE
"pagamento",0.672630560928433,1,"AlvarezMosquera2026",6.21428571428571,"payment","core",TRUE
"programa",0.672630560928433,1,"AlvarezMosquera2026",6.21428571428571,"program","core",TRUE
"rexión",0.672630560928433,1,"AlvarezMosquera2026",6.21428571428571,"region","core",TRUE
"setembro",0.672630560928433,1,"AlvarezMosquera2026",6.21428571428571,"september","core",TRUE
"lingua",0.667311411992263,1,"AlvarezMosquera2026",6.18181818181818,"language","core",TRUE
"medida",0.667311411992263,1,"AlvarezMosquera2026",6.18181818181818,"measure","core",TRUE
"papel",0.667311411992263,1,"AlvarezMosquera2026",6.18181818181818,"paper","core",TRUE
"cheo",0.665377176015474,1,"AlvarezMosquera2026",6.1764705882353,"full","core",TRUE
"habitante",0.663926499032882,1,"AlvarezMosquera2026",6.16666666666667,"inhabitant","core",TRUE
"xornada",0.663926499032882,1,"AlvarezMosquera2026",6.16666666666667,"day","core",TRUE
"fórmula",0.661992263056093,1,"AlvarezMosquera2026",6.15384615384615,"formula","core",TRUE
"paseo",0.661992263056093,1,"AlvarezMosquera2026",6.15384615384615,"walk","core",TRUE
"palabra",0.660541586073501,1,"AlvarezMosquera2026",6.15,"word","core",TRUE
"aplicación",0.655222437137331,1,"AlvarezMosquera2026",6.14285714285714,"application","core",TRUE
"cinema",0.655222437137331,1,"AlvarezMosquera2026",6.14285714285714,"cinema","core",TRUE
"circulación",0.655222437137331,1,"AlvarezMosquera2026",6.14285714285714,"circulation","core",TRUE
"exército",0.655222437137331,1,"AlvarezMosquera2026",6.14285714285714,"army","core",TRUE
"filme",0.655222437137331,1,"AlvarezMosquera2026",6.14285714285714,"film","core",TRUE
"frota",0.655222437137331,1,"AlvarezMosquera2026",6.14285714285714,"fleet","core",TRUE
"marzo",0.655222437137331,1,"AlvarezMosquera2026",6.14285714285714,"march","core",TRUE
"nome",0.655222437137331,1,"AlvarezMosquera2026",6.14285714285714,"name","core",TRUE
"peto",0.655222437137331,1,"AlvarezMosquera2026",6.14285714285714,"pocket","core",TRUE
"xullo",0.655222437137331,1,"AlvarezMosquera2026",6.14285714285714,"july","core",TRUE
"persoa",0.64990328820116,1,"AlvarezMosquera2026",6.13333333333333,"person","core",TRUE
"mecanismo",0.648936170212766,1,"AlvarezMosquera2026",6.1304347826087,"mechanism","core",TRUE
"silencio",0.647969052224371,1,"AlvarezMosquera2026",6.11764705882353,"silence","core",TRUE
"grupo",0.647001934235977,1,"AlvarezMosquera2026",6.1,"group","core",TRUE
"nocturno",0.646034816247582,1,"AlvarezMosquera2026",6.09090909090909,"nocturnal","core",TRUE
"accidente",0.644100580270793,1,"AlvarezMosquera2026",6.08333333333333,"accident","core",TRUE
"cadro",0.644100580270793,1,"AlvarezMosquera2026",6.08333333333333,"painting","core",TRUE
"concerto",0.644100580270793,1,"AlvarezMosquera2026",6.08333333333333,"concert","core",TRUE
"especialista",0.642166344294004,1,"AlvarezMosquera2026",6.07692307692308,"specialist","core",TRUE
"administración",0.640232108317215,1,"AlvarezMosquera2026",6.07142857142857,"administration","core",TRUE
"contaminación",0.640232108317215,1,"AlvarezMosquera2026",6.07142857142857,"pollution","core",TRUE
"detención",0.640232108317215,1,"AlvarezMosquera2026",6.07142857142857,"detention","core",TRUE
"servizo",0.638297872340426,1,"AlvarezMosquera2026",6.04761904761905,"service","core",TRUE
"descrición",0.632978723404255,1,"AlvarezMosquera2026",6,"description","core",TRUE
"familia",0.632978723404255,1,"AlvarezMosquera2026",6,"family","core",TRUE
"manifestación",0.632978723404255,1,"AlvarezMosquera2026",6,"demonstration","core",TRUE
"outubro",0.632978723404255,1,"AlvarezMosquera2026",6,"october","core",TRUE
"percorrido",0.632978723404255,1,"AlvarezMosquera2026",6,"route","core",TRUE
"presidencia",0.632978723404255,1,"AlvarezMosquera2026",6,"presidency","core",TRUE
"preso",0.632978723404255,1,"AlvarezMosquera2026",6,"prisoner","core",TRUE
"representación",0.632978723404255,1,"AlvarezMosquera2026",6,"representation","core",TRUE
"salto",0.632978723404255,1,"AlvarezMosquera2026",6,"jump","core",TRUE
"virus",0.632978723404255,1,"AlvarezMosquera2026",6,"virus","core",TRUE
"proba",0.627659574468085,1,"AlvarezMosquera2026",5.94117647058824,"test","core",TRUE
"código",0.626208897485493,1,"AlvarezMosquera2026",5.93333333333333,"code","core",TRUE
"web",0.626208897485493,1,"AlvarezMosquera2026",5.93333333333333,"web","core",TRUE
"horario",0.623791102514507,1,"AlvarezMosquera2026",5.92857142857143,"schedule","core",TRUE
"índice",0.623791102514507,1,"AlvarezMosquera2026",5.92857142857143,"index","core",TRUE
"lado",0.623791102514507,1,"AlvarezMosquera2026",5.92857142857143,"side","core",TRUE
"pago",0.621856866537718,1,"AlvarezMosquera2026",5.92307692307692,"payment","core",TRUE
"dato",0.620406189555126,1,"AlvarezMosquera2026",5.91666666666667,"datum","core",TRUE
"idade",0.620406189555126,1,"AlvarezMosquera2026",5.91666666666667,"age","core",TRUE
"portavoz",0.618955512572534,1,"AlvarezMosquera2026",5.91304347826087,"spokesperson","core",TRUE
"planificación",0.617988394584139,1,"AlvarezMosquera2026",5.90909090909091,"planning","core",TRUE
"minuto",0.617021276595745,1,"AlvarezMosquera2026",5.9047619047619,"minute","core",TRUE
"inglés",0.61605415860735,1,"AlvarezMosquera2026",5.86666666666667,"english","core",TRUE
"beneficio",0.613152804642166,1,"AlvarezMosquera2026",5.85714285714286,"benefit","core",TRUE
"castigo",0.613152804642166,1,"AlvarezMosquera2026",5.85714285714286,"punishment","core",TRUE
"montaxe",0.613152804642166,1,"AlvarezMosquera2026",5.85714285714286,"assembly","core",TRUE
"océano",0.613152804642166,1,"AlvarezMosquera2026",5.85714285714286,"ocean","core",TRUE
"quilómetro",0.613152804642166,1,"AlvarezMosquera2026",5.85714285714286,"kilometer","core",TRUE
"estrutura",0.610251450676983,1,"AlvarezMosquera2026",5.85,"structure","core",TRUE
"groso",0.607833655705996,1,"AlvarezMosquera2026",5.84615384615385,"thick","core",TRUE
"informe",0.607833655705996,1,"AlvarezMosquera2026",5.84615384615385,"report","core",TRUE
"reunión",0.607833655705996,1,"AlvarezMosquera2026",5.84615384615385,"meeting","core",TRUE
"ruta",0.607833655705996,1,"AlvarezMosquera2026",5.84615384615385,"route","core",TRUE
"estadounidense",0.60541586073501,1,"AlvarezMosquera2026",5.83333333333333,"american (u.s.)","core",TRUE
"carbono",0.604448742746615,1,"AlvarezMosquera2026",5.81818181818182,"carbon","core",TRUE
"deseño",0.60348162475822,1,"AlvarezMosquera2026",5.80952380952381,"design","core",TRUE
"negocio",0.602514506769826,1,"AlvarezMosquera2026",5.8,"business","core",TRUE
"goberno",0.599613152804642,1,"AlvarezMosquera2026",5.78571428571429,"government","core",TRUE
"mocidade",0.599613152804642,1,"AlvarezMosquera2026",5.78571428571429,"youth","core",TRUE
"soporte",0.599613152804642,1,"AlvarezMosquera2026",5.78571428571429,"support","core",TRUE
"sur",0.599613152804642,1,"AlvarezMosquera2026",5.78571428571429,"south","core",TRUE
"vista",0.599613152804642,1,"AlvarezMosquera2026",5.78571428571429,"view","core",TRUE
"porcentaxe",0.596711798839458,1,"AlvarezMosquera2026",5.78260869565217,"percentage","core",TRUE
"signo",0.595744680851064,1,"AlvarezMosquera2026",5.77777777777778,"sign","core",TRUE
"enfermidade",0.594777562862669,1,"AlvarezMosquera2026",5.76923076923077,"disease","core",TRUE
"cabo",0.593810444874275,1,"AlvarezMosquera2026",5.76470588235294,"cape","core",TRUE
"asociación",0.591876208897485,1,"AlvarezMosquera2026",5.75,"association","core",TRUE
"hora",0.591876208897485,1,"AlvarezMosquera2026",5.75,"hour","core",TRUE
"obra",0.591876208897485,1,"AlvarezMosquera2026",5.75,"work","core",TRUE
"carreira",0.588974854932302,1,"AlvarezMosquera2026",5.73333333333333,"career","core",TRUE
"día",0.588974854932302,1,"AlvarezMosquera2026",5.73333333333333,"day","core",TRUE
"marea",0.588974854932302,1,"AlvarezMosquera2026",5.73333333333333,"tide","core",TRUE
"carón",0.587040618955513,1,"AlvarezMosquera2026",5.72727272727273,"beside","core",TRUE
"autonomía",0.584622823984526,1,"AlvarezMosquera2026",5.71428571428571,"autonomy","core",TRUE
"dose",0.584622823984526,1,"AlvarezMosquera2026",5.71428571428571,"dose","core",TRUE
"turismo",0.584622823984526,1,"AlvarezMosquera2026",5.71428571428571,"tourism","core",TRUE
"xuntanza",0.584622823984526,1,"AlvarezMosquera2026",5.71428571428571,"meeting","core",TRUE
"cantidade",0.581721470019342,1,"AlvarezMosquera2026",5.70588235294118,"quantity","core",TRUE
"elección",0.581721470019342,1,"AlvarezMosquera2026",5.70588235294118,"election","core",TRUE
"comarca",0.578820116054159,1,"AlvarezMosquera2026",5.69230769230769,"region","core",TRUE
"convenio",0.578820116054159,1,"AlvarezMosquera2026",5.69230769230769,"agreement","core",TRUE
"crime",0.578820116054159,1,"AlvarezMosquera2026",5.69230769230769,"crime","core",TRUE
"puta",0.578820116054159,1,"AlvarezMosquera2026",5.69230769230769,"whore","core",TRUE
"cadea",0.573500967117988,1,"AlvarezMosquera2026",5.66666666666667,"chain","core",TRUE
"calor",0.573500967117988,1,"AlvarezMosquera2026",5.66666666666667,"heat","core",TRUE
"clasificación",0.573500967117988,1,"AlvarezMosquera2026",5.66666666666667,"classification","core",TRUE
"clima",0.573500967117988,1,"AlvarezMosquera2026",5.66666666666667,"climate","core",TRUE
"documento",0.573500967117988,1,"AlvarezMosquera2026",5.66666666666667,"document","core",TRUE
"partida",0.573500967117988,1,"AlvarezMosquera2026",5.66666666666667,"departure","core",TRUE
"plano",0.573500967117988,1,"AlvarezMosquera2026",5.66666666666667,"plane","core",TRUE
"argumento",0.56963249516441,1,"AlvarezMosquera2026",5.65217391304348,"argument","core",TRUE
"anuncio",0.567698259187621,1,"AlvarezMosquera2026",5.64285714285714,"announcement","core",TRUE
"pulso",0.567698259187621,1,"AlvarezMosquera2026",5.64285714285714,"pulse","core",TRUE
"romano",0.567698259187621,1,"AlvarezMosquera2026",5.64285714285714,"roman","core",TRUE
"violento",0.565764023210832,1,"AlvarezMosquera2026",5.61538461538461,"violent","core",TRUE
"diario",0.563346228239845,1,"AlvarezMosquera2026",5.6,"daily","core",TRUE
"lista",0.563346228239845,1,"AlvarezMosquera2026",5.6,"list","core",TRUE
"mes",0.563346228239845,1,"AlvarezMosquera2026",5.6,"month","core",TRUE
"punto",0.563346228239845,1,"AlvarezMosquera2026",5.6,"point","core",TRUE
"dirección",0.560928433268859,1,"AlvarezMosquera2026",5.58333333333333,"direction","core",TRUE
"alimentación",0.557543520309478,1,"AlvarezMosquera2026",5.57142857142857,"nutrition","core",TRUE
"cabaleiro",0.557543520309478,1,"AlvarezMosquera2026",5.57142857142857,"gentleman","core",TRUE
"corte",0.557543520309478,1,"AlvarezMosquera2026",5.57142857142857,"cut","core",TRUE
"grao",0.557543520309478,1,"AlvarezMosquera2026",5.57142857142857,"degree","core",TRUE
"lexislatura",0.557543520309478,1,"AlvarezMosquera2026",5.57142857142857,"legislature","core",TRUE
"plataforma",0.557543520309478,1,"AlvarezMosquera2026",5.57142857142857,"platform","core",TRUE
"concurso",0.554158607350097,1,"AlvarezMosquera2026",5.56521739130435,"contest","core",TRUE
"proxecto",0.553191489361702,1,"AlvarezMosquera2026",5.55,"project","core",TRUE
"plan",0.552224371373308,1,"AlvarezMosquera2026",5.53846153846154,"plan","core",TRUE
"tolo",0.551257253384913,1,"AlvarezMosquera2026",5.53333333333333,"crazy","core",TRUE
"análise",0.544003868471954,1,"AlvarezMosquera2026",5.5,"analysis","core",TRUE
"consumidor",0.544003868471954,1,"AlvarezMosquera2026",5.5,"consumer","core",TRUE
"decembro",0.544003868471954,1,"AlvarezMosquera2026",5.5,"december","core",TRUE
"espectáculo",0.544003868471954,1,"AlvarezMosquera2026",5.5,"show","core",TRUE
"orzamento",0.544003868471954,1,"AlvarezMosquera2026",5.5,"budget","core",TRUE
"personaxe",0.544003868471954,1,"AlvarezMosquera2026",5.5,"character","core",TRUE
"prensa",0.544003868471954,1,"AlvarezMosquera2026",5.5,"press","core",TRUE
"proporción",0.544003868471954,1,"AlvarezMosquera2026",5.5,"proportion","core",TRUE
"reforma",0.544003868471954,1,"AlvarezMosquera2026",5.5,"reform","core",TRUE
"réxime",0.544003868471954,1,"AlvarezMosquera2026",5.5,"regime","core",TRUE
"sitio",0.544003868471954,1,"AlvarezMosquera2026",5.5,"site","core",TRUE
"solo",0.544003868471954,1,"AlvarezMosquera2026",5.5,"soil","core",TRUE
"usuario",0.544003868471954,1,"AlvarezMosquera2026",5.5,"user","core",TRUE
"xunta",0.544003868471954,1,"AlvarezMosquera2026",5.5,"board","core",TRUE
"recurso",0.536750483558994,1,"AlvarezMosquera2026",5.47619047619048,"resource","core",TRUE
"ácido",0.535299806576402,1,"AlvarezMosquera2026",5.46666666666667,"acid","core",TRUE
"baile",0.535299806576402,1,"AlvarezMosquera2026",5.46666666666667,"dance","core",TRUE
"cálculo",0.533365570599613,1,"AlvarezMosquera2026",5.46153846153846,"calculation","core",TRUE
"criatura",0.533365570599613,1,"AlvarezMosquera2026",5.46153846153846,"creature","core",TRUE
"contribución",0.531914893617021,1,"AlvarezMosquera2026",5.45454545454545,"contribution","core",TRUE
"apertura",0.530947775628627,1,"AlvarezMosquera2026",5.44444444444444,"opening","core",TRUE
"agosto",0.529980657640232,1,"AlvarezMosquera2026",5.43478260869565,"august","core",TRUE
"artista",0.523694390715667,1,"AlvarezMosquera2026",5.42857142857143,"artist","core",TRUE
"aviso",0.523694390715667,1,"AlvarezMosquera2026",5.42857142857143,"notice","core",TRUE
"bispo",0.523694390715667,1,"AlvarezMosquera2026",5.42857142857143,"bishop","core",TRUE
"cifra",0.523694390715667,1,"AlvarezMosquera2026",5.42857142857143,"figure","core",TRUE
"círculo",0.523694390715667,1,"AlvarezMosquera2026",5.42857142857143,"circle","core",TRUE
"comunidade",0.523694390715667,1,"AlvarezMosquera2026",5.42857142857143,"community","core",TRUE
"democracia",0.523694390715667,1,"AlvarezMosquera2026",5.42857142857143,"democracy","core",TRUE
"episodio",0.523694390715667,1,"AlvarezMosquera2026",5.42857142857143,"episode","core",TRUE
"idioma",0.523694390715667,1,"AlvarezMosquera2026",5.42857142857143,"language","core",TRUE
"manobra",0.523694390715667,1,"AlvarezMosquera2026",5.42857142857143,"maneuver","core",TRUE
"mércores",0.523694390715667,1,"AlvarezMosquera2026",5.42857142857143,"wednesday","core",TRUE
"xoves",0.523694390715667,1,"AlvarezMosquera2026",5.42857142857143,"thursday","core",TRUE
"concentración",0.516924564796905,1,"AlvarezMosquera2026",5.41666666666667,"concentration","core",TRUE
"sindicato",0.516924564796905,1,"AlvarezMosquera2026",5.41666666666667,"union","core",TRUE
"artigo",0.515473887814313,1,"AlvarezMosquera2026",5.41176470588235,"article","core",TRUE
"ano",0.514023210831721,1,"AlvarezMosquera2026",5.4,"year","core",TRUE
"empresa",0.514023210831721,1,"AlvarezMosquera2026",5.4,"company","core",TRUE
"loita",0.511121856866538,1,"AlvarezMosquera2026",5.38461538461539,"struggle","core",TRUE
"mariño",0.511121856866538,1,"AlvarezMosquera2026",5.38461538461539,"marine","core",TRUE
"materia",0.511121856866538,1,"AlvarezMosquera2026",5.38461538461539,"subject","core",TRUE
"peche",0.511121856866538,1,"AlvarezMosquera2026",5.38461538461539,"closure","core",TRUE
"progresivo",0.508704061895551,1,"AlvarezMosquera2026",5.36363636363636,"progressive","core",TRUE
"cidadanía",0.505802707930368,1,"AlvarezMosquera2026",5.35714285714286,"citizenship","core",TRUE
"comisión",0.505802707930368,1,"AlvarezMosquera2026",5.35714285714286,"commission","core",TRUE
"educación",0.505802707930368,1,"AlvarezMosquera2026",5.35714285714286,"education","core",TRUE
"matrimonio",0.505802707930368,1,"AlvarezMosquera2026",5.35714285714286,"marriage","core",TRUE
"tarde",0.505802707930368,1,"AlvarezMosquera2026",5.35714285714286,"afternoon","core",TRUE
"historia",0.502901353965184,1,"AlvarezMosquera2026",5.35,"history","core",TRUE
"homenaxe",0.500967117988395,1,"AlvarezMosquera2026",5.33333333333333,"tribute","core",TRUE
"marcha",0.500967117988395,1,"AlvarezMosquera2026",5.33333333333333,"march","core",TRUE
"xuño",0.500967117988395,1,"AlvarezMosquera2026",5.33333333333333,"june","core",TRUE
"coruñés",0.498065764023211,1,"AlvarezMosquera2026",5.30769230769231,"from a coruña","core",TRUE
"economía",0.498065764023211,1,"AlvarezMosquera2026",5.30769230769231,"economy","core",TRUE
"formato",0.498065764023211,1,"AlvarezMosquera2026",5.30769230769231,"format","core",TRUE
"agrario",0.493713733075435,1,"AlvarezMosquera2026",5.28571428571429,"agrarian","core",TRUE
"cobertura",0.493713733075435,1,"AlvarezMosquera2026",5.28571428571429,"coverage","core",TRUE
"ensino",0.493713733075435,1,"AlvarezMosquera2026",5.28571428571429,"teaching","core",TRUE
"formación",0.493713733075435,1,"AlvarezMosquera2026",5.28571428571429,"training","core",TRUE
"literario",0.493713733075435,1,"AlvarezMosquera2026",5.28571428571429,"literary","core",TRUE
"solicitude",0.493713733075435,1,"AlvarezMosquera2026",5.28571428571429,"request","core",TRUE
"centro",0.490328820116054,1,"AlvarezMosquera2026",5.27272727272727,"center","core",TRUE
"po",0.48936170212766,1,"AlvarezMosquera2026",5.26666666666667,"powder","core",TRUE
"tarefa",0.488394584139265,1,"AlvarezMosquera2026",5.25,"task","core",TRUE
"proposta",0.48742746615087,1,"AlvarezMosquera2026",5.23809523809524,"proposal","core",TRUE
"ámbito",0.486460348162476,1,"AlvarezMosquera2026",5.23529411764706,"field","core",TRUE
"actuación",0.485009671179884,1,"AlvarezMosquera2026",5.23076923076923,"performance","core",TRUE
"aniversario",0.485009671179884,1,"AlvarezMosquera2026",5.23076923076923,"anniversary","core",TRUE
"terrorismo",0.483075435203095,1,"AlvarezMosquera2026",5.22222222222222,"terrorism","core",TRUE
"tropa",0.483075435203095,1,"AlvarezMosquera2026",5.22222222222222,"troop","core",TRUE
"convocatoria",0.479690522243714,1,"AlvarezMosquera2026",5.21428571428571,"call","core",TRUE
"finalidade",0.479690522243714,1,"AlvarezMosquera2026",5.21428571428571,"purpose","core",TRUE
"fronteira",0.479690522243714,1,"AlvarezMosquera2026",5.21428571428571,"border","core",TRUE
"infancia",0.479690522243714,1,"AlvarezMosquera2026",5.21428571428571,"childhood","core",TRUE
"partícula",0.479690522243714,1,"AlvarezMosquera2026",5.21428571428571,"particle","core",TRUE
"certeza",0.475822050290135,1,"AlvarezMosquera2026",5.2,"certainty","core",TRUE
"exterior",0.475822050290135,1,"AlvarezMosquera2026",5.2,"exterior","core",TRUE
"forza",0.475822050290135,1,"AlvarezMosquera2026",5.2,"strength","core",TRUE
"seguridade",0.473887814313346,1,"AlvarezMosquera2026",5.17647058823529,"security","core",TRUE
"media",0.472920696324952,1,"AlvarezMosquera2026",5.16666666666667,"average","core",TRUE
"preparación",0.470986460348162,1,"AlvarezMosquera2026",5.15384615384615,"preparation","core",TRUE
"presuposto",0.470986460348162,1,"AlvarezMosquera2026",5.15384615384615,"budget","core",TRUE
"termo",0.470986460348162,1,"AlvarezMosquera2026",5.15384615384615,"term","core",TRUE
"custo",0.46615087040619,1,"AlvarezMosquera2026",5.14285714285714,"cost","core",TRUE
"ducia",0.46615087040619,1,"AlvarezMosquera2026",5.14285714285714,"dozen","core",TRUE
"feminismo",0.46615087040619,1,"AlvarezMosquera2026",5.14285714285714,"feminism","core",TRUE
"fronte",0.46615087040619,1,"AlvarezMosquera2026",5.14285714285714,"front","core",TRUE
"lei",0.46615087040619,1,"AlvarezMosquera2026",5.14285714285714,"law","core",TRUE
"reacción",0.46615087040619,1,"AlvarezMosquera2026",5.14285714285714,"reaction","core",TRUE
"xesto",0.46615087040619,1,"AlvarezMosquera2026",5.14285714285714,"gesture","core",TRUE
"extremo",0.462282398452611,1,"AlvarezMosquera2026",5.13333333333333,"extreme","core",TRUE
"vitoria",0.461315280464217,1,"AlvarezMosquera2026",5.125,"victory","core",TRUE
"asunto",0.460348162475822,1,"AlvarezMosquera2026",5.11764705882353,"matter","core",TRUE
"resposta",0.459381044487427,1,"AlvarezMosquera2026",5.0952380952381,"response","core",TRUE
"actividade",0.456963249516441,1,"AlvarezMosquera2026",5.09090909090909,"activity","core",TRUE
"mandato",0.456963249516441,1,"AlvarezMosquera2026",5.09090909090909,"mandate","core",TRUE
"mouro",0.456963249516441,1,"AlvarezMosquera2026",5.09090909090909,"dark (color)","core",TRUE
"século",0.456963249516441,1,"AlvarezMosquera2026",5.09090909090909,"century","core",TRUE
"crego",0.454061895551257,1,"AlvarezMosquera2026",5.08333333333333,"priest","core",TRUE
"propietario",0.454061895551257,1,"AlvarezMosquera2026",5.08333333333333,"owner","core",TRUE
"contido",0.452127659574468,1,"AlvarezMosquera2026",5.07692307692308,"content","core",TRUE
"debate",0.452127659574468,1,"AlvarezMosquera2026",5.07692307692308,"debate","core",TRUE
"dano",0.447292069632495,1,"AlvarezMosquera2026",5.07142857142857,"damage","core",TRUE
"inimigo",0.447292069632495,1,"AlvarezMosquera2026",5.07142857142857,"enemy","core",TRUE
"leito",0.447292069632495,1,"AlvarezMosquera2026",5.07142857142857,"bed","core",TRUE
"moderno",0.447292069632495,1,"AlvarezMosquera2026",5.07142857142857,"modern","core",TRUE
"nacemento",0.447292069632495,1,"AlvarezMosquera2026",5.07142857142857,"birth","core",TRUE
"negociación",0.447292069632495,1,"AlvarezMosquera2026",5.07142857142857,"negotiation","core",TRUE
"opción",0.447292069632495,1,"AlvarezMosquera2026",5.07142857142857,"option","core",TRUE
"primavera",0.447292069632495,1,"AlvarezMosquera2026",5.07142857142857,"spring","core",TRUE
"impacto",0.44294003868472,1,"AlvarezMosquera2026",5.04347826086957,"impact","core",TRUE
"cancro",0.433268858800774,1,"AlvarezMosquera2026",5,"cancer","core",TRUE
"crise",0.433268858800774,1,"AlvarezMosquera2026",5,"crisis","core",TRUE
"discusión",0.433268858800774,1,"AlvarezMosquera2026",5,"discussion","core",TRUE
"execución",0.433268858800774,1,"AlvarezMosquera2026",5,"execution","core",TRUE
"febreiro",0.433268858800774,1,"AlvarezMosquera2026",5,"february","core",TRUE
"fenda",0.433268858800774,1,"AlvarezMosquera2026",5,"crack","core",TRUE
"incidencia",0.433268858800774,1,"AlvarezMosquera2026",5,"incidence","core",TRUE
"intercambio",0.433268858800774,1,"AlvarezMosquera2026",5,"exchange","core",TRUE
"investimento",0.433268858800774,1,"AlvarezMosquera2026",5,"investment","core",TRUE
"paso",0.433268858800774,1,"AlvarezMosquera2026",5,"step","core",TRUE
"patria",0.433268858800774,1,"AlvarezMosquera2026",5,"homeland","core",TRUE
"poeta",0.433268858800774,1,"AlvarezMosquera2026",5,"poet","core",TRUE
"pregunta",0.433268858800774,1,"AlvarezMosquera2026",5,"question","core",TRUE
"proxección",0.433268858800774,1,"AlvarezMosquera2026",5,"projection","core",TRUE
"remedio",0.433268858800774,1,"AlvarezMosquera2026",5,"remedy","core",TRUE
"saída",0.433268858800774,1,"AlvarezMosquera2026",5,"exit","core",TRUE
"tendencia",0.433268858800774,1,"AlvarezMosquera2026",5,"trend","core",TRUE
"volta",0.433268858800774,1,"AlvarezMosquera2026",5,"return","core",TRUE
"voo",0.433268858800774,1,"AlvarezMosquera2026",5,"flight","core",TRUE
"conta",0.423597678916828,1,"AlvarezMosquera2026",4.95,"account","core",TRUE
"antigo",0.421663442940039,1,"AlvarezMosquera2026",4.94117647058824,"old","core",TRUE
"control",0.421663442940039,1,"AlvarezMosquera2026",4.94117647058824,"control","core",TRUE
"motivo",0.421663442940039,1,"AlvarezMosquera2026",4.94117647058824,"reason","core",TRUE
"exposición",0.41972920696325,1,"AlvarezMosquera2026",4.93333333333333,"exhibition","core",TRUE
"clave",0.415860735009671,1,"AlvarezMosquera2026",4.92857142857143,"key","core",TRUE
"colección",0.415860735009671,1,"AlvarezMosquera2026",4.92857142857143,"collection","core",TRUE
"desaparición",0.415860735009671,1,"AlvarezMosquera2026",4.92857142857143,"disappearance","core",TRUE
"estado",0.415860735009671,1,"AlvarezMosquera2026",4.92857142857143,"state","core",TRUE
"grolo",0.415860735009671,1,"AlvarezMosquera2026",4.92857142857143,"sip","core",TRUE
"pulo",0.415860735009671,1,"AlvarezMosquera2026",4.92857142857143,"impulse","core",TRUE
"tema",0.415860735009671,1,"AlvarezMosquera2026",4.92857142857143,"theme","core",TRUE
"peirao",0.411508704061896,1,"AlvarezMosquera2026",4.92307692307692,"pier","core",TRUE
"pensión",0.411508704061896,1,"AlvarezMosquera2026",4.92307692307692,"pension","core",TRUE
"estudio",0.409090909090909,1,"AlvarezMosquera2026",4.91666666666667,"studio","core",TRUE
"lento",0.409090909090909,1,"AlvarezMosquera2026",4.91666666666667,"slow","core",TRUE
"urxencia",0.409090909090909,1,"AlvarezMosquera2026",4.91666666666667,"urgency","core",TRUE
"denominación",0.406189555125725,1,"AlvarezMosquera2026",4.90909090909091,"naming","core",TRUE
"disolución",0.406189555125725,1,"AlvarezMosquera2026",4.90909090909091,"dissolution","core",TRUE
"feito",0.406189555125725,1,"AlvarezMosquera2026",4.90909090909091,"fact","core",TRUE
"consecuencia",0.404255319148936,1,"AlvarezMosquera2026",4.88235294117647,"consequence","core",TRUE
"área",0.400386847195358,1,"AlvarezMosquera2026",4.85714285714286,"area","core",TRUE
"distribución",0.400386847195358,1,"AlvarezMosquera2026",4.85714285714286,"distribution","core",TRUE
"elaboración",0.400386847195358,1,"AlvarezMosquera2026",4.85714285714286,"elaboration","core",TRUE
"estilo",0.400386847195358,1,"AlvarezMosquera2026",4.85714285714286,"style","core",TRUE
"listo",0.400386847195358,1,"AlvarezMosquera2026",4.85714285714286,"ready","core",TRUE
"pobreza",0.400386847195358,1,"AlvarezMosquera2026",4.85714285714286,"poverty","core",TRUE
"vontade",0.400386847195358,1,"AlvarezMosquera2026",4.85714285714286,"will","core",TRUE
"seo",0.396034816247582,1,"AlvarezMosquera2026",4.84615384615385,"breast (formal)","extended",FALSE
"suxeito",0.396034816247582,1,"AlvarezMosquera2026",4.84615384615385,"subject","extended",FALSE
"filósofo",0.393133462282398,1,"AlvarezMosquera2026",4.83333333333333,"philosopher","extended",FALSE
"posición",0.393133462282398,1,"AlvarezMosquera2026",4.83333333333333,"position","extended",FALSE
"testemuño",0.393133462282398,1,"AlvarezMosquera2026",4.83333333333333,"witness","extended",FALSE
"tramo",0.393133462282398,1,"AlvarezMosquera2026",4.83333333333333,"section","extended",FALSE
"meigo",0.390715667311412,1,"AlvarezMosquera2026",4.81818181818182,"wizard","extended",FALSE
"domingo",0.389748549323017,1,"AlvarezMosquera2026",4.8,"sunday","extended",FALSE
"amizade",0.38394584139265,1,"AlvarezMosquera2026",4.78571428571429,"friendship","extended",FALSE
"contexto",0.38394584139265,1,"AlvarezMosquera2026",4.78571428571429,"context","extended",FALSE
"diálogo",0.38394584139265,1,"AlvarezMosquera2026",4.78571428571429,"dialogue","extended",FALSE
"discurso",0.38394584139265,1,"AlvarezMosquera2026",4.78571428571429,"speech","extended",FALSE
"ensaio",0.38394584139265,1,"AlvarezMosquera2026",4.78571428571429,"essay","extended",FALSE
"estratexia",0.38394584139265,1,"AlvarezMosquera2026",4.78571428571429,"strategy","extended",FALSE
"incremento",0.38394584139265,1,"AlvarezMosquera2026",4.78571428571429,"increase","extended",FALSE
"posesión",0.38394584139265,1,"AlvarezMosquera2026",4.78571428571429,"possession","extended",FALSE
"profesión",0.38394584139265,1,"AlvarezMosquera2026",4.78571428571429,"profession","extended",FALSE
"sesión",0.38394584139265,1,"AlvarezMosquera2026",4.78571428571429,"session","extended",FALSE
"suceso",0.38394584139265,1,"AlvarezMosquera2026",4.78571428571429,"event","extended",FALSE
"dignidade",0.378143133462282,1,"AlvarezMosquera2026",4.76923076923077,"dignity","extended",FALSE
"denuncia",0.376208897485493,1,"AlvarezMosquera2026",4.75,"complaint","extended",FALSE
"permiso",0.376208897485493,1,"AlvarezMosquera2026",4.75,"permission","extended",FALSE
"protagonista",0.376208897485493,1,"AlvarezMosquera2026",4.75,"protagonist","extended",FALSE
"procedemento",0.374274661508704,1,"AlvarezMosquera2026",4.73913043478261,"procedure","extended",FALSE
"parte",0.37330754352031,1,"AlvarezMosquera2026",4.73333333333333,"part","extended",FALSE
"información",0.372340425531915,1,"AlvarezMosquera2026",4.72727272727273,"information","extended",FALSE
"católico",0.367988394584139,1,"AlvarezMosquera2026",4.71428571428571,"catholic","extended",FALSE
"deportivo",0.367988394584139,1,"AlvarezMosquera2026",4.71428571428571,"sports","extended",FALSE
"dor",0.367988394584139,1,"AlvarezMosquera2026",4.71428571428571,"pain","extended",FALSE
"fenómeno",0.367988394584139,1,"AlvarezMosquera2026",4.71428571428571,"phenomenon","extended",FALSE
"imposto",0.367988394584139,1,"AlvarezMosquera2026",4.71428571428571,"tax","extended",FALSE
"obxectivo",0.367988394584139,1,"AlvarezMosquera2026",4.71428571428571,"objective","extended",FALSE
"presión",0.367988394584139,1,"AlvarezMosquera2026",4.71428571428571,"pressure","extended",FALSE
"ruído",0.367988394584139,1,"AlvarezMosquera2026",4.71428571428571,"noise","extended",FALSE
"apoio",0.363636363636364,1,"AlvarezMosquera2026",4.70588235294118,"support","extended",FALSE
"recuperación",0.362669245647969,1,"AlvarezMosquera2026",4.69565217391304,"recovery","extended",FALSE
"milleiro",0.361702127659574,1,"AlvarezMosquera2026",4.69230769230769,"thousand","extended",FALSE
"aumento",0.358317214700193,1,"AlvarezMosquera2026",4.66666666666667,"increase","extended",FALSE
"beleza",0.358317214700193,1,"AlvarezMosquera2026",4.66666666666667,"beauty","extended",FALSE
"compañía",0.358317214700193,1,"AlvarezMosquera2026",4.66666666666667,"company","extended",FALSE
"delito",0.358317214700193,1,"AlvarezMosquera2026",4.66666666666667,"crime","extended",FALSE
"maio",0.358317214700193,1,"AlvarezMosquera2026",4.66666666666667,"may","extended",FALSE
"protección",0.358317214700193,1,"AlvarezMosquera2026",4.66666666666667,"protection","extended",FALSE
"creación",0.354932301740812,1,"AlvarezMosquera2026",4.64705882352941,"creation","extended",FALSE
"berro",0.350580270793037,1,"AlvarezMosquera2026",4.64285714285714,"shout","extended",FALSE
"comezo",0.350580270793037,1,"AlvarezMosquera2026",4.64285714285714,"beginning","extended",FALSE
"estreito",0.350580270793037,1,"AlvarezMosquera2026",4.64285714285714,"narrow","extended",FALSE
"humanidade",0.350580270793037,1,"AlvarezMosquera2026",4.64285714285714,"humanity","extended",FALSE
"intento",0.350580270793037,1,"AlvarezMosquera2026",4.64285714285714,"attempt","extended",FALSE
"organismo",0.350580270793037,1,"AlvarezMosquera2026",4.64285714285714,"organism","extended",FALSE
"pista",0.350580270793037,1,"AlvarezMosquera2026",4.64285714285714,"track","extended",FALSE
"revolución",0.350580270793037,1,"AlvarezMosquera2026",4.64285714285714,"revolution","extended",FALSE
"esixencia",0.345744680851064,1,"AlvarezMosquera2026",4.63636363636364,"request","extended",FALSE
"luz",0.345744680851064,1,"AlvarezMosquera2026",4.63636363636364,"light","extended",FALSE
"exacto",0.344294003868472,1,"AlvarezMosquera2026",4.61538461538461,"exact","extended",FALSE
"núcleo",0.343326885880077,1,"AlvarezMosquera2026",4.60869565217391,"nucleus","extended",FALSE
"creador",0.341876208897485,1,"AlvarezMosquera2026",4.6,"creator","extended",FALSE
"xeito",0.341876208897485,1,"AlvarezMosquera2026",4.6,"way","extended",FALSE
"importancia",0.339941972920696,1,"AlvarezMosquera2026",4.58823529411765,"importance","extended",FALSE
"orixe",0.339941972920696,1,"AlvarezMosquera2026",4.58823529411765,"origin","extended",FALSE
"anxo",0.336073500967118,1,"AlvarezMosquera2026",4.58333333333333,"angel","extended",FALSE
"capitalismo",0.336073500967118,1,"AlvarezMosquera2026",4.58333333333333,"capitalism","extended",FALSE
"doenza",0.336073500967118,1,"AlvarezMosquera2026",4.58333333333333,"illness","extended",FALSE
"oferta",0.336073500967118,1,"AlvarezMosquera2026",4.58333333333333,"offer","extended",FALSE
"referencia",0.336073500967118,1,"AlvarezMosquera2026",4.58333333333333,"reference","extended",FALSE
"sede",0.336073500967118,1,"AlvarezMosquera2026",4.58333333333333,"headquarters","extended",FALSE
"arredores",0.329787234042553,1,"AlvarezMosquera2026",4.57142857142857,"surroundings","extended",FALSE
"ciencia",0.329787234042553,1,"AlvarezMosquera2026",4.57142857142857,"science","extended",FALSE
"criterio",0.329787234042553,1,"AlvarezMosquera2026",4.57142857142857,"criterion","extended",FALSE
"transmisión",0.329787234042553,1,"AlvarezMosquera2026",4.57142857142857,"transmission","extended",FALSE
"variedade",0.329787234042553,1,"AlvarezMosquera2026",4.57142857142857,"variety","extended",FALSE
"versión",0.329787234042553,1,"AlvarezMosquera2026",4.57142857142857,"version","extended",FALSE
"volume",0.329787234042553,1,"AlvarezMosquera2026",4.57142857142857,"volume","extended",FALSE
"produción",0.325918762088975,1,"AlvarezMosquera2026",4.56521739130435,"production","extended",FALSE
"emigración",0.32495164410058,1,"AlvarezMosquera2026",4.55555555555556,"emigration","extended",FALSE
"regreso",0.323984526112186,1,"AlvarezMosquera2026",4.54545454545455,"return","extended",FALSE
"éxito",0.322533849129594,1,"AlvarezMosquera2026",4.53846153846154,"success","extended",FALSE
"mestura",0.322533849129594,1,"AlvarezMosquera2026",4.53846153846154,"mixture","extended",FALSE
"acceso",0.320599613152805,1,"AlvarezMosquera2026",4.53333333333333,"access","extended",FALSE
"cousa",0.320599613152805,1,"AlvarezMosquera2026",4.53333333333333,"thing","extended",FALSE
"época",0.319148936170213,1,"AlvarezMosquera2026",4.52941176470588,"era","extended",FALSE
"aforro",0.31431334622824,1,"AlvarezMosquera2026",4.5,"savings","extended",FALSE
"alternativa",0.31431334622824,1,"AlvarezMosquera2026",4.5,"alternative","extended",FALSE
"candidatura",0.31431334622824,1,"AlvarezMosquera2026",4.5,"candidacy","extended",FALSE
"comportamento",0.31431334622824,1,"AlvarezMosquera2026",4.5,"behavior","extended",FALSE
"definición",0.31431334622824,1,"AlvarezMosquera2026",4.5,"definition","extended",FALSE
"funcionamento",0.31431334622824,1,"AlvarezMosquera2026",4.5,"operation","extended",FALSE
"orientación",0.31431334622824,1,"AlvarezMosquera2026",4.5,"orientation","extended",FALSE
"perfil",0.31431334622824,1,"AlvarezMosquera2026",4.5,"profile","extended",FALSE
"punta",0.31431334622824,1,"AlvarezMosquera2026",4.5,"tip","extended",FALSE
"asistencia",0.308510638297872,1,"AlvarezMosquera2026",4.46153846153846,"assistance","extended",FALSE
"raza",0.308510638297872,1,"AlvarezMosquera2026",4.46153846153846,"race","extended",FALSE
"unión",0.308510638297872,1,"AlvarezMosquera2026",4.46153846153846,"union","extended",FALSE
"atraso",0.306576402321083,1,"AlvarezMosquera2026",4.45454545454545,"delay","extended",FALSE
"conflito",0.305609284332689,1,"AlvarezMosquera2026",4.45,"conflict","extended",FALSE
"canso",0.299806576402321,1,"AlvarezMosquera2026",4.42857142857143,"tired","extended",FALSE
"contacto",0.299806576402321,1,"AlvarezMosquera2026",4.42857142857143,"contact","extended",FALSE
"continuidade",0.299806576402321,1,"AlvarezMosquera2026",4.42857142857143,"continuity","extended",FALSE
"directo",0.299806576402321,1,"AlvarezMosquera2026",4.42857142857143,"direct","extended",FALSE
"firme",0.299806576402321,1,"AlvarezMosquera2026",4.42857142857143,"firm","extended",FALSE
"gravidade",0.299806576402321,1,"AlvarezMosquera2026",4.42857142857143,"gravity","extended",FALSE
"intervención",0.299806576402321,1,"AlvarezMosquera2026",4.42857142857143,"intervention","extended",FALSE
"mantemento",0.299806576402321,1,"AlvarezMosquera2026",4.42857142857143,"maintenance","extended",FALSE
"masivo",0.299806576402321,1,"AlvarezMosquera2026",4.42857142857143,"massive","extended",FALSE
"perigo",0.299806576402321,1,"AlvarezMosquera2026",4.42857142857143,"danger","extended",FALSE
"prestación",0.299806576402321,1,"AlvarezMosquera2026",4.42857142857143,"benefit","extended",FALSE
"función",0.293036750483559,1,"AlvarezMosquera2026",4.41666666666667,"function","extended",FALSE
"incorporación",0.293036750483559,1,"AlvarezMosquera2026",4.41666666666667,"incorporation","extended",FALSE
"misión",0.293036750483559,1,"AlvarezMosquera2026",4.41666666666667,"mission","extended",FALSE
"extensión",0.290618955512573,1,"AlvarezMosquera2026",4.4,"extension","extended",FALSE
"pleno",0.290618955512573,1,"AlvarezMosquera2026",4.4,"full","extended",FALSE
"aceno",0.288684719535783,1,"AlvarezMosquera2026",4.38461538461539,"gesture","extended",FALSE
"conservación",0.288684719535783,1,"AlvarezMosquera2026",4.38461538461539,"conservation","extended",FALSE
"comentario",0.284816247582205,1,"AlvarezMosquera2026",4.35714285714286,"comment","extended",FALSE
"exceso",0.284816247582205,1,"AlvarezMosquera2026",4.35714285714286,"excess","extended",FALSE
"fino",0.284816247582205,1,"AlvarezMosquera2026",4.35714285714286,"fine","extended",FALSE
"humor",0.284816247582205,1,"AlvarezMosquera2026",4.35714285714286,"humor","extended",FALSE
"recoñecemento",0.284816247582205,1,"AlvarezMosquera2026",4.35714285714286,"recognition","extended",FALSE
"xeración",0.284816247582205,1,"AlvarezMosquera2026",4.35714285714286,"generation","extended",FALSE
"aposta",0.277079303675048,1,"AlvarezMosquera2026",4.33333333333333,"bet","extended",FALSE
"competencia",0.277079303675048,1,"AlvarezMosquera2026",4.33333333333333,"competition","extended",FALSE
"estancia",0.277079303675048,1,"AlvarezMosquera2026",4.33333333333333,"stay","extended",FALSE
"explotación",0.277079303675048,1,"AlvarezMosquera2026",4.33333333333333,"exploitation","extended",FALSE
"oportunidade",0.277079303675048,1,"AlvarezMosquera2026",4.33333333333333,"opportunity","extended",FALSE
"poesía",0.277079303675048,1,"AlvarezMosquera2026",4.33333333333333,"poetry","extended",FALSE
"profundidade",0.277079303675048,1,"AlvarezMosquera2026",4.33333333333333,"depth","extended",FALSE
"saúde",0.277079303675048,1,"AlvarezMosquera2026",4.33333333333333,"health","extended",FALSE
"unidade",0.277079303675048,1,"AlvarezMosquera2026",4.33333333333333,"unit","extended",FALSE
"visión",0.277079303675048,1,"AlvarezMosquera2026",4.33333333333333,"vision","extended",FALSE
"descanso",0.270793036750484,1,"AlvarezMosquera2026",4.30769230769231,"rest","extended",FALSE
"descenso",0.270793036750484,1,"AlvarezMosquera2026",4.30769230769231,"decline","extended",FALSE
"ideoloxía",0.270793036750484,1,"AlvarezMosquera2026",4.30769230769231,"ideology","extended",FALSE
"vantaxe",0.268858800773694,1,"AlvarezMosquera2026",4.30434782608696,"advantage","extended",FALSE
"alleo",0.266924564796905,1,"AlvarezMosquera2026",4.28571428571429,"foreign","extended",FALSE
"escuridade",0.266924564796905,1,"AlvarezMosquera2026",4.28571428571429,"darkness","extended",FALSE
"patrimonio",0.266924564796905,1,"AlvarezMosquera2026",4.28571428571429,"heritage","extended",FALSE
"sociedade",0.264990328820116,1,"AlvarezMosquera2026",4.27272727272727,"society","extended",FALSE
"baleiro",0.263056092843327,1,"AlvarezMosquera2026",4.26666666666667,"empty","extended",FALSE
"caso",0.263056092843327,1,"AlvarezMosquera2026",4.26666666666667,"case","extended",FALSE
"vida",0.263056092843327,1,"AlvarezMosquera2026",4.26666666666667,"life","extended",FALSE
"íntimo",0.259671179883946,1,"AlvarezMosquera2026",4.25,"intimate","extended",FALSE
"metade",0.259671179883946,1,"AlvarezMosquera2026",4.25,"half","extended",FALSE
"problema",0.259671179883946,1,"AlvarezMosquera2026",4.25,"problem","extended",FALSE
"ritmo",0.259671179883946,1,"AlvarezMosquera2026",4.25,"rhythm","extended",FALSE
"experto",0.257253384912959,1,"AlvarezMosquera2026",4.23809523809524,"expert","extended",FALSE
"ocupación",0.255802707930368,1,"AlvarezMosquera2026",4.23076923076923,"occupation","extended",FALSE
"responsable",0.255802707930368,1,"AlvarezMosquera2026",4.23076923076923,"responsible","extended",FALSE
"traxectoria",0.254352030947776,1,"AlvarezMosquera2026",4.22222222222222,"trajectory","extended",FALSE
"condición",0.252417794970986,1,"AlvarezMosquera2026",4.21428571428571,"condition","extended",FALSE
"límite",0.252417794970986,1,"AlvarezMosquera2026",4.21428571428571,"limit","extended",FALSE
"pendente",0.252417794970986,1,"AlvarezMosquera2026",4.21428571428571,"pending","extended",FALSE
"autoridade",0.25,1,"AlvarezMosquera2026",4.2,"authority","extended",FALSE
"momento",0.25,1,"AlvarezMosquera2026",4.2,"moment","extended",FALSE
"espazo",0.248549323017408,1,"AlvarezMosquera2026",4.1875,"space","extended",FALSE
"dinámica",0.247098646034816,1,"AlvarezMosquera2026",4.18181818181818,"dynamic","extended",FALSE
"separación",0.247098646034816,1,"AlvarezMosquera2026",4.18181818181818,"separation","extended",FALSE
"descubrimento",0.245647969052224,1,"AlvarezMosquera2026",4.16666666666667,"discovery","extended",FALSE
"molécula",0.24468085106383,1,"AlvarezMosquera2026",4.15384615384615,"molecule","extended",FALSE
"categoría",0.240812379110251,1,"AlvarezMosquera2026",4.14285714285714,"category","extended",FALSE
"consideración",0.240812379110251,1,"AlvarezMosquera2026",4.14285714285714,"consideration","extended",FALSE
"determinación",0.240812379110251,1,"AlvarezMosquera2026",4.14285714285714,"determination","extended",FALSE
"resto",0.240812379110251,1,"AlvarezMosquera2026",4.14285714285714,"rest","extended",FALSE
"selección",0.240812379110251,1,"AlvarezMosquera2026",4.14285714285714,"selection","extended",FALSE
"transición",0.240812379110251,1,"AlvarezMosquera2026",4.14285714285714,"transition","extended",FALSE
"tratamento",0.240812379110251,1,"AlvarezMosquera2026",4.14285714285714,"treatment","extended",FALSE
"barato",0.236460348162476,1,"AlvarezMosquera2026",4.13333333333333,"cheap","extended",FALSE
"respecto",0.236460348162476,1,"AlvarezMosquera2026",4.13333333333333,"respect","extended",FALSE
"cambio",0.234042553191489,1,"AlvarezMosquera2026",4.09090909090909,"change","extended",FALSE
"casualidade",0.234042553191489,1,"AlvarezMosquera2026",4.09090909090909,"coincidence","extended",FALSE
"sospeita",0.234042553191489,1,"AlvarezMosquera2026",4.09090909090909,"suspicion","extended",FALSE
"alento",0.230657640232108,1,"AlvarezMosquera2026",4.08333333333333,"encouragement","extended",FALSE
"confianza",0.230657640232108,1,"AlvarezMosquera2026",4.08333333333333,"trust","extended",FALSE
"emisión",0.230657640232108,1,"AlvarezMosquera2026",4.08333333333333,"broadcast","extended",FALSE
"proximidade",0.230657640232108,1,"AlvarezMosquera2026",4.08333333333333,"proximity","extended",FALSE
"avance",0.227756286266925,1,"AlvarezMosquera2026",4.07692307692308,"advance","extended",FALSE
"polémica",0.227756286266925,1,"AlvarezMosquera2026",4.07692307692308,"controversy","extended",FALSE
"absoluto",0.221953578336557,1,"AlvarezMosquera2026",4.07142857142857,"absolute","extended",FALSE
"comité",0.221953578336557,1,"AlvarezMosquera2026",4.07142857142857,"committee","extended",FALSE
"data",0.221953578336557,1,"AlvarezMosquera2026",4.07142857142857,"date","extended",FALSE
"mérito",0.221953578336557,1,"AlvarezMosquera2026",4.07142857142857,"merit","extended",FALSE
"modalidade",0.221953578336557,1,"AlvarezMosquera2026",4.07142857142857,"modality","extended",FALSE
"observación",0.221953578336557,1,"AlvarezMosquera2026",4.07142857142857,"observation","extended",FALSE
"odio",0.221953578336557,1,"AlvarezMosquera2026",4.07142857142857,"hatred","extended",FALSE
"paro",0.221953578336557,1,"AlvarezMosquera2026",4.07142857142857,"unemployment","extended",FALSE
"revisión",0.221953578336557,1,"AlvarezMosquera2026",4.07142857142857,"review","extended",FALSE
"símbolo",0.221953578336557,1,"AlvarezMosquera2026",4.07142857142857,"symbol","extended",FALSE
"coñecemento",0.216634429400387,1,"AlvarezMosquera2026",4.05882352941176,"knowledge","extended",FALSE
"redución",0.215667311411992,1,"AlvarezMosquera2026",4.05555555555556,"reduction","extended",FALSE
"sistema",0.214700193423598,1,"AlvarezMosquera2026",4.05,"system","extended",FALSE
"carácter",0.213733075435203,1,"AlvarezMosquera2026",4.04761904761905,"character","extended",FALSE
"alcance",0.205996131528046,1,"AlvarezMosquera2026",4,"reach","extended",FALSE
"atento",0.205996131528046,1,"AlvarezMosquera2026",4,"attentive","extended",FALSE
"contento",0.205996131528046,1,"AlvarezMosquera2026",4,"happy","extended",FALSE
"creativo",0.205996131528046,1,"AlvarezMosquera2026",4,"creative","extended",FALSE
"factor",0.205996131528046,1,"AlvarezMosquera2026",4,"factor","extended",FALSE
"financiamento",0.205996131528046,1,"AlvarezMosquera2026",4,"financing","extended",FALSE
"intelixencia",0.205996131528046,1,"AlvarezMosquera2026",4,"intelligence","extended",FALSE
"mentira",0.205996131528046,1,"AlvarezMosquera2026",4,"lie","extended",FALSE
"mil",0.205996131528046,1,"AlvarezMosquera2026",4,"thousand","extended",FALSE
"período",0.205996131528046,1,"AlvarezMosquera2026",4,"period","extended",FALSE
"prioridade",0.205996131528046,1,"AlvarezMosquera2026",4,"priority","extended",FALSE
"responsabilidade",0.205996131528046,1,"AlvarezMosquera2026",4,"responsibility","extended",FALSE
"tensión",0.205996131528046,1,"AlvarezMosquera2026",4,"tension","extended",FALSE
"traxedia",0.205996131528046,1,"AlvarezMosquera2026",4,"tragedy","extended",FALSE
"xestión",0.205996131528046,1,"AlvarezMosquera2026",4,"management","extended",FALSE
"aventura",0.19825918762089,1,"AlvarezMosquera2026",3.95652173913043,"adventure","extended",FALSE
"mellora",0.197292069632495,1,"AlvarezMosquera2026",3.95238095238095,"improvement","extended",FALSE
"forma",0.196324951644101,1,"AlvarezMosquera2026",3.95,"form","extended",FALSE
"sentenza",0.195357833655706,1,"AlvarezMosquera2026",3.94736842105263,"sentence","extended",FALSE
"concesión",0.193907156673114,1,"AlvarezMosquera2026",3.93333333333333,"concession","extended",FALSE
"hipótese",0.193907156673114,1,"AlvarezMosquera2026",3.93333333333333,"hypothesis","extended",FALSE
"colaboración",0.190038684719536,1,"AlvarezMosquera2026",3.92857142857143,"collaboration","extended",FALSE
"desenvolvemento",0.190038684719536,1,"AlvarezMosquera2026",3.92857142857143,"development","extended",FALSE
"erro",0.190038684719536,1,"AlvarezMosquera2026",3.92857142857143,"error","extended",FALSE
"nivel",0.190038684719536,1,"AlvarezMosquera2026",3.92857142857143,"level","extended",FALSE
"posibilidade",0.190038684719536,1,"AlvarezMosquera2026",3.92857142857143,"possibility","extended",FALSE
"voceiro",0.190038684719536,1,"AlvarezMosquera2026",3.92857142857143,"spokesperson","extended",FALSE
"hábito",0.186653771760155,1,"AlvarezMosquera2026",3.92307692307692,"habit","extended",FALSE
"causa",0.184719535783366,1,"AlvarezMosquera2026",3.91666666666667,"cause","extended",FALSE
"referente",0.184719535783366,1,"AlvarezMosquera2026",3.91666666666667,"reference point","extended",FALSE
"valoración",0.184719535783366,1,"AlvarezMosquera2026",3.91666666666667,"assessment","extended",FALSE
"adaptación",0.181818181818182,1,"AlvarezMosquera2026",3.90909090909091,"adaptation","extended",FALSE
"luxo",0.181818181818182,1,"AlvarezMosquera2026",3.90909090909091,"luxury","extended",FALSE
"sector",0.181818181818182,1,"AlvarezMosquera2026",3.90909090909091,"sector","extended",FALSE
"proceso",0.179883945841393,1,"AlvarezMosquera2026",3.9,"process","extended",FALSE
"prazo",0.178433268858801,1,"AlvarezMosquera2026",3.86666666666667,"deadline","extended",FALSE
"previsión",0.178433268858801,1,"AlvarezMosquera2026",3.86666666666667,"forecast","extended",FALSE
"compromiso",0.174081237911025,1,"AlvarezMosquera2026",3.85714285714286,"agreement","extended",FALSE
"continuación",0.174081237911025,1,"AlvarezMosquera2026",3.85714285714286,"continuation","extended",FALSE
"falta",0.174081237911025,1,"AlvarezMosquera2026",3.85714285714286,"foul","extended",FALSE
"pintura",0.174081237911025,1,"AlvarezMosquera2026",3.85714285714286,"painting","extended",FALSE
"preocupación",0.174081237911025,1,"AlvarezMosquera2026",3.85714285714286,"concern","extended",FALSE
"realización",0.174081237911025,1,"AlvarezMosquera2026",3.85714285714286,"execution","extended",FALSE
"xénero",0.174081237911025,1,"AlvarezMosquera2026",3.85714285714286,"gender","extended",FALSE
"felicidade",0.16972920696325,1,"AlvarezMosquera2026",3.84615384615385,"happiness","extended",FALSE
"inferno",0.16972920696325,1,"AlvarezMosquera2026",3.84615384615385,"hell","extended",FALSE
"aparencia",0.16779497098646,1,"AlvarezMosquera2026",3.83333333333333,"appearance","extended",FALSE
"serio",0.16779497098646,1,"AlvarezMosquera2026",3.83333333333333,"serious","extended",FALSE
"prevención",0.166344294003868,1,"AlvarezMosquera2026",3.81818181818182,"prevention","extended",FALSE
"década",0.164893617021277,1,"AlvarezMosquera2026",3.8,"decade","extended",FALSE
"participación",0.164893617021277,1,"AlvarezMosquera2026",3.8,"participation","extended",FALSE
"abandono",0.16247582205029,1,"AlvarezMosquera2026",3.78571428571429,"abandonment","extended",FALSE
"actualidade",0.16247582205029,1,"AlvarezMosquera2026",3.78571428571429,"current affairs","extended",FALSE
"interno",0.16247582205029,1,"AlvarezMosquera2026",3.78571428571429,"internal","extended",FALSE
"inmediato",0.160541586073501,1,"AlvarezMosquera2026",3.78260869565217,"immediate","extended",FALSE
"toma",0.159574468085106,1,"AlvarezMosquera2026",3.76923076923077,"taking","extended",FALSE
"calidade",0.158607350096712,1,"AlvarezMosquera2026",3.76190476190476,"quality","extended",FALSE
"edición",0.156673114119923,1,"AlvarezMosquera2026",3.75,"edition","extended",FALSE
"risco",0.156673114119923,1,"AlvarezMosquera2026",3.75,"risk","extended",FALSE
"solución",0.156673114119923,1,"AlvarezMosquera2026",3.75,"solution","extended",FALSE
"sensación",0.154255319148936,1,"AlvarezMosquera2026",3.73333333333333,"sensation","extended",FALSE
"xeneral",0.154255319148936,1,"AlvarezMosquera2026",3.73333333333333,"general (military)","extended",FALSE
"cabrón",0.150870406189555,1,"AlvarezMosquera2026",3.72727272727273,"bastard","extended",FALSE
"comparación",0.150870406189555,1,"AlvarezMosquera2026",3.72727272727273,"comparison","extended",FALSE
"convivencia",0.150870406189555,1,"AlvarezMosquera2026",3.72727272727273,"coexistence","extended",FALSE
"maneira",0.150870406189555,1,"AlvarezMosquera2026",3.72727272727273,"manner","extended",FALSE
"próximo",0.150870406189555,1,"AlvarezMosquera2026",3.72727272727273,"next","extended",FALSE
"composición",0.144100580270793,1,"AlvarezMosquera2026",3.71428571428571,"composition","extended",FALSE
"defensa",0.144100580270793,1,"AlvarezMosquera2026",3.71428571428571,"defense","extended",FALSE
"distancia",0.144100580270793,1,"AlvarezMosquera2026",3.71428571428571,"distance","extended",FALSE
"diversidade",0.144100580270793,1,"AlvarezMosquera2026",3.71428571428571,"diversity","extended",FALSE
"escala",0.144100580270793,1,"AlvarezMosquera2026",3.71428571428571,"scale","extended",FALSE
"garantía",0.144100580270793,1,"AlvarezMosquera2026",3.71428571428571,"guarantee","extended",FALSE
"necesidade",0.144100580270793,1,"AlvarezMosquera2026",3.71428571428571,"need","extended",FALSE
"paciencia",0.144100580270793,1,"AlvarezMosquera2026",3.71428571428571,"patience","extended",FALSE
"programación",0.144100580270793,1,"AlvarezMosquera2026",3.71428571428571,"programming","extended",FALSE
"miseria",0.138781431334623,1,"AlvarezMosquera2026",3.69230769230769,"misery","extended",FALSE
"síntoma",0.138781431334623,1,"AlvarezMosquera2026",3.69230769230769,"symptom","extended",FALSE
"chisco",0.135880077369439,1,"AlvarezMosquera2026",3.66666666666667,"wink","extended",FALSE
"crédito",0.135880077369439,1,"AlvarezMosquera2026",3.66666666666667,"credit","extended",FALSE
"progreso",0.135880077369439,1,"AlvarezMosquera2026",3.66666666666667,"progress","extended",FALSE
"temor",0.135880077369439,1,"AlvarezMosquera2026",3.66666666666667,"fear","extended",FALSE
"expresión",0.131528046421663,1,"AlvarezMosquera2026",3.64285714285714,"expression","extended",FALSE
"igualdade",0.131528046421663,1,"AlvarezMosquera2026",3.64285714285714,"equality","extended",FALSE
"interesante",0.131528046421663,1,"AlvarezMosquera2026",3.64285714285714,"interesting","extended",FALSE
"protagonismo",0.131528046421663,1,"AlvarezMosquera2026",3.64285714285714,"prominence","extended",FALSE
"resistencia",0.131528046421663,1,"AlvarezMosquera2026",3.64285714285714,"resistance","extended",FALSE
"idea",0.12862669245648,1,"AlvarezMosquera2026",3.63636363636364,"idea","extended",FALSE
"situación",0.127659574468085,1,"AlvarezMosquera2026",3.6,"situation","extended",FALSE
"ambiente",0.124274661508704,1,"AlvarezMosquera2026",3.58333333333333,"environment","extended",FALSE
"átomo",0.124274661508704,1,"AlvarezMosquera2026",3.58333333333333,"atom","extended",FALSE
"contorno",0.124274661508704,1,"AlvarezMosquera2026",3.58333333333333,"outline","extended",FALSE
"cumprimento",0.124274661508704,1,"AlvarezMosquera2026",3.58333333333333,"compliance","extended",FALSE
"fortuna",0.124274661508704,1,"AlvarezMosquera2026",3.58333333333333,"fortune","extended",FALSE
"reivindicación",0.124274661508704,1,"AlvarezMosquera2026",3.58333333333333,"claim","extended",FALSE
"débeda",0.118471953578337,1,"AlvarezMosquera2026",3.57142857142857,"debt","extended",FALSE
"estraño",0.118471953578337,1,"AlvarezMosquera2026",3.57142857142857,"strange","extended",FALSE
"excepción",0.118471953578337,1,"AlvarezMosquera2026",3.57142857142857,"exception","extended",FALSE
"intensidade",0.118471953578337,1,"AlvarezMosquera2026",3.57142857142857,"intensity","extended",FALSE
"percepción",0.118471953578337,1,"AlvarezMosquera2026",3.57142857142857,"perception","extended",FALSE
"posta",0.118471953578337,1,"AlvarezMosquera2026",3.57142857142857,"setting","extended",FALSE
"afirmación",0.114603481624758,1,"AlvarezMosquera2026",3.55555555555556,"statement","extended",FALSE
"alegría",0.114603481624758,1,"AlvarezMosquera2026",3.55555555555556,"joy","extended",FALSE
"potencial",0.112669245647969,1,"AlvarezMosquera2026",3.54545454545455,"potential","extended",FALSE
"vocación",0.112669245647969,1,"AlvarezMosquera2026",3.54545454545455,"vocation","extended",FALSE
"intención",0.111218568665377,1,"AlvarezMosquera2026",3.53333333333333,"intention","extended",FALSE
"ausencia",0.110251450676983,1,"AlvarezMosquera2026",3.52380952380952,"absence","extended",FALSE
"afección",0.105899419729207,1,"AlvarezMosquera2026",3.5,"affection","extended",FALSE
"cheiro",0.105899419729207,1,"AlvarezMosquera2026",3.5,"smell","extended",FALSE
"déficit",0.105899419729207,1,"AlvarezMosquera2026",3.5,"deficit","extended",FALSE
"difusión",0.105899419729207,1,"AlvarezMosquera2026",3.5,"dissemination","extended",FALSE
"humidade",0.105899419729207,1,"AlvarezMosquera2026",3.5,"humidity","extended",FALSE
"innovación",0.105899419729207,1,"AlvarezMosquera2026",3.5,"innovation","extended",FALSE
"orgullo",0.105899419729207,1,"AlvarezMosquera2026",3.5,"pride","extended",FALSE
"rendemento",0.105899419729207,1,"AlvarezMosquera2026",3.5,"performance","extended",FALSE
"pensamento",0.101547388781431,1,"AlvarezMosquera2026",3.46153846153846,"thought","extended",FALSE
"aprobación",0.0991295938104449,1,"AlvarezMosquera2026",3.45454545454545,"approval","extended",FALSE
"estabilidade",0.0991295938104449,1,"AlvarezMosquera2026",3.45454545454545,"stability","extended",FALSE
"fin",0.0991295938104449,1,"AlvarezMosquera2026",3.45454545454545,"end","extended",FALSE
"malo",0.0991295938104449,1,"AlvarezMosquera2026",3.45454545454545,"bad","extended",FALSE
"apartado",0.0928433268858801,1,"AlvarezMosquera2026",3.42857142857143,"section","extended",FALSE
"ciclo",0.0928433268858801,1,"AlvarezMosquera2026",3.42857142857143,"cycle","extended",FALSE
"conclusión",0.0928433268858801,1,"AlvarezMosquera2026",3.42857142857143,"conclusion","extended",FALSE
"confusión",0.0928433268858801,1,"AlvarezMosquera2026",3.42857142857143,"confusion","extended",FALSE
"dependencia",0.0928433268858801,1,"AlvarezMosquera2026",3.42857142857143,"dependence","extended",FALSE
"gloria",0.0928433268858801,1,"AlvarezMosquera2026",3.42857142857143,"glory","extended",FALSE
"gusto",0.0928433268858801,1,"AlvarezMosquera2026",3.42857142857143,"taste","extended",FALSE
"utilización",0.0928433268858801,1,"AlvarezMosquera2026",3.42857142857143,"use","extended",FALSE
"verdade",0.0928433268858801,1,"AlvarezMosquera2026",3.42857142857143,"truth","extended",FALSE
"fracaso",0.086073500967118,1,"AlvarezMosquera2026",3.41666666666667,"failure","extended",FALSE
"modificación",0.086073500967118,1,"AlvarezMosquera2026",3.41666666666667,"modification","extended",FALSE
"pena",0.086073500967118,1,"AlvarezMosquera2026",3.41666666666667,"sorrow","extended",FALSE
"presunto",0.086073500967118,1,"AlvarezMosquera2026",3.41666666666667,"alleged","extended",FALSE
"teoría",0.086073500967118,1,"AlvarezMosquera2026",3.41666666666667,"theory","extended",FALSE
"rumbo",0.0826885880077369,1,"AlvarezMosquera2026",3.4,"direction","extended",FALSE
"vez",0.0826885880077369,1,"AlvarezMosquera2026",3.4,"time","extended",FALSE
"aparición",0.0807543520309478,1,"AlvarezMosquera2026",3.38461538461538,"appearance","extended",FALSE
"riqueza",0.0807543520309478,1,"AlvarezMosquera2026",3.38461538461538,"wealth","extended",FALSE
"conciencia",0.077852998065764,1,"AlvarezMosquera2026",3.35714285714286,"awareness","extended",FALSE
"eco",0.077852998065764,1,"AlvarezMosquera2026",3.35714285714286,"echo","extended",FALSE
"entusiasmo",0.077852998065764,1,"AlvarezMosquera2026",3.35714285714286,"enthusiasm","extended",FALSE
"espírito",0.077852998065764,1,"AlvarezMosquera2026",3.35714285714286,"spirit","extended",FALSE
"complexo",0.0735009671179884,1,"AlvarezMosquera2026",3.33333333333333,"complex","extended",FALSE
"eterno",0.0735009671179884,1,"AlvarezMosquera2026",3.33333333333333,"eternal","extended",FALSE
"frecuencia",0.0735009671179884,1,"AlvarezMosquera2026",3.33333333333333,"frequency","extended",FALSE
"limitación",0.0735009671179884,1,"AlvarezMosquera2026",3.33333333333333,"limitation","extended",FALSE
"normativa",0.0735009671179884,1,"AlvarezMosquera2026",3.33333333333333,"regulation","extended",FALSE
"cultura",0.0686653771760155,1,"AlvarezMosquera2026",3.28571428571429,"culture","extended",FALSE
"experiencia",0.0686653771760155,1,"AlvarezMosquera2026",3.28571428571429,"experience","extended",FALSE
"personalidade",0.0686653771760155,1,"AlvarezMosquera2026",3.28571428571429,"personality","extended",FALSE
"rexeitamento",0.0686653771760155,1,"AlvarezMosquera2026",3.28571428571429,"rejection","extended",FALSE
"substancia",0.0686653771760155,1,"AlvarezMosquera2026",3.28571428571429,"substance","extended",FALSE
"relación",0.0652804642166344,1,"AlvarezMosquera2026",3.27272727272727,"relationship","extended",FALSE
"sentido",0.0652804642166344,1,"AlvarezMosquera2026",3.27272727272727,"sense","extended",FALSE
"claridade",0.0633462282398453,1,"AlvarezMosquera2026",3.25,"clarity","extended",FALSE
"dimensión",0.0633462282398453,1,"AlvarezMosquera2026",3.25,"dimension","extended",FALSE
"esperanza",0.0609284332688588,1,"AlvarezMosquera2026",3.21428571428571,"hope","extended",FALSE
"filosofía",0.0609284332688588,1,"AlvarezMosquera2026",3.21428571428571,"philosophy","extended",FALSE
"influencia",0.0609284332688588,1,"AlvarezMosquera2026",3.21428571428571,"influence","extended",FALSE
"tipo",0.0589941972920696,1,"AlvarezMosquera2026",3.2,"type","extended",FALSE
"atención",0.058027079303675,1,"AlvarezMosquera2026",3.19047619047619,"attention","extended",FALSE
"curiosidade",0.0556092843326886,1,"AlvarezMosquera2026",3.16666666666667,"curiosity","extended",FALSE
"expansión",0.0556092843326886,1,"AlvarezMosquera2026",3.16666666666667,"expansion","extended",FALSE
"gana",0.0556092843326886,1,"AlvarezMosquera2026",3.16666666666667,"desire","extended",FALSE
"variación",0.0556092843326886,1,"AlvarezMosquera2026",3.16666666666667,"variation","extended",FALSE
"acontecemento",0.0531914893617021,1,"AlvarezMosquera2026",3.15384615384615,"event","extended",FALSE
"externo",0.0502901353965184,1,"AlvarezMosquera2026",3.14285714285714,"external","extended",FALSE
"paz",0.0502901353965184,1,"AlvarezMosquera2026",3.14285714285714,"peace","extended",FALSE
"potencia",0.0502901353965184,1,"AlvarezMosquera2026",3.14285714285714,"power","extended",FALSE
"reflexión",0.0502901353965184,1,"AlvarezMosquera2026",3.14285714285714,"reflection","extended",FALSE
"sentimento",0.0502901353965184,1,"AlvarezMosquera2026",3.14285714285714,"feeling","extended",FALSE
"efecto",0.0473887814313346,1,"AlvarezMosquera2026",3.0952380952381,"effect","extended",FALSE
"consello",0.04642166344294,1,"AlvarezMosquera2026",3.08695652173913,"council","extended",FALSE
"fusión",0.0454545454545455,1,"AlvarezMosquera2026",3.08333333333333,"fusion","extended",FALSE
"calma",0.0440038684719536,1,"AlvarezMosquera2026",3.07692307692308,"calm","extended",FALSE
"eficacia",0.0440038684719536,1,"AlvarezMosquera2026",3.07692307692308,"efficacy","extended",FALSE
"diferenza",0.0406189555125725,1,"AlvarezMosquera2026",3.07142857142857,"difference","extended",FALSE
"equilibrio",0.0406189555125725,1,"AlvarezMosquera2026",3.07142857142857,"balance","extended",FALSE
"identidade",0.0406189555125725,1,"AlvarezMosquera2026",3.07142857142857,"identity","extended",FALSE
"interese",0.0406189555125725,1,"AlvarezMosquera2026",3.07142857142857,"interest","extended",FALSE
"interpretación",0.0406189555125725,1,"AlvarezMosquera2026",3.07142857142857,"interpretation","extended",FALSE
"actitude",0.0372340425531915,1,"AlvarezMosquera2026",3.06666666666667,"attitude","extended",FALSE
"santo",0.0372340425531915,1,"AlvarezMosquera2026",3.06666666666667,"saint","extended",FALSE
"aire",0.0357833655705996,1,"AlvarezMosquera2026",3.04761904761905,"air","extended",FALSE
"ampliación",0.0304642166344294,1,"AlvarezMosquera2026",3,"expansion","extended",FALSE
"circunstancia",0.0304642166344294,1,"AlvarezMosquera2026",3,"circumstance","extended",FALSE
"emoción",0.0304642166344294,1,"AlvarezMosquera2026",3,"emotion","extended",FALSE
"extraordinario",0.0304642166344294,1,"AlvarezMosquera2026",3,"extraordinary","extended",FALSE
"mal",0.0304642166344294,1,"AlvarezMosquera2026",3,"bad","extended",FALSE
"memoria",0.0304642166344294,1,"AlvarezMosquera2026",3,"memory","extended",FALSE
"mito",0.0304642166344294,1,"AlvarezMosquera2026",3,"myth","extended",FALSE
"perspectiva",0.0304642166344294,1,"AlvarezMosquera2026",3,"perspective","extended",FALSE
"subvención",0.0304642166344294,1,"AlvarezMosquera2026",3,"subsidy","extended",FALSE
"valor",0.0304642166344294,1,"AlvarezMosquera2026",3,"value","extended",FALSE
"solidariedade",0.0251450676982592,1,"AlvarezMosquera2026",2.93333333333333,"solidarity","extended",FALSE
"balance",0.0241779497098646,1,"AlvarezMosquera2026",2.92857142857143,"balance","extended",FALSE
"tempo",0.02321083172147,1,"AlvarezMosquera2026",2.86666666666667,"time","extended",FALSE
"crenza",0.0212765957446809,1,"AlvarezMosquera2026",2.84615384615385,"belief","extended",FALSE
"duración",0.0212765957446809,1,"AlvarezMosquera2026",2.84615384615385,"duration","extended",FALSE
"existencia",0.0212765957446809,1,"AlvarezMosquera2026",2.84615384615385,"existence","extended",FALSE
"entidade",0.0188588007736944,1,"AlvarezMosquera2026",2.83333333333333,"entity","extended",FALSE
"sensibilidade",0.0188588007736944,1,"AlvarezMosquera2026",2.83333333333333,"sensitivity","extended",FALSE
"realidade",0.0174081237911025,1,"AlvarezMosquera2026",2.81818181818182,"reality","extended",FALSE
"bonito",0.0164410058027079,1,"AlvarezMosquera2026",2.78571428571429,"beautiful","extended",FALSE
"enerxía",0.0149903288201161,1,"AlvarezMosquera2026",2.75,"energy","extended",FALSE
"opinión",0.0149903288201161,1,"AlvarezMosquera2026",2.75,"opinion","extended",FALSE
"atractivo",0.0135396518375242,1,"AlvarezMosquera2026",2.72727272727273,"attractive","extended",FALSE
"misterio",0.0120889748549323,1,"AlvarezMosquera2026",2.71428571428571,"mystery","extended",FALSE
"transformación",0.0120889748549323,1,"AlvarezMosquera2026",2.71428571428571,"transformation","extended",FALSE
"destino",0.0106382978723404,1,"AlvarezMosquera2026",2.66666666666667,"destination","extended",FALSE
"dificultade",0.00967117988394584,1,"AlvarezMosquera2026",2.58333333333333,"difficulty","extended",FALSE
"fresco",0.00870406189555126,1,"AlvarezMosquera2026",2.57142857142857,"fresh","extended",FALSE
"culpa",0.00773694390715667,1,"AlvarezMosquera2026",2.53846153846154,"guilt","extended",FALSE
"imaxinación",0.00676982591876209,1,"AlvarezMosquera2026",2.46153846153846,"imagination","extended",FALSE
"esforzo",0.00483558994197292,1,"AlvarezMosquera2026",2.41666666666667,"effort","extended",FALSE
"liberdade",0.00483558994197292,1,"AlvarezMosquera2026",2.41666666666667,"freedom","extended",FALSE
"tranquilidade",0.00483558994197292,1,"AlvarezMosquera2026",2.41666666666667,"calmness","extended",FALSE
"concepto",0.00290135396518375,1,"AlvarezMosquera2026",2.4,"concept","extended",FALSE
"lembranza",0.00193423597678917,1,"AlvarezMosquera2026",2.38461538461538,"memory","extended",FALSE
"fe",0.000967117988394584,1,"AlvarezMosquera2026",1.28571428571429,"faith","extended",FALSE
