word_croatian_equivalent,word_croatian,valence_mean,valence_sd,valence_unknown,valence_n,arousal_mean,arousal_sd,arousal_unknown,arousal_n,familiar_mean,familiar_sd,familiar_unknown,familiar_n,concrete_mean,concrete_sd,concrete_unknown,concrete_n
akademija,akademija,6.4,2.01,NA,20,5,2.15,NA,20,6.9,0.45,NA,20,5.35,1.35,NA,20
akcijski,akcijski,6.6,1.47,NA,20,6.75,2,NA,20,7,0,NA,20,5.3,1.69,NA,20
aktivan,aktivan,6.75,1.33,NA,20,5.6,2.35,NA,20,7,0,NA,20,5.35,1.73,NA,20
akustičan,akustičan,6.45,1.79,NA,20,4.65,1.87,NA,20,7,0,1,19,5,1.3,NA,20
alat,alat,5.3,1.08,NA,20,4.2,1.88,NA,20,6.9,0.31,NA,20,4.85,2.11,NA,20
anoniman,anoniman,5.6,1.82,NA,20,3.9,1.41,NA,20,7,0,NA,20,5.2,1.85,NA,20
apartman,apartman,6.35,1.98,NA,20,4.35,2.41,NA,20,6.95,0.22,NA,20,6,1.59,NA,20
aplikacija,aplikacija,5.95,2.04,NA,20,4.25,2.2,NA,20,6.8,0.89,NA,20,5.6,1.6,NA,20
automatski,automatski,5.9,1.41,NA,20,4.5,2.37,NA,20,6.8,0.7,NA,20,5,1.75,NA,20
bazen,bazen,7.35,1.87,NA,20,3.95,2.09,NA,20,7,0,NA,20,6.3,1.03,NA,20
bezbrižno,bezbrižno,7.55,1.61,NA,20,3.05,2.19,NA,20,7,0,NA,20,5.4,2.11,NA,20
bezručni,bezručni,4.55,1.54,NA,20,4.58,1.98,1,19,6.3,1.72,NA,20,4.42,2.12,1,19
bijes,bijes,3.45,1.54,NA,20,7.1,1.89,NA,20,7,0,NA,20,5.45,1.85,NA,20
bilježnica,bilježnica,5.35,2.13,NA,20,3.75,2.15,NA,20,7,0,NA,20,6.4,0.82,NA,20
biljka,biljka,6.85,2.13,NA,20,3.24,2.45,NA,21,6.95,0.22,NA,20,5.62,2.06,NA,21
biologija,biologija,5.65,2.23,NA,20,3.9,1.86,NA,20,7,0,NA,20,5.75,1.45,NA,20
bitka,bitka,4.2,2.57,NA,20,6.57,1.94,NA,21,6.9,0.45,NA,20,5.14,1.77,NA,21
bojište,bojište,3.2,1.96,NA,20,5.6,2.26,NA,20,6.85,0.37,NA,20,5.84,1.17,1,19
boksanje,boksanje,5.35,2.56,NA,20,6.19,2.71,NA,21,6.95,0.22,NA,20,5.95,1.53,NA,21
bolestan,bolestan,3.55,2.44,NA,20,5.5,2.14,NA,20,7,0,NA,20,5.9,1.48,NA,20
borac,borac,5.8,2.33,NA,20,6.14,2.1,NA,21,7,0,NA,21,5.52,1.83,NA,21
brodski,brodski,6.3,1.72,NA,20,4.29,2.05,NA,21,6.85,0.49,NA,20,5.43,1.16,NA,21
buka,buka,4.35,1.9,NA,20,6.15,2.13,NA,20,6.95,0.22,NA,20,5.35,1.73,NA,20
čarobnjak,čarobnjak,6.7,2.2,NA,20,5.35,2.37,NA,20,7,0,NA,20,5.15,1.93,NA,20
časnik,časnik,4.85,1.73,NA,20,4.9,2.65,NA,20,6.55,1.1,NA,20,5.55,1.39,NA,20
časopis,časopis,5.55,1.96,NA,20,4.45,1.9,NA,20,7,0,NA,20,6.05,1.28,NA,20
četverocikl,četverocikl,5.35,2.25,NA,20,4.85,3.13,NA,20,5.7,2.18,NA,20,5.2,2.33,NA,20
ciganski,ciganski,5.1,2.51,NA,20,5.2,2.71,NA,20,6.8,0.52,NA,20,4.5,2.16,NA,20
ciljan,ciljan,5.53,1.58,1,19,4.75,2.34,NA,20,7,0,NA,20,5.3,2.03,NA,20
čin,čin,5.9,2.15,NA,20,5.05,2.33,NA,21,6.95,0.22,NA,20,3.57,2.29,NA,21
čips,čips,6.55,1.47,NA,20,6.05,2.14,NA,20,6.95,0.22,NA,20,6.4,1.1,NA,20
čist,čist,7.15,1.69,NA,20,3.05,2.11,NA,21,7,0,NA,21,5.76,1.73,NA,21
čitač,čitač,5.7,1.59,NA,20,3.85,2.06,NA,20,7,0,NA,20,5.25,1.89,NA,20
čokolada,čokolada,7.75,1.52,NA,20,5.4,3,NA,20,6.95,0.22,NA,20,6.5,0.76,NA,20
čulo,čulo,6.6,2.21,NA,20,4.24,2.68,NA,21,6.85,0.49,NA,20,4.48,2.14,NA,21
daljinski,daljinski,5.7,1.49,NA,20,3.5,1.7,NA,20,7,0,NA,20,6.65,0.93,NA,20
dama,dama,7.25,1.37,NA,20,4.1,2.07,NA,20,7,0,NA,20,5.35,1.73,NA,20
dar,dar,7.55,1.47,NA,20,5.55,3.02,NA,20,7,0,NA,20,5.25,2.29,NA,20
dentalan,dentalan,4.47,1.54,1,19,4.94,2.52,4,16,6.45,1.5,NA,20,5.2,2.04,NA,20
dijeljenje,dijeljenje,5.65,1.35,NA,20,4.75,2.53,NA,20,6.95,0.22,NA,20,4,2,NA,20
dinamičan,dinamičan,6.4,1.47,NA,20,6.45,2.35,NA,20,7,0,NA,20,5.45,1.96,NA,20
disketa,disketa,5.32,1.63,1,19,3.45,1.82,1,20,6.33,1.15,NA,21,6,1.52,NA,21
dječak,dječak,6.45,2.28,NA,20,3.76,2.19,NA,21,6.95,0.22,NA,20,6.29,0.85,NA,21
dobrodošlica,dobrodošlica,7.4,2.19,NA,20,5.11,2.47,1,19,7,0,NA,20,5.55,1.43,NA,20
dodati,dodati,5.65,1.31,NA,20,3.43,1.83,NA,21,7,0,NA,21,5.71,1.52,NA,21
dodavanje,dodavanje,5.95,1.32,NA,20,3.81,2.06,NA,21,7,0,NA,21,5.76,1.7,NA,21
dokaz,dokaz,6.8,1.64,NA,20,5,2.18,NA,20,6.9,0.31,NA,20,5.55,1.54,NA,20
domaćin,domaćin,6.95,1.93,NA,20,3.65,2.37,NA,20,6.85,0.49,NA,20,5.85,1.14,NA,20
doseg,doseg,6.05,2.24,NA,20,4.59,2.37,3,17,6.5,1.57,NA,20,4.95,1.93,NA,20
doživljaj,doživljaj,6.26,1.88,1,19,6.2,2.33,NA,20,7,0,NA,20,4.25,2.07,NA,20
dragi,dragi,7.5,1.76,NA,20,5.11,2.31,1,19,7,0,NA,20,5.35,1.93,NA,20
duh,duh,5.6,2.19,NA,20,5.14,2.54,NA,21,6.9,0.31,NA,20,4.43,2.34,NA,21
džepni,džepni,5.55,1.15,NA,20,3.43,1.91,NA,21,6.67,0.91,NA,21,5.57,1.5,NA,21
električan,električan,5.75,2.07,NA,20,5.75,2.2,NA,20,6.75,0.79,NA,20,5.45,1.36,NA,20
elektronički,elektronički,5.47,1.35,1,19,3.85,2.16,NA,20,7,0,NA,20,5.3,1.81,NA,20
emitiranje,emitiranje,4.95,1,NA,20,4.6,1.96,NA,20,6.9,0.45,NA,20,4.55,1.54,NA,20
engleski,engleski,6.95,1.9,NA,20,4.52,2.34,NA,21,6.95,0.22,NA,20,5.52,1.4,NA,21
epski,epski,5.9,1.65,NA,20,5.4,2.82,NA,20,6.6,1.35,NA,20,3.8,2.12,NA,20
fikcija,fikcija,6.35,1.76,NA,20,4.5,2.44,NA,20,6.95,0.22,NA,20,4.9,2.02,NA,20
galerija,galerija,5.8,1.82,NA,20,3.9,1.94,NA,20,6.9,0.45,NA,20,6.05,1.19,NA,20
gitara,gitara,6.35,1.35,NA,20,5.85,1.95,NA,20,7,0,NA,20,6.6,0.88,NA,20
glas,glas,6.7,1.56,NA,20,4.45,2.52,NA,20,7,0,NA,20,5.55,1.85,NA,20
gnijezdo,gnijezdo,6.25,1.94,NA,20,3.65,2.3,NA,20,6.9,0.45,NA,20,6.35,1.04,NA,20
gorivo,gorivo,5.8,2.75,NA,20,6.19,2.02,NA,21,7,0,NA,20,5.33,1.62,NA,21
gostionica,gostionica,6.3,2.2,NA,20,6.05,1.7,NA,20,6.95,0.22,NA,20,6.35,0.99,NA,20
gotički,gotički,5.2,2.07,NA,20,4.84,2.09,1,19,6.95,0.22,NA,20,5.65,2.01,NA,20
gotovina,gotovina,6.55,2.11,NA,20,5.15,2.25,NA,20,7,0,NA,20,6.6,0.75,NA,20
graditi,graditi,5.95,1.7,NA,20,4.1,2.22,NA,20,7,0,NA,20,5.15,1.81,NA,20
grafikon,grafikon,4.95,1.75,1,19,3.95,2.63,NA,20,6.7,0.8,NA,20,5.45,1.43,NA,20
granica,granica,5.35,1.35,NA,20,3.9,1.71,NA,20,7,0,NA,20,6.4,1.27,NA,20
greška,greška,3.1,1.45,NA,20,6.43,2.11,NA,21,7,0,NA,21,5.14,2.08,NA,21
heroj,heroj,6.95,1.54,NA,20,6.05,2.35,NA,20,6.95,0.22,NA,20,4.35,2.01,NA,20
hibridni,hibridni,5.2,1.28,NA,20,4.45,2.31,NA,20,6.7,0.66,NA,20,4.37,1.95,1,19
hitan,hitan,4.8,2.44,NA,20,6.85,2.06,NA,20,6.7,0.98,NA,20,5.16,1.86,1,19
hladan,hladan,4.2,1.32,NA,20,3.8,2.31,NA,20,6.95,0.22,NA,20,5.05,2.11,NA,20
imovina,imovina,6.55,2.04,NA,20,4.95,2.62,NA,21,6.75,0.72,NA,20,5.14,1.68,NA,21
industrija,industrija,4.3,1.84,NA,20,5.65,2.32,NA,20,6.8,0.62,NA,20,5.7,1.3,NA,20
industrijski,industrijski,5.05,1.76,NA,20,4.65,2.23,NA,20,6.95,0.22,NA,20,5.35,1.66,NA,20
interaktivan,interaktivan,6.4,2.28,NA,20,5.85,2.13,1,20,6.85,0.49,NA,20,4.24,1.84,NA,21
investicija,investicija,5.9,2.1,NA,20,5.9,1.97,NA,20,6.95,0.22,NA,20,5.2,1.58,NA,20
inženjerstvo,inženjerstvo,5.65,2.03,NA,20,5.2,2.38,NA,20,6.7,0.92,NA,20,5.6,1.5,NA,20
iscrpljenost,iscrpljenost,3.4,1.82,NA,20,4.75,2.49,NA,20,6.95,0.22,NA,20,4.95,1.76,NA,20
isječak,isječak,5.15,1.5,NA,20,4.25,2.15,NA,20,6.95,0.22,NA,20,4.85,1.87,NA,20
istorazinski,istorazinski,4.74,1.73,1,19,3.2,2.09,NA,20,6.3,1.3,NA,20,4.65,2.16,NA,20
izbrisati,izbrisati,4.65,2.06,NA,20,5.25,2.27,NA,20,7,0,NA,20,5.3,1.78,NA,20
izjava,izjava,5.2,1.96,NA,20,4.7,2,NA,20,7,0,NA,20,5.55,1.28,NA,20
izmjena,izmjena,5.35,1.53,NA,20,4,2.03,NA,20,7,0,NA,20,5.25,2.07,NA,20
izrezan,izrezan,4.4,1.27,NA,20,5.05,2.33,NA,20,7,0,NA,20,5.45,1.73,NA,20
izvanmrežni,izvanmrežni,4.3,1.26,NA,20,4.5,2.59,NA,20,6.8,0.62,NA,20,4.68,1.77,1,19
izvješće,izvješće,4.35,1.53,NA,20,5.45,2.42,NA,20,7,0,NA,20,5.2,1.67,NA,20
izvor,izvor,6.6,1.39,NA,20,4.15,2.03,NA,20,6.95,0.22,NA,20,4.95,2.11,NA,20
jak,jak,7.05,1.67,NA,20,5.9,2.36,NA,21,6.9,0.31,NA,20,4.76,2.07,NA,21
javan,javan,5.8,1.32,NA,20,5.29,2.08,NA,21,6.29,1.87,NA,21,5,1.87,NA,21
jedini,jedini,6.5,2.19,NA,20,4.19,2.06,NA,21,6.95,0.22,NA,20,4.24,1.84,NA,21
jedinica,jedinica,3.65,2.39,NA,20,4.25,2.59,NA,20,7,0,NA,20,4.75,2.07,NA,20
jednostavan,jednostavan,6.75,2.15,NA,20,3.14,1.8,NA,21,7,0,NA,20,3.38,2.06,NA,21
jezgra,jezgra,5.45,1.47,NA,20,4.75,2,NA,20,6.7,0.98,NA,20,5.5,1.7,NA,20
jezik,jezik,5.95,1.73,NA,20,4.3,2.89,NA,20,6.95,0.22,NA,20,4.5,2.28,NA,20
kava,kava,6.55,2.63,NA,20,4.14,2.92,NA,21,7,0,NA,21,6.76,0.7,NA,21
kemijski,kemijski,5.4,2.14,NA,20,4.48,2.16,NA,21,6.85,0.67,NA,20,4.33,2.01,NA,21
klupa,klupa,5.8,1.47,NA,20,3.45,1.82,NA,20,7,0,NA,20,6.55,0.83,NA,20
kokoš,kokoš,4.75,2.15,NA,20,4.62,2.27,NA,21,7,0,NA,21,6.81,0.51,NA,21
kolač,kolač,8.15,1.27,NA,20,4.6,2.82,NA,20,7,0,NA,20,5.85,1.76,NA,20
kolačići,kolačići,6.15,2.52,NA,20,5.48,2.29,NA,21,6.95,0.22,NA,21,5.81,1.83,NA,21
kolo,kolo,6.45,2.14,NA,20,5.45,2.35,NA,20,6.95,0.22,NA,20,5.25,1.62,NA,20
komedija,komedija,6.9,1.45,NA,20,6.1,2,NA,21,7,0,NA,21,5.67,1.74,NA,21
komentar,komentar,5.2,1.24,NA,20,4.85,2.39,NA,20,7,0,NA,20,4.9,1.86,NA,20
kompaktan,kompaktan,5.35,1.39,NA,20,3.9,2.53,NA,20,6.9,0.45,NA,20,4.95,2.01,NA,20
kompleksan,kompleksan,5.45,2.44,NA,20,5.35,1.76,NA,20,6.9,0.45,NA,20,4.05,2.09,NA,20
koncentrator,koncentrator,4.71,1.53,3,17,4.32,2.4,1,19,5.63,2.14,1,19,4.11,2.37,2,18
konferencija,konferencija,5.9,2.2,NA,20,4.85,2.56,NA,20,6.7,0.8,NA,20,5.8,1.15,NA,20
kontrola,kontrola,6.05,2.14,NA,20,5.7,2.15,NA,20,7,0,NA,20,4.6,2.06,NA,20
kopile,kopile,3.45,2.68,NA,20,5,2.45,1,20,6.8,0.7,NA,20,5.48,1.6,NA,21
korisnik,korisnik,5.85,2.01,NA,20,4.15,2.08,NA,20,6.7,0.98,NA,20,5.1,1.86,NA,20
korporacija,korporacija,3.7,1.92,NA,20,5.2,2.5,NA,20,6.5,1.4,NA,20,4.95,1.61,NA,20
kosa,kosa,6.7,1.45,NA,20,4.05,2.57,1,19,7,0,NA,20,6.45,0.94,NA,20
krajnji,krajnji,5.1,2.1,NA,20,4.95,2.07,1,19,6.7,1.13,NA,20,4.65,1.73,NA,20
krajobraz,krajobraz,6.1,2.27,NA,20,3.94,2.8,2,18,5.6,2.33,NA,20,5.12,2.34,3,17
kratak,kratak,4.7,1.26,NA,20,3.85,2.52,NA,20,6.75,0.79,NA,20,4.8,1.94,NA,20
krilo,krilo,5.5,1.54,NA,20,2.9,1.95,NA,21,7,0,NA,21,5.71,1.55,NA,21
krimić,krimić,6,2.32,NA,20,5.67,2.22,NA,21,6.9,0.3,NA,21,6,1.22,NA,21
kuja,kuja,4.2,3.24,NA,20,5.75,2.4,NA,20,6.95,0.22,NA,20,4.85,1.69,NA,20
kupiti,kupiti,6.5,1.64,NA,20,5.57,1.91,NA,21,7,0,NA,21,5.9,1.48,NA,21
kutak,kutak,6.05,2.19,NA,20,4,2.43,NA,21,6.8,0.7,NA,20,5.1,1.87,NA,21
kvaliteta,kvaliteta,6.95,1.61,NA,20,4.2,2.26,NA,20,6.75,0.79,NA,20,4.85,2.11,NA,20
lažan,lažan,3.35,1.79,NA,20,5.3,2.49,NA,20,6.95,0.22,NA,20,4.65,2.21,NA,20
let,let,6.35,2.01,NA,20,4.65,2.52,NA,20,7,0,NA,20,5.15,1.6,NA,20
letak,letak,5,1.21,NA,20,3.55,2.56,NA,20,6.9,0.31,NA,20,5.9,1.29,NA,20
letni,letni,5.22,1.77,2,18,4.55,1.99,NA,20,5.9,1.92,NA,20,3.47,1.46,3,17
lijep,lijep,7.2,1.64,NA,20,3.43,2.25,NA,21,7,0,NA,21,5.48,1.94,NA,21
listanje,listanje,6.1,2.29,NA,20,3.35,2.08,1,20,6.85,0.67,NA,20,4.57,1.86,NA,21
ljetni,ljetni,7.35,1.14,NA,20,5.75,3.01,NA,20,6.95,0.22,NA,20,5.05,1.85,NA,20
ljut,ljut,3.55,1.9,NA,20,6.15,2.13,NA,20,7,0,NA,20,6.05,1.61,NA,20
lud,lud,5.2,2.02,NA,20,5.9,2.27,NA,20,7,0,NA,20,4.45,2.14,NA,20
luksuz,luksuz,6.7,2.2,NA,20,6.15,2.41,NA,20,6.95,0.22,NA,20,4.25,2.07,NA,20
majka,majka,8.05,1.88,NA,20,2.86,3.07,NA,21,7,0,NA,21,6.57,0.81,NA,21
maloprodaja,maloprodaja,5.25,1.33,NA,20,4.35,2.3,NA,20,6.95,0.22,NA,20,5.7,1.81,NA,20
mamac,mamac,4.55,2.48,NA,20,4.84,2.22,1,19,6.95,0.22,NA,20,5.35,1.69,NA,20
manekenstvo,manekenstvo,4.65,1.73,NA,20,4.7,2.52,NA,20,6.75,0.79,NA,20,6,1.26,NA,20
margina,margina,4.15,1.69,NA,20,4.53,1.81,2,19,6.71,0.72,NA,21,5.33,1.85,NA,21
matematički,matematički,5.1,2.61,NA,20,4.7,2.3,NA,20,6.8,0.7,NA,20,5.9,1.55,NA,20
materijal,materijal,5.45,1.93,NA,20,3.95,2.29,NA,21,6.8,0.7,NA,20,4.33,1.93,NA,21
med,med,5.95,1.85,NA,20,3.1,2.72,NA,21,7,0,NA,21,6.9,0.3,NA,21
međuspremnik,međuspremnik,4.21,2.3,1,19,4.35,2.06,3,17,5.8,1.79,NA,20,5.05,1.87,1,19
medvjed,medvjed,5.9,2.27,NA,20,5.57,3.03,NA,21,6.95,0.22,NA,20,6.38,0.97,NA,21
memorija,memorija,5.95,1.82,NA,20,4.84,1.83,1,19,7,0,NA,20,5,1.45,1,19
meso,meso,6.1,1.8,NA,20,4.86,2.41,NA,21,6.95,0.22,NA,21,6.48,1.03,NA,21
mir,mir,7.45,2.21,NA,20,2.25,1.65,NA,20,7,0,NA,20,4.45,2.33,NA,20
misija,misija,5.3,1.49,NA,20,5.3,2.68,NA,20,6.95,0.22,NA,20,3.7,1.95,NA,20
mišljenje,mišljenje,5.55,2.01,NA,20,4.33,1.74,NA,21,7,0,NA,21,4.95,2.36,NA,21
moderan,moderan,6.45,1.5,NA,20,5.6,2.26,NA,20,7,0,NA,20,5.35,1.87,NA,20
motociklist,motociklist,5.4,2.04,NA,20,4.9,2.07,NA,20,6.8,0.89,NA,20,6.3,1.03,NA,20
nadograditi,nadograditi,6.45,1.99,NA,20,5.05,2.31,NA,20,6.7,0.92,NA,20,5.55,1.28,NA,20
nagovještaj,nagovještaj,5.88,1.65,3,17,5.65,2.28,NA,20,6.45,1.47,NA,20,4.7,2.05,NA,20
nagrada,nagrada,8,1.38,NA,20,6.67,2.44,NA,21,7,0,NA,20,5.43,1.72,NA,21
najam,najam,4.75,1.45,NA,20,3.7,2.3,NA,20,6.95,0.22,NA,20,5.5,1.19,NA,20
najavnica,najavnica,5.13,2.1,5,15,4.18,1.7,3,17,4.21,2.32,1,19,4,1.41,7,13
napad,napad,3.05,2.14,NA,20,6.85,2.21,NA,20,7,0,NA,20,6,1.62,NA,20
napredan,napredan,6.7,1.42,NA,20,5.3,2.08,NA,20,7,0,NA,20,5.4,2.06,NA,20
narudžba,narudžba,6,1.52,NA,20,4.75,2.07,NA,20,7,0,NA,20,6.65,1.04,NA,20
nastaviti,nastaviti,5.85,1.5,NA,20,4.55,2.31,NA,20,6.75,0.79,NA,20,5.2,1.7,NA,20
natjecanje,natjecanje,6.55,1.7,NA,20,6.45,2.28,NA,20,7,0,NA,20,5.95,1.47,NA,20
navala,navala,4.5,1.93,NA,20,6.45,2.16,NA,20,7,0,NA,20,5.15,1.53,NA,20
navijanje,navijanje,6.15,2.35,NA,20,6.9,2.2,NA,20,6.8,0.62,NA,20,5.6,1.05,NA,20
normalan,normalan,6.25,2.07,NA,20,3.8,2.75,NA,20,6.6,1.39,NA,20,3.75,2.61,NA,20
novac,novac,6.65,1.95,NA,20,6.95,2.28,NA,20,6.95,0.22,NA,20,6.05,1.73,NA,20
obilazak,obilazak,5.85,1.69,NA,20,4.57,2.58,NA,21,6.71,1.31,NA,21,5.19,1.83,NA,21
obnavljajući,obnavljajući,6.6,1.73,NA,20,4.3,2.3,NA,20,7,0,NA,20,5.05,2.06,NA,20
obnoviti,obnoviti,6.25,1.74,NA,20,4.76,2.17,NA,21,7,0,NA,21,5.33,1.65,NA,21
obrana,obrana,6.25,2.31,NA,20,5.67,2.03,NA,21,6.95,0.22,NA,20,4.9,1.41,NA,21
obrazovanje,obrazovanje,6.65,2.25,NA,20,5.95,2.09,NA,20,7,0,NA,20,5.4,2.41,NA,20
odbor,odbor,4.55,1.28,NA,20,3.75,2.02,NA,20,7,0,NA,20,5.35,1.93,NA,20
odličan,odličan,7.85,1.35,NA,20,6.05,2.16,NA,20,7,0,NA,20,5.4,1.79,NA,20
ograničen,ograničen,4.8,2.61,NA,20,4.5,1.99,NA,20,6.7,0.98,NA,20,4.95,1.32,NA,20
ogroman,ogroman,6.55,1.7,NA,20,5.1,2.61,NA,20,7,0,NA,20,5.7,1.78,NA,20
okidač,okidač,4.68,2.08,1,19,5.6,2.6,NA,20,6.8,0.7,NA,20,4.95,1.79,NA,20
oklada,oklada,5.15,1.57,NA,20,5.6,2.06,NA,20,7,0,NA,20,6.5,1.24,NA,20
općenito,općenito,5.05,0.69,NA,20,4.15,2.16,NA,20,7,0,NA,20,5.1,2.43,NA,20
operacija,operacija,4.6,2.72,NA,20,6.3,2.11,NA,20,7,0,NA,20,5.3,1.87,NA,20
oporavak,oporavak,5.65,2.21,NA,20,4.25,2.17,NA,20,7,0,NA,20,5.3,1.89,NA,20
oprema,oprema,5.75,1.59,NA,20,4.4,2.37,NA,20,6.95,0.22,NA,20,5.65,1.46,NA,20
opuštajući,opuštajući,6.95,2.24,NA,20,2.85,2.06,NA,20,7,0,NA,20,5.85,1.95,NA,20
opuštanje,opuštanje,8.05,1.19,NA,20,2.35,1.76,NA,20,7,0,NA,20,4.8,2.09,NA,20
organski,organski,4.7,1.75,NA,20,4.14,1.39,NA,21,6.95,0.22,NA,21,4.95,1.99,NA,21
osjećati,osjećati,6,1.97,NA,20,5.43,2.36,NA,21,7,0,NA,21,4.67,2.39,NA,21
osnovan,osnovan,5,1.62,NA,20,4.1,1.8,NA,20,6.95,0.22,NA,20,4.3,2.15,NA,20
osnovni,osnovni,5.1,1.68,NA,20,3.7,1.92,NA,20,7,0,NA,20,5.05,2.33,NA,20
osobnost,osobnost,6.8,1.32,NA,20,5.35,2.21,NA,20,7,0,NA,20,5.74,1.82,1,19
osvježiti,osvježiti,6.5,1.91,NA,20,3.8,2.04,NA,20,7,0,NA,20,5.15,1.53,NA,20
osvrt,osvrt,5.4,1.79,NA,20,4.25,2.38,NA,20,6.75,0.79,NA,20,4.65,2.13,NA,20
otmjen,otmjen,6.85,1.98,NA,20,3.57,2.31,NA,21,6.85,0.49,NA,20,4.67,1.8,NA,21
otpremanje,otpremanje,4.95,2.42,NA,20,4.42,2.04,1,19,6.5,1,NA,20,4.55,1.7,NA,20
palača,palača,6.7,1.92,NA,20,4.95,2.35,NA,20,6.95,0.22,NA,20,5.95,1.32,NA,20
papar,papar,5.4,2.04,NA,20,3.75,2.2,NA,20,6.95,0.22,NA,20,6.4,1.05,NA,20
papir,papir,6.05,2.14,NA,20,3.81,2.16,NA,21,6.85,0.49,NA,20,6.14,1.39,NA,21
patka,patka,6.4,1.79,NA,20,3.5,2.21,NA,20,7,0,NA,20,6.75,0.91,NA,20
pauk,pauk,4.2,1.61,NA,20,6,2.71,NA,20,6.95,0.22,NA,20,6.45,0.76,NA,20
pedala,pedala,5.45,1.9,NA,20,4.55,1.85,NA,20,6.95,0.22,NA,20,6.3,1.03,NA,20
petlja,petlja,4.75,1.52,NA,20,4.7,2.11,NA,20,6.8,0.62,NA,20,4.2,1.77,NA,20
pištolj,pištolj,3.65,2.23,NA,20,6.95,2.28,NA,20,7,0,NA,20,6.4,0.75,NA,20
pjesma,pjesma,7.95,1.32,NA,20,6.15,2.23,1,20,6.9,0.45,NA,20,5.52,1.47,NA,21
plav,plav,6.7,2.2,NA,20,3.38,2.01,NA,21,6.95,0.22,NA,20,5.38,1.63,NA,21
pobjednik,pobjednik,6.5,1.93,NA,20,7.15,1.79,NA,20,6.85,0.67,NA,20,6.05,1.43,NA,20
počast,počast,6.6,1.64,NA,20,4.67,2.29,NA,21,6.71,1.1,NA,21,4.43,2.18,NA,21
podij,podij,6.15,1.6,NA,20,5.35,2.76,NA,20,6.75,0.79,NA,20,5.3,1.45,NA,20
podijeliti,podijeliti,6.5,2.24,NA,20,3.85,2.41,NA,20,6.75,0.79,NA,20,5.65,1.39,NA,20
područje,područje,5.2,0.95,NA,20,3.65,2.23,NA,20,6.95,0.22,NA,20,4.35,1.9,NA,20
pokret,pokret,5.8,1.61,NA,20,4.62,2.87,NA,21,6.9,0.44,NA,21,5.52,1.66,NA,21
pokušaj,pokušaj,5.45,1.57,NA,20,5.33,2.35,NA,21,7,0,NA,21,5.29,2.08,NA,21
polaganje,polaganje,5.2,1.67,NA,20,4.9,2.72,NA,21,6.95,0.22,NA,21,5.1,2.14,NA,21
politika,politika,4.15,2.11,NA,20,5.05,2.54,NA,20,6.75,0.91,NA,20,5.15,1.76,NA,20
pomodan,pomodan,4.76,1.56,3,17,4.26,2.51,1,19,5.4,2.37,NA,20,4.63,1.93,4,16
popravak,popravak,5.8,2.44,NA,20,4.48,2.04,NA,21,6.95,0.22,NA,20,4.38,1.56,NA,21
porez,porez,2.85,1.69,NA,20,5.19,2.34,NA,21,7,0,NA,21,5.29,1.79,NA,21
posada,posada,5.75,2.12,NA,20,4.9,1.8,NA,20,6.75,0.64,NA,20,5.7,1.22,NA,20
poslati,poslati,5.5,1.4,NA,20,5.05,1.99,NA,20,6.85,0.49,NA,20,4.7,2.13,NA,20
posrednik,posrednik,5.7,1.87,NA,20,3.9,2.02,NA,21,6.85,0.49,NA,20,4.76,1.73,NA,21
poštovanje,poštovanje,7.55,1.43,NA,20,4.52,2.89,NA,21,7,0,NA,21,4.81,2.25,NA,21
potez,potez,5.4,2.16,NA,20,5.19,2.38,NA,21,6.75,0.91,NA,20,4,1.97,NA,21
pothvat,pothvat,5,1.86,NA,20,5.75,2.17,NA,20,7,0,NA,20,4.7,1.84,NA,20
poticaj,poticaj,6.7,1.56,NA,20,5.45,2.01,NA,20,7,0,NA,20,5.25,2.22,NA,20
potraga,potraga,5.05,1.76,NA,20,5.05,2.65,NA,20,7,0,NA,20,5.6,1.35,NA,20
potreba,potreba,5.15,1.63,NA,20,4.71,2.26,NA,21,7,0,NA,21,4.67,2.27,NA,21
povijest,povijest,5,1.89,NA,20,4.45,2.8,NA,20,7,0,NA,20,6.15,1.14,NA,20
povratak,povratak,5.8,1.28,NA,20,3.57,2.11,NA,21,6.86,0.65,NA,21,5.1,2.07,NA,21
pozicija,pozicija,6.15,1.39,NA,20,4.2,1.24,NA,20,7,0,NA,20,5.2,1.94,NA,20
poziv,poziv,5.2,2.24,NA,20,5.45,2.39,NA,20,6.9,0.45,NA,20,5,1.52,NA,20
pozvani,pozvani,6.15,1.81,NA,20,4.85,2.13,NA,20,6.95,0.22,NA,20,5.4,1.79,NA,20
pratitelj,pratitelj,5.55,2.16,NA,20,4.85,1.76,NA,20,6.7,0.98,NA,20,4.95,1.67,NA,20
predložak,predložak,5.55,2.24,NA,20,3.71,1.87,NA,21,6.8,0.7,NA,20,4.38,2.01,NA,21
predmemorija,predmemorija,5.39,1.75,2,18,4.56,2.18,2,18,6.16,1.74,1,19,5.05,2.31,NA,20
predvorje,predvorje,5.4,2.23,NA,20,3.43,1.89,NA,21,6.85,0.37,NA,20,5.71,1.38,NA,21
pregled,pregled,4.4,1.57,NA,20,4.9,2.65,NA,20,6.95,0.22,NA,20,4.45,1.9,NA,20
preljev,preljev,6.05,2.04,NA,20,4.1,2.43,NA,20,7,0,NA,20,5.65,1.27,NA,20
preokret,preokret,6.25,1.8,NA,20,5.25,2.12,NA,20,7,0,NA,20,4.85,1.98,NA,20
preteča,preteča,5.05,1.39,NA,20,3.4,1.96,NA,20,6.4,1.47,NA,20,4.8,1.79,NA,20
pretisak,pretisak,4.94,2.58,2,18,4.93,1.91,6,15,5.4,1.88,NA,20,5.31,1.58,5,16
preuzimanje,preuzimanje,5.35,1.35,NA,20,4.75,2.57,NA,20,6.9,0.45,NA,20,5.25,2,NA,20
preuzimati,preuzimati,5.8,1.58,NA,20,4.35,2.58,NA,20,6.7,0.98,NA,20,4.85,1.9,NA,20
preživljavanje,preživljavanje,4.8,2.12,NA,20,5.65,2.62,NA,20,6.9,0.31,NA,20,5.15,1.98,NA,20
prianjanje,prianjanje,4.75,1.62,NA,20,4.47,2.17,1,19,6.7,1.13,NA,20,5.6,1.43,NA,20
prijatelj,prijatelj,8.05,1.7,NA,20,4.35,2.64,NA,20,7,0,NA,20,5.45,1.73,NA,20
prijateljski,prijateljski,7.15,1.95,NA,20,4.38,2.64,NA,21,7,0,NA,21,5.38,1.56,NA,21
prijava,prijava,4.65,1.76,NA,20,4.15,2.3,NA,20,7,0,NA,20,5.5,1.57,NA,20
prijeloman,prijeloman,5,2.16,1,19,5.05,2.48,NA,20,7,0,NA,20,5.35,1.66,NA,20
prijemnik,prijemnik,4.5,1.5,NA,20,4.45,1.93,NA,20,7,0,NA,20,5.89,1.05,1,19
prilog,prilog,4.65,1.76,NA,20,3.71,2.05,NA,21,6.71,0.9,NA,21,4.86,2.13,NA,21
princeza,princeza,6.75,2.15,NA,20,4.38,2.38,NA,21,6.9,0.31,NA,20,6,1.3,NA,21
prirodan,prirodan,7.2,1.94,NA,20,3,2.45,NA,20,6.8,0.62,NA,20,4.85,1.84,NA,20
priručnik,priručnik,5.25,1.16,NA,20,3.81,2.02,NA,21,6.95,0.22,NA,21,6,1.22,NA,21
pristup,pristup,5.35,1.39,NA,20,5.05,2.42,NA,20,6.95,0.22,NA,20,4.4,2.11,NA,20
pristupnik,pristupnik,5.95,2.09,1,19,4.05,1.87,1,19,6.45,1.57,NA,20,5,1.46,2,18
prisutnost,prisutnost,6.53,1.22,1,19,4.19,2.18,NA,21,7,0,NA,21,5.05,2.06,NA,21
privatan,privatan,6.25,2.07,NA,20,3.55,2.31,NA,20,6.7,0.98,NA,20,5.2,1.96,NA,20
probaviti,probaviti,5.25,2.36,NA,20,5,2.2,NA,20,6.75,0.91,NA,20,5.45,1.76,NA,20
profesionalan,profesionalan,6.8,1.99,NA,20,4.55,2.35,NA,20,7,0,NA,20,5.9,1.62,NA,20
proizvodnja,proizvodnja,5.05,1.96,NA,20,4.5,2.37,NA,20,6.95,0.22,NA,20,4.6,2.16,NA,20
prokletstvo,prokletstvo,3.3,2.7,NA,20,6.4,2.48,NA,20,7,0,NA,20,5.9,1.86,NA,20
proljetni,proljetni,6.9,2.22,NA,20,4.75,2.57,NA,20,7,0,NA,20,5.85,1.98,NA,20
promatrač,promatrač,4.7,1.95,NA,20,4.14,2.2,NA,21,6.95,0.22,NA,21,5.52,1.6,NA,21
promjena,promjena,6.2,1.99,NA,20,5.81,1.99,NA,21,7,0,NA,20,4.29,2.12,NA,21
propasti,propasti,3.35,1.66,NA,20,5.4,2.66,NA,20,6.95,0.22,NA,20,4.25,2,NA,20
prošireni,prošireni,5.55,1.47,NA,20,4.26,2.21,1,19,7,0,NA,20,4.95,2.28,NA,20
proslijediti,proslijediti,5.8,1.58,NA,20,4.5,1.64,NA,20,7,0,NA,20,5.65,1.31,NA,20
protok,protok,5.85,1.66,NA,20,4,1.65,NA,20,6.8,0.52,NA,20,4.5,1.85,NA,20
provjera,provjera,5.05,2.5,NA,20,4.52,2.18,NA,21,6.95,0.22,NA,20,4.29,1.74,NA,21
prvak,prvak,7.25,1.74,NA,20,6.45,2.46,NA,20,7,0,NA,20,5.75,1.21,NA,20
pucački,pucački,4.25,2.36,NA,20,6.42,1.95,1,19,6.3,1.53,NA,20,4.32,1.8,1,19
pumpa,pumpa,4.75,1.65,NA,20,4.15,1.98,NA,20,7,0,NA,20,6.35,1.42,NA,20
pustolovina,pustolovina,6.7,1.75,NA,20,7.4,1.85,NA,20,7,0,NA,20,5.95,1.9,NA,20
putnik,putnik,7.45,1.39,NA,20,4.55,2.63,NA,20,6.85,0.49,NA,20,5.65,1.76,NA,20
računalo,računalo,6.15,1.73,NA,20,4.65,2.21,NA,20,6.95,0.22,NA,20,6.15,0.93,NA,20
radionica,radionica,5.7,1.69,NA,20,4.26,2.42,1,19,7,0,NA,20,6.3,1.56,NA,20
raj,raj,7.2,2.4,NA,20,3.6,2.58,NA,20,7,0,NA,20,4.8,2.35,NA,20
rat,rat,1.6,1.31,NA,20,6.95,2.78,NA,20,6.8,0.89,NA,20,5.53,1.98,1,19
ravnoteža,ravnoteža,6.3,1.92,NA,20,3.9,2.15,NA,20,7,0,NA,20,5.7,1.56,NA,20
razvoj,razvoj,6.25,1.8,NA,20,5.15,2.03,NA,20,7,0,NA,20,4.95,1.79,NA,20
reprodukcija,reprodukcija,6.25,1.37,NA,20,5.05,2.37,NA,20,7,0,NA,20,5.45,1.9,NA,20
rez,rez,4.45,2.82,NA,20,5.38,2.2,NA,21,6.8,0.7,NA,20,4.71,1.85,NA,21
rezultat,rezultat,6.95,1.67,NA,20,6.1,2.55,NA,20,6.85,0.67,NA,20,5.4,1.93,NA,20
riba,riba,6.25,1.77,NA,20,2.8,1.44,NA,20,7,0,NA,20,6.15,1.57,NA,20
ritam,ritam,7.15,1.57,NA,20,5.95,2.33,NA,20,6.95,0.22,NA,20,5.65,1.98,NA,20
rodni,rodni,5.75,2.59,NA,20,3.48,1.86,NA,21,6.95,0.22,NA,20,3.9,1.76,NA,21
ronjenje,ronjenje,6.8,1.88,NA,20,5.9,2.41,NA,21,6.9,0.45,NA,20,6.1,1.09,NA,21
ručak,ručak,7.65,1.69,NA,20,5.2,2.28,NA,20,7,0,NA,20,6.2,1.28,NA,20
sastanak,sastanak,4.9,1.8,NA,20,5.2,2.26,NA,20,7,0,NA,20,6.35,1.09,NA,20
savršen,savršen,7.15,2.13,NA,20,4.25,2.83,NA,20,6.8,0.89,NA,20,4.95,2.19,NA,20
šećer,šećer,6.25,1.41,NA,20,4.71,2.17,NA,21,7,0,NA,21,6.62,0.74,NA,21
selo,selo,5.85,2.37,NA,20,3.25,2.2,NA,20,6.9,0.45,NA,20,6.25,0.97,NA,20
siguran,siguran,7.35,1.84,NA,20,3.4,2.28,NA,20,7,0,NA,20,5.4,1.82,NA,20
sigurnost,sigurnost,7.1,1.59,NA,20,3.38,2.77,NA,21,7,0,NA,21,5.05,2.16,NA,21
širokokutni,širokokutni,5.45,2.16,NA,20,4.1,2.45,NA,21,6.45,1.19,NA,20,5.29,1.71,NA,21
širokopojasni,širokopojasni,5,1.63,1,19,3.86,1.9,NA,21,6.24,1.18,NA,21,4.65,2.25,1,20
sirov,sirov,5.2,1.96,NA,20,4.42,2.17,1,19,6.85,0.67,NA,20,5.3,2,NA,20
sirutka,sirutka,5.11,1.59,1,19,3.21,2.35,1,19,6.35,1.66,NA,20,5.79,1.55,1,19
sjaj,sjaj,7.05,1.54,NA,20,5.55,2.21,NA,20,6.95,0.22,NA,20,5.37,1.86,1,19
skakanje,skakanje,5.9,2.27,NA,20,6.6,2.28,NA,20,6.9,0.45,NA,20,5.95,1.39,NA,20
škljocnuti,škljocnuti,5.75,1.55,NA,20,4.24,1.81,NA,21,6.75,0.72,NA,20,5.1,1.81,NA,21
skup,skup,5.25,2.34,NA,20,4.7,1.98,NA,20,6.7,0.98,NA,20,4.85,1.66,NA,20
sladak,sladak,7.6,1.79,NA,20,4.86,2.56,NA,21,6.95,0.22,NA,20,5,1.73,NA,21
slagalica,slagalica,6.15,1.81,NA,20,4.1,2.53,NA,20,7,0,NA,20,5.55,1.67,NA,20
sličica,sličica,5.4,1.5,NA,20,3.81,2.11,NA,21,6.9,0.44,NA,21,5.86,1.74,NA,21
slijed,slijed,4.7,1.98,NA,20,3.65,1.66,NA,20,7,0,NA,20,4.75,1.68,NA,20
slijep,slijep,3,1.62,NA,20,4.9,2.77,NA,20,6.9,0.45,NA,20,5.75,1.45,NA,20
slijetanje,slijetanje,4.95,1.32,NA,20,5.25,2.67,NA,20,7,0,NA,20,6.15,0.93,NA,20
sloboda,sloboda,8.2,1.4,NA,20,5,2.83,NA,20,7,0,NA,20,5.45,2.37,NA,20
sloj,sloj,4.9,0.85,NA,20,3.7,2.23,NA,20,6.85,0.49,NA,20,4.2,2.21,NA,20
slučajan,slučajan,5.35,1.46,NA,20,3.45,1.99,NA,20,6.95,0.22,NA,20,5.4,1.82,NA,20
smiješan,smiješan,7.3,2.25,NA,20,5.2,2.63,NA,20,7,0,NA,20,5,2.05,NA,20
šmokljan,šmokljan,3.75,1.77,NA,20,4.19,1.91,NA,21,6.86,0.36,NA,21,5.43,1.63,NA,21
smrt,smrt,2.3,2.64,NA,20,6.25,2.97,NA,20,6.7,1.34,NA,20,6.25,1.29,NA,20
snimanje,snimanje,5.3,1.53,NA,20,5.52,2.25,NA,21,6.95,0.22,NA,21,5.71,1.38,NA,21
snimiti,snimiti,5.95,1.39,NA,20,4.15,2.21,NA,20,6.95,0.22,NA,20,5.2,1.88,NA,20
sok,sok,7.79,1.36,1,19,4,2.05,NA,21,6.9,0.31,NA,20,5.76,1.61,NA,21
spašavanje,spašavanje,6.3,2.41,NA,20,5.6,2.41,NA,20,6.7,0.98,NA,20,5.3,1.66,NA,20
spavanje,spavanje,7.45,2.11,NA,20,3.9,3.35,NA,21,6.95,0.22,NA,20,5.62,1.53,NA,21
spoj,spoj,6.65,1.93,NA,20,6.75,1.77,NA,20,7,0,NA,20,5.45,2.01,NA,20
spojiti,spojiti,5.85,1.23,NA,20,4.35,2.37,NA,20,6.95,0.22,NA,20,4.65,2.08,NA,20
spojka,spojka,5.25,2.27,NA,20,4.5,2.69,1,20,6.6,0.88,NA,20,4.53,1.87,2,19
spor,spor,4.75,2.12,NA,20,3.24,2.36,NA,21,6.95,0.22,NA,21,5.86,1.59,NA,21
srednji,srednji,5.05,1.5,NA,20,4,1.59,NA,20,7,0,NA,20,5.95,1.9,NA,20
stanica,stanica,5.1,1.37,NA,20,3.95,1.96,NA,21,6.9,0.3,NA,21,5.43,1.69,NA,21
stavka,stavka,5.05,1.96,NA,20,4.3,1.66,NA,20,6.9,0.45,NA,20,4.7,1.66,NA,20
stran,stran,5.9,1.41,NA,20,5.15,2.52,NA,20,7,0,NA,20,5,2.03,NA,20
stručnjak,stručnjak,6.05,2.14,NA,20,5,1.69,NA,20,7,0,NA,20,5.35,1.76,NA,20
sučelje,sučelje,4.74,1.59,1,19,4.26,2.45,1,19,6.4,1.43,NA,20,4.53,1.9,1,19
sudar,sudar,3.1,2.31,NA,20,6.8,1.74,NA,20,7,0,NA,20,5.65,1.66,NA,20
suh,suh,4.55,1.39,NA,20,3.45,2.54,NA,20,7,0,NA,20,5.3,1.81,NA,20
superzvijezda,superzvijezda,5.7,1.98,NA,20,5.6,2.78,NA,20,6.7,0.8,NA,20,4.65,2.3,NA,20
suradni,suradni,5.5,2.04,NA,20,4.43,2.04,NA,21,6.15,1.6,NA,20,3.26,1.79,2,19
svladavanje,svladavanje,6.1,2.38,NA,20,5.33,2.69,NA,21,6.9,0.45,NA,20,4.05,1.88,NA,21
teretana,teretana,6.7,1.95,NA,20,5.85,2.5,NA,20,6.7,1.34,NA,20,6.25,1.07,NA,20
tetovaža,tetovaža,7.1,1.92,NA,20,5.8,2.33,NA,20,7,0,NA,20,6.2,1.28,NA,20
tih,tih,4.6,1.9,NA,20,2.4,1.23,NA,20,7,0,NA,20,5.45,1.43,NA,20
tjedan,tjedan,5.3,2.05,NA,20,4.95,2.11,NA,20,7,0,NA,20,6.65,0.75,NA,20
trbušnjaci,trbušnjaci,5.7,2.27,NA,20,6,2.54,1,19,7,0,NA,20,6.5,0.95,NA,20
trener,trener,5.45,1.61,NA,20,4.9,2.27,NA,20,7,0,NA,20,6.35,1.5,NA,20
treniranje,treniranje,6.4,2.06,NA,20,6.86,2.01,NA,21,7,0,NA,21,5.9,1.22,NA,21
trgovac,trgovac,5.55,1.64,NA,20,4.55,2.5,NA,20,6.85,0.37,NA,20,5.5,1.54,NA,20
trgovanje,trgovanje,4.85,1.79,NA,20,4.65,2.18,NA,20,7,0,NA,20,5.55,2.01,NA,20
trošak,trošak,3.5,1.85,NA,20,5.15,2.01,NA,20,7,0,NA,20,5.95,1.99,NA,20
tvorac,tvorac,6.25,2,NA,20,4.05,2.22,NA,21,6.9,0.45,NA,20,4.95,1.96,NA,21
tvornica,tvornica,5,1.52,NA,20,4.55,1.9,NA,20,7,0,NA,20,6.4,0.99,NA,20
ubijanje,ubijanje,2.35,2.89,NA,20,6.81,2.6,NA,21,6.9,0.31,NA,20,5.48,1.44,NA,21
ubojica,ubojica,2.3,2.13,NA,20,6.81,2.56,NA,21,7,0,NA,21,6.33,1.02,NA,21
učenje,učenje,4.9,1.97,NA,20,4.8,2.91,NA,20,6.95,0.22,NA,20,5.05,1.85,NA,20
uglavnom,uglavnom,5.7,2.52,NA,20,3.81,1.86,NA,21,6.95,0.22,NA,20,3.1,2.02,NA,21
ugljik,ugljik,4.45,1.64,NA,20,3.43,1.78,NA,21,6.76,0.77,NA,21,5.95,1.56,NA,21
ulagač,ulagač,5.9,2.25,NA,20,4.43,2.2,NA,21,6.85,0.49,NA,20,4.52,1.75,NA,21
ulazan,ulazan,5.1,2.27,NA,20,4.45,1.76,NA,20,7,0,NA,20,4.95,1.9,NA,20
umetnuti,umetnuti,5.95,1.79,NA,20,5.05,2.5,NA,20,6.95,0.22,NA,20,5.15,1.81,NA,20
umjetnik,umjetnik,6.8,1.96,NA,20,4.8,2.09,NA,20,7,0,NA,20,5.45,1.79,NA,20
umrežavanje,umrežavanje,5.55,2.31,NA,20,4.53,2.57,2,19,6.75,0.79,NA,20,3.9,2.05,NA,21
unija,unija,5.17,1.98,2,18,4.35,2.08,NA,20,6.95,0.22,NA,20,4.6,2.3,NA,20
upozorenje,upozorenje,4.35,1.9,NA,20,6.14,2.24,NA,21,7,0,NA,21,5.57,1.47,NA,21
ured,ured,4.35,1.95,NA,20,4.95,2.06,NA,20,7,0,NA,20,6.3,0.98,NA,20
uređaj,uređaj,5.3,1.08,NA,20,4.1,1.73,NA,21,7,0,NA,21,5.71,1.49,NA,21
usluga,usluga,5.6,1.47,NA,20,4.05,1.88,NA,20,7,0,NA,20,5.55,2.16,NA,20
utičnica,utičnica,5.4,2.01,NA,20,4.4,2.28,NA,20,7,0,NA,20,6.15,1.84,NA,20
utjecaj,utjecaj,5,2.45,NA,20,5.05,2.11,NA,20,6.6,1.39,NA,20,4.55,2.19,NA,20
utjeha,utjeha,6.1,1.71,NA,20,3.7,2.32,NA,20,7,0,NA,20,5.7,1.98,NA,20
uvid,uvid,5.05,1.54,NA,20,4.67,1.93,NA,21,6.67,1.15,NA,21,4.95,1.83,NA,21
uzorak,uzorak,4.95,0.94,NA,20,3.38,2.2,NA,21,7,0,NA,21,5.57,1.8,NA,21
vijeće,vijeće,4.25,1.45,NA,20,4.05,2.14,NA,20,7,0,NA,20,5.85,1.46,NA,20
vino,vino,7.25,1.52,NA,20,5.4,3.19,NA,20,7,0,NA,20,6.6,0.82,NA,20
vizualan,vizualan,6.55,1.9,NA,20,4.5,1.93,NA,20,7,0,NA,20,4.75,1.68,NA,20
vjenčanje,vjenčanje,6.95,1.7,NA,20,5.9,2.63,NA,20,6.95,0.22,NA,20,6.4,0.99,NA,20
vjernost,vjernost,7.2,2.19,NA,20,3.75,2.22,NA,20,6.95,0.22,NA,20,5.1,1.8,NA,20
vještina,vještina,6.6,1.73,NA,20,5.4,2.72,NA,20,6.95,0.22,NA,20,4.15,2.08,NA,20
vjetar,vjetar,5.68,1.83,1,19,4.1,2.36,NA,20,7,0,NA,20,6.3,1.66,NA,20
vođa,vođa,5.85,1.46,NA,20,5.5,2.06,NA,20,7,0,NA,20,6.4,1.1,NA,20
vodič,vodič,5.45,1.36,NA,20,4.85,1.9,NA,20,7,0,NA,20,5.8,1.7,NA,20
vojni,vojni,3.85,2.01,NA,20,5.9,2.29,NA,20,7,0,NA,20,5.85,1.5,NA,20
vojnički,vojnički,4.25,2.17,NA,20,5.95,2.31,NA,20,6.95,0.22,NA,20,6,1.21,NA,20
vrag,vrag,3.8,2.07,NA,20,6.57,1.78,NA,21,7,0,NA,21,5.43,2.23,NA,21
vrhnje,vrhnje,6.6,1.85,NA,20,4.3,2.25,NA,20,6.9,0.31,NA,20,6.35,1.57,NA,20
vrhunac,vrhunac,7.75,1.25,NA,20,6.5,2.74,NA,20,6.85,0.67,NA,20,4.65,1.76,NA,20
vrsta,vrsta,5.9,1.62,NA,20,3.38,2.09,NA,21,6.75,0.64,NA,20,3.71,2.22,NA,21
zadatak,zadatak,4.7,2.11,NA,20,5.65,2.03,NA,20,7,0,NA,20,5.05,1.85,NA,20
zaglavlje,zaglavlje,5.65,2.08,NA,20,3.71,2.47,NA,21,6.75,0.64,NA,20,5.33,1.39,NA,21
zagrijavanje,zagrijavanje,6.05,2.31,NA,20,5.45,2.67,NA,20,6.55,1.39,NA,20,4.7,1.66,NA,20
zajednica,zajednica,6.05,1.76,NA,20,5.2,2.84,NA,20,6.9,0.45,NA,20,4.65,1.98,NA,20
zaključati,zaključati,5.2,1.24,NA,20,4.8,2.55,NA,20,6.95,0.22,NA,20,5.3,1.95,NA,20
zaliha,zaliha,5.55,1.9,NA,20,3.86,2.06,NA,21,7,0,NA,21,5.57,1.5,NA,21
zalogaj,zalogaj,6.3,2.08,NA,20,4.15,2.25,NA,20,7,0,NA,20,6.3,1.13,NA,20
zapis,zapis,4.65,1.04,NA,20,3.75,2.29,NA,20,6.95,0.22,NA,20,4.55,1.99,NA,20
zaporka,zaporka,5.05,2.01,NA,20,3.9,2.51,NA,20,6.7,0.98,NA,20,6.15,1.5,NA,20
zaštita,zaštita,5.85,1.98,NA,20,4.05,2.31,NA,21,7,0,NA,21,5.29,1.87,NA,21
zeznut,zeznut,4.5,1.82,NA,20,5,2.62,NA,20,7,0,NA,20,4,2.03,NA,20
značajka,značajka,5.6,1.47,NA,20,4.15,1.93,NA,20,7,0,NA,20,4.95,2.33,NA,20
zvijezda,zvijezda,7.75,1.62,NA,20,5.1,2.1,NA,21,6.9,0.31,NA,20,5.38,1.32,NA,21
zvuk,zvuk,7.3,1.92,NA,20,5.33,2.06,NA,21,7,0,NA,20,4.9,2.07,NA,21
account,account,5.6,2.19,NA,20,3.57,1.69,NA,21,7,0,NA,20,4.76,2.02,NA,21
afterparty,afterparty,7.5,2.16,NA,20,7.45,1.47,NA,20,7,0,NA,20,4.9,1.97,NA,20
age,age,5.4,2.62,NA,20,4.1,2.1,NA,21,6.95,0.23,1,19,4.52,2.02,NA,21
agency,agency,5.55,2.35,NA,20,4,1.82,NA,21,6.85,0.49,NA,20,4.1,1.97,NA,21
art,art,6.85,2.06,NA,20,5.05,2.7,NA,20,7,0,NA,20,3.85,2.16,NA,20
baby,baby,7,1.86,NA,20,5.4,2.35,NA,20,7,0,NA,20,5.15,1.76,NA,20
background,background,5.55,1.82,NA,20,4.3,1.75,NA,20,7,0,NA,20,3.8,1.88,NA,20
backstage,backstage,5.7,2.32,NA,20,6.2,2.33,NA,20,6.75,0.79,NA,20,6.35,0.81,NA,20
backup,backup,5.9,1.68,NA,20,5,2.43,NA,20,6.55,0.83,NA,20,4.75,1.92,NA,20
bad,bad,3.7,1.98,NA,20,4.9,2.43,NA,20,6.65,0.93,NA,20,5.3,1.98,NA,20
band,band,6.25,2.24,NA,20,5.65,2.35,NA,20,6.5,1.57,NA,20,5.95,1.39,NA,20
bank,bank,4.25,1.94,NA,20,4.95,2.28,NA,20,6.9,0.45,NA,20,5.47,1.61,1,19
banner,banner,5,1.6,1,19,4.21,2.23,1,19,5.9,1.59,NA,20,4.42,2.27,1,19
baseball,baseball,4.85,2.54,NA,20,4.8,2.53,NA,20,6.9,0.45,NA,20,6.3,0.92,NA,20
bass,bass,4.89,2.13,1,19,4.67,2.42,NA,21,6.81,0.51,NA,21,5.26,1.85,2,19
beach,beach,7.45,1.57,NA,20,4.6,2.54,NA,20,6.95,0.22,NA,20,6.1,1.52,NA,20
beauty,beauty,6.4,1.7,NA,20,4.24,2.21,NA,21,7,0,NA,21,5.1,2.02,NA,21
beer,beer,6.05,2.68,NA,20,4.95,2.5,NA,21,7,0,NA,21,6.67,0.8,NA,21
benefit,benefit,6.3,1.87,NA,20,5.3,2.54,NA,20,7,0,NA,20,3.7,1.72,NA,20
best,best,7,1.45,1,19,5.71,2.47,NA,21,7,0,NA,21,5.52,1.66,NA,21
big,big,5.35,1.63,NA,20,3.95,1.77,NA,21,7,0,NA,21,5.76,1.79,NA,21
bike,bike,7.25,1.8,NA,20,5.43,2.52,NA,21,6.75,0.72,NA,20,6.05,1.12,NA,21
black,black,4.75,1.94,NA,20,3.52,2.09,NA,21,7,0,NA,21,6.19,1.47,NA,21
blockbuster,blockbuster,5.7,1.78,NA,20,5.63,2.52,1,19,6.15,1.23,NA,20,4.37,2.22,1,19
blockchain,blockchain,5,1.03,4,16,4.33,2.72,5,15,4.55,2.33,NA,20,2.71,1.79,3,17
blog,blog,5.2,1.74,NA,20,5.1,1.55,NA,20,6.95,0.22,NA,20,5.5,1.54,NA,20
blogger,blogger,5.1,1.55,NA,20,4.25,2.53,NA,20,6.8,0.52,NA,20,5,2.32,NA,20
blues,blues,5.58,2.01,1,19,3.94,2.51,2,18,6.4,1.27,NA,20,4,1.72,NA,20
bluetooth,bluetooth,5.6,1.54,NA,20,4.29,2.26,NA,21,6.76,0.62,NA,21,5.48,1.99,NA,21
body,body,6.2,1.94,NA,20,5.29,2.47,NA,21,6.95,0.22,NA,20,5.19,1.83,NA,21
book,book,6.65,2.18,NA,20,3.9,2.49,NA,21,6.9,0.31,NA,20,5.76,1.51,NA,21
booking,booking,5.95,1.19,NA,20,4.7,2.6,NA,20,6.9,0.45,NA,20,3.45,1.93,NA,20
boom,boom,5,1.73,1,19,6.55,2.48,NA,20,6.75,0.79,NA,20,4.5,1.82,NA,20
boss,boss,5.3,1.95,NA,20,5.45,2.63,NA,20,7,0,NA,20,4.9,1.71,NA,20
box,box,6.05,2.06,NA,20,4.52,2.46,NA,21,6.95,0.22,NA,20,4.19,1.81,NA,21
brand,brand,5.35,1.73,NA,20,5.4,2.33,NA,20,6.85,0.49,NA,20,5.15,1.79,NA,20
break,break,5.8,2.33,NA,20,4.7,2.7,NA,20,6.95,0.22,NA,20,4.1,2.13,NA,20
bridge,bridge,4.75,2.29,NA,20,4.52,2.09,NA,21,7,0,NA,21,5.95,1.47,NA,21
browser,browser,5.68,1.53,1,19,4.58,2.09,1,19,6.6,0.88,NA,20,6.15,1.5,NA,20
bug,bug,3.89,1.49,1,19,4.86,2.06,NA,21,6.81,0.6,NA,21,5.42,1.89,2,19
business,business,5.75,1.52,NA,20,5.4,2.41,NA,20,7,0,NA,20,4.7,2.03,NA,20
button,button,5.8,2.12,NA,20,4.05,1.96,2,19,6.9,0.31,NA,20,5.38,1.66,NA,21
capital,capital,5.35,1.53,NA,20,4,2.25,1,20,6.76,0.7,NA,21,5.33,1.74,NA,21
cargo,cargo,4.05,1.64,NA,20,5,2.05,1,19,5.6,2.04,NA,20,4.88,1.65,3,17
cast,cast,4.94,1.92,2,18,4.55,2.06,NA,20,6.45,1.39,NA,20,4.95,1.43,1,19
casting,casting,5.68,2.16,1,19,5.2,1.91,NA,20,6.75,0.79,NA,20,4.75,1.74,NA,20
casual,casual,5.95,1.96,NA,20,4.6,2.37,NA,20,7,0,NA,20,4.85,1.53,NA,20
catering,catering,6.1,1.86,NA,20,4.65,2.3,NA,20,6.85,0.67,NA,20,4.8,1.77,NA,20
catwalk,catwalk,5,2.38,NA,20,4.95,2.19,NA,20,5.9,2,NA,20,4.95,2.01,NA,20
cell,cell,4.28,1.93,2,18,4.61,2.15,2,18,6.68,0.75,1,19,5.1,1.92,NA,20
challenge,challenge,5.35,1.57,NA,20,6.6,1.19,NA,20,6.55,1,NA,20,5.1,1.94,NA,20
challenger,challenger,5.68,2.36,1,19,5.9,2.36,NA,20,6.2,1.58,NA,20,5.25,1.62,NA,20
championship,championship,6.2,1.58,NA,20,6.6,1.76,NA,20,6.7,0.66,NA,20,5.6,1.35,NA,20
channel,channel,5.65,1.6,NA,20,4.26,2.05,1,19,6.65,0.81,NA,20,5.35,1.69,NA,20
charter,charter,4.95,1.47,1,19,4.85,1.84,NA,20,6.45,1.23,NA,20,4.78,1.56,2,18
chat,chat,6.7,1.59,NA,20,5.1,1.83,NA,20,7,0,NA,20,4.95,1.39,NA,20
cherry,cherry,7.2,1.91,NA,20,4.67,2.56,NA,21,7,0,NA,20,5.71,1.52,NA,21
chip,chip,4.47,1.74,1,19,4.6,2.37,NA,20,6.25,1.41,NA,20,4.7,1.42,NA,20
cinema,cinema,7.5,1.73,NA,20,5.62,2.27,NA,21,6.65,1.14,NA,20,5.81,1.4,NA,21
city,city,5.75,2.47,NA,20,4.89,2.54,1,19,7,0,NA,20,5.6,1.79,NA,20
classic,classic,5.85,1.73,NA,20,2.65,1.6,NA,20,7,0,NA,20,3.65,1.98,NA,20
cloud,cloud,5.8,2.33,NA,20,2.95,2.37,NA,20,6.5,1.54,NA,20,5.4,1.47,NA,20
club,club,6.2,2.38,NA,20,6.15,2.56,NA,20,6.85,0.49,NA,20,4.9,1.71,NA,20
college,college,4.95,2.58,NA,20,5.55,1.61,NA,20,7,0,NA,20,5.35,1.27,NA,20
color,color,6.05,1.99,NA,20,4.35,2.32,NA,20,7,0,NA,20,4.75,2.51,NA,20
company,company,5.95,2.31,NA,20,5.9,2.25,NA,20,6.95,0.22,NA,20,4.65,1.73,NA,20
confused,confused,4.95,1.9,NA,20,5.2,1.74,NA,20,7,0,NA,20,4.75,2.1,NA,20
cool,cool,6.9,1.74,NA,20,4.5,2.74,NA,20,7,0,NA,20,3.85,1.95,NA,20
copy,copy,5,1.69,NA,20,3.25,1.8,NA,20,6.95,0.22,NA,20,5.75,1.86,NA,20
country,country,6.65,2.01,NA,20,3.9,2.21,NA,21,6.9,0.45,NA,20,4.52,1.57,NA,21
cover,cover,4.8,1.24,NA,20,3.95,1.53,NA,21,6.67,0.86,NA,21,4.9,1.92,1,20
craft,craft,6.58,2.09,1,19,5.38,2.52,NA,21,6.45,1.23,NA,20,3.5,1.54,1,20
cross,cross,5.6,1.73,NA,20,5.65,1.93,NA,20,6.55,1.47,NA,20,3.65,1.93,NA,20
crossover,crossover,6.16,2.22,1,19,5.35,2.18,NA,20,6.95,0.22,NA,20,3.53,1.87,3,17
crowdfunding,crowdfunding,4.93,1.33,5,15,4.8,2.48,5,15,5.65,1.97,3,17,4.94,1.73,2,18
cup,cup,5.32,1.6,1,19,2.9,1.51,NA,21,6.95,0.22,NA,21,5.81,1.72,NA,21
curry,curry,6.21,1.65,1,19,4.47,2.84,1,19,6.55,1.47,NA,20,5.2,1.67,NA,20
dance,dance,6.05,2.28,NA,20,6.9,2.17,NA,20,7,0,NA,20,5.3,1.42,NA,20
dark,dark,4.85,2.3,NA,20,5.25,2.22,NA,20,7,0,NA,20,4.35,2.23,NA,20
deal,deal,5.1,1.86,NA,20,5.95,2.16,NA,20,7,0,NA,20,4.6,1.82,NA,20
deep,deep,5.85,2.08,NA,20,4.05,2.24,NA,20,6.95,0.22,NA,20,4.75,2.12,NA,20
default,default,4.95,2.31,NA,20,5.15,1.69,NA,20,7,0,NA,20,4.55,2.21,NA,20
department,department,5.6,2.46,NA,20,4,1.92,1,20,6.75,0.72,NA,20,4.45,1.93,1,20
design,design,5.9,2.15,NA,20,5.55,1.79,NA,20,7,0,NA,20,4.35,1.87,NA,20
desktop,desktop,5.2,1.64,NA,20,4.67,2.15,NA,21,6.9,0.44,NA,21,6.19,0.93,NA,21
developer,developer,5.25,2.12,NA,20,4.85,1.9,NA,20,6,1.59,NA,20,4.9,2.2,NA,20
digital,digital,6.1,2.07,NA,20,5.3,1.49,NA,20,7,0,NA,20,4.5,2.14,NA,20
disco,disco,6.85,1.57,NA,20,6.75,1.77,NA,20,7,0,NA,20,6.65,0.59,NA,20
display,display,6.05,1.96,NA,20,4.24,1.58,NA,21,6.95,0.22,NA,20,4.71,1.9,NA,21
double,double,6.2,2.19,NA,20,4.9,2,NA,20,7,0,NA,20,4.9,2.1,NA,20
draft,draft,5.68,2.54,1,19,4.4,2.35,1,20,6.6,0.94,NA,20,4.25,1.77,1,20
dream,dream,7.55,1.36,NA,20,4.81,3.12,NA,21,7,0,NA,20,4.05,1.94,NA,21
drive,drive,4.6,1.98,NA,20,6,2.71,NA,20,6.6,0.88,NA,20,4.95,1.93,1,19
driver,driver,6.35,2.06,NA,20,5.33,2.63,NA,21,6.95,0.22,NA,20,5.1,1.89,NA,21
drum,drum,5.32,2.14,1,19,5,1.64,2,18,6.63,1.12,1,19,4.84,2.34,1,19
dual,dual,4.95,1.67,NA,20,4.72,2.19,2,18,6.4,1.57,NA,20,3.95,1.99,NA,20
dub,dub,4.38,2.28,4,16,4.81,2.37,5,16,5.1,2.49,NA,20,4.59,2.12,4,17
e-mail,e-mail,5.7,2,NA,20,5.19,2.25,NA,21,6.95,0.22,NA,20,5.86,1.46,NA,21
ecstasy,ecstasy,4,3.16,1,19,6.85,2.58,NA,20,6.8,0.62,NA,20,5,2.26,1,19
edge,edge,4.58,1.46,1,19,5.32,2.08,1,19,6,1.81,NA,20,5.3,1.84,NA,20
edit,edit,5.45,1.43,NA,20,3.85,2.03,NA,20,6.75,0.64,NA,20,4.85,2.23,NA,20
edition,edition,5.26,0.93,1,19,4.15,2.03,NA,20,6.79,0.54,1,19,4.6,2.26,NA,20
editor,editor,5.7,2.05,NA,20,5.35,1.76,NA,20,6.9,0.45,NA,20,4.65,1.73,NA,20
energy,energy,7.1,2,NA,20,6.85,2.16,NA,20,7,0,NA,20,4.55,2.14,NA,20
engine,engine,5.7,1.95,NA,20,5.75,1.94,NA,20,6.55,1.47,NA,20,4.65,1.87,NA,20
enter,enter,5.85,1.27,NA,20,4.8,2.09,NA,20,6.95,0.22,NA,20,4.32,2.06,1,19
enterprise,enterprise,5.65,1.73,3,17,5.53,2.1,3,17,6.42,1.07,1,19,4.65,1.81,NA,20
entertainment,entertainment,7.1,1.92,NA,20,6,2.32,NA,20,6.45,1.15,NA,20,5.35,1.87,NA,20
event,event,5.65,2.37,NA,20,6.55,1.93,NA,20,6.75,0.79,NA,20,5.15,1.76,NA,20
evergreen,evergreen,6,2.6,NA,20,3.67,2.22,2,18,6.5,1.15,NA,20,5.17,1.38,2,18
exit,exit,6.65,1.93,NA,20,4.67,2.03,NA,21,6.95,0.22,NA,20,5.24,2.12,NA,21
express,express,5.75,2.43,NA,20,6.2,2.09,NA,20,6.7,0.8,NA,20,4.42,1.74,1,19
extra,extra,7.4,2.23,NA,20,6.75,2.24,NA,20,7,0,NA,20,3.9,2.1,NA,20
extreme,extreme,5,2.18,NA,20,6.4,2.89,NA,20,6.65,0.99,NA,20,4.6,1.57,NA,20
fair,fair,6.5,2.06,NA,20,4.76,2.19,NA,21,6.9,0.31,NA,20,3.68,2.03,2,19
fairplay,fairplay,6.63,1.3,1,19,4,2.19,NA,21,6.95,0.22,NA,21,4.67,2.31,NA,21
family,family,7.6,1.7,NA,20,3.95,2.96,NA,21,7,0,NA,21,5.95,1.69,NA,21
fan,fan,6.1,2.13,NA,20,4.6,2.26,NA,20,6.95,0.22,NA,20,5.95,1.73,NA,20
fantasy,fantasy,7,1.62,NA,20,5.75,2.45,NA,20,6.95,0.22,NA,20,3,2.1,NA,20
fashion,fashion,6.25,1.8,NA,20,5.75,2.15,NA,20,6.75,0.64,NA,20,6.2,1.15,NA,20
fat,fat,3.3,1.56,NA,20,5.33,1.85,NA,21,6.9,0.44,NA,21,5.62,1.47,NA,21
fax,fax,5.25,1.83,NA,20,4.2,2.17,NA,20,6.85,0.67,NA,20,5.4,1.7,NA,20
feeling,feeling,6.7,2.13,NA,20,5.24,2.64,NA,21,6.85,0.67,NA,20,3.76,2.32,NA,21
fight,fight,5.5,2.74,NA,20,7.15,1.76,NA,20,7,0,NA,20,5,1.56,NA,20
file,file,5.42,1.98,1,19,4.7,2.41,NA,20,6.95,0.23,1,19,4.65,1.95,NA,20
firewall,firewall,5.25,1.16,NA,20,4.25,2.61,NA,20,6.4,1.57,NA,20,3.89,1.79,1,19
firmware,firmware,3.53,2.26,5,15,4.79,2.58,6,14,3.63,2.63,1,19,5.31,1.93,7,13
first,first,6.05,2.01,NA,20,4.15,2.48,NA,20,6.95,0.22,NA,20,5.8,2.09,NA,20
fitness,fitness,6.45,2.21,NA,20,6.4,2.39,NA,20,6.9,0.31,NA,20,5.95,1.15,NA,20
flash,flash,5.42,1.64,1,19,5.19,2.16,NA,21,6.48,1.12,NA,21,4.76,2.02,NA,21
flat,flat,5.95,2.14,NA,20,3.71,2.37,NA,21,6.85,0.37,NA,20,3.9,1.81,NA,21
folder,folder,6.1,2.02,NA,20,4.45,1.73,NA,20,6.85,0.67,NA,20,5.3,1.84,NA,20
food,food,8,1.65,NA,20,5.1,2.61,NA,20,7,0,NA,20,5.45,1.79,NA,20
football,football,4.95,1.99,NA,20,4.95,2.6,NA,21,6.9,0.45,1,20,6.5,0.83,1,20
frame,frame,5.89,1.88,2,18,3.4,1.76,1,20,6.7,1.13,NA,20,4.55,1.73,1,20
freak,freak,3.84,2.36,1,19,5.32,2.36,1,19,6.8,0.52,NA,20,4.9,2.02,NA,20
free,free,6.55,2.74,NA,20,4.6,3.07,NA,20,6.95,0.22,NA,20,4.25,2.27,NA,20
fresh,fresh,6.5,2.06,NA,20,5.6,2.58,NA,20,6.95,0.22,NA,20,4.6,1.85,NA,20
front,front,4.74,1.56,1,19,4.4,2.01,1,20,6.95,0.22,NA,21,4.57,2.16,NA,21
frontman,frontman,4.84,2.03,1,19,5.79,2.07,1,19,6.6,1.35,NA,20,4.94,1.66,2,18
full,full,5.25,2.38,NA,20,5.05,2.31,NA,20,6.75,0.79,NA,20,4.8,2.14,NA,20
fun,fun,7.55,1.73,NA,20,6.15,2.18,NA,20,7,0,NA,20,3.95,2.16,NA,20
gadget,gadget,5.75,2.29,NA,20,5.05,2.16,NA,20,6.8,0.62,NA,20,4.79,2.04,1,19
game,game,5.95,2.24,NA,20,5.75,2.15,NA,20,7,0,NA,20,4.8,2.17,NA,20
gameplay,gameplay,6.2,2.26,NA,20,5.82,1.78,3,17,6.75,0.91,NA,20,4.76,1.82,3,17
gamer,gamer,6,2.22,NA,20,4.48,2.16,NA,21,6.85,0.49,NA,20,5.95,1.2,NA,21
gaming,gaming,5.3,2.41,NA,20,5.85,2.25,NA,20,7,0,NA,20,4.95,1.54,NA,20
garden,garden,6.75,1.45,NA,20,3.05,2.78,NA,20,7,0,NA,20,5.2,1.51,NA,20
gay,gay,4.85,2.08,NA,20,3.95,1.69,NA,21,6.71,1.31,NA,21,4.7,2.2,1,20
gem,gem,5,2.25,2,18,4.63,2.09,1,19,6.5,1.1,NA,20,3.76,2.11,3,17
girl,girl,6.75,2.53,NA,20,4.52,2.64,NA,21,7,0,NA,21,6.05,1.4,NA,21
goal,goal,6.21,1.78,1,19,6.15,2.64,NA,20,6.95,0.22,NA,20,4.15,2.08,NA,20
gold,gold,6.9,2.49,NA,20,5.48,2.25,NA,21,7,0,NA,20,5.81,1.21,NA,21
golden,golden,6.84,1.71,1,19,5.8,2.04,NA,20,6.85,0.37,NA,20,5.6,1.64,NA,20
grant,grant,5.06,1.48,4,16,4.68,2.5,1,19,5.7,1.72,NA,20,4.38,1.86,4,16
green,green,7.35,1.39,NA,20,4.2,2.69,NA,20,6.95,0.22,NA,20,6.1,1.59,NA,20
grid,grid,5.24,2.19,3,17,4.29,1.98,NA,21,5.05,2.04,NA,20,3.41,1.84,4,17
grill,grill,7.8,1.54,NA,20,5.55,2.33,NA,20,6.75,1.12,NA,20,5.7,2.08,NA,20
group,group,6,2.22,NA,20,4.95,2.35,NA,20,6.75,0.79,NA,20,4.65,1.66,NA,20
gut,gut,4.72,1.99,2,18,4.28,2.49,2,18,5.5,2.44,NA,20,4.71,1.98,6,14
hall,hall,5.15,1.46,NA,20,4.55,1.88,NA,20,6.95,0.23,1,19,5.21,1.47,1,19
happy,happy,8.2,1.28,NA,20,5.71,3.13,NA,21,7,0,NA,21,5.24,2.1,NA,21
hard,hard,5.7,2.11,NA,20,5.85,1.76,NA,20,7,0,NA,20,3.89,2,1,19
hardcore,hardcore,5.7,2.56,NA,20,7.15,1.57,NA,20,6.7,1.34,NA,20,3.65,1.98,NA,20
hardware,hardware,5.2,1.7,NA,20,4.25,2.79,NA,20,6.9,0.45,NA,20,5.2,1.99,NA,20
hashtag,hashtag,4.58,1.87,1,19,4.33,1.98,NA,21,6.86,0.65,NA,21,5.19,2.06,NA,21
hattrick,hattrick,6.2,1.78,5,15,6.53,2.44,1,19,5.05,2.58,NA,20,4.5,2.23,2,18
heavy,heavy,4,1.34,NA,20,5.19,2.11,NA,21,6.95,0.22,NA,21,5.24,1.76,NA,21
hello,hello,7.21,2.12,1,19,3.67,2.5,NA,21,6.9,0.44,NA,21,5.62,1.66,NA,21
help,help,5.1,1.77,NA,20,6.5,2.63,NA,20,7,0,NA,20,4.7,2.05,NA,20
high,high,6.4,1.57,NA,20,6,2.22,NA,20,6.95,0.22,NA,20,5.35,2.03,NA,20
holiday,holiday,7.6,1.98,NA,20,3.8,3.16,NA,20,6.85,0.49,NA,20,4.25,1.8,NA,20
home,home,7.55,1.5,NA,20,3.35,2.7,NA,20,7,0,NA,20,6.1,1.45,NA,20
horror,horror,4.15,2.21,NA,20,7.35,1.84,NA,20,7,0,NA,20,4.6,1.85,NA,20
hot,hot,6.05,2.33,NA,20,6.7,2.58,NA,20,7,0,NA,20,5.15,2.16,NA,20
house,house,7.05,2.14,NA,20,3.4,2.41,NA,20,6.8,0.7,NA,20,5.95,1.64,NA,20
image,image,5.45,2.09,NA,20,4.35,1.79,NA,20,6.85,0.49,NA,20,4.55,2.09,NA,20
inbox,inbox,5.6,2.23,NA,20,5.2,1.64,NA,20,7,0,NA,20,5.7,1.66,NA,20
indie,indie,5.78,1.73,2,18,4.5,2.42,NA,20,5.74,1.79,1,19,2.94,1.43,3,17
influencer,influencer,3.9,2.22,NA,20,4.45,2.54,NA,20,6.85,0.67,NA,20,3.6,2.14,NA,20
interview,interview,5.9,1.8,NA,20,5.7,1.81,NA,20,7,0,NA,20,5.85,1.63,NA,20
jackpot,jackpot,6.55,1.82,NA,20,6.8,2.24,NA,20,6.95,0.22,NA,20,6.3,0.92,NA,20
jam,jam,5.89,2.45,2,18,4.29,2.45,NA,21,5.65,2.21,NA,20,3.95,1.88,NA,21
jazz,jazz,5.95,1.88,NA,20,4.2,2.48,NA,20,6.75,1.12,NA,20,6.25,1.33,NA,20
jeans,jeans,6.1,1.74,NA,20,4.1,2.53,NA,20,6.65,1.35,NA,20,5.95,1.43,NA,20
job,job,5.3,1.98,NA,20,5.35,2.74,NA,20,6.95,0.22,NA,20,4.55,1.88,NA,20
joint,joint,5.4,2.58,NA,20,4.9,3.21,NA,21,6.67,0.86,NA,21,5.95,1.56,NA,21
joker,joker,5.75,2.24,NA,20,5.9,2.57,NA,20,6.85,0.49,NA,20,5.1,1.62,NA,20
jumbo,jumbo,5.75,2.15,NA,20,5.5,2.16,1,20,7,0,NA,20,4.24,1.61,NA,21
kick,kick,4.47,1.84,1,19,5.4,1.9,NA,20,6.25,1.41,NA,20,5.15,1.79,NA,20
kickboxing,kickboxing,5.05,2.24,NA,20,6.26,2.16,1,19,6.8,0.62,NA,20,6.45,1,NA,20
kiss,kiss,7.6,1.5,NA,20,6.19,2.89,NA,21,7,0,NA,21,6.14,1.28,NA,21
laptop,laptop,5.8,2.02,NA,20,4.75,1.94,NA,20,6.95,0.22,NA,20,6.5,1.19,NA,20
leasing,leasing,5.21,1.93,1,19,4.2,1.96,NA,20,5.45,2.06,NA,20,4.78,1.77,2,18
level,level,5.95,1.93,NA,20,4.19,1.94,NA,21,6.7,1.34,NA,20,3.95,1.86,NA,21
life,life,7.15,2.25,NA,20,5.43,2.94,NA,21,6.9,0.45,NA,20,4.29,2.17,NA,21
lifestyle,lifestyle,6.15,2.5,NA,20,3.95,2.48,NA,20,6.65,0.88,NA,20,4.8,2.12,NA,20
light,light,6.85,1.87,NA,20,4.3,2.32,NA,20,7,0,NA,20,3.85,2.03,NA,20
like,like,6.55,2.21,NA,20,5.2,2.65,NA,20,6.9,0.31,NA,20,4.8,2.26,NA,20
link,link,5.3,2,NA,20,4.6,2.33,NA,20,6.8,0.7,NA,20,5.9,1.59,NA,20
live,live,7,1.75,NA,20,5.9,2.36,NA,21,6.95,0.22,NA,20,4.24,1.79,NA,21
look,look,4.8,2.12,NA,20,4.2,2.17,NA,20,6.8,0.89,NA,20,4.25,1.55,NA,20
lounge,lounge,6.26,1.15,1,19,3.32,2.43,1,19,6.35,1.27,NA,20,3.74,1.94,1,19
magic,magic,7.15,1.9,NA,20,5,2.7,NA,20,6.84,0.69,1,19,4,2.18,NA,20
mail,mail,5.25,1.86,NA,20,5.35,2.13,NA,20,7,0,NA,20,5.4,1.7,NA,20
mainstream,mainstream,5.65,1.76,NA,20,4.53,1.71,1,19,6.1,1.74,NA,20,4.8,2.04,NA,20
makeover,makeover,6,1.86,NA,20,4.8,2.35,NA,20,6.9,0.31,NA,20,3.95,1.82,NA,20
management,management,4.35,1.9,NA,20,4.9,2.1,NA,20,6.65,1.09,NA,20,4.65,1.95,NA,20
manager,manager,4.9,1.65,NA,20,5.58,2.43,1,19,7,0,NA,20,5.4,2.01,NA,20
mass,mass,4.95,1.99,1,19,5.05,2.14,NA,20,6.15,1.73,NA,20,3.44,1.89,2,18
master,master,5.7,1.78,NA,20,4.95,2.04,1,20,6.9,0.3,NA,21,4.85,2.16,1,20
masterplan,masterplan,5.74,1.82,1,19,5.32,2.21,1,19,6.42,1.07,1,19,5.4,1.82,NA,20
matrix,matrix,5.05,2.39,NA,20,5.26,1.97,1,19,5.35,1.84,NA,20,3.53,1.9,1,19
messenger,messenger,5.95,2.33,NA,20,5,1.97,NA,20,7,0,NA,20,5.15,1.73,NA,20
mirror,mirror,5.15,2.32,NA,20,4.4,2.3,NA,20,6.85,0.67,NA,20,6.35,1.18,NA,20
miss,miss,5.15,2.06,NA,20,4.62,2.67,NA,21,6.9,0.3,NA,21,5.76,1.58,NA,21
mister,mister,4.63,1.83,1,19,4.1,2.05,NA,21,6.81,0.68,NA,21,5.4,1.6,1,20
mobbing,mobbing,3.11,2.08,1,19,5.47,2.65,2,19,6.24,1.73,NA,21,5.24,1.76,NA,21
monitor,monitor,5.1,1.59,NA,20,4.7,2.34,NA,20,6.9,0.31,NA,20,5.9,1.59,NA,20
monitoring,monitoring,4.56,1.89,2,18,5.25,1.52,NA,20,6.84,0.37,1,19,4.6,1.76,NA,20
moody,moody,3.9,1.8,NA,20,4.2,2.38,NA,20,6.25,1.62,NA,20,4.75,1.45,NA,20
muffin,muffin,7.65,1.76,NA,20,3.9,2.99,NA,20,7,0,NA,20,5.9,1.29,NA,20
multiplayer,multiplayer,6.55,2.11,NA,20,4.67,2.61,NA,21,6.9,0.45,NA,20,4.29,1.9,NA,21
music,music,7.45,2.31,NA,20,6.3,2.99,NA,20,6.65,1.35,NA,20,5.9,1.29,NA,20
name,name,5.7,1.63,NA,20,3.62,1.8,NA,21,7,0,NA,21,5.33,1.8,NA,21
national,national,6.2,1.2,NA,20,4.3,2.27,NA,20,6.95,0.22,NA,20,4.75,1.77,NA,20
nature,nature,7.42,1.77,1,19,3.38,2.54,NA,21,6.95,0.22,NA,21,5.43,1.63,NA,21
net,net,5.8,2.42,NA,20,4.85,1.69,NA,20,7,0,NA,20,4.45,1.85,NA,20
network,network,5.5,2.06,NA,20,4.5,2.04,NA,20,6.6,1.19,NA,20,4.42,2.19,1,19
never,never,4.2,2.12,NA,20,5.4,1.7,NA,20,7,0,NA,20,4.11,2.35,2,18
new,new,6.95,1.68,1,19,6.14,2.08,NA,21,7,0,NA,21,5.38,2.01,NA,21
news,news,6.1,2.31,NA,20,5.95,2.33,NA,21,6.95,0.22,NA,20,4.57,1.86,NA,21
newsletter,newsletter,5.21,1.93,1,19,4.42,2.01,1,19,6.6,0.88,NA,20,5.85,1.76,NA,20
nick,nick,5.05,2.53,1,19,4.45,2.42,NA,20,6.2,1.64,NA,20,3.55,2.28,NA,20
night,night,6.4,1.73,NA,20,3.76,2.34,NA,21,7,0,NA,21,6.29,1.55,NA,21
note,note,4.95,1.96,NA,20,3.1,1.83,NA,20,6.5,1.57,NA,20,5,1.86,NA,20
offroad,offroad,6.35,1.69,NA,20,4.9,3.14,NA,20,6.3,1.38,NA,20,4.47,1.78,1,19
offshore,offshore,4.5,2.31,NA,20,4.7,2.3,1,20,5.95,1.69,NA,21,4.72,2.02,3,18
oil,oil,5.25,2.47,NA,20,4.9,2.55,NA,21,6.85,0.37,NA,20,5.33,1.68,NA,21
old,old,4,1.91,1,19,3.38,1.91,NA,21,7,0,NA,21,6.05,1.53,NA,21
online,online,6.35,2.48,NA,20,4.38,1.53,NA,21,7,0,NA,20,4.33,2.15,NA,21
open,open,6.6,1.98,NA,20,4.8,2.24,NA,20,7,0,NA,20,4.4,2.04,NA,20
outdoor,outdoor,6.6,1.88,NA,20,4.85,3.05,NA,20,7,0,NA,20,4.4,2.14,NA,20
outfit,outfit,7.1,1.86,NA,20,5.3,2.11,NA,20,7,0,NA,20,5.1,1.89,NA,20
outlet,outlet,6.2,1.96,NA,20,5.05,2.61,NA,20,6.75,0.72,NA,20,4.2,1.82,NA,20
outsourcing,outsourcing,4.39,1.82,2,18,4.94,1.55,3,18,5.9,1.61,NA,21,4.89,2.08,3,18
pack,pack,5.5,1.1,4,16,4.06,1.76,2,18,6.1,1.52,NA,20,4.79,1.9,1,19
page,page,4.6,1.85,NA,20,4.15,2.3,NA,20,6.9,0.31,NA,20,6.1,1.25,NA,20
party,party,7.2,1.91,NA,20,7,1.84,NA,21,7,0,NA,21,6.14,1.35,NA,21
patch,patch,5.17,1.92,2,18,4.89,2.35,1,19,6.4,1.5,NA,20,4.59,1.84,3,17
people,people,5.65,2.28,NA,20,5.32,2.52,1,19,6.9,0.31,NA,20,4.95,1.88,NA,20
performance,performance,5.85,1.98,NA,20,6.57,1.75,NA,21,6.71,0.9,NA,21,5.14,1.82,NA,21
phone,phone,5.25,1.8,NA,20,5.6,2.58,NA,20,7,0,NA,20,5.45,1.96,NA,20
photo,photo,6.55,1.76,NA,20,4.45,2.5,NA,20,6.95,0.22,NA,20,6.1,1.65,NA,20
pick,pick,5.05,2.06,NA,20,5.42,1.57,1,19,7,0,NA,20,3.95,2.01,1,19
pink,pink,6.4,2.01,NA,20,5.35,2.16,NA,20,7,0,NA,20,5.8,1.47,NA,20
pixel,pixel,5.05,2.21,NA,20,3.63,2.41,1,19,6.15,1.69,NA,20,5.9,1.12,NA,20
play,play,6.6,2.09,NA,20,5.19,1.99,NA,21,6.95,0.22,NA,20,4.1,2.07,NA,21
playboy,playboy,5.4,2.72,NA,20,6.55,2.14,NA,20,6.75,0.79,NA,20,4.9,1.86,NA,20
player,player,4.9,2.25,NA,20,5.6,1.98,NA,20,6.75,0.55,NA,20,4.9,1.77,NA,20
playmaker,playmaker,6.06,1.73,2,18,4.81,2.44,NA,21,6.38,1.43,NA,21,5.24,1.89,NA,21
playoff,playoff,6.05,2.26,NA,20,5.05,2.32,2,19,6.15,1.63,NA,20,4.39,1.79,3,18
point,point,5.37,1.07,1,19,3.75,1.97,NA,20,6.8,0.52,NA,20,5.05,2.33,NA,20
port,port,6.11,1.76,1,19,4.65,1.9,NA,20,6.25,1.45,NA,20,4.75,1.62,NA,20
post,post,6.2,2.09,NA,20,4.38,1.75,NA,21,6.95,0.22,NA,20,4.55,1.88,1,20
power,power,6.85,1.09,NA,20,6.35,1.66,NA,20,6.9,0.45,NA,20,4.5,1.99,NA,20
prepaid,prepaid,5.7,2.03,NA,20,4.95,2.04,NA,20,6.47,1.43,1,19,5.6,1.47,NA,20
press,press,4.4,1.14,NA,20,4.81,2.32,NA,21,6.67,0.97,NA,21,5.48,1.78,NA,21
project,project,5.5,1.88,NA,20,5.45,2.04,NA,20,6.75,0.79,NA,20,4.65,2.01,NA,20
pub,pub,7.3,2.23,NA,20,6.25,2.4,NA,20,6.95,0.22,NA,20,6.15,1.18,NA,20
punk,punk,5.3,2.47,NA,20,6.05,1.96,1,20,6.65,1.14,NA,20,4.9,1.92,NA,21
queer,queer,4.95,1.68,1,19,5.39,2.43,2,18,6.2,1.67,NA,20,3.78,1.99,2,18
race,race,6.3,2.11,NA,20,5.4,2.41,NA,20,6.7,0.98,NA,20,3.79,1.81,1,19
racing,racing,5.6,2.3,NA,20,6.67,2.11,NA,21,6.95,0.22,NA,21,5.52,1.4,NA,21
rally,rally,5.78,1.86,2,18,5.47,2.48,1,19,5.45,2.04,NA,20,4.74,1.94,1,19
ranking,ranking,5.11,2.47,2,18,5.45,1.82,1,20,6.5,1.4,NA,20,3.58,1.61,2,19
real,real,5.9,2.25,NA,20,6,2.05,NA,20,7,0,NA,20,3.7,2.11,NA,20
reality,reality,5.4,1.9,NA,20,5.95,2.06,NA,20,6.9,0.45,NA,20,4.25,2.12,NA,20
reggae,reggae,5.67,2.35,2,18,2.63,1.67,5,16,5.89,2,1,19,5.1,1.84,NA,21
remake,remake,5.94,1.59,2,18,5.35,2.13,NA,20,6.8,0.7,NA,20,4.7,1.81,NA,20
research,research,5.16,2.32,1,19,5,2.1,NA,20,6.65,0.99,NA,20,5.4,1.57,NA,20
resort,resort,7.2,1.47,NA,20,3.7,2.43,NA,20,6.6,0.82,NA,20,4.6,1.67,NA,20
road,road,6.55,1.82,NA,20,4.48,2.56,NA,21,7,0,NA,20,5.52,1.5,NA,21
roaming,roaming,4.5,1.99,NA,20,4.32,1.92,1,19,6.7,0.66,NA,20,4.15,1.84,NA,20
rock,rock,6.8,2.31,NA,20,7.1,2.05,NA,20,6.75,0.91,NA,20,5.6,1.54,NA,20
rocker,rocker,6.2,1.67,NA,20,6.25,2.07,NA,20,6.85,0.37,NA,20,5.53,1.98,1,19
roll,roll,5.35,0.99,NA,20,3.65,2.08,NA,20,6.4,1.5,NA,20,3.16,1.86,1,19
rookie,rookie,4.29,1.61,3,17,4.24,2.22,3,17,5.1,2.43,NA,20,4.94,1.95,4,16
room,room,5.58,1.5,1,19,3.75,2.71,NA,20,6.85,0.49,NA,20,4.8,2.04,NA,20
rose,rose,7,1.89,NA,20,4.25,2.45,NA,20,6.6,0.88,NA,20,4.7,2.08,NA,20
roster,roster,5,1.68,2,18,4.13,2.03,4,16,5.1,2.38,NA,20,4.07,2.34,6,14
router,router,5.35,2.11,NA,20,4.65,1.66,NA,20,6.7,1.13,NA,20,5.15,1.69,NA,20
royal,royal,6.5,1.54,2,18,4.8,2.78,NA,20,6.6,0.82,NA,20,5.7,1.38,NA,20
save,save,5.15,1.73,NA,20,4.29,2.31,NA,21,6.95,0.22,NA,21,4.71,2.05,NA,21
science,science,5.95,1.9,NA,20,5.2,2.09,NA,20,6.95,0.22,NA,20,4.65,2.16,NA,20
screenshot,screenshot,5.21,1.51,1,19,4.52,1.94,NA,21,7,0,NA,21,6.52,1.03,NA,21
search,search,5.05,1.73,NA,20,4,2.05,NA,20,6.95,0.22,NA,20,4.4,2.33,NA,20
secret,secret,5.1,2.05,NA,20,6.4,1.96,NA,20,7,0,NA,20,4.75,1.92,NA,20
security,security,6.1,2.2,NA,20,5,1.82,NA,21,6.9,0.31,NA,20,4.57,1.78,NA,21
selfie,selfie,5.75,1.37,NA,20,5.35,2.41,NA,20,6.79,0.71,1,19,5.9,1.33,NA,20
sentiment,sentiment,5.95,2.07,1,19,3.95,2.31,NA,20,6.45,1.43,NA,20,4.4,2.14,NA,20
server,server,5.2,1.7,NA,20,4.67,1.93,NA,21,6.76,0.62,NA,21,5.48,1.72,NA,21
session,session,5.9,2.63,NA,20,5,2.33,2,19,6.9,0.31,NA,20,3.9,1.7,NA,21
sex,sex,8,1.3,NA,20,7.2,2.35,NA,20,7,0,NA,20,6.85,0.67,NA,20
sexy,sexy,6.8,1.61,NA,20,7.29,2.05,NA,21,7,0,NA,21,5.14,2.01,NA,21
shit,shit,6,2.94,NA,20,5.85,1.98,NA,20,7,0,NA,20,4.35,2.32,NA,20
shop,shop,6.8,2.26,NA,20,5.05,2.06,NA,20,7,0,NA,20,5,1.69,NA,20
shopping,shopping,6.4,1.9,NA,20,5.8,2.26,NA,20,7,0,NA,20,6.5,0.76,NA,20
show,show,6.3,1.78,NA,20,6.1,1.74,NA,20,6.9,0.45,NA,20,4.9,1.89,NA,20
silver,silver,6.6,1.43,NA,20,4.79,2.25,1,19,6.95,0.22,NA,20,5.65,1.69,NA,20
single,single,4.3,2.25,NA,20,4.45,2.46,NA,20,6.8,0.89,NA,20,4.9,1.94,NA,20
site,site,5.17,1.62,2,18,3.89,1.94,1,19,6.45,1.43,NA,20,5.45,2.26,NA,20
size,size,4.95,1.1,NA,20,4.2,2.04,NA,20,6.9,0.45,NA,20,4.58,1.92,1,19
ski,ski,5.65,1.31,NA,20,4.42,2.69,1,19,6.7,0.8,NA,20,4.26,1.59,1,19
skin,skin,4.9,2.38,NA,20,3.4,1.54,NA,20,6.7,0.66,NA,20,6.4,0.99,NA,20
sky,sky,7,1.41,NA,20,2.75,1.97,NA,20,6.9,0.31,NA,20,5.75,1.74,NA,20
smart,smart,6.6,1.47,NA,20,5.25,2,NA,20,6.85,0.49,NA,20,5.4,1.9,NA,20
smartphone,smartphone,6.5,1.99,NA,20,4.71,2.55,NA,21,7,0,1,19,6.19,1.17,NA,21
smoothie,smoothie,6.25,1.86,NA,20,3.52,2.44,NA,21,7,0,NA,21,6.38,0.97,NA,21
snowboard,snowboard,5.9,1.37,NA,20,5.25,2.67,NA,20,7,0,NA,20,5.6,1.79,NA,20
soft,soft,6.11,1.76,1,19,2.14,1.71,NA,21,7,0,NA,21,5.33,1.85,NA,21
software,software,5.35,1.57,NA,20,4.6,1.9,NA,20,6.84,0.69,1,19,4.25,1.8,NA,20
sorry,sorry,4.7,2.3,NA,20,4.8,2.63,NA,20,6.95,0.22,NA,20,4.95,2.21,NA,20
soul,soul,6.89,1.88,1,19,5.45,2.65,NA,20,7,0,NA,20,4.6,1.98,NA,20
soundtrack,soundtrack,6,2.34,NA,20,5.15,2.43,NA,20,6.8,0.52,NA,20,5.3,1.75,NA,20
spa,spa,6.3,2.39,NA,20,2.75,2.38,NA,20,6.9,0.45,NA,20,6.25,0.91,NA,20
space,space,6.26,1.76,1,19,4.95,2.27,1,19,6.85,0.49,NA,20,4.75,2.31,NA,20
spam,spam,3.89,2.77,1,19,5.4,2.21,NA,20,6.7,1.34,NA,20,5.6,1.43,NA,20
speed,speed,5.55,2.28,NA,20,7.25,2.05,NA,20,6.65,1.09,NA,20,4.9,2.1,NA,20
spice,spice,6.1,1.55,NA,20,5.81,2.2,NA,21,6.85,0.37,NA,20,4.75,1.74,1,20
spin,spin,4.85,1.98,NA,20,4.95,2.01,1,19,6.35,1.42,NA,20,3.94,1.73,2,18
stage,stage,6.3,2.15,NA,20,5.05,2.27,NA,21,6.75,0.79,NA,20,5.14,1.71,NA,21
standstill,standstill,4.76,1.56,3,17,3.88,2.03,3,17,4.89,2.23,1,19,4.39,1.75,2,18
stick,stick,5.25,1.68,NA,20,3.9,2.31,NA,20,6.8,0.89,NA,20,4.42,1.92,1,19
store,store,5.45,2.24,NA,20,5.25,1.52,NA,20,7,0,NA,20,4.9,2.05,NA,20
story,story,6.05,1.9,NA,20,6,2.15,NA,20,6.95,0.22,NA,20,4.55,2.19,NA,20
stream,stream,5.5,1.57,NA,20,4.75,2.55,NA,20,6.6,1.27,NA,20,3.95,1.85,NA,20
streaming,streaming,5.6,1.47,NA,20,4.45,2.33,NA,20,6.8,0.7,NA,20,4.15,1.73,NA,20
street,street,5.85,1.76,NA,20,4.8,2.26,NA,20,7,0,NA,20,5.4,1.98,NA,20
style,style,6.45,1.7,NA,20,5.45,2.65,NA,20,6.9,0.45,NA,20,3.35,2.25,NA,20
styling,styling,6.05,1.7,NA,20,4.95,2.67,NA,20,6.85,0.67,NA,20,3.74,2.18,1,19
summit,summit,5.74,1.82,1,19,5.15,1.76,NA,20,6.45,1.47,NA,20,4.4,1.88,NA,20
sun,sun,6.9,2.43,NA,20,5.8,2.71,NA,20,7,0,NA,20,5.05,2.37,NA,20
swing,swing,5.78,1.8,2,18,4.94,2.44,2,18,6.05,1.32,NA,20,4.65,2.01,NA,20
system,system,4.95,1.19,NA,20,4.55,2.56,NA,20,7,0,NA,20,3.2,1.96,NA,20
tab,tab,5.5,1.99,NA,20,3.45,2.06,1,20,6.4,1.5,NA,20,4.63,1.8,2,19
tablet,tablet,5.9,1.62,NA,20,3.75,2.27,NA,20,7,0,NA,20,5.8,1.47,NA,20
tag,tag,5.1,2.15,NA,20,4.63,1.34,1,19,6.85,0.67,NA,20,4.37,1.67,1,19
taxi,taxi,5.6,1.82,NA,20,5.05,1.9,NA,20,7,0,NA,20,6.15,1.18,NA,20
team,team,6.16,1.77,1,19,4.71,2.19,NA,21,7,0,NA,21,5.48,1.5,NA,21
teambuilding,teambuilding,6.35,1.93,NA,20,5.8,2.14,NA,20,6.75,0.64,NA,20,6,1.84,NA,20
tech,tech,6,2.18,NA,20,4.72,1.6,2,18,6.63,1.38,1,19,4,1.56,1,19
techno,techno,5.9,2.49,NA,20,4.9,2.72,NA,21,6.8,0.41,NA,20,4.76,1.81,NA,21
teen,teen,5.65,2.41,NA,20,5.05,2.33,NA,20,6.65,1.18,NA,20,5.6,1.73,NA,20
tender,tender,5.83,2.04,2,18,3.79,2.35,1,19,6.35,1.46,NA,20,5.24,2.11,3,17
text,text,5.3,1.13,NA,20,3.7,2.3,NA,20,6.85,0.49,NA,20,4.2,1.91,NA,20
thread,thread,5.21,1.18,1,19,4.32,1.97,1,19,6.1,1.74,NA,20,4,1.91,2,18
topic,topic,5.35,0.75,NA,20,4.8,2.44,NA,20,6.85,0.37,NA,20,3.84,2.14,1,19
touch,touch,6.1,2.31,NA,20,5.5,2.67,NA,20,6.65,1.35,NA,20,4.4,2.11,NA,20
tour,tour,6.5,2.28,NA,20,5.63,2.48,2,19,6.95,0.22,NA,20,4.29,1.74,NA,21
trade,trade,4.85,1.76,NA,20,5.2,1.96,NA,20,7,0,NA,20,4.75,1.68,NA,20
trail,trail,5.83,1.95,2,18,5.15,2.46,NA,20,6.7,0.8,NA,20,4.53,1.84,1,19
trailer,trailer,6.2,1.67,NA,20,6.21,2.1,1,19,6.95,0.22,NA,20,5.3,1.69,NA,20
trap,trap,3.95,2.2,1,19,5.35,1.93,1,20,6.65,0.99,1,20,5.15,2.01,1,20
trash,trash,4,2.22,NA,20,4.76,2.59,NA,21,6.95,0.22,NA,20,4.57,1.75,NA,21
travel,travel,7.2,2.33,NA,20,6.25,2.79,NA,20,6.75,0.79,NA,20,5.45,1.99,NA,20
trip,trip,6.25,2.84,NA,20,6.14,2.22,NA,21,6.65,1.35,NA,20,4.43,1.43,NA,21
tuning,tuning,5.63,1.63,4,16,4.89,1.78,2,18,5.95,1.7,NA,20,4.89,1.85,1,19
tutorial,tutorial,5.3,1.95,NA,20,4.4,2.06,NA,20,6.6,1.1,NA,20,5.85,1.39,NA,20
twin,twin,5.4,1.23,NA,20,4.19,2.18,NA,21,6.81,0.87,NA,21,5.7,1.72,1,20
underground,underground,4.8,2.5,NA,20,5.8,2.21,NA,20,6.7,0.98,NA,20,4.84,1.89,1,19
update,update,5.25,2.07,NA,20,4.55,2.14,NA,20,6.7,0.98,NA,20,4.6,1.9,NA,20
uploadati,uploadati,6,2.05,NA,20,5.2,2.07,NA,20,6.9,0.45,NA,20,5.2,1.67,NA,20
vintage,vintage,6.3,1.45,NA,20,4.35,3.18,NA,20,6.85,0.49,NA,20,4.2,2.02,NA,20
vision,vision,6,1.78,NA,20,5.05,2.29,NA,21,6.76,0.7,NA,21,5.05,2.2,NA,21
wall,wall,5.9,2.07,NA,20,4,1.79,NA,21,6.9,0.31,NA,20,4.86,1.59,NA,21
watch,watch,5.95,1.39,NA,20,4.75,2.73,NA,20,6.95,0.22,NA,20,4.2,1.79,NA,20
web,web,6.1,2.43,NA,20,5.15,2.13,NA,20,6.65,1.18,NA,20,6,1.26,NA,20
webshop,webshop,6.2,1.94,NA,20,4.9,2.19,NA,21,6.95,0.22,NA,20,5.52,1.72,NA,21
website,website,5,1.52,NA,20,4.29,1.76,NA,21,6.95,0.22,NA,21,6.05,1.2,NA,21
wellness,wellness,6.75,2.02,NA,20,3.76,2.47,NA,21,6.62,1.16,NA,21,5.38,1.75,NA,21
western,western,4.65,2.01,NA,20,4,1.64,NA,21,6.95,0.22,NA,21,5.33,1.83,NA,21
white,white,5.85,1.5,NA,20,3.25,2.15,NA,20,7,0,NA,20,4.75,2.24,NA,20
wild,wild,6.63,2.06,1,19,6.9,2.38,NA,20,7,0,NA,20,4.6,2.21,NA,20
winter,winter,6,1.84,NA,20,3.7,2.56,NA,20,7,0,NA,20,5.7,1.98,NA,20
wireless,wireless,6.3,1.56,NA,20,4.05,2.5,1,19,6.95,0.22,NA,20,5.55,1.54,NA,20
wonder,wonder,6.3,1.81,NA,20,5.55,2.42,NA,20,6.2,1.4,NA,20,4.6,2.23,NA,20
world,world,6.95,1.32,NA,20,5.35,2.76,NA,20,6.95,0.22,NA,20,3.7,2.23,NA,20
wow,wow,6.6,2.37,NA,20,6.2,2.63,NA,20,6.25,1.71,NA,20,4.05,2.24,NA,20
youtuber,youtuber,5.35,2.6,NA,20,4.95,2.36,NA,21,6.9,0.31,NA,20,5.52,1.44,NA,21
zero,zero,4.6,1.31,NA,20,3.65,2.43,NA,20,6.9,0.45,NA,20,4.35,2.23,NA,20
account,račun,3.8,1.88,NA,20,5.15,2.23,NA,20,7,0,NA,20,6.6,1.14,NA,20
age,starenje,3.95,2.58,NA,20,5.25,2.51,NA,20,6.5,1.54,NA,20,5.7,1.34,NA,20
agency,agencija,4.6,1.35,NA,20,4.75,2.75,NA,20,6.85,0.67,NA,20,5.3,1.34,NA,20
art,umjetnost,7.3,1.42,NA,20,4.2,2.44,NA,20,7,0,NA,20,5.95,1.67,NA,20
baby,beba,7.35,1.79,NA,20,4.95,2.52,NA,20,7,0,NA,20,6.85,0.88,NA,20
background,pozadina,4.95,1.47,NA,20,3.1,1.79,NA,21,6.95,0.22,NA,21,5.24,1.79,NA,21
backstage,zapozorje,4.33,1.54,5,15,5.21,2.91,6,14,4.16,2.81,1,19,5.06,1.8,2,18
bad,loš,2.8,1.85,NA,20,5.45,2.56,NA,20,6.95,0.22,NA,20,5.1,2.4,NA,20
band,grupa,5.26,1.41,1,19,4.33,1.62,NA,21,6.95,0.22,NA,21,5.67,1.8,NA,21
bank,banka,4.85,2.41,NA,20,4.81,2.06,NA,21,7,0,NA,21,6.24,0.94,NA,21
baseball,bejzbol,5.75,2.12,NA,20,4.29,2.24,NA,21,6.9,0.31,NA,20,6.43,0.75,NA,21
bass,bas,5.8,2.31,NA,20,4.65,2.54,1,20,6.68,0.75,1,19,4.43,1.78,NA,21
beach,plaža,7.75,1.55,NA,20,4.1,3.02,NA,20,7,0,NA,20,6.1,1.45,NA,20
beauty,ljepota,7.4,1.88,NA,20,5.86,2.73,NA,21,7,0,NA,20,4.19,1.97,NA,21
beer,pivo,6.35,2.64,NA,20,6.29,2.45,NA,21,6.95,0.22,NA,20,6.48,0.75,NA,21
benefit,povlastica,5.35,2.01,NA,20,5.6,2.48,NA,20,6.9,0.45,NA,20,5.55,1.5,NA,20
best,najbolji,7.75,1.55,NA,20,4.9,2.57,NA,20,7,0,NA,20,5.25,2.02,NA,20
big,velik,6.4,1.6,NA,20,5.2,2.63,NA,20,6.95,0.22,NA,20,5.8,1.7,NA,20
bike,bicikl,6.45,2.19,NA,20,5.35,1.93,NA,20,7,0,NA,20,6.5,0.95,NA,20
black,crn,5.75,2.69,NA,20,4.75,2.83,NA,20,6.85,0.67,NA,20,6.4,1.31,NA,20
body,tijelo,6.55,1.47,NA,20,5.4,2.76,NA,20,7,0,NA,20,5.75,1.89,NA,20
book,knjiga,7.25,1.83,NA,20,2.5,2.16,NA,20,6.75,1.12,NA,20,6.1,1.12,NA,20
boom,procvat,6.65,2.23,NA,20,4.52,2.69,NA,21,6.48,1.4,NA,21,4.86,2.06,NA,21
boss,šef,4.55,2.06,NA,20,5.4,2.46,NA,20,7,0,NA,20,6.8,0.83,NA,20
box,kutija,5.25,1.29,NA,20,4.05,2.21,NA,20,7,0,NA,20,6.45,1.36,NA,20
break,pauza,6.85,1.5,NA,20,4.5,3.02,NA,20,6.95,0.22,NA,20,4.7,2.05,NA,20
bridge,bridž,5.28,1.41,2,18,3.7,2.27,NA,20,6.5,1.05,NA,20,4.74,1.88,1,19
browser,preglednik,5.75,2,NA,20,4.2,1.99,NA,20,7,0,NA,20,5.95,1.39,NA,20
bug,pogreška,4.05,1.43,NA,20,5.45,2.33,NA,20,7,0,NA,20,5.8,1.94,NA,20
business,biznis,6.55,2.24,NA,20,6.24,1.34,NA,21,6.8,0.89,NA,20,4.19,1.97,NA,21
button,tipka,5.4,1.23,NA,20,4.05,2.33,NA,20,6.95,0.22,NA,20,5.8,1.58,NA,20
capital,kapital,4.85,1.9,NA,20,5.5,2.19,NA,20,7,0,NA,20,5.65,1.39,NA,20
cargo,teret,4.4,2.39,NA,20,4.57,2.38,NA,21,6.9,0.45,NA,20,4.76,1.67,NA,21
casual,ležeran,6.42,2.55,1,19,2.45,1.9,NA,20,6.65,0.99,NA,20,5.1,1.68,NA,20
cell,ćelija,4.1,2.81,NA,20,4.67,2.35,NA,21,6.75,0.91,NA,20,4.76,1.48,NA,21
challenge,izazov,6.15,1.6,NA,20,6.3,2.2,NA,20,7,0,NA,20,4.95,1.7,NA,20
challenger,izazivač,4.95,1.5,NA,20,5.95,2.24,NA,20,6.85,0.37,NA,20,5.6,1.5,NA,20
championship,prvenstvo,6.3,1.98,NA,20,5.35,2.06,NA,20,7,0,NA,20,5.25,1.25,NA,20
channel,kanal,4.85,1.23,NA,20,3.9,2.29,NA,20,6.95,0.22,NA,20,4.1,1.89,NA,20
chat,čavrljanje,6.25,2.1,NA,20,5.45,2.14,NA,20,7,0,NA,20,5.85,1.14,NA,20
cherry,trešnja,6.95,1.82,NA,20,4.8,2.5,NA,20,7,0,NA,20,6.7,0.8,NA,20
chip,čip,5.15,1.46,NA,20,4.05,2.19,NA,20,6.84,0.5,1,19,5.9,1.25,NA,20
cinema,kino,7.35,1.46,NA,20,4.52,2.79,NA,21,7,0,NA,21,6.38,0.8,NA,21
city,grad,6.15,2.08,NA,20,4.81,2.34,NA,21,7,0,NA,21,6.19,1.36,NA,21
classic,klasičan,6.1,2.17,NA,20,3.48,1.54,NA,21,6.9,0.31,NA,20,3.81,1.94,NA,21
cloud,oblak,7.2,2.04,NA,20,2.7,1.87,NA,20,7,0,NA,20,6.15,1.18,NA,20
club,klub,6.3,2.15,NA,20,5.3,2.96,NA,20,6.95,0.22,NA,20,4.2,1.88,NA,20
college,koledž,5.35,1.6,NA,20,5.45,2.21,NA,20,7,0,NA,20,6,1.34,NA,20
color,boja,7.6,1.14,NA,20,3.2,1.99,NA,20,6.75,1.12,NA,20,5.7,2.03,NA,20
company,tvrtka,4.74,0.93,1,19,4.2,2.07,NA,20,7,0,NA,20,6.45,1.39,NA,20
confused,zbunjen,4.3,1.63,NA,20,4.9,2.34,NA,20,6.95,0.22,NA,20,5.1,1.8,NA,20
copy,kopirati,4.95,1.15,NA,20,4.1,2,NA,20,6.95,0.22,NA,20,5.45,1.85,NA,20
cover,obrada,5.3,1.84,NA,20,4.3,2,NA,20,7,0,NA,20,5.5,1.64,NA,20
craft,zanatski,5.95,1.68,1,19,3.7,1.89,NA,20,6.6,0.75,NA,20,5.45,1.67,NA,20
cup,kup,6.75,1.86,NA,20,4.95,2.67,1,20,6.65,1.35,NA,20,4.14,1.68,NA,21
dance,ples,6.65,1.79,NA,20,6,2.55,NA,20,7,0,NA,20,6.85,0.88,NA,20
dark,mračan,4.1,2.45,NA,20,5.19,2.11,NA,21,7,0,NA,21,5.33,2.03,NA,21
deal,dogovor,6.8,2.24,NA,20,4.4,2.04,NA,20,6.7,0.92,NA,20,5.4,1.9,NA,20
deep,dubok,5.5,2.09,NA,20,4.55,2.39,NA,20,6.7,1.34,NA,20,5.15,1.9,NA,20
default,zadan,4.75,1.83,NA,20,3.95,1.99,NA,20,6.95,0.22,NA,20,4.7,2.11,NA,20
department,odjel,5.05,1.39,NA,20,3.95,2.09,NA,20,7,0,NA,20,5.55,1.64,NA,20
design,dizajn,6.55,2.06,NA,20,4.67,2.2,NA,21,6.95,0.22,NA,20,4.48,1.89,NA,21
digital,digitalan,5.45,1.67,NA,20,4.55,2.35,NA,20,6.85,0.49,NA,20,5.6,1.64,NA,20
disco,disko,6.95,2.33,NA,20,6,2.77,NA,21,6.86,0.65,NA,21,6.19,1.08,NA,21
double,dvostruk,5.2,1.24,NA,20,4.1,2.2,NA,20,6.95,0.22,NA,20,5.05,2.11,NA,20
draft,nacrt,5.05,1.43,NA,20,3.95,2.04,NA,21,6.86,0.65,NA,21,5.57,1.8,NA,21
dream,san,7.45,1.54,NA,20,3.1,2.95,NA,21,7,0,NA,21,5.57,1.96,NA,21
drive,pogon,5.65,1.98,NA,20,4.7,2.32,NA,20,6.95,0.22,NA,20,5.4,1.5,NA,20
drum,bubanj,6,1.92,NA,20,5.85,2.7,NA,20,7,0,NA,20,5.95,1.57,NA,20
e-mail,e-pošta,5.11,1.82,1,19,4.7,2,NA,20,6.85,0.67,NA,20,6.15,1.31,NA,20
edge,rub,5.1,1.8,NA,20,5.15,2.46,NA,20,7,0,NA,20,5.3,1.78,NA,20
edit,urediti,6.2,1.28,NA,20,4.4,2.44,NA,20,6.95,0.22,NA,20,4.45,1.96,NA,20
edition,izdanje,5.5,1.85,NA,20,4.1,1.65,NA,20,7,0,NA,20,5.2,1.82,NA,20
editor,urednik,5,1.72,NA,20,4.15,1.98,NA,20,6.95,0.22,NA,20,5.4,1.54,NA,20
energy,energija,7.05,2.04,NA,20,5.57,2.73,NA,21,6.95,0.22,NA,20,4.38,2.16,NA,21
engine,stroj,5.45,1.36,NA,20,4.4,2.21,NA,20,7,0,NA,20,6.15,1.63,NA,20
enterprise,poduzetništvo,5.8,2.31,NA,20,5.3,2.08,NA,20,6.75,0.79,NA,20,5.4,1.5,NA,20
entertainment,zabava,7.8,1.54,NA,20,6.25,2.29,NA,20,7,0,NA,20,4.8,2.35,NA,20
event,događanje,6.3,1.34,NA,20,5.05,2.7,NA,20,7,0,NA,20,4.2,1.94,NA,20
exit,izlaz,6.6,1.6,NA,20,4.1,2.95,NA,20,6.9,0.31,NA,20,5.65,1.84,NA,20
express,ekspresni,6.05,2.35,NA,20,5.48,2.04,NA,21,6.85,0.49,NA,20,4.43,1.75,NA,21
extra,ekstra,6.9,1.71,NA,20,6.4,2.56,NA,20,6.95,0.22,NA,20,3.65,2.13,NA,20
extreme,ekstreman,5.3,2.08,NA,20,6.25,2.65,NA,20,7,0,NA,20,4.25,2.12,NA,20
fair,pošten,7.5,1.43,NA,20,3.8,2.55,NA,20,7,0,NA,20,5.85,2.16,NA,20
family,obitelj,8.65,0.81,NA,20,3.6,2.91,NA,20,6.95,0.22,NA,20,5.75,1.97,NA,20
fan,obožavatelj,6.8,1.7,NA,20,5.75,2.47,NA,20,6.8,0.62,NA,20,5.85,1.09,NA,20
fantasy,fantastika,6.65,1.93,NA,20,6.35,2.01,NA,20,7,0,NA,20,4.6,2.09,NA,20
fashion,moda,6.35,1.95,NA,20,4.6,2.78,NA,20,6.7,1.13,NA,20,5.15,1.79,NA,20
fat,masnoća,3.05,1.39,NA,20,4.6,2.52,NA,20,6.95,0.22,NA,20,5.45,1.39,NA,20
fax,faks,6.75,1.62,NA,20,5.95,2.52,NA,20,6.9,0.31,NA,20,5.75,1.97,NA,20
feeling,osjećaj,6.8,1.32,NA,20,5.85,2.89,NA,20,6.8,0.62,NA,20,3.95,2.28,NA,20
fight,borba,3.75,2.12,NA,20,7.15,1.53,NA,20,7,0,NA,20,5.95,1.39,NA,20
file,datoteka,4.85,1.53,NA,20,4.45,2.31,NA,20,7,0,NA,20,6.05,1.36,NA,20
firewall,vatrozid,4.16,2.22,1,19,5,2.08,1,19,6.47,1.5,1,19,4.7,2.13,NA,20
first,prvi,6.11,2.16,1,19,6,2.88,NA,20,7,0,NA,20,5.3,2.18,NA,20
fitness,fitnes,5.85,2.25,NA,20,6.1,1.92,NA,21,6.86,0.48,NA,21,5.67,1.53,NA,21
flat,neograničen,6.35,1.84,NA,20,5,2.85,NA,20,6.8,0.89,NA,20,5.1,1.62,NA,20
folder,mapa,5.95,1.88,NA,20,4.19,2.73,NA,21,6.8,0.62,NA,20,4.9,1.79,NA,21
food,hrana,7.8,1.32,NA,20,6.25,2.24,NA,20,7,0,NA,20,6.05,1.96,NA,20
football,nogomet,6.05,2.16,NA,20,4.8,2.63,NA,20,6.95,0.22,NA,20,6.55,1,NA,20
frame,okvir,5.6,1.31,NA,20,3.85,2.16,NA,20,7,0,NA,20,5.7,1.81,NA,20
freak,čudak,5.1,2.34,NA,20,5.8,2.07,NA,20,7,0,NA,20,4.95,1.9,NA,20
free,besplatan,7.1,2.1,NA,20,5.3,2.45,NA,20,7,0,NA,20,6.2,1.61,NA,20
fresh,osvježavajuć,7.65,1.27,NA,20,4.8,3.25,NA,20,6.75,0.79,NA,20,5.25,1.62,NA,20
front,pročelje,4.9,2.59,NA,20,4.55,2.26,NA,20,6.85,0.67,NA,20,4.94,1.66,2,18
full,potpun,7.25,1.8,NA,20,3.95,2.09,NA,21,6.95,0.22,NA,20,4.24,2.17,NA,21
fun,zabavan,7.6,1.27,NA,20,6.55,2.14,NA,20,7,0,NA,20,6.25,1.41,NA,20
gadget,spravica,4.9,1.48,NA,20,4.65,1.95,NA,20,6.95,0.22,NA,20,4.6,2.04,NA,20
gaming,igranje,7.5,1.67,NA,20,4.85,2.48,NA,20,7,0,NA,20,4.85,1.76,NA,20
garden,vrt,7.45,1.47,NA,20,3,2.35,NA,21,6.95,0.22,NA,20,5.76,1.67,NA,21
gem,dragulj,6.3,2.2,NA,20,4.67,2.74,NA,21,7,0,NA,21,6.57,0.87,NA,21
girl,djevojka,7.15,1.66,NA,20,5.05,2.65,NA,20,6.9,0.31,NA,20,5.6,1.98,NA,20
goal,cilj,7.25,1.48,NA,20,5.65,2.23,NA,20,6.85,0.67,NA,20,5.4,2.09,NA,20
golden,zlatan,6.7,1.95,NA,20,5.4,2.91,NA,20,6.9,0.45,NA,20,5.15,1.79,NA,20
grant,stipendija,7.1,2,NA,20,6.45,2.11,NA,20,6.9,0.45,NA,20,6.2,1.06,NA,20
green,zelen,6.15,1.84,NA,20,3.2,1.79,NA,20,7,0,NA,20,6.3,0.92,NA,20
grid,rešetka,4.7,1.87,NA,20,4.75,2.38,NA,20,7,0,1,19,6.2,1.67,NA,20
grill,roštilj,7.6,1.39,NA,20,5.33,2.61,NA,21,7,0,NA,21,6.62,0.5,NA,21
group,skupina,5.4,1.64,NA,20,4.15,2.37,NA,20,6.95,0.22,NA,20,4.5,2.06,NA,20
hall,dvorana,5.8,2.07,NA,20,4.8,2.09,NA,20,6.9,0.45,NA,20,5.9,1.21,NA,20
happy,sretan,7.6,1.7,NA,20,7.1,2.73,NA,20,7,0,NA,20,5.4,2.06,NA,20
hard,teško,4.45,2.74,NA,20,5.48,2.29,NA,21,6.95,0.22,NA,20,4.48,1.89,NA,21
hardware,sklopovlje,4.6,2.59,5,15,4.56,2.2,2,18,4.55,2.39,NA,20,4.94,1.95,4,16
heavy,težak,3.9,1.8,NA,20,5.45,2.21,NA,20,6.9,0.31,NA,20,5.15,1.76,NA,20
hello,halo,6.1,1.45,NA,20,3.8,1.96,NA,20,6.95,0.22,NA,20,4.7,2.27,NA,20
help,pomoć,6.75,2.31,NA,20,5.1,2,NA,21,6.9,0.31,NA,20,4.38,1.94,NA,21
high,visok,6.4,2.26,NA,20,4.65,2.16,NA,20,6.65,1.18,NA,20,5.89,1.52,1,19
holiday,odmor,7.5,1.7,NA,20,3.24,2.81,NA,21,7,0,NA,21,5.14,2.06,NA,21
home,dom,7.9,1.52,NA,20,2.5,2.59,NA,20,6.95,0.22,NA,20,5.6,1.85,NA,20
horror,horor,3.6,2.21,NA,20,7.14,2.41,NA,21,7,0,NA,21,5.48,1.72,NA,21
hot,vruć,6.35,1.87,NA,20,5.71,2.1,NA,21,7,0,NA,20,5.33,1.71,NA,21
image,imidž,5.55,1.93,NA,20,5.57,1.89,NA,21,6.57,1.03,NA,21,4.57,2.18,NA,21
interview,intervju,5,1.26,NA,20,5.57,2.18,NA,21,6.9,0.44,NA,21,5.38,1.8,NA,21
jazz,džez,5.16,2.71,1,19,4.65,2.23,1,20,6.86,0.65,NA,21,5.52,1.66,NA,21
jeans,traperice,7.15,1.42,NA,20,4.55,2.09,NA,20,6.95,0.22,NA,20,6.7,0.57,NA,20
job,posao,6.32,1.63,1,19,5.45,2.39,NA,20,6.95,0.22,NA,20,5.55,1.85,NA,20
joint,džoint,3.7,2.6,NA,20,4.65,2.6,NA,20,6.85,0.37,NA,20,6.75,0.97,NA,20
joker,džoker,5.6,2.11,NA,20,5.85,1.93,NA,20,7,0,NA,20,4.5,1.82,NA,20
kick,udarac,4.25,2.24,NA,20,6.15,2.3,NA,20,7,0,NA,20,6.1,1.37,NA,20
kickboxing,kikboks,4.75,2.27,NA,20,5.38,2.65,NA,21,6.35,1.23,1,20,5.71,1.42,NA,21
kiss,poljubac,8.15,1.6,NA,20,6.1,3.19,NA,20,6.9,0.31,NA,20,6.7,0.57,NA,20
level,razina,5.25,1.02,NA,20,4.55,2.04,NA,20,7,0,NA,20,4.8,2.07,NA,20
life,život,7.2,1.96,NA,20,5.67,2.48,NA,21,7,0,NA,21,5.29,1.85,NA,21
light,svjetlo,7.1,1.41,NA,20,3.62,2.44,NA,21,7,0,NA,21,5.9,1.34,NA,21
link,poveznica,6.3,1.87,NA,20,3.95,2.09,NA,21,6.75,0.91,NA,20,5.05,1.77,NA,21
live,uživo,5.95,2.14,NA,20,5.5,2.21,NA,20,7,0,NA,20,5.95,1.93,NA,20
look,izgled,6.25,1.37,NA,20,4.15,1.95,NA,20,7,0,NA,20,5.45,1.82,NA,20
magic,magičan,7.45,2.11,NA,20,5.9,2.84,NA,21,6.95,0.22,NA,20,4,1.76,NA,21
mail,pošta,5.65,1.18,NA,20,3.95,2.16,NA,20,7,0,NA,20,6.2,1.15,NA,20
mainstream,prevladavajući,5.1,1.52,NA,20,4.45,2.54,NA,20,6.8,0.52,NA,20,4.65,1.95,NA,20
makeover,preobrazba,6.3,2.49,NA,20,5.62,2.42,NA,21,6.75,0.72,NA,20,3.86,1.9,NA,21
management,menadžment,4.55,1.82,NA,20,5.15,2.52,NA,20,7,0,NA,20,5.4,1.82,NA,20
manager,menadžer,5.3,2.2,NA,20,5.35,2.25,NA,20,6.95,0.22,NA,20,5.5,1.4,NA,20
mass,masovan,5.4,2.64,NA,20,5.14,2.54,NA,21,6.9,0.31,NA,20,4.86,1.59,NA,21
master,glavni,6.25,1.52,NA,20,4.8,1.85,NA,20,7,0,NA,20,5.5,2.12,NA,20
matrix,matrica,4.25,2.57,NA,20,4.25,1.92,NA,20,7,0,NA,20,4.21,1.93,1,19
messenger,glasnik,5.15,1.14,NA,20,3.67,2.11,NA,21,6.52,1.21,NA,21,4.86,1.93,NA,21
mirror,ogledalo,6.2,1.4,NA,20,5.4,1.9,NA,20,7,0,NA,20,6.25,1.52,NA,20
miss,misica,5.75,1.94,NA,20,4.53,2.27,1,19,6.35,1.73,NA,20,5.3,1.63,NA,20
monitor,zaslon,6,1.84,NA,20,4.24,1.97,NA,21,6.95,0.22,NA,20,5.81,1.25,NA,21
monitoring,praćenje,4.9,2.13,NA,20,5.35,2.52,NA,20,6.85,0.37,NA,20,5.05,1.88,NA,20
moody,zlovoljan,2.45,1.36,NA,20,5.45,2.39,NA,20,6.7,0.66,NA,20,4.6,1.9,NA,20
music,glazba,7.9,1.71,NA,20,4.45,3.15,NA,20,7,0,NA,20,5.3,2.08,NA,20
name,ime,6.45,2.16,NA,20,3.2,1.85,NA,20,7,0,NA,20,5.8,1.58,NA,20
national,nacionalan,5.4,2.19,NA,20,4.8,2.55,NA,20,6.8,0.7,NA,20,4.95,1.93,NA,20
nature,priroda,6.9,2.07,NA,20,2.9,2.45,NA,20,7,0,NA,20,5,2.08,NA,20
never,nikad,4.15,1.6,NA,20,6.05,2.21,NA,20,6.85,0.49,NA,20,5.45,2.37,NA,20
new,nov,6.8,1.61,NA,20,5.1,2.43,NA,20,7,0,NA,20,5.45,1.79,NA,20
news,vijesti,5.05,2.35,NA,20,5.55,2.61,NA,20,6.95,0.22,NA,20,5.35,1.76,NA,20
newsletter,bilten,4.86,2.35,6,14,4.88,1.5,3,17,4.25,2.79,NA,20,4,1.89,5,15
nick,nadimak,6,1.95,NA,20,3.9,2.28,NA,21,7,0,NA,21,5.81,1.6,NA,21
night,noć,7,1.65,NA,20,2.75,1.8,NA,20,7,0,NA,20,6.4,0.99,NA,20
note,bilješka,5.1,1.33,NA,20,4.45,2.21,NA,20,7,0,NA,20,5.3,2,NA,20
offshore,prekomorski,6.25,1.45,NA,20,5.15,2.98,NA,20,6.95,0.22,NA,20,5,1.75,NA,20
oil,ulje,5,1.78,NA,20,3.65,2.46,NA,20,7,0,NA,20,5.8,1.28,NA,20
old,star,5.6,2.35,NA,20,5,2,NA,20,7,0,NA,20,5.15,1.81,NA,20
online,mrežni,5.35,1.69,NA,20,3.57,1.69,NA,21,6.95,0.22,NA,21,4.86,2.01,NA,21
open,otvoren,6.1,1.12,NA,20,5,2.66,NA,20,6.95,0.23,1,19,4.35,2.43,NA,20
outdoor,vanjski,4.8,1.85,NA,20,4.81,2.23,NA,21,7,0,NA,21,5.24,1.97,NA,21
pack,paket,6.3,2,NA,20,4.86,2.2,NA,21,6.9,0.44,NA,21,6.14,1.35,NA,21
patch,zakrpati,5.15,2.39,NA,20,3.8,2.17,NA,20,6.65,1.09,NA,20,5.95,1.39,NA,20
people,ljudi,5.9,2.65,NA,20,5.57,2.6,NA,21,6.9,0.45,NA,20,5.24,2.12,NA,21
performance,performans,6,1.65,NA,20,5.95,2.56,NA,20,6.75,0.55,NA,20,5.9,1.65,NA,20
phone,telefon,6.15,1.66,NA,20,5.65,2.11,NA,20,6.9,0.31,NA,20,6.5,0.69,NA,20
photo,fotografija,6.95,1.39,NA,20,4.7,2.27,NA,20,7,0,NA,20,6.55,0.76,NA,20
pick,odabir,5.5,1.28,NA,20,4.71,2.12,NA,21,7,0,NA,21,5.05,2.04,NA,21
pink,ružičast,6.6,1.82,NA,20,3.76,2.14,NA,21,6.95,0.22,NA,20,5.81,1.6,NA,21
pixel,piksel,5.47,1.47,1,19,4.3,2.11,NA,20,6.9,0.31,NA,20,6.05,1.54,NA,20
play,igra,7.2,1.96,NA,20,6.25,1.86,NA,20,7,0,NA,20,5.55,1.7,NA,20
playboy,plejboj,4.63,1.89,1,19,5.42,1.57,1,19,6.7,0.73,NA,20,5.75,1.52,NA,20
player,igrač,5.75,1.94,NA,20,5.05,2.28,NA,20,6.95,0.22,NA,20,5.1,1.97,NA,20
playmaker,razigravač,5.41,2,3,17,5.76,2.39,3,17,5.4,1.98,NA,20,3.63,1.59,4,16
playoff,doigravanje,5,2.18,NA,20,5.6,2.01,NA,20,6.2,1.36,NA,20,4.6,1.88,NA,20
point,bod,5.6,1.85,NA,20,5.53,2.39,1,19,6.95,0.22,NA,20,4.65,1.9,NA,20
port,priključak,5.85,1.9,NA,20,4.48,2.4,NA,21,6.8,0.7,NA,20,5.1,1.48,NA,21
post,objava,5.5,1.5,NA,20,4.7,2.25,NA,20,7,0,NA,20,5.75,2,NA,20
power,moć,5.9,2.25,NA,20,6.35,2.13,NA,20,6.75,0.91,NA,20,5,2.1,NA,20
prepaid,pretplatnički,4.5,1.64,NA,20,4.74,2.47,1,19,6.9,0.31,NA,20,4.8,1.82,NA,20
press,novinarski,5.45,2.7,NA,20,4.29,1.79,NA,21,6.9,0.31,NA,20,4.86,1.59,NA,21
project,projekt,5.6,1.93,NA,20,5.62,2.18,NA,21,6.86,0.48,NA,21,5.48,1.75,NA,21
pub,pivnica,7.2,1.96,NA,20,5.75,2.79,NA,20,7,0,NA,20,6.75,0.44,NA,20
race,utrka,6.75,2.12,NA,20,5.81,2.75,NA,21,6.95,0.22,NA,20,5.76,1.37,NA,21
racing,trkački,5.6,2.5,NA,20,6.5,2.16,NA,20,6.7,0.92,NA,20,5.45,1.61,NA,20
ranking,rangiranje,4.25,1.83,NA,20,5.4,1.82,NA,20,7,0,NA,20,5.35,1.73,NA,20
real,stvaran,6.7,1.56,NA,20,4,2.31,1,19,7,0,NA,20,5.45,2.21,NA,20
reality,stvarnost,6.55,1.47,NA,20,4.7,2.08,NA,20,7,0,NA,20,4.5,2.33,NA,20
research,istraživanje,6.6,1.6,NA,20,4.65,2.37,NA,20,7,0,NA,20,5.55,1.7,NA,20
resort,odmaralište,7.2,1.74,NA,20,4.25,2.83,NA,20,7,0,NA,20,6.3,0.92,NA,20
road,cesta,5.45,1.1,NA,20,4.33,2.35,NA,21,7,0,NA,21,6.62,0.97,NA,21
rocker,roker,5.68,2.26,1,19,6.05,2.26,NA,20,7,0,NA,20,5.47,1.39,1,19
rookie,početnik,4.5,1.5,NA,20,4.29,1.87,NA,21,7,0,NA,21,5.67,1.46,NA,21
room,soba,5.6,1.7,NA,20,2.55,1.36,NA,20,7,0,NA,20,5.75,1.68,NA,20
rose,ruža,7.6,1.76,NA,20,3.3,2.15,NA,20,7,0,NA,20,6.5,1,NA,20
router,usmjerivač,5.25,2.17,NA,20,4.25,1.94,1,20,6.5,1.15,NA,20,4,1.92,NA,21
royal,kraljevski,6.9,1.77,NA,20,4.95,2.11,NA,20,6.95,0.22,NA,20,4.85,1.87,NA,20
save,spremiti,4.95,2.14,NA,20,4.35,2.66,NA,20,6.9,0.45,NA,20,5.3,1.63,NA,20
science,znanost,6.8,2.17,NA,20,4.9,2.47,NA,21,7,0,NA,20,4.71,1.87,NA,21
search,pretražiti,5.45,1.39,NA,20,5.14,1.98,NA,21,7,0,NA,21,5.48,1.78,NA,21
secret,tajna,6.4,2.09,NA,20,4.75,2.86,NA,20,6.75,0.91,NA,20,5.5,2.09,NA,20
security,osiguranje,5.85,2.32,NA,20,4.5,2.14,NA,20,6.8,0.89,NA,20,5.55,1.43,NA,20
selfie,sebić,5.18,2.09,9,11,4.47,1.88,5,15,4.74,2.62,1,19,4,2.16,7,13
server,poslužitelj,5.45,1.15,NA,20,3.7,1.81,NA,20,6.9,0.31,NA,20,4.5,2.31,NA,20
session,sesija,4.11,1.59,1,19,4.11,2,1,19,6.3,1.17,NA,20,4.5,2.14,NA,20
sex,seks,8.05,1.36,NA,20,8.15,1.27,NA,20,6.95,0.22,NA,20,5.85,1.93,NA,20
sexy,seksi,7.25,1.68,NA,20,6.4,2.64,NA,20,7,0,NA,20,6.35,1.18,NA,20
shit,sranje,4.3,2.56,NA,20,5.33,2.31,NA,21,7,0,NA,21,5,2.26,NA,21
shopping,kupovanje,6.2,1.51,NA,20,6,2.29,NA,20,6.95,0.22,NA,20,4.55,2.09,NA,20
show,emisija,6,1.72,NA,20,4.14,1.9,NA,21,6.85,0.49,NA,20,4.57,1.57,NA,21
silver,srebro,7.05,2.06,NA,20,4,2.57,NA,21,6.95,0.22,NA,20,6,1.38,NA,21
single,singl,5,1.72,NA,20,5,1.92,NA,20,6.6,1.1,NA,20,5.15,1.9,NA,20
size,veličina,5.25,1.86,NA,20,4.65,2.13,NA,20,7,0,NA,20,5.25,2.29,NA,20
ski,skijati,6.65,1.79,NA,20,6.2,2.31,NA,20,7,0,NA,20,6.25,1.21,NA,20
skin,kožni,5.4,1.57,NA,20,3.76,1.92,NA,21,6.9,0.3,NA,21,6.19,1.25,NA,21
sky,nebeski,6.55,1.61,NA,20,4.9,2.53,NA,20,7,0,NA,20,5.15,1.98,NA,20
smart,pametan,7.55,1.9,NA,20,4.9,2.2,NA,20,7,0,NA,20,4.9,1.74,NA,20
soft,mekan,7.1,1.55,NA,20,3.5,2.54,NA,20,7,0,NA,20,6,1.62,NA,20
software,omekšje,3.6,1.8,5,15,4.33,2.27,8,12,3.3,2.54,NA,20,3.33,2.31,8,12
sorry,oprosti,6.25,2.4,NA,20,4,2.61,NA,21,6.9,0.31,NA,20,4.95,2.09,NA,21
spa,toplice,6.65,1.95,NA,20,2.43,2.11,NA,21,6.86,0.65,NA,21,5.86,1.31,NA,21
space,svemirski,6.05,1.7,NA,20,5.6,2.5,NA,20,7,0,NA,20,5.2,1.74,NA,20
speed,brzina,6.95,1.73,NA,20,6.9,2.02,NA,21,7,0,NA,20,4.9,2.1,NA,21
spice,začin,7,1.26,NA,20,4.5,2.7,NA,20,7,0,NA,20,4.9,1.83,NA,20
stage,pozornica,6.6,1.64,NA,20,5.05,2.33,NA,20,7,0,NA,20,6.25,0.97,NA,20
standstill,mirovanje,5.55,1.73,NA,20,2.3,1.84,NA,20,6.9,0.31,NA,20,4.45,2.04,NA,20
story,priča,6.75,1.37,NA,20,4,2.05,NA,21,6.86,0.65,NA,21,5.95,1.4,NA,21
street,ulični,5.15,1.76,NA,20,4.25,2.15,NA,20,6.7,0.92,NA,20,5.75,1.59,NA,20
style,stil,6.35,1.23,NA,20,3.85,2.08,NA,20,7,0,NA,20,5.55,2.01,NA,20
sun,sunce,7.55,1.7,NA,20,3.67,2.9,NA,21,7,0,NA,21,6.57,0.98,NA,21
system,sustav,5.15,1.5,NA,20,4.1,2.1,NA,20,6.85,0.49,NA,20,4.75,2.2,NA,20
tab,kartica,5.85,2.21,NA,20,5.35,1.76,NA,20,6.95,0.22,NA,20,5.6,1.5,NA,20
tag,oznaka,5.35,1.31,NA,20,3.95,2.04,NA,20,7,0,NA,20,6.25,1.41,NA,20
taxi,taksi,5.25,1.41,NA,20,4.9,2.63,NA,20,6.95,0.22,NA,20,6.3,1.22,NA,20
team,tim,6.2,2.38,NA,20,3.85,2.16,NA,20,6.8,0.7,NA,20,5.5,1.64,NA,20
tech,tehnologija,6.75,2.02,NA,20,5.05,2.27,NA,21,7,0,NA,20,4.19,2.04,NA,21
techno,tehno,5.6,2.28,NA,20,6.4,2.3,NA,20,6.75,1.12,NA,20,4.85,1.98,NA,20
teen,tinejdžerski,5.5,1.91,NA,20,5.7,1.84,NA,20,6.9,0.31,NA,20,5.6,1.5,NA,20
tender,ponuda,6.2,2.04,NA,20,4.75,2.05,NA,20,7,0,NA,20,4.9,1.86,NA,20
text,tekst,5.75,1.25,NA,20,4.7,1.72,NA,20,7,0,NA,20,5.75,1.45,NA,20
thread,nit,5.15,1.23,NA,20,3.14,1.9,NA,21,6.71,1.1,NA,21,5.67,1.35,NA,21
topic,tema,6,2.15,NA,20,4.05,1.63,NA,21,6.95,0.22,NA,20,3.81,2.04,NA,21
touch,dodirni,5.9,1.65,NA,20,5,2.29,NA,20,6.95,0.22,NA,20,5.1,2.07,NA,20
tour,tura,5.74,1.59,1,19,4.85,2.58,NA,20,6.95,0.22,NA,20,5.17,2.09,2,18
trade,trgovina,5.45,1.47,NA,20,5.05,2.24,NA,20,7,0,NA,20,6.4,1.5,NA,20
trail,staza,6.55,1.64,NA,20,3.86,2.35,NA,21,6.89,0.32,1,19,5.57,1.33,NA,21
trailer,najava,6.25,1.94,NA,20,3.95,1.99,NA,21,6.75,0.91,NA,20,4.48,1.97,NA,21
travel,putovanje,7.3,1.49,NA,20,7.25,2.24,NA,20,7,0,NA,20,6.05,1.39,NA,20
trip,izlet,8,1.03,NA,20,5.2,2.93,NA,20,6.95,0.22,NA,20,5.45,1.47,NA,20
tuning,podešavanje,4.65,2.08,NA,20,4.2,2.19,NA,20,6.5,1.47,NA,20,4.7,1.98,NA,20
tutorial,tutorijal,5.95,1.57,NA,20,5.15,2.03,NA,20,6.9,0.45,NA,20,5.1,1.74,NA,20
twin,dvojni,4.5,2.14,NA,20,4.3,2.13,NA,20,6.55,1.47,NA,20,3.95,1.99,1,19
underground,podzeman,5.35,2.18,NA,20,4.65,2.06,1,20,6.95,0.22,NA,20,5.43,1.57,NA,21
update,ažurirati,4.95,2.16,NA,20,5.15,1.69,NA,20,7,0,NA,20,5.35,1.57,NA,20
uploadati,učitati,5.1,2.02,NA,20,4.4,2.39,NA,20,6.7,1.13,NA,20,5,1.72,NA,20
vintage,starinski,5.35,1.95,NA,20,2.9,1.84,NA,21,6.86,0.48,NA,21,5.14,1.93,NA,21
vision,vizija,6.7,1.72,NA,20,5.35,2.32,NA,20,6.75,0.79,NA,20,4.5,2.01,NA,20
wall,zid,4.2,1.79,NA,20,4.05,2.11,NA,21,6.86,0.65,NA,21,6.71,0.64,NA,21
watch,prismotra,4.06,1.52,3,17,5.56,2.22,5,16,4.62,2.31,NA,21,4.06,1.86,3,18
web,mreža,6.25,2.17,NA,20,4.05,1.99,NA,21,6.85,0.49,NA,20,4.05,1.69,NA,21
western,vestern,5.1,2.29,NA,20,4,2.36,NA,20,7,0,NA,20,5.95,1.32,NA,20
white,bijel,5.15,1.57,NA,20,4.05,1.9,NA,20,6.95,0.22,NA,20,5.6,1.79,NA,20
wild,divlji,5.8,1.74,NA,20,6.1,2.17,NA,20,7,0,NA,20,5.6,1.73,NA,20
winter,zima,5.9,2.88,NA,20,4.1,2.47,NA,21,6.8,0.52,NA,20,5.9,1,NA,21
wireless,bežičan,6.05,1.36,NA,20,3.65,1.98,NA,20,6.8,0.62,NA,20,5.85,1.39,NA,20
wonder,čudo,6.75,1.62,NA,20,6.86,2.26,NA,21,6.86,0.65,NA,21,4.86,2.37,NA,21
world,svjetski,6.75,1.65,NA,20,5.45,1.99,NA,20,7,0,NA,20,4.8,2.02,NA,20
zero,nula,4.15,1.87,NA,20,3.75,2.59,NA,20,7,0,NA,20,5.7,1.98,NA,20
age,godine,4.9,1.59,NA,20,4.5,2.26,NA,20,6.85,0.49,NA,20,5.05,2.14,NA,20
backup,podrška,7.45,1.9,NA,20,3.7,2.36,NA,20,6.55,1.47,NA,20,5.05,1.85,NA,20
bad,loše,3.65,2.56,NA,20,5.57,2.4,NA,21,6.9,0.31,NA,20,3.76,1.89,NA,21
band,bend,6.05,1.67,NA,20,5.4,2.33,NA,20,6.95,0.22,NA,20,5.75,1.45,NA,20
banner,zastava,5.65,1.73,NA,20,4.15,2.25,NA,20,7,0,NA,20,6.85,0.75,NA,20
black,crno,5.1,2.75,NA,20,4.24,2.77,NA,21,6.95,0.22,NA,20,5.86,1.39,NA,21
blogger,bloger,4.7,1.78,NA,20,4,1.79,NA,21,6.67,0.66,NA,21,5.05,1.75,NA,21
booking,rezervacija,6.7,1.66,NA,20,5,2,NA,20,7,0,NA,20,5.9,1.29,NA,20
boom,bum,4.15,2.35,NA,20,6.35,1.66,NA,20,6,2.03,NA,20,2.89,1.85,1,19
brand,marka,6.3,1.87,NA,20,3.9,2.17,NA,21,6.95,0.22,NA,20,4.48,1.86,NA,21
bridge,most,6.4,2.14,NA,20,3.55,1.9,1,20,6.95,0.22,NA,20,5.76,1.51,NA,21
bug,buba,5.65,2.01,NA,20,5.35,2.85,NA,20,6.7,0.57,NA,20,4.9,2,NA,20
button,gumb,5.85,1.66,NA,20,4.2,1.74,NA,20,7,0,NA,20,6.1,1.17,NA,20
cast,glumci,6,1.52,NA,20,4.67,2.58,NA,21,7,0,NA,21,6.19,0.98,NA,21
casual,opušteno,7.55,1.54,NA,20,2.9,2.9,NA,21,7,0,NA,21,5.19,1.69,NA,21
chat,razgovor,7.6,1.39,NA,20,3.3,2.18,NA,20,6.8,0.7,NA,20,5.9,1.65,NA,20
classic,klasično,5.85,1.57,NA,20,3.95,1.99,NA,20,7,0,NA,20,5.25,2.27,NA,20
college,fakultet,6,2.18,NA,20,5.25,2.55,NA,20,7,0,NA,20,6.55,0.76,NA,20
company,kompanija,5.25,1.65,NA,20,5.9,1.71,NA,20,6.9,0.45,NA,20,5.6,1.31,NA,20
cool,kul,6.25,1.29,NA,20,4.55,2.84,NA,20,6.95,0.23,1,19,3.55,2.14,NA,20
country,država,5,1.72,NA,20,5.1,2.88,NA,20,6.95,0.22,NA,20,5.6,2.16,NA,20
cover,pokriti,5.4,2.01,NA,20,3.5,1.93,NA,20,7,0,NA,20,5.65,1.79,NA,20
cross,križ,4.9,3.14,NA,20,4.19,2.34,NA,21,7,0,NA,21,6.24,1.3,NA,21
crossover,prijelaz,5.55,1.7,NA,20,5.25,2.2,NA,20,7,0,NA,20,5.35,1.84,NA,20
cup,šalica,6.25,1.48,NA,20,3.35,2.01,NA,20,7,0,NA,20,6.5,0.89,NA,20
dark,mrak,4.4,1.39,NA,20,4.55,1.93,NA,20,7,0,NA,20,6.45,1.15,NA,20
deep,duboko,5.05,1.61,NA,20,4.2,2.4,NA,20,7,0,NA,20,5.75,1.86,NA,20
digital,digitalno,5.9,1.71,NA,20,4.95,2.37,NA,20,6.9,0.31,NA,20,4.75,1.86,NA,20
display,displej,4.95,1.61,NA,20,5.15,1.9,NA,20,6.9,0.31,NA,20,5.1,1.83,NA,20
double,duplo,6.55,1.39,NA,20,5.2,2.02,NA,20,7,0,NA,20,5.8,1.4,NA,20
drive,voziti,7.35,1.69,NA,20,5.48,2.75,NA,21,7,0,NA,20,5.86,1.24,NA,21
driver,vozač,6.1,1.74,NA,20,5.05,2.26,NA,20,7,0,NA,20,6,1.41,NA,20
ecstasy,ekstaza,6.16,2.81,1,19,6.11,2.76,2,18,6.7,1.13,NA,20,4.42,2.34,1,19
engine,motor,5.6,2.23,NA,20,6.4,2.14,NA,20,7,0,NA,20,5.7,1.38,NA,20
enter,ulaz,6.05,1.43,NA,20,5.05,1.9,NA,20,7,0,NA,20,5.85,1.69,NA,20
event,događaj,6.15,1.63,NA,20,5.75,2.15,NA,20,6.85,0.67,NA,20,5.3,2.08,NA,20
express,brzo,5.7,1.84,NA,20,6.48,2.11,NA,21,7,0,NA,21,6.14,1.28,NA,21
extreme,ekstremno,5.6,2.21,NA,20,7.05,2.29,NA,21,6.95,0.22,NA,20,4.67,2.15,NA,21
fair,fer,6,2.29,NA,20,4.2,1.96,NA,20,7,0,NA,20,4.15,2.01,NA,20
fantasy,fantazija,6.8,1.4,NA,20,6.3,2.45,NA,20,7,0,NA,20,4.75,2.38,NA,20
fat,debeo,3.55,1.76,NA,20,4.75,2.47,NA,20,6.95,0.22,NA,20,5.95,1.54,NA,20
flash,bljesak,5.3,2.15,NA,20,6,1.97,NA,20,6.95,0.22,NA,20,6,1.81,NA,20
flat,ravan,4.65,1.09,NA,20,3.2,1.99,NA,20,7,0,NA,20,6.15,1.5,NA,20
free,besplatno,7.25,1.45,NA,20,5.29,2.97,NA,21,7,0,NA,21,5.67,1.85,NA,21
fresh,svježe,7.4,2.04,NA,20,4.62,2.5,NA,21,6.95,0.22,NA,20,5.14,1.53,NA,21
front,ispred,5.8,1.79,NA,20,3.6,2.33,NA,20,6.65,1.09,NA,20,6.05,1.47,NA,20
full,puno,5.9,1.62,NA,20,5,2.19,NA,21,7,0,NA,21,5.14,2.15,NA,21
gay,homoseksualac,4.5,2.44,NA,20,4.37,2.14,1,19,6.95,0.22,NA,20,6.1,1.68,NA,20
girl,cura,6.75,2.34,NA,20,3.8,2.31,NA,20,7,0,NA,20,6.11,1.52,1,19
goal,gol,6.1,1.52,NA,20,6.6,2.52,NA,20,7,0,NA,20,5.85,1.66,NA,20
gold,zlato,7,1.84,NA,20,4.75,2.4,NA,20,7,0,NA,20,5.6,1.39,NA,20
golden,zlatno,6.55,1.93,NA,20,5.14,2.41,NA,21,7,0,NA,21,6.05,1.12,NA,21
green,zeleno,6.55,1.73,NA,20,3.3,2.11,NA,20,6.9,0.45,NA,20,5.15,2.08,NA,20
gut,crijevo,5.05,2.44,NA,20,4.33,2.48,NA,21,6.75,0.72,NA,20,5.52,1.36,NA,21
hall,hodnik,5.8,1.96,NA,20,3.9,1.81,NA,21,6.9,0.31,NA,20,6.24,0.83,NA,21
hashtag,ljestve,5.65,1.73,NA,20,4.3,1.87,NA,20,7,0,NA,20,6.16,1.5,1,19
hello,bok,6.5,1.99,NA,20,3.48,2.2,NA,21,6.75,0.91,NA,20,4.71,2.26,NA,21
high,visoko,6.5,1.5,NA,20,5.8,2.48,NA,20,7,0,NA,20,5,1.75,NA,20
holiday,praznik,7.25,1.68,NA,20,5.05,2.96,NA,20,7,0,NA,20,6.5,1.32,NA,20
hot,vruće,5.3,2.18,NA,20,5.81,1.94,NA,21,7,0,NA,21,5.52,1.6,NA,21
house,kuća,7.6,1.73,NA,20,3.71,2.28,NA,21,6.9,0.45,NA,20,6.1,1.51,NA,21
image,slika,6.75,1.21,NA,20,3.85,2.13,NA,20,7,0,NA,20,6.6,1.19,NA,20
inbox,inboks,5.1,2.36,NA,20,5.16,2.01,1,19,6.75,1.12,NA,20,5.55,1.67,NA,20
jam,pekmez,7,1.49,NA,20,4.95,2.56,NA,20,7,0,NA,20,6.45,1.05,NA,20
joint,zglob,5.25,1.52,NA,20,4.7,1.92,NA,20,7,0,NA,20,6.35,1.09,NA,20
jumbo,veliko,5.45,1.76,NA,20,4.71,2.1,NA,21,7,0,NA,21,5.8,1.7,1,20
leasing,lizing,4.06,1.69,4,16,5.44,1.69,2,18,6.45,1.43,NA,20,4.65,2.15,3,17
light,svijetlo,6.55,1.61,NA,20,5.1,2.59,NA,20,6.95,0.22,NA,20,5.85,1.27,NA,20
like,lajk,5.05,2.46,NA,20,4.7,2,NA,20,6.75,0.91,NA,20,5.9,1.41,NA,20
lounge,salon,5.5,1.64,NA,20,4,1.78,NA,20,6.95,0.22,NA,20,5.05,1.67,NA,20
magic,magija,5.75,2.4,NA,20,5.38,2.18,NA,21,6.95,0.22,NA,21,4.1,2.36,NA,21
mass,masa,4.9,1.59,NA,20,4.29,2.22,NA,21,6.95,0.22,NA,21,5.24,1.73,NA,21
master,gospodar,5,2.45,NA,20,5.4,2.19,NA,20,6.7,0.92,NA,20,5.2,1.51,NA,20
miss,promašiti,3.75,2,NA,20,5.8,2.24,NA,20,7,0,NA,20,5.55,1.61,NA,20
mister,gospodin,6.7,1.66,NA,20,4.2,2.28,NA,20,7,0,NA,20,6.2,1.4,NA,20
moody,razdražljiv,3.4,1.7,NA,20,5.95,2.11,NA,20,7,0,NA,20,5.25,1.52,NA,20
music,muzika,7,1.65,NA,20,5.71,2.9,NA,21,7,0,NA,21,5.38,1.94,NA,21
national,nacionalno,5.45,1.9,NA,20,4.62,2.2,NA,21,6.71,1.31,NA,21,4.71,2.05,NA,21
new,novo,6.85,1.39,NA,20,6.35,2.39,NA,20,7,0,NA,20,5.2,2.12,NA,20
news,novosti,5.7,1.89,NA,20,5.57,2.2,NA,21,6.9,0.44,NA,21,4.95,2.11,NA,21
newsletter,novine,5.5,1.7,NA,20,4.35,2.58,NA,20,6.95,0.22,NA,20,6.05,1.47,NA,20
old,staro,4.8,2.5,NA,20,3.05,1.82,NA,20,6.8,0.62,NA,20,5.65,1.57,NA,20
open,otvoreno,6.55,1.76,NA,20,4.1,2.53,NA,20,6.75,0.79,NA,20,4.95,1.76,NA,20
outdoor,vani,7.5,1.43,NA,20,5.45,2.52,NA,20,7,0,NA,20,5.1,2.05,NA,20
patch,zakrpa,5.3,2.41,NA,20,3.38,1.99,NA,21,6.7,0.92,NA,20,5.57,1.47,NA,21
performance,izvedba,5.85,1.84,NA,20,4.95,2.65,NA,20,7,0,NA,20,4.5,2.16,NA,20
pick,odabrati,6,1.45,NA,20,4.35,2.48,NA,20,7,0,NA,20,5.25,1.71,NA,20
pink,roza,5.75,1.77,NA,20,4.15,2.5,NA,20,6.9,0.31,NA,20,6.15,1.18,NA,20
play,igrati,6.35,1.73,NA,20,5.86,2.59,NA,21,7,0,NA,21,5.48,1.83,NA,21
point,točka,5.95,1.99,NA,20,4.05,2.58,NA,21,7,0,NA,20,5.43,1.57,NA,21
port,luka,5.9,1.02,NA,20,4.95,2.82,NA,20,6.9,0.31,NA,20,5.05,1.57,NA,20
power,snaga,7.25,1.45,NA,20,6.55,1.61,NA,20,7,0,NA,20,5.55,1.9,NA,20
prepaid,pretplaćeno,4.65,1.73,NA,20,4.8,2.24,NA,20,6.7,1.13,NA,20,5.45,1.47,NA,20
press,stisnuti,5.2,1.54,NA,20,4.65,2.62,NA,20,6.9,0.45,NA,20,4.85,1.93,NA,20
racing,utrkivanje,6.15,1.42,NA,20,6.35,2.25,NA,20,7,0,NA,20,6.25,1.16,NA,20
rally,reli,4.4,1.85,NA,20,6.82,1.51,3,17,6.05,1.67,NA,20,5.56,1.67,4,16
real,stvarno,6.4,1.98,NA,20,4.7,1.81,NA,20,7,0,NA,20,4.25,2.27,NA,20
remake,prepraviti,5.15,1.18,NA,20,4.71,2.33,NA,21,6.9,0.44,NA,21,5.38,1.94,NA,21
rock,kamen,5.7,1.98,NA,20,4,2.2,NA,20,7,0,NA,20,6.2,1.24,NA,20
roll,kotrljati,5.35,1.27,NA,20,4.7,2.3,NA,20,7,0,NA,20,6,1.72,NA,20
router,ruter,5.45,1.7,NA,20,4.3,2,NA,20,6.7,1.13,NA,20,5.8,1.15,NA,20
search,tražiti,5.3,1.08,NA,20,4.7,2.43,NA,20,7,0,NA,20,5.9,1.77,NA,20
selfie,selfi,4.8,1.82,NA,20,4,2.58,NA,20,6.79,0.92,1,19,5.75,1.71,NA,20
shop,dućan,6.05,1.67,NA,20,3.65,2.03,NA,20,7,0,NA,20,6.3,0.92,NA,20
shopping,kupovina,6.7,2.13,NA,20,5.05,2.28,NA,20,7,0,NA,20,5.9,1.02,NA,20
show,šou,6.05,2.74,NA,20,6.3,2.49,NA,20,6.7,0.98,NA,20,5.05,1.7,NA,20
single,sam,3.7,2.34,NA,20,3.75,2.57,NA,20,6.95,0.22,NA,20,4.8,2.33,NA,20
ski,skijanje,6.95,1.88,NA,20,6,2.66,NA,21,6.85,0.49,NA,20,6.29,0.9,NA,21
skin,koža,6.05,1.64,NA,20,4.5,2.37,NA,20,7,0,NA,20,6.7,1.26,NA,20
sky,nebo,7.85,1.79,NA,20,3.67,2.61,NA,21,7,0,NA,20,5.9,1.34,NA,21
smartphone,mobitel,6.55,1.79,NA,20,4.65,1.63,NA,20,7,0,NA,20,6.8,0.7,NA,20
smoothie,smuti,5.6,2.52,NA,20,3.48,1.86,NA,21,6.45,1.39,NA,20,4.95,1.87,2,19
soft,mekano,7.7,1.66,NA,20,2.45,2.21,NA,20,6.7,0.98,NA,20,5.45,1.57,NA,20
software,softver,5.5,1.73,NA,20,4.21,1.93,1,19,6.9,0.31,NA,20,5.85,1.9,NA,20
soul,duša,7,2,NA,20,2.6,2.01,NA,20,6.95,0.22,NA,20,4.25,2.36,NA,20
space,svemir,7.4,1.64,NA,20,4.63,2.69,1,19,6.85,0.67,NA,20,4.5,2.4,NA,20
spin,okret,5.9,1.33,NA,20,4.95,1.82,NA,20,7,0,NA,20,5.35,1.76,NA,20
standstill,miran,6,2.03,NA,20,2.1,1.02,NA,20,7,0,NA,20,5.4,2.01,NA,20
stick,štap,5.7,1.98,NA,20,4.3,2.3,NA,20,6.9,0.45,NA,20,6.25,1.52,NA,20
stream,prijenos,5.5,0.95,NA,20,4,2.02,NA,21,6.86,0.65,NA,21,5.05,1.8,NA,21
street,ulica,6.3,1.87,NA,20,4.24,2.51,NA,21,7,0,NA,20,5.95,1.2,NA,21
summit,vrh,7,1.86,NA,20,5.19,2.32,NA,21,6.95,0.22,NA,21,5.9,1.55,NA,21
swing,ljuljačka,7.15,1.84,NA,20,4.95,2.58,NA,20,6.95,0.22,NA,20,6.45,1,NA,20
system,sistem,5.45,2.33,NA,20,4.1,2.19,NA,21,7,0,NA,20,3.95,2.13,NA,21
teen,tinejdžer,5.2,0.95,NA,20,5.05,2.37,NA,20,7,0,NA,20,5.8,1.58,NA,20
touch,dodir,7.35,1.79,NA,20,5.9,3.24,NA,21,6.85,0.49,NA,20,5.62,1.88,NA,21
trade,razmjena,6.35,2.06,NA,20,4.52,1.75,NA,21,6.9,0.31,NA,20,4.62,1.63,NA,21
trail,trag,5.85,1.9,NA,20,4.5,2.5,NA,20,6.9,0.45,NA,20,5.3,2.08,NA,20
trailer,prikolica,5.35,1.35,NA,20,3.8,2.04,NA,20,6.95,0.22,NA,20,5.85,1.57,NA,20
trap,zamka,3.85,1.66,NA,20,6.35,2.28,NA,20,6.8,0.89,NA,20,4.8,1.54,NA,20
trash,smeće,4.45,2.56,NA,20,4.3,2.15,NA,20,7,0,NA,20,6.65,1.14,NA,20
travel,putovati,8.15,1.14,NA,20,4.75,3.24,NA,20,7,0,NA,20,4.95,1.99,NA,20
trip,put,6.65,1.57,NA,20,5.5,2.72,NA,20,7,0,NA,20,6,1.97,NA,20
twin,blizanac,7,2.2,NA,20,3.81,2.46,NA,21,6.8,0.62,NA,20,5.62,1.43,NA,21
underground,podzemlje,4.6,1.85,NA,20,5.48,1.66,NA,21,6.86,0.65,NA,21,5.76,1.45,NA,21
update,ažuriranje,4.8,1.79,NA,20,4.55,2.42,NA,20,6.9,0.31,NA,20,5.4,1.9,NA,20
vintage,staromodno,4.6,2.19,NA,20,4.25,2.05,NA,20,7,0,NA,20,4.65,1.69,NA,20
watch,gledati,5.55,1.79,NA,20,4.5,1.88,NA,20,7,0,NA,20,5.55,1.73,NA,20
web,internet,6.85,1.84,NA,20,5.15,2.01,NA,20,7,0,NA,20,5.8,2.04,NA,20
website,stranica,6.05,1.35,1,19,3.8,2.28,NA,20,6.95,0.22,NA,20,5.6,1.82,NA,20
wellness,velnes,6.75,2.05,NA,20,3.53,2.7,1,19,6.8,0.62,NA,20,5.7,1.95,NA,20
western,zapadni,5.05,1.54,NA,20,3.8,2.17,NA,20,7,0,NA,20,4.9,2.13,NA,20
white,bijelo,6.45,2.14,NA,20,2.25,1.55,NA,20,6.75,0.79,NA,20,6.05,1.61,NA,20
wild,divlje,5.6,1.64,NA,20,6.65,2.25,NA,20,6.95,0.22,NA,20,3.95,2.14,NA,20
wireless,bežično,5.7,2.03,NA,20,3.86,2.17,NA,21,7,0,NA,21,5.86,1.46,NA,21
world,svijet,7.1,1.77,NA,20,5.65,2.62,NA,20,6.9,0.45,NA,20,4.8,2.26,NA,20
afterparty,afterparti,6.85,2.52,NA,20,6.8,2.55,NA,20,6.8,0.89,NA,20,5.5,1.91,NA,20
backstage,bekstejdž,5.8,2.86,NA,20,4.57,2.75,NA,21,6.7,0.8,NA,20,5.86,1.62,NA,21
backup,bekap,4.3,2.36,NA,20,3.63,1.83,2,19,6.15,1.6,NA,20,4.37,2.09,2,19
banner,baner,4.89,1.24,1,19,4.72,2.24,2,18,5.45,2.09,NA,20,4.58,1.61,1,19
blockbuster,blokbaster,4.9,2.61,NA,20,5.79,2.18,1,19,6.2,1.47,NA,20,4.89,1.71,2,18
blockchain,blokčejn,4.11,2.17,2,18,4.25,2.38,5,16,5,2.33,1,19,3.53,2.03,6,15
blues,bluz,4.79,2.2,1,19,3.65,2.11,1,20,6.14,1.82,NA,21,4.65,1.95,1,20
bluetooth,blutut,5.7,1.75,NA,20,4.95,2.19,NA,20,6.63,1.38,1,19,5.35,2.25,NA,20
booking,buking,6.05,1.9,1,19,4.95,2.35,1,20,6.25,1.62,1,20,5.21,1.44,2,19
brand,brend,5.7,2.41,NA,20,4.15,2.48,NA,20,6.65,1.18,NA,20,5.55,1.47,NA,20
cast,kast,5,2.75,6,14,4.5,2.24,9,12,4.83,2.23,2,18,4.14,2.03,7,14
casting,kasting,5.26,2.16,1,19,5.53,2.59,1,19,6.65,0.81,NA,20,5.2,2.04,NA,20
catering,ketering,5.7,1.95,NA,20,5,2.25,NA,20,6.45,1.57,NA,20,5.85,1.14,NA,20
catwalk,ketvok,5.44,2.38,2,18,5.59,2,3,17,5.75,2.17,NA,20,4.06,2.01,3,17
charter,čarter,5,1.73,1,19,5.61,2.48,2,18,5.55,2.14,NA,20,5.53,1.46,3,17
country,kantri,4.05,1.81,1,19,3.79,2.12,2,19,6,1.69,1,20,4.47,2.03,4,17
craft,kraft,5.25,2.31,NA,20,4.5,2.71,2,18,5.8,1.79,NA,20,3.65,1.66,3,17
cross,kros,5.81,1.38,4,16,4.6,2.23,5,15,5.95,1.7,NA,20,4.89,1.97,1,19
crossover,krosover,4.74,2.38,1,19,6.29,1.79,3,17,5.75,1.55,NA,20,3.82,1.67,3,17
crowdfunding,kraudfanding,4.5,2.14,6,14,5.5,3.03,6,14,3.67,2.66,2,18,4.4,1.99,5,15
curry,kari,4.53,2.46,1,19,4.73,2.22,6,15,5.11,2.16,2,19,5.24,2.08,4,17
default,difolt,4.94,1.89,2,18,4.5,2.01,3,18,6.25,1.71,NA,20,3.6,2.23,1,20
driver,drajver,5.05,1.76,NA,20,4,2.38,NA,20,6.5,1.4,NA,20,4.6,1.98,NA,20
dub,dab,5.07,2.4,5,15,5,2.74,3,17,5.5,2.5,2,18,3.6,2.72,5,15
e-mail,imejl,4.15,2.13,NA,20,4.76,2.05,NA,21,6.05,1.99,1,20,5.8,1.61,1,20
ecstasy,ekstazi,4.6,2.87,NA,20,5.42,2.91,2,19,6.15,1.6,NA,20,5.4,1.88,1,20
enterprise,enterprajz,4.28,2.65,2,18,4.41,2.32,4,17,5.2,2.04,NA,20,3.48,2.06,NA,21
evergreen,evergrin,5.11,2.42,2,18,4.3,2.52,NA,20,6.55,0.89,NA,20,4.65,1.46,NA,20
fairplay,ferplej,6.1,2.29,NA,20,4.45,2.42,NA,20,6.85,0.49,NA,20,5.6,2.04,NA,20
firewall,fajervol,4.68,2.45,1,19,4.56,2.15,3,18,6.05,1.28,1,20,5.06,2.05,5,16
firmware,firmver,4.79,2.04,6,14,4.11,2.09,11,9,4,2.61,4,16,4.86,2.14,6,14
flash,fleš,4.83,2.38,2,18,5.7,1.69,NA,20,6.53,1.5,1,19,4.83,1.82,2,18
frontman,frontmen,5.5,2.16,NA,20,5.55,1.88,NA,20,6.58,1.43,1,19,5.15,1.66,NA,20
gadget,gadžet,5,2.35,2,18,4.53,2.74,1,19,6.42,1.26,1,19,4.53,1.9,1,19
game,gejm,5.5,2.37,NA,20,4.84,2.48,1,19,6.8,0.52,NA,20,5.55,1.96,NA,20
gameplay,gejmplej,5.42,2.43,1,19,4.71,2.73,3,17,6.32,1.25,1,19,4.06,1.7,2,18
gaming,gejming,5.2,2.33,NA,20,5.05,2.61,NA,20,6.68,1,1,19,4.8,1.94,NA,20
gay,gej,5.3,2.96,NA,20,4.58,2.32,1,19,7,0,NA,20,4.75,2.2,NA,20
hardcore,hardkor,4.7,1.72,NA,20,6,2.69,1,19,6.4,1.57,NA,20,3.74,1.94,1,19
hardware,hardver,5.35,2.06,NA,20,4.85,2.01,1,20,6.9,0.31,NA,20,5.29,1.76,NA,21
hashtag,hešteg,4.3,1.84,NA,20,4.16,2.34,1,19,6.74,0.56,1,19,4.75,2.45,NA,20
hattrick,hetrik,3.8,2.62,5,15,5,1.95,9,11,4.2,2.38,NA,20,4.27,2.2,9,11
house,haus,5.79,2.04,1,19,4.58,2.48,1,19,6,2.03,NA,20,4.65,2,3,17
indie,indi,4.71,2.23,3,17,4.16,2.34,1,19,5.74,2.13,1,19,3,1.8,1,19
influencer,influenser,4.4,2.21,NA,20,5.55,2.16,NA,20,6.95,0.22,NA,20,4.75,2.12,NA,20
jackpot,džekpot,7.25,1.97,NA,20,7.4,1.5,NA,20,6.85,0.37,NA,20,5.75,1.94,NA,20
jam,džem,6.75,1.71,NA,20,4.05,2.65,NA,20,6.9,0.31,NA,20,6.35,1.42,NA,20
jumbo,džambo,5.11,2.08,1,19,5.05,2.59,1,19,6.9,0.45,NA,20,5.35,1.73,NA,20
kickboxing,kikboksing,5.05,2.82,NA,20,6.05,2.6,NA,21,6.75,0.91,NA,20,6.19,1.12,NA,21
lifestyle,lajfstajl,4.74,2.13,1,19,4.62,2.33,NA,21,6.43,1.54,NA,21,4.14,2.33,NA,21
lounge,laundž,5,2.25,2,18,3.37,2.45,2,19,5.89,1.52,2,19,4.41,1.87,4,17
mainstream,mejnstrim,3.68,2.21,1,19,5.28,2.05,2,18,6.1,2.07,NA,20,4.39,1.97,2,18
makeover,mejkover,5.47,2.22,1,19,5,2.57,NA,21,6.38,1.16,NA,21,4.76,2.05,NA,21
messenger,mesendžer,4.25,2.84,NA,20,5.25,2.34,NA,20,6.15,1.73,NA,20,4.42,2.27,1,19
mobbing,mobing,2.45,1.93,NA,20,6.75,1.69,4,16,5.8,1.94,NA,20,5.35,1.46,3,17
muffin,mafin,6.95,2.04,NA,20,6.15,2.85,NA,20,6.45,1.39,NA,20,5.9,1.37,NA,20
multiplayer,multiplejer,5.42,2.01,1,19,5.05,2.32,2,19,6.55,1,1,20,4.81,2.04,NA,21
offroad,ofroud,4.21,2.78,6,14,6.29,1.9,6,14,4.8,2.33,NA,20,3.09,1.7,9,11
offshore,ofšor,4.13,2.9,4,16,5.19,2.61,5,16,5.47,1.68,1,19,3.31,1.45,5,16
online,onlajn,5.15,2.62,NA,20,5.35,2.32,NA,20,6.75,1.12,NA,20,4.8,2.09,NA,20
outfit,autfit,5.85,2.06,NA,20,6.2,2.07,NA,20,6.65,1.09,NA,20,5.4,1.85,NA,20
outlet,autlet,5.15,2.32,NA,20,4.89,2,1,19,6.5,1.24,NA,20,5.4,1.79,NA,20
outsourcing,autsorcing,4.71,1.86,3,17,4.76,2.33,3,17,6.05,1.61,1,19,4.74,2.31,1,19
playmaker,plejmejker,5.21,2.3,1,19,5.55,2.58,NA,20,6.35,1.31,NA,20,4.89,1.82,1,19
pub,pab,5.11,2.22,2,18,5.4,2.16,NA,20,6.95,0.22,NA,20,6.11,1.37,1,19
punk,pank,4.6,1.43,NA,20,4.69,2.75,4,16,5.65,2.37,NA,20,4.47,1.87,1,19
queer,kvir,4,2.04,7,13,4,2.18,11,9,4.12,2.67,3,17,5,2.27,5,15
reggae,rege,5.26,1.45,1,19,4,2.53,4,16,4.89,2.35,1,19,4.06,1.85,3,17
resort,rezort,5.32,2.75,1,19,4.05,2.72,1,19,6.2,1.28,NA,20,5.21,1.65,1,19
roaming,roming,4.63,2.55,4,16,4.67,2.06,2,18,5.6,1.85,NA,20,4.8,2.04,5,15
rock,rok,4.05,1.57,NA,20,6.9,2.47,NA,20,6.95,0.22,NA,20,4.35,1.95,NA,20
roll,rol,4.47,1.96,5,15,4.31,1.99,4,16,5.42,2.27,1,19,4.73,1.95,9,11
screenshot,skrinšot,5.5,2.04,NA,20,5.45,2.78,NA,20,6.75,1.12,NA,20,5.7,1.92,NA,20
site,sajt,4.45,2.19,NA,20,4.26,1.91,1,19,6.75,0.91,NA,20,4.75,2.02,NA,20
smartphone,smartfon,6.15,2.64,NA,20,5.05,1.99,NA,20,7,0,NA,20,6.05,1.03,1,19
snowboard,snoubord,4.65,2.06,NA,20,5.43,2.18,NA,21,5.85,2.01,1,20,5.89,1.6,3,18
soundtrack,saundtrek,4.95,2.09,NA,20,5.24,1.97,NA,21,6.4,1.14,1,20,4.9,1.86,1,20
stick,stik,5.35,1.95,NA,20,4.19,1.94,NA,21,6.25,1.37,NA,20,5.33,1.28,NA,21
stream,strim,4.61,2.12,2,18,4.71,1.4,3,17,5.95,2.01,1,19,4.33,1.95,5,15
streaming,striming,5.37,1.89,1,19,4.61,2.2,3,18,5.58,1.98,2,19,4.48,1.81,NA,21
styling,stajling,5.8,1.99,NA,20,5.75,2.34,NA,20,6.9,0.31,NA,20,4.7,1.66,NA,20
summit,samit,4.53,2.43,3,17,3.67,2.19,6,15,6.16,1.38,1,19,4.7,1.56,1,20
swing,sving,4.89,1.97,1,19,4.84,2.57,1,19,5.53,2.27,1,19,3.22,1.77,2,18
teambuilding,timbilding,6.16,2.14,1,19,6.5,2.26,2,18,6.37,1.61,1,19,4.65,1.87,NA,20
thread,tred,5.6,1.88,5,15,3.9,2.18,10,10,4.71,2.39,3,17,4.57,2.24,6,14
trap,trep,5.35,1.9,NA,20,4.94,2.31,2,18,5.65,2.23,NA,20,4.57,1.87,6,14
trash,treš,7.06,2.67,2,18,5.1,2.73,NA,20,6.89,0.46,1,19,4.76,2.05,3,17
tuning,tjuning,5.89,2,2,18,5.25,2.12,NA,20,6.21,1.55,1,19,3.33,1.75,2,18
webshop,vebšop,5.05,2.11,NA,20,5.65,2.81,NA,20,6.37,1.61,1,19,4.95,1.61,NA,20
website,vebsajt,4.8,1.82,NA,20,4.55,2.42,NA,20,6.6,1.27,NA,20,5.05,1.99,NA,20
wow,vau,6.35,2.35,NA,20,5.05,2.95,NA,20,6.47,1.17,1,19,3.33,2.35,2,18
youtuber,jutjuber,4.58,2.32,1,19,5,2.08,NA,20,7,0,NA,20,5.05,2.17,1,19
