word_french,translate_word_english,concrete_mean,concrete_sd,context_mean,context_sd,valence_mean,valence_sd,arousal_mean,arousal_sd
abeille,bee,4.9,0.31,4,1.23,3.83,1.05,3.14,1.27
accordéon,accordion,4.84,0.37,3.33,1.45,3.23,1.04,2.58,1.03
acte,act,2.84,1.28,3.03,1.54,3.47,0.9,2.85,0.7
âge,age,2.48,1.26,3.13,1.43,3.17,0.7,2.61,0.93
aide,help,2.16,1.21,3.4,1.54,4.03,0.81,2.09,0.77
aigle,eagle,4.83,0.38,3.6,1.38,3.94,0.95,2.86,0.99
aigre,sour,2.53,1.17,2,1.17,2.09,0.78,3.38,1.08
aiguille,needle,4.67,0.66,3.33,1.52,2.86,0.88,3.17,0.97
ail,garlic,4.77,0.43,3.37,1.3,3.34,1,2.76,1.15
aile,wing,4.24,1.2,3.63,1.16,3.5,0.86,2.15,0.97
air,air,1.93,1.05,3.17,1.32,4.03,0.93,1.83,0.97
aise,ease,1.97,1,1.7,0.99,3.56,0.62,1.72,0.84
algue,seaweed,4.56,0.71,3.47,1.31,3.27,0.83,1.97,0.94
ambre,amber,3.17,1.34,2.57,1.52,3.53,0.68,1.86,1.06
âme,soul,1.47,0.86,3.33,1.45,4,0.91,1.97,1.12
ample,ample,2.32,1.14,2.3,1.42,3.23,0.68,2.41,0.83
ampoule,light bulb,4.56,0.82,3.83,1.21,3.37,0.85,2.53,0.71
an,year,2.16,1.49,2.97,1.54,3.2,0.55,2.71,0.78
ananas,pineapple,4.87,0.57,3.8,1.16,4.09,1,2.07,1
ancre,anchor,4.2,1.03,3.5,1.38,3.75,0.67,2.31,0.97
âne,donkey,4.96,0.2,3.77,1.43,2.97,0.96,2.38,1.17
ange,angel,2.47,1.41,3.8,1.1,4.28,0.8,1.48,0.69
angle,angle,3.11,1.2,2.67,1.6,3.03,0.65,2.38,1.08
août,August,3.2,1.3,4.07,1.14,4.59,0.56,2.07,1.03
apte,able,2.28,1.24,2.4,1.35,4.07,0.64,2.56,0.93
araignée,spider,4.84,0.8,4.1,1.37,2.17,0.83,3.52,1.15
arbre,tree,4.76,0.44,4.03,1.22,4.34,0.75,1.52,0.69
arc,bow,4.41,0.68,3.17,1.46,3.1,0.67,3.14,1.33
arche,arch,4.1,0.96,2.8,1.56,3.5,0.86,2.14,0.95
arme,weapon,4.48,1.05,3.6,1.38,1.7,0.95,4,0.94
arrosoir,watering can,4.8,0.41,3.93,1.01,3.6,0.72,1.97,0.91
art,art,1.7,0.88,3.93,1.26,4.23,0.68,1.83,1.07
artichaut,artichoke,4.87,0.35,3.27,1.28,3.63,0.94,2.07,0.88
as,ace,3.37,1.22,3.07,1.57,4.47,0.72,2.55,1.09
asperge,asparagus,4.96,0.2,3.27,1.7,3.4,1,2.36,0.9
asthme,asthma,3.12,1.17,3.13,1.59,1.5,0.51,3.61,0.93
astre,star,3,1.34,3,1.46,4.07,0.7,1.93,0.92
au,to the (sing),1.44,0.71,1.7,1.47,2.97,0.32,2.42,0.87
aube,dawn,2.73,1.31,3.03,1.27,3.83,0.85,1.66,0.77
autre,other,1.92,1.08,1.9,1.35,3,0.45,2.79,0.7
autruche,ostrich,4.83,0.59,3.37,1.54,3.17,0.83,2.69,0.97
aux,to the,1.53,0.82,1.2,0.66,3.1,0.62,2.52,0.83
avion,airplane,4.87,0.35,4.33,0.76,4.13,0.75,3.03,1.24
axe,axle,2.7,1.24,2.53,1.33,3.34,0.79,2.38,1.01
bac,tray,3.73,1.14,3.83,1.18,3.68,0.82,3,1.16
bâche,tarpaulin,4.53,0.82,3.13,1.41,2.83,0.79,2.45,1.12
badge,badge,4.57,0.77,3.43,1.43,2.88,0.83,2.31,0.97
bague,ring,4.7,0.6,4.13,1.2,4.2,0.66,2.66,1.14
baie,bay,3.8,1.27,2.7,1.29,4.03,0.73,2.17,1.07
baigne,bathed,3.17,1.49,2.5,1.36,3.79,0.94,2.38,1.35
bail,lease,3.17,1.02,2.43,1.55,2.91,0.69,2.59,0.95
bain,bath,4.3,0.95,4.37,0.81,4.1,0.61,1.55,1.18
baisse,drop,2,0.91,2.7,1.37,2.47,0.78,2.59,0.96
bal,dance,3.8,1.27,3.93,1.26,4.21,0.68,2.52,1.3
balai,broom,4.92,0.28,4,1.36,2.37,0.81,2.79,0.86
balançoire,swing,4.77,0.5,3.87,1.17,3.93,0.7,1.93,0.88
balle,ball,4.68,0.85,3.8,1.4,3.53,0.63,3.12,1
ballon,balloon,4.73,0.52,3.67,1.35,3.83,0.76,2.48,1.21
ballon de rugby,rugby ball,4.9,0.31,3.53,1.59,3.2,1,2.9,1.23
banane,banana,4.97,0.18,4.23,0.9,3.63,1.07,2.1,1.01
banc,bench,4.84,0.47,3.77,1.3,3.4,0.56,2.15,0.87
bande,band,3.4,1.16,3.4,1.4,3.23,0.94,2.48,1.3
banque,bank,4.17,1.09,3.47,1.36,3.17,1.04,3.38,1.05
bar,bar,4.27,1.08,4.3,0.79,3.17,1.04,2.55,1.24
barbe,beard,4.5,0.86,3.67,1.06,2.86,0.99,2.59,0.95
barque,small boat,4.72,0.84,3.67,1.32,3.67,0.76,2,0.75
barre,rod,3.9,1.18,3.2,1.52,2.77,0.73,2.48,1.09
barrière,fence,4.43,1.1,2.83,1.46,2.34,0.61,3,1.1
bas,bottom,2.63,1.35,2.77,1.3,2.34,0.75,2.03,0.91
base,base,2.3,1.21,2,1.26,3.28,0.65,2.55,0.83
basque,basque,2.9,1.3,2.3,1.6,3.33,0.76,2.55,1.12
basse,bass,2.37,1.3,2.47,1.31,2.57,0.77,2.17,0.89
batte de base-ball,baseball bat,4.8,0.65,3.57,1.45,2.3,1.15,3.35,1.08
battre,hit,2.9,1.03,3.2,1.35,1.88,0.87,4.1,0.9
baume,balm,3.9,1.09,3.2,1.52,3.75,0.84,1.69,0.71
beau,beautiful,1.8,1.03,3.7,1.32,4.63,0.66,2.1,0.98
bec,beak,4.2,0.89,3.2,1.3,3.06,0.72,2.76,1.12
bêche,spade,4.24,1.09,2.7,1.64,3,0.95,2.55,1.06
beige,beige,2.7,1.39,2.03,1.38,3.07,0.88,2.14,0.92
bel,handsome,1.93,1.01,2.2,1.54,3.5,0.78,1.83,0.89
berge,riverbank,3.6,1.13,2.7,1.42,3.59,0.67,1.76,0.87
bête,beast,2.87,1.57,3.1,1.47,2.21,0.9,3.17,1.07
beurre,butter,4.83,0.38,3.9,1.27,3.57,0.86,1.83,0.93
biais,crooked,2.03,0.93,1.93,1.2,2.78,0.66,2.48,0.91
bible,bible,3.97,1.19,3.57,1.52,3.47,1.31,3,1.44
biche,hind,4.73,0.78,3.7,1.34,4.16,0.72,2.03,0.94
bien,well,1.53,0.68,2.3,1.24,4.14,0.95,1.69,0.71
bière,beer,4.8,0.5,4,1.46,3.47,1.04,2.44,1.06
bile,bile,3.56,1.53,2.7,1.44,1.97,1,3.18,1.02
bille,marble,4.77,0.68,3.67,1.18,3.23,0.63,2.17,1.17
bip,beep,2.73,1.39,3.03,1.65,2.75,0.76,2.93,1.19
bis,second,1.8,1.24,1.87,1.28,3.17,0.85,2.66,0.9
bise,kiss,3.5,1.25,3.33,1.37,3.72,1.19,2.31,1.11
blague,joke,2.43,1.1,3.7,1.34,4.13,0.63,2.52,1.27
blâme,blame,2.6,1.26,2.6,1.43,1.5,0.86,3.74,1.2
blanc,white,3.43,1.41,3.43,1.68,3.97,0.78,1.69,0.71
blanche,white,3.03,1.47,3.33,1.58,3.72,0.84,1.72,0.88
blé,wheat,4.47,0.9,3.27,1.31,3.93,0.59,2.41,0.98
blême,pale,2.3,1.09,1.8,1.13,1.75,0.67,2.79,0.82
bleu,blue,2.9,1.47,3.07,1.57,4.03,0.82,1.83,0.89
bloc,block,3.5,1.07,2.13,1.31,2.66,0.72,2.79,0.9
blond,blond,3.07,1.2,3.23,1.38,3.41,0.87,2.34,1.01
blues,blues,1.9,0.99,3.3,1.49,2.13,1.11,2.31,1.31
bobine de fil,reel of thread,4.83,0.38,3.83,1.42,3.33,0.8,2,0.93
boeuf,bullock,4.8,0.48,3.8,1.1,3.63,0.91,2.45,1.06
boire,drink,3.76,1.33,3.83,1.42,3.63,0.85,2.68,0.99
bois,wood,4.5,0.78,3.83,1.44,3.67,0.96,2.07,1.13
boîte,box,4.5,0.86,3.63,1.56,3.16,0.81,2.34,1.14
bol,bowl,4.7,0.53,3.7,1.34,3.41,0.56,1.86,0.88
bombe,bomb,4.37,0.93,3.77,1.38,1.75,1.19,4.38,0.78
bon,good,2.28,1.1,2.93,1.57,4.37,0.67,2.15,0.94
bond,leap,2.83,1.21,2.83,1.44,3.33,0.66,2.59,0.95
bonhomme de neige,snowman,4.64,0.86,4.43,1.17,4.3,0.75,2.12,1.17
bonne,maid,2,0.78,3.07,1.51,4.07,0.74,2.26,0.85
borgne,one-eyed,3.4,1.5,2.9,1.59,1.67,0.84,3.1,1.11
borne,milestone,4.04,1.1,3.13,1.46,2.83,0.7,2.71,0.75
bosse,bump,3.93,0.83,3.87,1.2,2.43,0.86,2.93,0.96
botte,boot,4.84,0.62,3.7,1.47,3.33,0.66,2.52,0.83
bouc,goatee,4.53,0.82,3.03,1.38,2.62,0.82,3.03,0.87
bouche,mouth,4.77,0.43,4.03,1.25,3.63,0.75,2.21,0.82
boucle,buckle,4.03,0.85,3.13,1.48,3.28,0.52,2.24,1.06
boue,mud,4.2,1.19,3.33,1.03,2.1,0.62,2.69,0.97
bouée,buoy,4.67,0.61,4.17,1.05,4,0.98,2.38,1.05
boueux,muddy,3.47,0.97,3.13,1.17,1.88,0.61,3.03,1.12
bougie,candle,4.57,1.01,3.9,1.24,3.86,0.64,1.69,0.71
bougre,guy,2.4,1.15,2,1.36,2.23,0.63,3.15,0.91
bouille,mug (face),2.73,1.11,3.43,1.45,3.6,0.89,2.21,0.9
bouilloire,kettle,4.77,0.5,3.83,1.23,3.57,0.73,2.34,1.01
boule,ball,4.33,0.76,3.2,1.52,3.03,0.85,2.31,0.85
boum,bang,2.4,1.35,3.33,1.35,3,0.91,3.53,1.15
bourg,market town,3.04,1.51,2.47,1.28,3.4,0.72,2.53,0.75
bourse,grant,3.13,1.25,3.37,1.3,3.17,1.07,3.34,1.2
bout,tip,2.33,0.99,2.37,1.3,3,0.85,2.52,0.91
bouteille,bottle,4.88,0.44,4.1,1.18,3.43,0.77,2.64,0.82
bouton,button,4.44,1.23,3.86,1.19,2.43,0.77,3.03,0.88
bouton de porte,doorknob,4.33,1.24,2.07,1.17,3.34,0.75,2.21,1.15
box,box,3.73,1.36,2.67,1.52,2.86,0.83,2.66,1.08
boxe,boxing,3.57,1.1,3.4,1.38,2.81,1,3.62,1.18
braille,braille,3.08,1.38,2.63,1.33,3.1,1.35,3.21,1.04
braise,embers,3.83,1.23,3.53,1.31,3.28,0.84,3.1,1.14
branche,branch,4.67,0.55,3.77,0.86,3.5,0.73,2.14,1.09
bras,arm,4.8,0.48,3.77,1.45,3.6,0.72,2.21,0.94
brasse,breaststroke,2.73,0.87,2.87,1.36,3.34,0.94,2.14,0.92
brave,brave,2.2,1.03,2.6,1.19,3.94,0.84,2.34,1.11
break,estate car,2.33,1.03,3.03,1.59,3.5,1.28,2.59,1.24
brèche,breach,3.13,1.2,2.24,1.3,2.37,0.89,2.79,1.05
bref,brief,1.52,0.77,2.33,1.54,2.8,0.66,2.88,0.92
brève,short,2,1.02,2.47,1.36,2.9,0.66,2.31,1.07
bride,bridle,3.84,1.46,2.27,1.26,2.47,0.86,3,0.79
bridge,bridge,2.97,1.38,2.13,1.5,3.2,0.81,2.41,1.21
brie,brie cheese,3.72,1.49,3.07,1.62,3.13,0.86,2.5,0.87
brin,blade of grass,3.33,1.12,2.23,1.14,3.14,0.83,2.41,0.82
brique,brick,4.7,0.53,3.57,1.28,3.47,0.82,2.38,0.86
bris,breaking,3.1,1.09,1.83,1.15,2.13,0.83,2.62,1.15
brise,breeze,2.87,1.2,3.17,1.42,3.13,0.97,2.41,1.02
broche,brooch,4.28,0.96,2.77,1.43,3.34,0.77,2.72,0.92
bronche,bronchus,3.9,1.12,2.33,1.52,2.93,1.05,2.52,1.06
bronze,bronze,3.33,1.42,3.17,1.26,3.62,0.82,2.28,0.75
brosse,brush,4.52,1.05,3.9,1.35,3.23,0.63,2.47,0.76
brosse à dents,toothbrush,4.83,0.46,3.9,1.35,4,0.76,2.38,0.9
brouille,quarrel,2.03,0.85,1.57,1.01,2.21,0.77,3.72,0.96
brousse,bushland,3.5,1.2,2.8,1.47,3.24,0.87,2.72,0.92
bruit,noise,2.92,1.22,3.77,1.45,2,0.91,3.76,1.03
brume,mist,2.96,1.34,3.33,1.3,2.83,0.79,2.32,1.02
brun,brown,3.33,1.24,3.5,1.41,3.4,0.77,2.21,0.98
brune,brown,3.4,1.13,3.53,1.46,3.69,0.86,2.07,1.03
brusque,abrupt,2.2,1,2.53,1.17,1.83,0.53,3.58,0.94
brut,raw,2.7,1.12,2.47,1.46,2.34,0.94,3.1,1.32
brute,brute,2.33,1.27,2.83,1.37,1.73,0.87,4.03,0.91
bûche,log,4.6,0.65,4.03,1.03,3.5,0.63,2.58,0.79
buée,steam,3.4,1.15,3.2,1.35,2.7,0.88,2.38,0.94
buffle,buffalo,4.57,0.82,2.4,1.25,3.1,0.72,3.21,0.77
bulbe,bulb,4.27,0.91,2.4,1.28,3.38,0.9,2.28,1.03
bulle,bubble,4.07,0.98,4.03,0.93,3.6,0.81,1.66,0.94
bureau,desk,4.63,0.67,3.9,1.06,2.97,0.54,2.48,1.12
bus,bus,4.7,0.7,4.53,0.82,3.37,0.81,2.86,1.13
buste,chest,4.16,0.9,3.43,1.43,3.43,0.73,2.7,0.81
but,aim,2.43,1.3,3.33,1.45,3.83,1.07,3.28,1
butte,mound,3.67,1.32,1.97,1,2.83,0.71,2.79,0.94
ça,that,1.33,0.66,2.07,1.53,3.03,0.85,2.28,0.96
câble,cable,4.27,1.23,2.77,1.25,3.28,0.65,2.9,1.08
cacahouète,peanut,4.93,0.25,3.73,1.28,3.47,0.95,2.07,1
cache,hiding place,2.77,1.17,2.6,1.25,2.57,0.82,2.52,1.09
cadenas,padlock,4.83,0.38,3.7,1.37,2.75,1.11,2.72,1.07
cadre,frame,4,1.11,3.2,1.32,3.45,0.78,2.52,1.06
cage,bird cage,4.23,1.19,3.07,1.36,2.17,0.76,3.34,0.9
caille,quail,4.43,1.01,2.5,1.48,3.28,0.92,2.66,1.01
caisse,crate,4.33,0.99,3.43,1.36,2.72,0.88,2.83,0.89
cake,cake,4.47,0.9,3.67,1.03,4.03,0.9,1.97,1.02
calme,quiet,2,0.95,3.87,1.28,4.4,0.56,1.21,0.49
calque,tracing paper,3.6,1.22,2.63,1.52,2.83,0.79,2.68,1.07
camion,truck,4.73,0.64,3.47,1.36,3.1,0.86,3.21,0.86
camp,camp,3.7,1.02,3.27,1.31,2.78,1.1,2.93,1.13
canapé,couch,4.77,0.5,3.93,1.26,3.97,0.69,1.59,0.78
canard,duck,4.93,0.25,4.23,1.01,3.78,0.66,2.31,1.04
cancre,dunce,2.73,0.94,3.4,1.1,1.44,0.62,3.28,1
canne,stick,4.67,0.71,3.67,1.18,2.87,0.73,2.14,0.99
canon,cannon,4.03,1.07,3.47,1.36,2.22,1.13,3.62,1.15
cap,cape,2.63,1.41,2.83,1.34,3.6,0.86,2.59,0.7
cape,cape,4.27,0.98,3.43,1.22,3.31,0.64,2.41,0.98
câpre,caper,4.08,1.59,2.83,1.58,2.9,0.84,2.53,0.97
car,because,3.63,1.77,3,1.62,3.4,0.86,2.52,1.24
carotte,carrot,4.87,0.43,3.63,1.33,4.03,0.78,1.93,0.88
carpe,carp,4.76,0.52,3.28,1.6,3.07,0.74,2.3,0.85
carte,card,4.67,0.61,3.87,1.14,3.77,0.73,1.97,1.09
cas,case (scenario),1.83,0.95,2.07,1.14,3,0.67,2.59,0.91
case,compartement,3.47,1.07,2.63,1.45,2.78,0.75,2.28,1
cash,cash,2.97,1.43,2.97,1.43,3.17,1.1,3.31,1
casque,helmet,4.67,0.55,3.73,1.11,3.81,0.86,2.41,1.12
casque de joueur de foot,football helmet,4.47,1.22,2.3,1.62,2.8,0.89,2.93,1.22
casquette,cap,4.8,0.48,3.8,1.4,3.07,0.91,2.24,1.06
casse,breakage,2.53,1.14,2.8,1.65,2.3,0.6,3.34,1.04
cause,cause,1.76,0.88,2.23,1.3,2.77,0.9,2.71,0.95
cave,cellar,3.97,1.03,3.97,1.07,3.22,0.87,2.59,1.21
ce,this,1.5,0.78,1.2,0.55,3,0.53,2.55,0.87
cèdre,cedar,3.93,1.23,2.27,1.44,4.16,0.85,1.93,0.88
ceinture,belt,4.84,0.37,3.8,1.35,3.07,0.78,2.76,0.83
céleri,celery,4.87,0.35,3,1.6,2.87,0.97,2.34,0.97
celle,that,1.87,1.43,1.8,1.24,3.07,0.64,2.1,0.94
celte,celte,2.63,1.33,2.87,1.46,3.48,0.83,2.52,0.91
cendre,ashes,4.32,1.07,3.63,1.43,2.07,0.74,2.94,0.88
cendrier,ashtray,4.84,0.47,3.67,1.58,2.07,0.87,3,1.03
cent,hundred,2.63,1.45,2.52,1.24,3.48,0.91,2.45,0.87
centre,middle,2.67,1.09,2.3,1.37,3.07,0.46,2.52,0.83
cèpe,porcini mushroom,4.57,0.94,3.03,1.52,3.38,0.94,2.17,1.04
cercle,circle,3.4,1.22,3.7,1.26,3.3,0.75,1.83,0.93
cerf,deer,4.77,0.43,3.47,1.33,3.88,0.83,2.28,1.03
cerf-volant,kite,4.83,0.38,3.97,1.16,3.97,0.72,2.07,1.25
cerise,cherry,4.96,0.2,3.97,1.3,4.2,0.66,2.12,0.77
certes,certainly,1.37,0.61,1.6,1.1,3.06,0.8,2.24,0.95
cesse,stop,2,0.83,1.83,1.09,2.44,0.76,2.72,0.88
chaîne,chain,4.24,1.01,3.52,1.53,3.1,0.99,3.15,0.74
chair,flesh,3.92,1.04,2.97,1.35,2.87,0.86,2.85,0.97
chaise,chair,4.83,0.38,3.9,1.06,3.6,0.72,1.76,0.87
châle,shawl,4.4,1,2.53,1.22,3.28,0.58,2.07,1.1
chambre,bedroom,4.43,0.9,4.47,0.78,3.97,0.81,1.9,1.05
chameau,camel,4.8,0.5,3.57,1.41,3.47,0.94,2.52,0.87
champ,field,3.93,1.26,3.53,1.22,3.86,0.92,1.76,0.69
champignon,mushroom,4.52,1.12,4.03,1.27,3.23,0.9,2.29,0.95
chance,luck,1.77,0.94,3.37,1.19,4.59,0.61,2.24,1.38
change,exchange,2.24,1.3,2.6,1.25,3.17,0.53,2.82,0.92
chant,singing,3.2,1.1,3.47,1.28,4.16,0.77,1.97,0.98
chapeau,hat,4.7,0.53,3.53,1.33,3.66,0.81,2.28,1.03
chaque,each,1.7,1.24,1.83,1.32,3.27,0.58,2.07,1.1
char,chariot,4.27,0.91,2.7,1.56,2.7,1.06,3.41,1.05
charge,load,2.8,1.21,2.07,1.14,2.57,0.73,2.83,1.1
chariot,wagon,4.6,0.77,3.07,1.44,3.14,0.74,2.86,0.99
charme,charm,1.77,0.9,3.63,1.33,4.47,0.57,2.45,1.48
charte,charter,3,1.41,2.57,1.45,3.27,0.78,2.76,0.75
chasse,hunting,3.53,1.04,3.3,1.32,2.27,0.78,3.93,1.1
chaste,chaste,2.1,0.96,2.33,1.24,3.06,0.98,2.24,1.09
chat,cat,4.9,0.31,4.4,0.93,3.77,1.04,2.07,1.19
chaud,hot,2.67,1.37,3.57,1.3,3.97,0.78,2.52,1.12
chauffe,heating,2.57,0.97,2.67,1.37,3.75,0.72,2.38,1.01
chaume,thatch,3.23,1.19,1.7,1.06,3.28,0.68,2.1,0.82
chaussette,sock,4.76,0.64,3.47,1.59,3.17,0.8,2.31,0.97
chaussure,shoe,4.9,0.31,4.1,1.12,3.63,0.83,2.24,0.99
chauve,bald,3.87,1.41,3.73,1.31,2.1,0.9,2.72,1.03
chaux,whitewash,3.27,1.05,2.37,1.38,2.77,0.68,2.31,1
chef,boss,3.23,1.1,3.87,1.25,3.16,0.92,3.14,1.09
chemise,shirt,4.73,0.58,3.73,1.17,3.66,0.65,2.14,1.13
chemisier,blouse,4.73,0.52,3.73,1.17,3.63,0.76,2.24,1.12
chêne,oak,4.88,0.33,3.63,1.54,3.7,0.75,1.76,0.7
chenille,caterpillar,4.84,0.37,3.73,1.28,3.33,0.8,2.26,0.97
chèque,"check (US), cheque (GB)",4.67,0.66,3.73,1.34,3.83,0.89,3.17,1.07
cher,dear,2.13,1.14,2.9,1.56,2.48,1.24,3.45,1.24
cheval,horse,4.9,0.31,4.17,0.95,3.5,0.82,2.45,1.24
cheveux,hair,4.77,0.5,4.1,1.09,3.73,0.74,2.21,0.9
chèvre,goat,4.87,0.43,3.97,1.18,3.17,0.79,2.21,0.94
chez,at (someone's house),1.6,0.86,2,1.36,3.52,0.57,2.45,0.95
chic,chic,2.04,1.02,2.97,1.5,3.63,1,2.79,1.01
chien,dog,4.83,0.38,4.1,1.18,3.69,1,2.55,1.24
chiffre,digit,3,1.41,2.77,1.61,3.24,0.74,2.83,1
chine,china,3.43,1.25,3.9,1.24,3.09,0.93,2.9,1.23
chiot,puppy,4.84,0.8,3.6,1.45,3.77,0.82,2.18,0.98
chips,crisps,4.47,0.78,3.5,1.55,3.34,0.94,2.28,0.96
chique,quid (of tobacco),2.7,1.34,1.93,1.14,2.55,0.99,2.97,1.15
chlore,chlorine,3.37,1.25,3.63,1.27,2.38,0.86,3.07,1.22
choc,impact,2.63,0.85,3.57,1.3,1.87,0.57,4.28,0.88
choeur,choir,3.1,1.09,3.23,1.19,4,0.8,2.24,1.12
choix,choice,1.92,1.08,2.67,1.52,3.87,0.82,3.15,1.16
chope,mug (for drinking),3.73,1.28,2.77,1.43,3.14,1.03,2.83,1
chose,thing,2.3,1.26,2.8,1.56,2.63,0.61,2.24,0.91
chou,cabbage,4.7,0.65,3.17,1.37,3.88,1.01,1.83,0.93
chouette,owl,4.53,0.97,3.57,1.28,4.13,0.9,2.62,0.98
christ,christ,2.23,1.3,3.47,1.53,3.44,0.98,2.69,1.34
chrome,chromium,2.76,1.69,2.6,1.52,3.2,0.81,2.62,0.7
chute,fall,3.2,1,4.13,1.2,1.93,0.69,3.82,1.07
cible,target,3.9,0.92,3.63,1.27,2.97,1,3.31,0.97
cidre,cider,4.63,0.49,3.77,1.48,4.07,0.83,2.34,1.01
ciel,sky,3.4,1.43,4.1,1.27,4.19,0.74,1.59,0.87
cierge,altar candle,4.48,1,3.2,1.63,2.4,1.07,2.47,1
cigare,cigar,4.63,0.81,3.43,1.1,2.07,1.13,3.17,1.23
cigarette,cigarette,4.8,0.48,4.33,0.99,1.53,0.92,3.03,1.3
cil,eyelash,4.5,0.73,3.07,1.44,3.38,0.71,2.1,0.82
cime,peak,3.68,1.22,2.67,1.49,3.73,0.83,2.18,0.92
cinq,five,3.37,1.54,2.53,1.43,3.34,0.6,2.28,0.96
cintre,coat hanger,4.73,0.45,3.63,1.22,3.07,0.64,2.52,1.06
cire,wax,4.2,0.89,3.37,1.33,3.13,0.51,2.28,1.07
cirque,circus,4.07,0.91,3.87,1.14,3.72,0.77,3.07,1.36
ciseau,chisel,4.87,0.35,3.63,1.47,3.23,0.68,2.83,1.07
ciseaux,scissors,4.92,0.4,3.93,1.31,2.87,0.73,3.03,0.79
citron,lemon,4.73,0.78,3.5,1.38,3.59,0.78,2.62,1.29
clair,light,2.28,1.06,2.93,1.23,4.23,0.68,2.12,0.82
clan,clan,2.72,1.14,3.03,1.45,2.9,0.76,2.97,0.85
claque,slap,3.92,1.15,3.8,1.24,1.6,0.62,3.82,0.95
classe,class,3.17,1.26,3.83,1.18,3.87,0.78,2.59,1.02
clause,clause,2.17,1.12,2.13,1.2,2.63,0.61,3,1.04
clé,key,4.77,0.5,4.37,0.85,3.97,0.72,2.38,1.01
clé (à écrou),wrench,4.5,0.94,2.7,1.62,3.59,0.76,2.38,1.01
clef,key,4.64,0.81,3.9,1.27,3.67,0.66,2.56,0.86
clerc,clerk,2.73,1.34,2.07,1.23,3.06,0.98,2.28,0.92
clic,click,2.23,1.36,2.8,1.47,2.91,0.69,2.72,1.22
clip,video clip,3.37,1.13,3.53,1.5,3.37,0.85,2.62,1.35
clique,clique,2.53,1.04,2.77,1.28,2.69,1.04,3.07,1.1
cloche,bell,4.6,0.91,3.57,1.33,3.3,0.75,3.03,1.1
cloître,cloister,3.32,1.49,1.87,1.11,2.63,1.13,2.62,1.11
clone,clone,2.92,1.38,2.6,1.35,2.4,0.89,3.29,1.07
clope,ciggie,4.47,0.86,4.5,1.07,1.5,0.8,3.48,1.18
cloque,blister,3.96,1.06,3.3,1.66,1.9,0.66,3.38,0.93
clos,close,3.1,1.24,2.33,1.24,2.53,0.84,2.72,1.25
clou,nail,4.87,0.35,3.43,1.36,2.67,0.71,2.83,1.1
clown,clown,4.63,0.61,3.97,1.19,4.14,0.95,3.38,1.15
club,club,3.23,1.17,3.7,1.32,3.53,0.76,2.66,1.2
coche,(stage)coach,2.55,1.24,1.9,1.12,2.83,0.75,2.31,0.97
cochon,pig,4.7,0.6,4.23,1.04,3.16,1.22,2.48,0.99
code,code,2.68,1.28,3.4,1.25,3.07,0.91,2.88,0.82
coeur,heart,4.28,0.94,4.43,0.82,4.3,0.7,2.3,1.24
coffre,chest,4.83,0.46,3.83,1.34,3.63,0.89,2.52,1.06
coiffe,headdress,3.56,1.47,2.8,1.4,3.27,0.64,2.53,0.71
coin,corner,3.17,1.32,2.5,1.25,2.79,0.56,2.45,1.02
coing,quince,4.55,0.69,2.7,1.68,3.14,0.83,2.34,0.9
col,collar,3.97,1.03,3.17,1.49,3.19,0.82,2.24,1.06
colle,glue,3.9,1.18,2.97,1.35,2.97,0.57,2.76,0.99
collier,necklace,4.64,0.99,3.83,1.49,3.76,0.74,2.53,0.94
comble,attic,2.8,1.21,2.47,1.46,2.72,0.7,2.9,0.98
comme,like,1.96,0.98,2.17,1.46,3.33,0.66,2.58,0.71
commode,dresser,4.63,0.76,3.3,1.44,3.59,0.68,2.45,0.78
compte,account,2.68,1.18,3.3,1.6,3.07,0.78,2.67,0.78
comte,count,3.41,1.24,3,1.29,3.25,0.84,2.31,1.17
cône,cone,3.56,1.36,2.73,1.48,2.87,0.63,2.45,0.87
conte,tale,3.3,1.37,3.27,1.39,3.9,0.77,1.9,0.94
contre,against,1.97,1.07,2.4,1.45,2.03,0.72,3,1.07
coq,rooster,4.8,0.61,3.9,1.32,3.43,0.9,3.03,1.09
coque,hull,4.17,0.95,3.17,1.51,3.19,0.74,2.14,1.03
cor,french horn,3.8,1.35,2.03,1.27,2.87,0.82,2.9,1.08
corde,rope,4.77,0.5,3.83,1.23,2.87,0.9,2.93,1.13
corne,horn,4.56,0.71,3.43,1.41,2.53,0.73,2.85,0.76
corps,body,4.27,1.08,3.57,1.43,3.71,0.81,2.31,1
côte,coast,3.27,1.2,3,1.41,3.47,0.88,2.28,1
cote,rating,2.92,1.41,2.5,1.41,3.07,0.52,2.79,0.7
cou,neck,4.4,1.15,3.33,1.54,3.2,0.71,2.64,0.9
couche,nappy,4.1,1.16,3.57,1.45,3.13,0.68,2.48,1.12
coude,elbow,4.68,0.69,3.57,1.48,3.13,0.43,2.58,0.71
coudre,sew,3.33,1.3,3.3,1.09,3.41,0.82,2.34,0.77
couette,duvet,4.6,0.89,3.93,1.11,4.24,0.64,1.45,0.87
coup,knock,3.1,1.12,2.97,1.43,1.93,0.65,3.93,0.84
coupe,cup,3.77,1.07,3.37,1.4,3.17,0.79,2.83,1
couple,couple,3.07,1.2,4.43,0.82,4.5,0.63,2.93,1.31
cour,courtyard,3.7,1.29,2.63,1.4,3.22,0.71,2.21,1.08
courbe,curve,2.87,1.07,2.67,1.37,3.38,0.9,2.24,0.91
courge,marrow,4.5,0.86,3.13,1.57,3,0.85,2.45,0.99
couronne,crown,4.73,0.45,4.2,1.06,3.88,0.83,2.52,1.21
cours,lesson,3.37,1.13,3.97,1.3,3.63,0.75,2.41,1.09
course,running,3.24,1.39,3.73,1.28,3.07,0.87,3.18,1.1
court,short,2.7,1.29,2.87,1.38,2.97,0.47,2.52,0.99
coût,cost,2.23,1.01,2.83,1.05,2.5,0.76,2.9,1.14
couteau,knife,4.93,0.25,4.2,0.89,2.77,0.94,3.45,0.95
crabe,crab,4.76,0.83,4.17,1.21,3.37,0.85,2.79,1.01
craie,chalk,4.77,0.43,4.03,1,3.06,0.84,2.41,1.27
craindre,be afraid of,1.77,0.9,3.2,1.4,1.87,0.68,3.93,1.03
crainte,fear,1.57,0.73,2.57,1.17,1.83,0.91,4.14,0.88
crampe,cramp,3.27,1.34,3.73,1.34,1.8,0.66,3.97,0.87
cran,notch,2.41,1.18,2.13,1.17,3.3,1.24,3.14,1.03
crâne,skull,4.63,0.56,3.77,1.25,3.03,0.96,3.1,1.18
crasse,dirt,3.8,1.03,3.23,1.04,1.57,0.86,3.62,0.94
cravate,tie,4.77,0.43,4.03,0.96,3.13,0.82,2.66,1.14
crayon,pencil,4.87,0.35,4.4,0.77,3.43,0.57,2.34,1.11
crèche,childcare centre,4.33,0.8,3.7,1.24,3.93,0.84,2.45,1.21
crème,cream,4.2,0.91,4.17,1.18,3.73,0.74,2.15,0.84
crêpe,pancake,4.87,0.35,4.23,0.9,4.31,0.66,1.86,0.95
crête,crest,3.66,1.34,2.77,1.43,3.38,0.78,2.66,0.94
creux,hollow,2.88,1.05,2.77,1.28,2.53,0.63,2.79,0.76
cri,cry,3.53,1.14,4.07,1.01,2.06,0.76,4.21,0.77
crible,sieve,2.33,1.21,1.73,1.08,2.43,1.01,3.24,1.06
crime,crime,3.57,1.19,3.63,1.16,1.07,0.26,4.48,0.83
crique,cove,3.7,1.15,3.07,1.46,3.84,0.88,2.24,1.18
crise,crisis,2,0.91,3.7,1.34,1.7,0.75,4.26,0.84
croc,fang,3.87,1.22,2.7,1.49,2.34,0.77,3.34,0.97
crocodile,alligator/crocodile,4.93,0.25,3.43,1.43,2.43,1.07,3.86,1.09
croire,believe,1.5,0.68,3.13,1.43,4.2,0.85,2.17,1.04
croître,grow,2.42,1.25,2.13,1.31,3.8,0.89,2.65,0.86
croix,cross,4.53,0.82,3.3,1.56,2.78,0.83,3.1,0.98
crosse,stick,3.8,1.3,2.37,1.54,2.62,0.82,3.41,0.98
croupe,rump,3.3,1.44,2.2,1.42,3,0.67,2.72,1
croûte,crust,4.24,1.01,3.07,1.55,2.63,0.96,3,1
cru,raw,3.03,1.43,2.67,1.52,2.83,0.93,2.72,1.03
cruche,pitcher,4.33,1.06,2.73,1.31,2.44,1.01,2.69,1.11
crue,flood water,3.21,1.26,2.5,1.38,2.37,1.07,3,1.13
crypte,crypt,3.3,1.42,2.13,1.28,2.59,1.12,3.24,1.3
cube,cube,4.47,0.78,2.97,1.59,3.09,0.73,2.38,0.9
cuillère,spoon,4.73,0.52,3.53,1.53,3.52,0.63,2.31,0.81
cuir,leather,4.44,0.96,3.67,1.35,3.3,0.88,2.55,0.71
cuisinière,stove,4.53,0.9,3.6,1.22,3.86,0.95,2.31,0.81
cuisse,thigh,4.8,0.41,3.5,1.43,3.4,0.81,2.72,1.28
cuit,cooked,2.28,1.06,3.93,1.36,3.13,0.9,2.79,0.81
cuivre,copper,4.07,1.08,2.93,1.44,3.03,0.72,2.17,0.93
culte,cult,1.97,0.93,2.93,1.39,3.47,0.97,2.66,1.08
cure,therapy,2.64,1.32,3.03,1.56,2.97,0.89,2.48,0.91
cuve,vat,4.33,1.06,2.53,1.2,2.9,0.77,3,0.93
cycle,season,2.4,0.86,2.9,1.4,3.38,0.75,2.41,1.09
cygne,swan,4.8,0.65,3.5,1.38,3.7,0.7,1.91,0.77
daim,deer,4.37,1.03,3.17,1.53,3.97,0.9,1.97,0.94
dalle,slab,3.9,1.27,2.47,1.33,2.9,0.62,2.79,0.94
dame,lady,4.13,0.97,3,1.31,4.1,0.67,2.21,1.01
dans,in,1.8,0.85,1.3,0.84,3.03,0.63,2.52,0.83
danse,dance,3.53,1.31,4.33,0.96,4.23,0.82,2.76,1.3
date,date,2.48,1.42,3.17,1.51,3.2,0.66,2.67,0.78
datte,date (fruit),4.8,0.65,2.93,1.53,3.5,0.73,2.32,0.9
dé,die,4.64,0.91,3.53,1.28,3.17,0.65,2.67,0.85
de,from,1.34,0.77,1.23,0.77,2.97,0.5,2.52,0.83
dé à coudre,thimble,4.87,0.35,3.07,1.41,3.16,0.95,2.17,1
dent,tooth,4.92,0.28,4.07,1.05,2.73,0.69,2.94,0.88
dès,as soon as,1.77,1.1,2.07,1.51,3.16,0.51,2.28,1
des,some,1.6,1.1,2,1.51,3.17,0.59,2.07,0.96
dette,debt,2.73,1.39,2.83,1.39,1.43,0.5,4.24,0.79
deuil,bereavement,2.53,1.48,4.13,1.07,1.24,0.44,4.31,1.11
deux,two,2.77,1.48,3.17,1.58,3.63,0.76,1.93,0.92
diable,devil,2.33,1.32,3.83,1.21,1.56,0.95,3.93,1.1
diète,diet,2.3,0.99,2.83,1.29,2.28,0.85,3.17,1
dieu,god,1.4,0.91,3.53,1.68,3.17,1.18,2.82,1.02
digne,worthy of,1.86,1.09,2.47,1.22,4.33,0.55,2.07,1
dinde,female turkey,4.73,0.52,3.53,1.41,2.93,0.88,2.52,0.87
diode,diode,3.1,1.49,1.83,1.21,3.06,0.44,2.41,1.12
dire,say,2.17,1.05,2.77,1.48,3.59,0.68,2.41,1.05
disque,disc,4.73,0.45,3.5,1.28,3.59,0.8,1.86,0.88
dit,known as,2,1.29,2.17,1.49,3,0.37,2.58,0.71
dix,ten,3.43,1.3,2.87,1.53,3.63,0.79,2.24,0.95
do,do,2,1.29,2.67,1.65,3.27,0.69,1.9,0.94
dogme,dogma,1.63,0.76,1.8,1.1,2.69,0.97,3.03,1.12
doigt,finger,4.88,0.33,3.83,1.42,3.5,0.82,2.53,0.75
doigt de pied,toe,4.8,0.41,3.63,1.52,3.1,1.06,2.48,1.3
dôme,dome,3.5,1.17,2.43,1.38,3.59,0.73,2.38,0.98
don,gift/donation,2.7,1.39,3.33,1.32,4.62,0.56,2,1.04
donc,therefore,1.47,0.68,1.8,1.35,3.4,0.77,2.28,1
donne,deal (cards),2.33,1.06,2.77,1.55,4.1,0.76,2.24,0.95
dont,whose,1.6,0.91,1.93,1.44,2.9,0.48,2.5,0.87
dos,back,4.4,0.77,3.3,1.7,3.14,0.74,2.76,1.12
dose,dose,2.7,0.88,2.57,1.38,2.97,0.86,2.69,1.17
douane,customs,4.1,0.92,3.53,1.36,2.57,0.86,3.45,0.95
double,copy,2.27,1.23,2.87,1.31,3.4,0.67,2.28,0.92
douche,shower,4.53,0.86,4.53,0.68,4.1,0.61,1.79,0.98
doué,gifted,2.37,1.25,2.97,1.43,4.47,0.57,2.34,1.08
douille,sheath,4.23,1.01,2.87,1.48,2.59,1.04,3.48,1.18
doute,doubt,1.93,0.91,2.33,1.45,1.9,0.56,3.76,1.09
doux,soft,2.73,1.14,3.63,1.25,4.27,0.69,1.38,0.86
douze,twelve,3.03,1.52,2.7,1.51,3.47,0.72,2.34,0.97
drame,tragedy,2.32,1.11,3.07,1.39,1.4,0.56,4.15,0.83
drap,sheet,4.73,0.64,3.57,1.3,3.59,0.67,1.55,0.63
drapeau,flag,4.8,0.5,3.73,1.34,3.37,0.85,2.62,0.85
drogue,drug,3.6,1.44,3.67,1.3,1.47,0.63,3.79,0.96
droit,straight,2.27,1.14,3.3,1.49,3.78,0.87,2.41,1.21
droite,right,2.67,1.4,3.27,1.34,3.4,0.81,2.74,0.93
drôle,funny,2.33,1.18,3.67,1.4,4.41,0.57,2.14,1.19
druide,druid,3.47,1.36,3.6,1.5,3.55,0.69,2.14,0.95
dû,due,1.68,0.8,1.9,1.24,2.23,0.63,2.88,0.93
du,from,1.37,0.67,1.3,0.7,2.83,0.6,2.52,0.87
duel,duel,3.27,1.28,2.8,1.37,2,0.85,3.69,1.17
dune,dune,4.27,0.83,3.53,1.28,3.75,0.84,1.79,0.73
duo,duo,3.57,1.28,3.3,1.37,3.79,0.73,2.24,0.99
dupe,dupe,1.96,1.06,2.2,1.35,1.93,0.69,3.24,1.1
dur,hard,2.47,1.07,3.13,1.61,2.57,1.17,3.03,1.21
eau,water,4.2,1.03,4.57,0.73,4.53,0.68,1.62,0.98
échelle,ladder,4.32,1.31,3.73,1.26,3.43,0.63,2.76,0.75
écrou,nut,4.3,1.15,2.87,1.46,2.69,0.76,2.79,0.94
écureuil,squirrel,4.9,0.31,3.8,1.42,4.13,0.73,2.14,1.22
église,church,4.57,0.68,3.83,1.18,3.34,1.2,2.48,1.06
éléphant,elephant,4.96,0.2,4.07,1.39,3.5,0.86,2.32,0.85
elfe,elf,2.57,1.65,2.9,1.56,3.57,1.01,2.07,1.03
en,about it,1.4,0.62,1.13,0.43,3.03,0.33,2.52,0.87
encre,ink,4.2,1.08,3.7,1.18,3.47,0.86,2.55,0.83
entre,between,2.03,1.19,2.1,1.03,3.16,0.45,2.17,0.89
enveloppe,envelope,4.72,0.74,3.9,1.16,3.33,0.48,2.56,0.79
épi de maïs,ear of corn,4.67,0.92,3.07,1.48,3.28,0.96,2.31,0.89
escargot,snail,4.8,0.41,3.33,1.45,3.41,0.95,1.93,0.92
est,east,2,1.26,2.37,1.61,3.34,0.67,2.61,0.83
et,and,2.03,1.13,1.67,1.24,3.25,0.51,2.21,0.9
étoile,star,3.97,1.25,4.17,1.15,4.33,0.66,1.55,0.95
être,to be,1.77,1.17,2.57,1.65,4.2,0.61,2.17,1.23
eux,them,1.57,0.9,1.7,1.06,3.17,0.6,2.62,0.9
fa,fa,1.96,1.34,2.73,1.62,3.5,0.86,2.41,0.83
fable,fable,2.76,1.33,3.57,1.38,3.73,0.78,2.15,0.95
fac,university,3.12,1.42,4.33,1.15,3.4,1.04,3.21,1.02
face,face,3.28,1.34,2.9,1.32,3.4,0.72,2.79,0.68
fade,bland,1.88,0.88,2.47,1.38,1.93,0.52,2.68,0.8
faible,weak,1.8,0.81,2.37,1.43,2,0.53,2.69,1.2
faille,fault,3.13,1.17,2.67,1.4,2.03,0.72,3.28,1.16
faim,hunger,2.63,1.27,4.2,1.06,2.38,1.04,3.17,1.04
faire,to do,2.33,1.24,2.9,1.67,3.47,0.78,2.76,1.02
fait,done,2.73,1.34,1.83,1.18,3.48,0.78,2.52,0.95
fan,fan,2.57,1.22,3.93,1.01,3.72,1.13,2.83,1.2
faon,fawn,4.8,0.48,3.2,1.63,3.93,0.74,1.83,0.71
farce,practical joke,2.6,1.19,3.27,1.2,3.37,1,2.94,1.1
fard,make-up,3.4,1.15,2.6,1.35,2.87,0.86,2.65,0.96
faune,fauna,3.03,1.16,3.23,1.28,4.31,0.76,2.14,1.06
faute,mistake,2.43,1.17,3.3,1.21,2,0.53,3.72,0.88
fauteuil à bascule,rocking chair,4.77,0.5,3.33,1.52,3.86,0.79,1.9,0.94
fauve,wild animal,3.83,1.09,3.43,1.52,3.2,0.76,3.52,1.3
fax,fax,4.12,1.17,3,1.72,3.13,0.86,2.76,0.77
fée,fairy,3.1,1.4,3.93,1.2,4.28,0.59,1.86,0.83
feindre,pretend,2.03,1.16,2.53,1.38,2.37,0.76,2.66,1.01
feinte,craftiness,2.13,0.9,2.37,1.35,2.78,0.91,2.83,0.93
femme,woman,4.4,1.08,4.17,1.29,4.37,0.81,2.55,0.94
fendre,split,2.63,1.4,2.33,1.49,2.76,0.99,3.17,0.93
fenêtre,window,4.8,0.41,3.77,1.33,3.6,0.72,2.32,0.86
fente,crack,3.6,1.16,2.87,1.33,2.47,0.63,2.9,1.14
fer,iron,3.83,1.32,2.7,1.47,3.07,0.92,2.86,0.83
fer à repasser,(flat)iron,4.96,0.2,3.83,1.44,2.43,0.86,3.03,0.79
ferme,farm,3.6,1.38,3.83,1.39,3.33,0.99,2.52,0.83
fête,celebration,3.4,1.1,4.5,0.68,4.37,0.67,3.31,1.47
feu,fire,3.8,1.29,3.8,1.27,3.2,0.96,3.29,1.1
feuille,leaf,4.52,0.91,3.53,1.53,3.48,0.69,1.86,0.88
feutre,felt pen,4.63,0.67,3.43,1.22,3.41,0.76,1.86,0.79
feux de signalisation,traffic light,4.92,0.28,4.22,1.34,3.1,0.99,3.12,0.93
fiable,reliable,1.73,1.05,2.6,1.25,4.23,0.63,1.97,1.02
fibre,fibre,3,1.11,2.6,1.45,3.2,0.61,2.14,0.92
fiche,card,4.07,0.91,2.6,1.33,2.93,0.8,2.76,0.95
fier,proud,1.97,0.93,2.47,1.38,3.76,1.12,2.59,1.21
fièvre,temperature,2.88,1.36,3.87,1.28,1.73,0.64,3.62,0.96
figue,fig,4.76,0.83,3.33,1.49,3.5,0.9,2.35,0.99
fil,thread,4.2,1.19,3.2,1.32,3.21,0.49,2.31,0.97
file,queue,3.38,1.32,2.67,1.37,2.67,0.66,2.52,1.12
fille,girl,4.47,0.86,3.3,1.56,4.28,0.59,2.38,1.12
film,film,4.13,0.97,4.5,0.82,3.97,0.76,2.38,1.5
fils,son,3.7,1.09,3.1,1.35,4.06,0.98,2.41,1.02
filtre,filter,3.73,1.17,2.87,1.38,3.13,0.61,2.28,0.88
fin,fine,1.84,0.94,3.7,1.44,2.77,1.22,2.76,0.9
fiole,phial,4.76,0.52,2.67,1.47,2.97,0.67,2.59,0.78
firme,firm,2.43,1.38,1.83,1.29,2.86,0.79,3.14,1.13
fisc,tax authorities,2.48,1.43,2.33,1.47,1.73,0.74,3.83,0.89
fixe,fixed,2.57,1.14,2.67,1.35,2.97,0.65,2.38,1.18
flair,sense of smell,2.3,1.09,2.82,1.42,3.9,0.55,2.34,1.04
flamme,flame,4.5,0.86,3.9,1.16,3.69,1,3.1,1.11
flanc,side,3.4,1.07,2.4,1.35,2.97,0.94,2.48,0.78
flaque,puddle,4.08,1.35,3.63,1.4,2.53,0.51,2.56,0.9
flash,flash,3.03,1,3.47,1.31,3,0.85,3.31,1.34
flasque,flabby,2.93,1.39,2.8,1.4,1.81,0.9,2.69,1
flèche,arrow,4.2,1.03,3.23,1.41,2.97,1.02,3.41,0.98
flemme,laziness,2.2,1.32,3.43,1.38,2.03,0.85,2.14,1.25
fleur,flower,4.53,0.86,3.9,1.18,4.52,0.57,1.55,0.74
fleuve,river,3.92,1.29,3.83,1.37,3.77,0.73,2,1
flot,wave,3.14,1.13,2.67,1.45,3.27,0.94,2.38,1.21
flotte,rain,3.13,0.97,2.77,1.22,3.41,0.76,2.21,1.01
flou,out of focus,1.87,0.9,2.7,1.47,1.91,0.73,2.69,1
fluide,liquid,2.8,1.24,2.83,1.42,3.63,0.81,2.17,1.1
flûte,flute,4.7,0.6,3.67,1.3,3.66,0.9,2.31,1.14
flux,flow,2.3,1.09,2.47,1.43,3.2,0.89,2.38,1.12
foi,faith,1.83,1.05,3.07,1.39,3.47,1.11,2.59,1.02
foie,liver,4.17,1.21,3.27,1.44,3.17,0.89,2.97,1.09
foin,hay,4.6,0.67,3.67,1.24,3.27,1.01,2.1,0.98
foire,fair,3.13,0.94,3.43,1.22,3.59,0.76,3.21,1.01
fois,time,1.72,1.1,2.6,1.71,3.07,0.69,2.52,0.91
folk,folk,2.16,0.94,2.23,1.38,3.47,0.97,2.82,0.92
fond,bottom,2.62,1.27,2.23,1.1,2.66,0.72,2.83,1.04
fondre,melt,2.8,1.26,3.57,1.28,2.93,0.69,2.47,0.94
fonte,thaw,3.27,1.08,2.1,1.3,3,0.88,2.52,0.91
foot,football,3.6,1.38,3.9,1.47,3.03,1.22,3.15,1.14
force,strength,2.24,1.05,3.07,1.39,3.83,0.95,3.09,0.93
forge,forge,3.96,1.17,2,1.11,3,0.74,2.82,0.78
forme,form,2.7,1.18,2.73,1.44,3.94,0.95,2.24,0.91
fort,strong,2.2,1.04,3.1,1.4,3.9,0.66,3.12,0.93
fosse,pit,3.87,1.2,2.47,1.36,1.9,0.72,3.55,0.91
fou,mad,1.72,0.84,4.13,0.97,2.17,0.79,3.47,0.97
foudre,lightning,3.44,1.26,3.87,1.07,2.73,1.08,3.61,1.06
fouet,whip,4.68,0.75,3.8,1.32,1.87,0.86,3.76,1.06
fougue,ardor,1.83,0.87,2.77,1.38,3.91,0.78,3.03,1.35
fouille,excavations,2.6,1.38,2.73,1.39,3.1,0.8,3.09,1.05
fouine,stone marten,4.43,0.94,3.03,1.61,2.1,0.88,2.86,1.19
foule,crowd,3.45,1.09,3.4,1.35,2.66,0.86,3.9,1.11
four,oven,4.73,0.52,3.8,1.27,3.52,0.63,2.86,1.03
fourbe,dishonest,1.63,0.81,2.73,1.48,1.83,0.53,3.72,1.07
fourche,pitch fork,4.48,1.05,3.4,1.35,2.43,0.77,3.26,0.88
fourchette,fork,4.73,0.64,4,1.08,3.66,0.65,2.48,1.02
fourmi,ant,4.8,0.48,4.3,1.06,3.43,0.9,2.59,1.21
frais,cool,2.77,1.1,3.03,1.38,3.83,0.91,1.76,0.79
fraise,strawberry,4.73,0.52,3.6,1.38,4.48,0.78,1.69,0.76
franc,frank,2.47,1.04,2.63,1.45,3.97,0.78,2.62,1.08
frange,fringe,4.1,0.8,3.9,1.18,3.23,0.77,2.34,1.14
frappe,typing,2.87,0.82,3,1.44,1.72,0.77,3.79,0.9
fraude,fraud,2.48,1.16,3.03,1.22,1.6,0.62,3.79,0.96
frein,brake,3.87,1.07,3.63,1.22,2.66,1.04,2.9,0.98
frêle,fragile,2.47,1.11,2,1.31,2.34,0.81,2.62,0.98
frère,brother,3.64,1.41,4.07,1.36,4.03,0.76,2.65,1.11
fresque,fresco,3.97,1.13,3.03,1.43,3.79,0.82,2.34,0.97
frise,curly,3.36,1.44,2.57,1.45,3.07,0.74,2.59,0.87
frite,fry,4.68,0.8,4.13,1.38,3.67,0.88,2.64,0.96
froid,cold,2.76,1.42,3.93,1.28,2.43,0.86,3.03,0.95
front,forehead,4.07,0.98,3.23,1.52,3.06,0.76,2.62,1.12
frousse,fright,1.93,1.14,3.03,1.4,1.73,0.83,3.79,1.05
fruit,fruit,4.7,0.6,4.03,1.22,4.28,0.68,1.97,0.82
fugue,run away,2.8,1.1,3,1.23,1.88,0.71,3.9,0.9
fuir,flee,2.9,1.37,2.57,1.41,1.72,0.7,4.03,0.94
fuite,leak,2.92,1.55,2.9,1.4,1.97,0.61,3.45,1.09
fût,cask,3.07,1.53,2.27,1.44,3.1,0.62,2.66,0.94
gag,joke,2.6,0.97,3.43,1.28,3.53,0.86,2.69,1.26
gage,pledge,2.56,1.16,2.97,1.33,2.4,0.72,3.12,1.01
gai,cheerful,2.6,1.16,3.3,1.29,4.5,0.51,2.28,1.31
gain,profit,2.56,1.47,2.93,1.46,3.7,1.09,2.85,1.12
gaine,sheath,3.96,1.31,3.13,1.46,2.73,0.74,2.76,0.9
gamme,range,2.43,1.07,2.47,1.46,3.56,0.72,2.24,1.02
gang,gang,3.2,1.03,3.03,1.47,1.83,0.91,4.21,0.82
gant,glove,4.67,0.55,3.6,1.33,3.66,0.79,2.1,1.05
garde,guard,2.87,1.22,2.8,1.49,3.2,0.81,2.69,1.11
gare,station,4.43,0.77,4.37,0.85,3.53,0.73,3.17,1.26
gâteau,cake,4.76,0.66,4.37,1.07,4.23,0.68,2.15,1.03
gauche,left,2.68,1.38,2.83,1.53,3.03,0.96,2.56,0.76
gaufre,waffle,4.7,0.7,4.13,1.14,4.28,0.7,1.93,0.8
gaz,gas,2.87,1.63,3.17,1.29,2.86,0.95,3.66,1.01
gel,frost,3.8,1.27,3.6,1.38,2.41,0.95,2.38,1.15
gendre,son-in-law,3.17,1.29,3.13,1.48,3.56,0.8,2.34,0.9
gène,gene,2.23,1.14,2.43,1.14,2.41,0.91,2.83,1.31
gêne,difficulty,1.87,0.82,2.73,1.34,2,0.83,3.38,1.05
genre,type,1.97,0.93,2.43,1.5,3.13,0.87,2.48,0.99
gens,people,3.07,1.34,2.5,1.43,3.34,0.97,2.93,1.16
gerbe,sheaf,3.6,1.1,3.27,1.51,2.19,1.03,3.24,1.24
germe,sprout,3.67,1.3,2.07,1.31,2.76,1.12,2.86,1.06
geste,gesture,2.97,1.07,2.9,1.3,3.44,0.76,2.17,0.85
gifle,slap,3.93,1.2,4.13,1.04,1.57,0.63,4.45,0.69
gilet,vest,4.87,0.35,3.43,1.25,3.5,0.72,2,0.93
girafe,giraffe,4.77,0.68,3.57,1.25,3.72,0.59,2,0.89
gîte,self-catering flat,3.8,1.15,3.43,1.33,3.8,0.85,2.15,0.92
givre,frost,3.8,1.19,3.6,1.33,2.83,0.97,2.62,1.12
glace,ice,4.4,0.72,4.2,1.06,3.78,0.87,1.97,1.05
glaive,two-edged sword,4.32,1.22,2.83,1.49,2.5,0.78,3.21,1.11
gland,acorn,4.32,0.95,3.77,1.43,2.8,0.89,2.35,0.89
glande,gland,3.7,1.09,2.63,1.52,2.73,0.91,2.31,1
glauque,dull green,1.73,0.94,3.17,1.39,1.53,0.68,3.9,1.01
glisse,board sports,2.72,1.1,3.33,1.45,3.23,0.82,2.71,0.97
globe,globe,3.9,0.96,3.31,1.37,3.55,0.78,2.24,0.99
gloire,fame,2.03,1.16,3.3,1.32,4.34,0.94,3,1.25
glotte,glottis,3.93,1.05,1.83,1.29,3.07,0.59,2.66,0.94
goinfre,glutton,3,1.29,3.27,1.48,1.86,0.79,3.55,0.87
golf,golf,4.2,1.06,3.53,1.33,3.38,1.01,2.45,1.12
golfe,gulf,3.47,1.2,2.93,1.51,3.79,0.9,2.34,0.97
gomme,rubber,4.67,0.61,3.3,1.49,3.21,0.82,2.14,0.92
gorge,throat,4.63,0.61,2.93,1.31,3.28,0.65,2.93,0.88
gorille,gorilla,4.77,0.68,3.47,1.43,3.1,0.9,3.31,1.04
gosse,kid,4.1,0.96,3.6,1.33,3.43,1.19,3.52,1.18
gouffre,chasm,3.2,1.27,3.03,1.22,1.72,0.81,3.76,1.15
gourde,flask,4.6,0.62,3.43,1.28,3,1.05,2.14,0.88
gousse,pod,3.9,1.16,2.93,1.6,3.31,0.78,2.24,0.91
goût,taste,2.3,1.18,3.13,1.31,4.44,0.62,2.21,0.96
goutte,drop,3.92,1.29,3.73,1.31,3.23,0.68,2.26,0.95
grâce,grace,1.68,0.63,2.73,1.64,4.13,0.73,1.97,0.92
grade,rank,2.7,1.18,2.8,1.3,3.03,0.97,2.9,1.11
grain,grain,4.08,1.19,3.1,1.35,3.4,0.72,#NULL!,#NULL!
graine,seed,4.36,0.91,3.5,1.36,3.9,0.84,2.35,1.03
graisse,fat,3.4,1.33,2.77,1.45,1.76,0.64,3.48,0.91
gramme,gram,2.73,1.39,2.77,1.5,2.83,0.7,2.38,1.24
grand,tall,2.47,1.17,2.9,1.42,3.9,0.9,2.55,0.95
grange,barn,4.67,0.48,3.43,1.55,3.53,0.63,2.14,0.92
grappe,bunch,4.16,1.03,3.77,1.38,3.57,0.77,2.35,0.9
grappe de raisin,bunch of grapes,4.77,0.5,3.8,1.1,4.22,0.87,1.97,0.94
gras,greasy,2.7,1.37,2.83,1.6,1.83,0.8,3.45,1.02
gratte,guitar (slang),2.73,1.11,3.13,1.22,2.44,0.98,2.93,1.1
grave,serious,1.77,0.77,2.4,1.33,2,0.89,3.45,1.18
gré,liking,1.87,1.2,1.87,1.31,3.3,0.75,1.97,0.82
grec,greek,3.13,1.31,2.57,1.41,3.45,0.78,2.55,0.87
greffe,graft,3.23,1.07,3.4,1.35,3.94,0.91,3.34,1.14
grêle,hail,4.03,1,3.47,1.2,1.78,0.71,3.34,1.08
grenouille,frog,4.73,0.58,3.53,1.53,3.52,0.57,2.48,1.09
grès,sandstone,2.73,1.39,1.63,1.16,3.09,0.78,2.1,0.98
grève,strike,2.84,1.4,3.13,1.59,2.4,1.07,3.59,0.86
griffe,claw,4.33,0.76,3.23,1.3,2.22,0.71,3.59,1.02
grill,steakhouse,4.23,0.97,3.2,1.37,3.31,1.04,2.86,1.13
grille,railings,4.43,0.68,3.03,1.52,2.63,0.71,2.69,1
grille-pain,toaster,4.87,0.35,3.73,1.31,3.66,0.75,2.14,0.92
grippe,flu,3.2,1.06,3.43,1.38,1.34,0.55,3.69,0.93
gris,grey/gray (US),2.7,1.44,2.6,1.54,2.28,0.59,2.52,0.99
grogne,moaning,2.69,1.47,2.3,1.39,1.86,0.44,3.72,0.96
gros,fat,2.7,1.18,3.03,1.52,2.1,0.86,3.24,1.02
grotte,cave,4.37,0.85,3.43,1.14,3.1,0.94,2.52,1.12
groupe,group,3.67,0.84,3.87,1.2,3.81,0.69,2.62,1.12
grue,crane,4.47,0.68,3.17,1.37,3.22,0.83,2.55,1.09
guêpe,wasp,4.87,0.35,3.7,1.29,2.27,0.74,3.79,1.05
guère,hardly,1.73,0.98,1.87,1.2,2.24,0.79,2.83,0.97
guerre,war,3.5,1.28,3.8,1.47,1.07,0.25,4.59,0.68
gueule,gob (mouth),3.43,1.19,3.4,1.28,2.19,0.78,3.52,0.95
guide,guide,3.43,1.1,3.37,1.38,4.1,0.67,2.24,0.91
guitare,guitar,4.92,0.4,4,1.39,3.9,0.61,2.38,0.99
gym,gym,3.3,0.92,4.2,0.81,3.91,0.69,2.45,1.02
hache,axe,4.73,0.78,3.57,1.38,2.4,0.67,3.76,1.06
haie,fence,4.3,0.92,3.47,1.25,3.3,0.84,2.03,1.15
haine,hatred,1.67,0.8,3.33,1.18,1.44,0.72,4.28,0.88
hâle,suntan,2.55,1.15,2.1,1.37,3.53,0.73,2.07,0.92
hall,hall,3.92,1.29,3.2,1.16,3.07,0.52,2.62,0.85
halle,covered market,3.43,1.28,2.47,1.22,3.21,0.68,2.72,1.03
halte,break,2.57,1.04,2.4,1.48,2.91,0.82,2.48,1.18
hanche,hip,4.32,0.9,3.5,1.43,3.1,0.66,2.65,0.82
hargne,aggressiveness,2.1,1.03,2.17,1.34,2.69,1.34,4,1.04
harpe,harp,4.73,0.78,3.17,1.49,4.1,0.71,1.59,0.73
hâte,haste,1.87,0.9,2.3,1.21,3.38,0.94,3.9,0.9
hausse,rise,1.93,1.05,2.8,1.54,3.17,0.99,2.76,1.15
haut,high,2.17,1.15,2.87,1.38,3.48,0.99,2.72,1.16
havre,haven,2.1,0.96,2.07,1.46,4,0.93,1.76,0.87
hélicoptère,helicopter,5,0,3.73,1.41,3.37,0.96,3.09,1.01
herbe,grass,4.5,0.68,4,1.17,3.94,0.95,1.83,0.89
hertz,hertz,2.2,1.44,2.6,1.52,2.9,0.48,3.26,0.97
heure,hour,2.36,1.38,3.37,1.52,3.3,0.79,2.79,0.95
hibou,owl,4.9,0.31,3.37,1.47,3.3,0.79,2.17,0.93
hier,yesterday,2.17,1.26,2.9,1.54,2.72,0.68,2.24,0.91
hippocampe,sea horse,4.84,0.47,3.27,1.51,3.77,0.73,2.12,0.95
homard,lobster,4.8,0.41,3.2,1.52,3.57,0.94,2.66,1.2
homme,man,4.67,0.55,3.57,1.57,3.83,0.89,2.31,1.11
honte,shame,2,1.22,2.9,1.21,1.7,0.79,3.7,0.88
horloge,clock,4.73,0.64,3.73,1.44,3.7,0.84,2.62,1.01
hors,without,1.83,0.83,2.17,1.46,2.6,0.62,2.52,1.09
hôte,host,3.4,0.97,3,1.34,3.78,0.71,2.28,0.88
hotte,cooker hood,4.48,0.77,3.2,1.65,3.33,0.61,2.47,0.83
houle,swell,3.27,1.23,2.77,1.5,2.67,0.71,2.97,1.27
housse,cover,4.27,1.14,2.67,1.4,3.45,0.63,2.52,0.91
houx,holly,4.73,0.69,3.5,1.5,3.5,0.92,2.45,0.95
huile,oil,4.17,0.91,3.43,1.38,3.03,0.69,2.41,0.98
huit,eight,2.63,1.35,3.03,1.56,3.57,0.9,2.31,1.14
huître,oyster,4.88,0.33,3.43,1.61,3,1.23,2.71,0.94
humble,humble,2,0.95,1.93,1.05,4.07,0.84,1.86,0.83
hutte,hut,4.13,1.11,2.73,1.51,3.27,0.87,2.24,1.02
hyène,hyena,4.6,0.89,3.37,1.38,2,1.04,3.69,1
hymne,hymn,2.6,1.28,3.43,1.59,4.1,0.84,2.66,0.86
il,he,1.63,0.76,1.8,1.16,3.24,0.58,2.66,1.11
île,island,4.03,1.19,4.17,1.09,4.38,0.62,1.52,0.78
interrupteur,light switch,4.63,0.72,4.03,1,3.33,0.96,3.17,1.34
ivre,drunk,2.9,1.09,4.37,0.89,1.72,0.96,3.59,1.02
jambe,leg,4.7,0.47,3.43,1.33,3.66,0.75,2.31,0.93
jarre,earthenware vase,4.12,1.24,2.47,1.46,3,0.69,2.58,0.71
jauge,gauge,3.17,1.28,2.6,1.48,2.93,0.78,2.59,0.95
jaune,yellow,3.3,1.44,3.5,1.53,3.63,0.89,2.24,1.02
jazz,jazz,2.87,1.25,3.43,1.38,4.21,0.98,2.34,1.08
je,i,2.27,1.39,2.3,1.49,3.19,0.97,2.31,0.89
jean,jeans,4.67,0.61,3.83,1.39,3.8,0.76,2.21,1.21
jet,draft,3.63,1.19,2.93,1.64,3.28,0.73,2.79,1.21
jeu,game,3.5,1.41,4.27,0.83,4.07,0.83,2.72,1.22
jeûne,fast,2.67,1.21,3.37,1.47,3.22,1.13,2.31,1.07
jeune,young,2.3,1.09,3.33,1.35,4.31,0.54,2.21,1.18
job,summer job,3.57,1.33,3.5,1.2,3.93,0.92,3,1.41
joie,joy,2,1.17,3.73,1.17,4.83,0.38,2.83,1.67
joindre,join / connect,2.3,1.18,2.83,1.53,3.93,0.69,2.38,1.05
joint,seal,3.36,1.5,3.1,1.27,2.9,0.96,2.61,1.09
jouable,feasible,1.83,0.91,2.6,1.4,3.5,0.94,2.76,0.99
joué,played,2.36,1.22,3.03,1.47,3.8,0.66,2.55,1.18
joue,cheek,4.28,1.17,2.97,1.52,3.9,0.76,2.44,0.94
jouer,play,3.17,1.29,4.13,1.31,4.31,0.66,2.31,1.07
jouet,toy,4.24,1.33,4.07,1.36,4.13,0.63,2.61,1.06
joueur,player,3.48,1.23,3.4,1.33,3.9,0.8,2.76,0.98
jouir,enjoy,2.87,1.22,3.17,1.34,4.47,0.57,3.34,1.67
jour,day,2.72,1.57,3.33,1.42,4.03,0.81,2.21,0.81
joute,joust,3.03,1.19,1.9,1.35,2.88,0.71,3.07,1.07
juge,judge,3.6,1.22,3.37,1.5,3.07,0.94,3.34,0.9
juin,June,3.07,1.48,3.57,1.38,4.17,0.6,2.28,1
jungle,jungle,4.2,1.03,3.93,1.14,3.37,0.85,3.31,1.14
jupe,skirt,4.77,0.43,3.9,1.24,3.63,0.94,2.41,1.09
jus,juice,4.13,0.9,3.4,1.35,3.84,0.81,1.93,0.92
jusque,until,1.47,0.68,1.9,1.27,3.2,0.71,2.14,0.99
juste,correct,1.8,1.04,3.07,1.48,4.07,0.78,2.42,0.9
kangourou,kangaroo,4.83,0.59,3.73,1.26,3.79,0.62,2.59,1.09
kilt,kilt,4.43,0.97,3.27,1.55,3.28,0.8,2.24,0.99
kiosque,pavilion,4.2,0.85,3.77,1.33,3.3,0.7,2.31,1.11
kit,kit,3.33,1.09,2.9,1.32,3.07,0.83,2.38,1.24
là,there,2.03,1.19,1.4,0.86,3.44,0.72,2.28,0.96
la,the,1.57,0.94,1.73,1.26,3.16,0.57,2.14,0.99
lac,lake,4.44,0.92,4.03,1.27,3.9,0.66,1.71,0.84
lâche,coward,2.5,1.17,2.27,1.28,1.66,0.67,3.66,1.2
laid,ugly,2.04,1.1,3.17,1.49,1.83,0.75,3.15,0.83
laine,wool,4.43,0.9,3.2,1.32,3.72,0.68,1.59,0.73
laisse,lead,3.17,1.49,2.9,1.32,2.44,0.76,2.72,1.03
lait,milk,4.77,0.5,4.23,0.94,3.93,0.69,1.62,0.82
laitue,lettuce,4.63,0.85,3.8,1.3,3.67,0.8,1.69,0.85
lame,blade,4.4,0.96,3.2,1.35,2.1,0.76,3.62,1.17
lampe,lamp,4.77,0.5,3.9,1.03,3.73,0.58,1.93,0.92
lance,spear,3.2,1.49,2.97,1.27,2.59,0.82,3.34,1.11
landau,baby carriage,4.67,0.76,3.73,1.39,4,1.04,2.1,0.94
langue,tongue,3.77,1.43,3.67,1.35,4.13,0.83,2.59,1.09
lapin,rabbit,4.8,0.55,4.3,1.26,4.03,0.65,2,1
laque,lacquer,3.93,1.01,3.17,1.53,3.06,0.67,2.34,0.97
lard,fat,4.53,0.82,3,1.44,2.73,0.94,2.21,0.98
large,wide,2.47,0.97,2.63,1.22,3.27,0.87,2.28,1.03
larme,tear,4.17,1.23,4.23,1.01,2.14,0.99,3.48,1.18
larve,larva,4.1,0.99,3.1,1.52,2.34,0.97,2.86,1.27
las,tired,1.92,1.15,1.97,1.33,1.97,0.61,2.59,0.96
latte,lath,3.97,1.19,2.83,1.39,2.9,0.72,2.76,0.87
lave,lava,3.68,1.44,3.1,1.45,3,0.95,2.91,1.11
le,the,1.57,0.73,1.57,1.17,3.06,0.44,2.03,0.94
lent,slow,2.43,1.04,2.83,1.53,2.28,0.45,2.41,1.35
lente,nit,2.5,1.17,2.97,1.54,2.28,0.73,2,1.1
léopard,leopard,4.88,0.33,3.53,1.33,3.5,0.78,2.88,1.12
lèpre,leper,3.27,1.31,2.83,1.26,1.14,0.44,4.21,0.77
les,the,2,1.15,2.07,1.64,3.2,0.55,2.52,0.8
lettre,letter,4.37,1.03,3.83,1.34,3.83,0.75,2.17,0.97
leur,their,1.6,0.72,2.03,1.45,3.37,0.76,2.17,0.97
leurre,lure,2.56,1.26,2.53,1.33,1.97,0.76,3.09,0.98
lèvre,lip,4.77,0.5,4.13,1.04,3.87,0.68,2.55,1.45
lèvres,lips,4.8,0.41,4.53,0.73,4.1,0.76,2.41,1.24
liane,creeper,4.63,0.49,3.6,1.28,3.13,0.78,2.45,1.06
liasse,bundle,3.9,1.12,3.3,1.62,3.76,0.83,3.14,1.03
libre,free,1.68,0.95,3.6,1.3,4.57,0.68,2.06,1.24
lié,tied,2.3,1.09,1.97,1.1,3.25,0.84,2.69,1.11
lie,dregs,2.92,1.56,2.23,1.33,2.83,0.7,2.65,0.88
liège,cork,3.9,1.18,2.73,1.55,3.16,0.81,2.14,0.83
lien,link,2.7,1.15,2.67,1.47,3.59,0.87,2.14,0.99
lieu,place,2.79,1.37,2.9,1.49,3.41,0.63,2.48,0.83
lièvre,hare,4.87,0.35,3.73,1.17,3.63,0.91,2.38,1.18
light,NA,1.93,0.91,3.1,1.49,3.41,0.91,2.21,1.01
ligne,line,3.2,1.5,3.17,1.49,3.3,0.75,2.53,0.79
ligue,league,2.5,1.17,2.63,1.59,3.1,0.8,2.83,1.1
lime,file (tool),4.36,1.15,3.17,1.51,3.1,0.61,2.7,0.81
lime à ongles,nail file,4.7,0.7,3.43,1.52,3.28,0.96,2.55,1.18
lin,flax,4.32,1.18,2.4,1.48,3.53,0.78,2.12,0.91
linge,washing,4.53,0.73,4.07,0.91,3.47,0.82,2.07,0.92
lion,lion,4.83,0.38,4,1.11,3.91,0.89,3.21,1.18
lire,read,3.33,1.15,3.7,1.34,4.25,0.8,1.45,0.63
lisse,smooth,2.9,0.96,2.67,1.12,3.5,0.68,1.86,0.95
liste,list,3.08,1.26,4.03,1.22,3,0.59,2.76,0.93
lit,bed,4.8,0.48,3.93,1.41,4.38,0.68,1.55,0.78
litre,litre/liter (US),3.04,1.59,3.4,1.52,3.3,0.65,2.7,0.64
livre,book,4.57,0.86,3.97,1.25,4.22,0.83,1.59,0.68
lobe,lobe,3.87,1.14,2.73,1.51,3.31,0.59,2.07,0.88
loft,loft,3.83,1.02,3.27,1.57,3.8,0.89,1.9,0.86
loge,dressing room,3.73,1.26,2.63,1.4,3.62,0.78,2.48,1.12
loi,law,2.52,1.29,3.07,1.57,3.03,1,3.09,0.98
loin,far,2,0.95,2.77,1.41,2.63,0.98,2.76,1.3
long,long,2.43,1.07,1.87,1.11,3.24,0.99,2.83,1
look,look,2.13,0.86,3.97,0.81,3.53,0.78,2.38,0.94
lors,during,1.47,0.78,1.77,1.3,3,0.74,2.14,0.95
lorsque,when,1.57,1.07,1.5,1.01,2.97,0.47,2.41,0.87
lot,batch,3.33,1.15,2.4,1.19,3.2,0.66,2.14,0.95
louange,praise,1.67,0.88,2.43,1.38,4.23,0.9,2.52,1.24
louche,ladle,4,1.32,3.27,1.36,2.53,0.51,2.76,1
loué,lauded,2.62,1.12,2.77,1.45,3.48,0.83,2.69,1.07
louer,rent,2.73,1.23,3.23,1.43,3.38,0.68,2.66,0.94
loup,wolf,4.77,0.43,4.07,1.03,3.03,0.96,3.17,1.31
loupe,magnifying glass,4.88,0.44,3.07,1.55,3.27,0.87,2.38,0.94
lourd,heavy,2.53,1.14,3.1,1.52,2.3,0.7,2.76,1.09
loutre,otter,4.57,0.68,2.57,1.3,3.66,0.94,2.21,1.01
lu,read,2.2,1.47,3.03,1.45,3.63,0.76,2.24,0.76
lueur,glow,2.23,1.07,2.4,1.25,4.07,0.65,1.93,0.84
luge,sled,4.88,0.33,3.83,1.49,3.8,0.81,2.44,0.91
lui,him,1.87,1.07,2.23,1.48,3.66,0.94,2.31,0.93
lune,moon,4.27,1.2,3.87,1.25,4.1,0.72,1.59,0.73
lunettes,spectacles,4.8,0.41,4.4,1.04,3.57,0.9,2.48,1.02
lustre,chandelier,4.53,0.97,3.1,1.35,3.38,0.82,2.14,0.99
lutte,struggle,2.72,1.17,3.23,1.43,2.9,1.06,3.59,0.79
luxe,luxury,1.96,1.1,3.07,1.57,3.5,1.25,2.76,1.03
lymphe,lymph,2.83,1.28,2.03,1.43,3.03,1.1,2.31,1.07
lynx,lynx,4.44,1.19,3.33,1.63,3.63,0.67,2.56,1.12
lys,lily,4.33,1.15,3.27,1.36,4.28,0.73,1.48,0.74
mâche,lamb's lettuce,3.67,1.27,2.63,1.71,3.34,0.94,2.28,0.92
mai,May,2.4,1.19,3.23,1.63,4.07,0.78,2.26,0.87
maigre,thin,2.52,1.16,3.23,1.59,2.37,0.72,3.21,0.78
maille,link,3.83,0.99,3,1.36,3.23,0.77,2.17,1.14
main,hand,4.73,0.45,3.7,1.37,3.91,0.93,2.24,0.91
maire,mayor,4.08,1.08,3.23,1.43,3.3,0.84,2.65,0.73
mais,but,1.7,1.18,2.47,1.59,2.8,0.81,2.83,1.23
maison,house,4.83,0.38,4.6,0.89,4.3,0.75,1.97,1.05
maître,master,3.2,1.22,4,1.08,3.2,1.03,3.06,0.9
mal,badly,1.92,0.81,3.9,1.21,1.47,0.68,4,0.68
mâle,male,3.47,1.2,3.17,1.18,3.28,0.89,2.38,0.94
malle,chest/trunk (US),4.63,0.67,2.43,1.33,3.69,0.78,2.34,0.94
malt,malt,3.57,1.36,2.13,1.43,3.17,0.66,2.38,0.82
manche,sleeve,4.32,1.25,3.57,1.36,3,0.59,2.67,0.85
mangue,mango,4.77,0.57,3.63,1.25,4.03,0.84,2.1,1.05
manque,lack,1.73,0.83,2.47,1.38,1.83,0.85,3.34,1.23
manteau,coat,4.77,0.5,3.4,1.54,3.76,0.79,2.14,0.95
marbre,marble,4.1,1.12,3.37,1.52,3.17,1.23,2.07,1
marche,step,3.77,1.17,3.4,1.43,3.67,0.71,2.28,0.92
mare,pond,4.03,1.1,2.87,1.53,3,0.98,1.97,0.94
marge,margin,3.2,1.06,2.8,1.49,3.19,0.86,2.31,0.93
marmite,pot,4.87,0.35,3.73,1.36,3.8,0.85,2.52,1.24
marque,mark,3.13,1.17,3.47,1.28,3.06,0.8,2.59,1.15
mars,march,2.83,1.46,3.17,1.62,3.37,0.96,2.34,0.97
marteau,hammer,4.9,0.31,3.87,1.36,2.97,0.81,3.21,0.9
masque,goggles,4.47,0.86,3.53,1.28,2.63,0.76,2.97,0.94
masse,mass,2.97,1.16,2.63,1.4,2.75,0.76,2.79,1.05
mât,mast,4.08,1.22,3.4,1.57,3.33,0.66,2.32,0.74
mat,mat,3.37,1.13,2.7,1.51,3.31,0.69,2.14,0.88
match,match,3.77,1.01,4,1.11,3.38,0.78,3.59,1.09
maths,maths/math (US),2.6,1.22,3.47,1.66,3.14,1.33,3.28,1.31
mauve,mauve,3.07,1.28,2.47,1.53,3.37,0.89,1.72,0.84
me,me,1.5,0.94,1.77,1.28,3.34,0.72,2.52,0.74
mèche,wick,4.43,0.73,3.53,1.43,3.2,0.71,2.28,1
membre,limb,3.57,1.17,2.63,1.3,3.59,0.78,2.52,0.87
même,same,2.2,1.32,1.9,1.18,3.13,0.57,2.5,0.79
menthe,mint,4.4,0.89,3.67,1.15,4.13,0.75,2.31,1.07
mer,sea,4.23,0.9,4.33,0.96,4.43,0.63,1.97,1.45
mère,mother,4.2,1,4.33,1.12,4.59,0.57,1.97,1.15
merle,blackbird,4.67,0.61,3.07,1.44,3.3,0.88,2.24,0.87
mes,my (plur),1.57,0.82,2.3,1.53,3.6,0.86,2.07,1.03
messe,mass,2.96,1.49,3.23,1.45,2.87,0.82,2.68,1.1
mètre,meter,3,1.31,3.37,1.33,3.3,0.79,2.24,0.99
mets,dish (as part of meal),3.08,1.47,2.1,1.35,3.43,0.86,2.48,0.8
mettre,put,2.12,0.93,2.77,1.48,3.2,0.55,2.58,0.75
meuble,piece of furniture,4.73,0.52,3.73,1.14,3.37,0.61,2.1,0.94
meule,millstone,4.2,0.96,3.1,1.52,3,0.83,2.14,0.99
meurtre,murder,3.13,1.33,3.73,1.11,1.16,0.51,4.66,0.55
mi,mid,2.2,1.29,2.47,1.59,3.2,0.55,2.32,0.86
miche,round loaf,4.14,0.92,3.23,1.43,3.4,0.81,2.21,1.05
mie,inside of a loaf,4.2,1.12,3.3,1.47,3.33,0.66,2.24,0.79
miel,honey,4.53,0.78,4,1.29,4.16,0.77,1.69,0.93
mien,mine,2.17,1.26,1.97,1.19,3.69,0.9,2.21,0.98
miette,crumb,4.37,0.93,3.47,1.41,2.69,0.9,2.24,1.02
mieux,better,1.77,1.14,2,1.13,4.28,0.73,1.93,0.92
mille,a thousand,2.92,1.41,2.67,1.63,3.4,0.72,2.79,0.89
mime,mime artist,2.63,1.27,3.13,1.41,3.5,0.63,2.28,1.13
mince,thin,2.7,1.15,3.4,1.45,3.53,0.88,2.21,0.94
mine,raw materials mine,4.17,1.05,2.93,1.51,2.94,1.05,3.1,1.32
mioche,kid,3.4,1.33,3.13,1.41,2.48,1.21,3.24,1.06
mis,placed,2.03,1,1.6,1.13,3,0.6,2.62,0.86
mise,placement,2.4,1.38,2.4,1.43,2.93,0.78,2.73,0.84
mixte,mixed,2.77,1.38,2.5,1.17,3.59,0.73,2.45,0.99
mode,fashion,1.88,1.05,3.57,1.41,3.3,0.88,2.7,1.02
moelle,marrow,3.6,1.25,2.73,1.46,3.03,0.89,2.48,0.95
moeurs,customs,2.12,1.2,2.9,1.52,3.13,0.86,2.85,0.7
moi,me,2.23,1.68,3.43,1.52,3.8,0.85,2.14,1.03
moindre,lower,1.56,0.77,1.67,1.06,2.63,0.85,2.71,0.84
moine,monk,4.3,0.79,3.43,1.36,3.16,0.85,2.17,1.1
moins,less,1.83,1.09,1.77,1.17,2.1,0.62,3.03,0.98
mois,month,2.63,1.07,2.77,1.61,3.31,0.89,2.52,0.95
moite,clammy,2.5,1.14,2.93,1.17,1.93,0.52,3.07,1.19
mon,my (sing),1.43,0.77,2.13,1.5,3.47,0.9,2.03,1.02
monde,world,2.63,1.45,3.3,1.47,3.93,1,3.03,1.35
monstre,monster,2.77,1.19,3.93,1.17,1.84,0.77,3.76,1.02
mont,mount,3.4,1.44,2.57,1.45,3.5,0.68,2.58,0.87
montagne,mountain,4.2,1.3,4.17,0.91,4.38,0.56,1.83,1.07
montre,wristwatch,4.7,0.79,4.1,1.18,3.53,0.98,2.72,1.25
mordre,to bite,3.64,1.25,3.2,1.3,1.77,0.63,4.03,0.81
morgue,morgue,3.87,1.36,3.53,1.55,1.31,0.71,4.07,1.1
morse,walrus,4.24,1.09,2.67,1.47,3.13,0.78,2.68,0.89
mort,death,2.8,1.47,4.17,1.29,1.09,0.3,4.24,1.27
mot,word,2.68,1.44,3.07,1.55,3.7,0.79,2.41,0.83
moto,motorcycle,4.8,0.71,4,1.11,3.27,0.78,2.88,1.32
motte,clod,3.67,1.3,2.33,1.24,3.21,0.56,2.31,0.81
mou,soft,2.32,1.11,2.47,1.28,2.33,0.8,2.3,0.92
mouche,fly,4.83,0.46,3.57,1.25,2.31,0.86,3.31,1.23
moudre,grind,3.41,1.18,2.9,1.52,3.31,0.82,2.38,1.08
moue,pout,2.7,1.21,2.1,1.16,2.03,0.68,2.69,1.04
mouette,gull,4.84,0.47,3.73,1.48,3.47,0.97,2.24,0.94
moufle,mitten,4.32,1.41,3.4,1.5,3.17,0.91,2.29,0.78
moule,mould/moid (US),4.67,0.71,3.73,1.14,3.17,1.09,2.1,1.01
moulin (à vent),windmill,4.64,0.76,3.43,1.41,3.8,0.85,1.97,0.83
mousse,foam,3.93,1.14,3.23,1.5,3.66,0.81,1.72,0.84
mouton,sheep,4.96,0.2,3.93,1.17,3.33,0.8,2.18,0.81
mue,slough,2.97,1.25,2.27,1.23,3.1,0.71,2.52,1.02
muer,slough,2.84,1.46,3.3,1.42,3.03,0.56,2.85,0.67
muet,mute,3,1.35,3.2,1.42,2.43,0.73,2.58,0.97
mufle,muzzle,3.57,1.33,1.97,1.16,2.03,0.94,3.34,0.97
mule,mule,4.37,0.93,2.67,1.42,2.76,0.79,2.86,1.09
mûr,ripe,3.9,1.16,3.23,1.28,3.7,0.7,1.83,0.85
mur,wall,4.5,1.04,3.07,1.46,2.55,0.87,2.9,1.08
muscle,muscle,4.3,0.84,3.6,1.25,3.88,0.79,2.72,0.88
muse,muse,2.27,1.08,2.9,1.54,3.87,0.78,2,1
myope,myopic,3,1.39,3.23,1.5,1.93,0.65,3.14,1.06
mythe,myth,1.93,0.94,3.27,1.44,3.79,0.86,2.41,0.95
nacre,mother-of-pearl,3.3,1.26,2.07,1.28,3.94,0.8,1.83,0.89
nage,swimming,3.2,1.13,4.17,1.12,3.88,0.83,2.03,1.12
nain,dwarf,3.73,1.05,3.37,1.22,2.56,0.76,2.31,0.89
naître,be born,2.8,1.4,3.67,1.12,4.53,0.72,2.52,1.02
nappe,tablecloth,4.87,0.43,3.2,1.3,3.44,0.56,1.97,0.91
natte,plait,3.97,1.22,2.97,1.35,3.48,0.69,1.9,0.9
ne,not,1.5,0.9,1.63,1.27,2.56,0.76,2.38,0.98
neige,snow,4.2,1.1,4.33,0.96,4.17,0.76,1.79,1.05
nerf,nerve,3.57,1.33,3.1,1.27,2.7,0.84,3.34,1.11
net,honest,2.33,1.12,2.5,1.48,3.73,0.69,2.03,0.98
neuf,nine,2.52,1.26,3.23,1.5,3.9,0.8,2.47,0.87
neutre,neutral,1.77,0.97,2.28,1.25,3.07,0.58,2.1,0.94
nez,nose,4.53,0.9,3.53,1.72,3.28,0.7,2.69,1.07
ni,neither nor,1.63,1,1.23,0.63,2.34,0.61,2.97,0.87
niche,kennel,4.47,0.86,3.57,1.45,3.24,0.99,2.34,1.04
nid,bird's nest,4.17,1.09,3.47,1.46,4.07,0.8,1.79,0.86
nié,denied,2.27,1.01,2.1,1.21,2.07,0.66,3.48,1.02
nier,deny,2.44,1.33,2.66,1.47,2.27,0.69,3.5,0.94
noble,nobleman,2.27,1.05,2.7,1.44,3.34,0.97,2.72,1.16
noce,wedding,2.83,1.07,3.8,0.92,4.16,0.81,2.31,1.17
noeud,knot,4.07,1.17,3.34,1.52,3.03,0.82,2.52,1.09
noir,black,3.2,1.45,2.83,1.62,2.38,1.01,2.76,1.33
noix,walnut,4.84,0.37,3.53,1.53,3.93,0.78,2.39,0.83
nombre,number,2.63,1.43,2.13,1.48,3.21,0.56,2.69,1.07
non,no,2.44,1.33,3.1,1.79,2.2,1.03,3.12,0.66
nord,north,2.63,1.35,3.13,1.41,3,0.95,2.21,1.15
norme,norm,1.67,0.71,2.77,1.38,3.06,0.98,2.86,0.99
nos,our,1.69,1,1.47,1.01,3.34,0.6,2.1,0.94
note,note,3.16,1.34,3.63,1.45,3.03,0.93,2.97,0.92
nôtre,ours,1.73,0.87,2.27,1.48,3.53,0.78,2,0.93
notre,our,1.6,0.81,1.97,1.43,3.6,0.72,1.93,0.88
noué,knotted,2.63,1.27,2.38,1.32,2.7,0.88,3.07,1.19
nouer,tie a knot,3.2,1.16,2.8,1.42,2.97,0.9,2.69,1.31
noueux,knotty,2.43,0.94,1.87,0.97,2.41,0.8,2.9,1.05
nouille,noodle,4.1,1.09,3.37,1.52,3.28,1,2.45,0.99
nous,we,1.87,1.14,2.2,1.56,3.66,0.67,1.97,0.98
nu,naked,3.07,1.17,3.7,1.32,3.28,0.81,2.24,1.09
nuage,cloud,3.13,1.46,3.9,1.18,3.25,0.95,1.48,0.78
nuance,shade,1.77,0.86,2.63,1.3,3.53,0.68,1.93,1
nuée,swarm,2.37,1.16,2.17,1.44,2.75,0.88,2.55,1.02
nuit,night,3.1,1.3,4.23,1.28,3.25,0.8,1.97,1.09
nul,useless,1.67,0.8,2.8,1.21,1.6,0.81,2.79,1.32
nuque,back of neck,4.87,0.43,3.2,1.49,3.3,0.53,2.41,1.24
nymphe,nymph,2.56,1.23,2.63,1.4,3.43,0.86,2.09,1.02
oeil,eye,4.83,0.46,3.97,1.19,3.83,0.83,2.41,1.02
oeuf,egg,4.84,0.47,4.27,1.14,3.57,0.82,2.39,0.79
oeuvre,work,3.07,1.36,3.33,1.06,4.17,0.53,2.07,1.1
offre,offer,2.2,1.24,2.83,1.49,3.84,0.81,2.24,1.06
ogre,ogre,2.97,1.27,3.3,1.34,1.88,0.75,3.52,0.91
oie,goose,4.83,0.38,3.7,1.18,3.1,0.92,2.28,1.13
oignon,onion,4.8,0.48,3.83,1.32,3.59,0.84,2.72,1.22
oiseau,bird,4.63,0.72,3.7,1.37,4.1,0.67,2,0.96
ombre,shade,2.83,1.21,3.2,1.35,2.56,0.88,2.14,1.22
on,we,1.5,0.78,1.87,1.2,3.09,0.73,2.14,0.88
oncle,uncle,3.8,1.32,4.07,1.17,3.6,0.67,2.48,0.83
onde,wave,2.4,1.19,2.97,1.27,3.27,1.05,1.86,1.19
ongle,nail,4.67,0.71,3.8,1.21,3.4,0.81,2.34,1.14
onze,eleven,2.83,1.51,2.4,1.45,3.07,0.59,2.72,1
or,gold,4.07,1.2,3.73,1.44,4.2,0.89,2.69,1.11
orange,orange,4.5,0.9,3.77,1.28,3.97,0.97,2.24,1.09
ordre,order,2.13,0.9,2.63,1.35,3.09,1.12,2.9,1.14
oreille,ear,4.93,0.25,3.5,1.43,3.72,0.89,2.34,0.9
orge,barley,4.33,0.88,2.33,1.37,3.27,0.78,1.72,0.88
os,bone,4.76,0.52,3.6,1.4,3.03,0.89,2.82,0.82
où,where,1.57,0.68,1.77,1.04,3.25,0.72,2.38,1.12
ou,or,1.6,0.82,2.1,1.54,3.2,0.89,2.55,0.9
ouest,west,2.4,1.28,3.23,1.45,3.43,0.77,1.93,0.92
oui,yes,2.03,1.16,3.43,1.65,4.37,0.85,2.34,1.14
ouïe,ouch,2.33,1.45,3.07,1.36,3.73,1.05,2.52,1.12
ours,bear,4.87,0.35,3.9,1.18,3.66,0.79,2.83,1.1
pacte,pact,1.93,1.05,2.8,1.32,3.27,0.91,2.83,1
page,page,3.96,1.17,3.53,1.5,3.43,0.77,2.21,0.83
paille,straw,4.47,0.73,3.33,1.52,3.45,0.83,2.14,0.83
pain,bread,4.87,0.35,4.3,0.79,4.27,0.58,1.93,0.8
pair,even,2.84,1.34,3,1.46,3.27,0.64,2.41,0.79
paire,pair,3.43,1.52,3.07,1.51,3.28,0.7,2.28,0.8
paix,peace,1.8,1.03,3.2,1.32,4.9,0.31,1.69,1.31
pâle,pale,2.47,1.22,2.5,1.28,2.21,0.62,2.72,1.1
pale,blade (of fan etc.),2.57,1.17,2.7,1.21,1.97,0.69,2.31,1.14
palme,palm leaf,4.56,0.65,3.07,1.44,3.4,0.81,2.58,0.79
pan,section (of roof etc.),2.67,1.37,2,1.39,2.7,0.99,2.69,1.37
panier,basket,4.8,0.41,3.5,1.43,3.63,0.75,2.1,0.94
panne,breakdown,3,1.35,3.97,1.16,1.67,0.61,3.58,1.17
pantalon,pants,4.67,0.71,3.5,1.55,3.66,0.61,2.41,0.98
paon,peacock,4.77,0.5,2.97,1.22,3.83,0.71,2.28,0.92
pape,pope,4,1.2,3.77,1.36,3.34,1.08,2.86,1.06
papillon,butterfly,4.87,0.35,3.83,1.09,4.07,0.78,1.62,0.86
par,by,1.56,0.87,1.57,1.1,2.9,0.48,2.45,0.79
parapluie,umbrella,4.9,0.31,4.2,1.16,3.03,1.16,2.45,1.02
parc,park,3.93,0.94,3.8,1.19,4,0.88,1.69,0.71
part,portion,2.7,1.21,2.3,1.32,3.28,0.7,2.41,0.95
pas,step,2.6,1.38,2.43,1.61,2.67,0.88,2.58,0.66
passe,pass,1.9,0.86,2.63,1.63,2.97,0.56,2.17,1.1
pastèque,watermelon,4.97,0.18,3.83,1.26,4.09,0.86,2.03,1.09
patch,patch,3.92,1.22,3.17,1.39,2.77,0.82,2.65,0.68
pâte,pastry,4.67,0.55,4.03,1,3.8,0.85,2.14,0.95
patin à roulette,roller skate,4.73,0.78,3.53,1.25,3.53,1.05,2.62,1.08
patte,paw,4.67,0.61,3.47,1.33,3.23,0.77,2.21,1.11
paume,palm,4.28,1.14,3.23,1.5,3.1,0.92,2.53,0.83
pause,pause,2.1,1.01,2.97,1.43,3.55,0.78,1.59,0.73
pauvre,poor,2.08,0.76,3.63,1.38,1.87,0.73,3.44,1.06
peau,skin,4.2,1.03,3.3,1.42,3.75,0.84,2.1,0.82
pêche,peach,4.4,0.93,3.8,1.13,3.75,0.8,1.76,0.79
peigne,comb,4.76,0.52,3.63,1.4,3.43,0.63,2.53,0.87
peindre,paint,3.43,1.5,3.5,1.22,3.83,0.89,1.83,0.85
peine,punishment,2,0.83,3,1.44,1.56,0.67,3.52,1.06
peint,painted,3.04,1.31,3.13,1.55,3.53,0.68,2.33,0.85
peintre,painter,3.87,1.17,3.57,1.17,3.97,0.63,2.1,0.94
pelle,dust pan,4.77,0.5,3.97,1.27,3,0.91,2.38,0.9
pendre,suspend,3.33,1.37,3.17,1.34,2.07,1.07,3.83,1.28
pente,slope,3.37,1.1,2.97,1.4,3.13,0.91,2.72,1
perche,pole,4.53,0.63,3.1,1.47,3.17,0.99,2.72,1.16
perdre,lose,2.7,1.24,3,1.23,1.91,0.78,4.03,0.87
père,father,4,1.2,4.47,0.9,4.34,0.83,2.48,1.15
perle,pearl,4.77,0.5,3.53,1.25,4.07,0.74,2.1,1.11
perte,loss,2.03,0.81,3.07,1.53,1.73,0.78,3.55,1.18
peste,plague,2.6,1.19,3.2,1.37,1.22,0.42,4.07,0.88
peu,not much,1.57,0.77,1.8,1,2.52,0.69,2.52,1.15
peuple,people,3.03,1.27,3.43,1.48,3.83,0.83,2.86,1.13
peur,fear,1.96,0.98,3.77,1.41,1.9,0.71,4.29,0.84
phare,lighthouse,4.63,0.67,3.43,1.41,4,0.76,2.31,1.14
phase,phase,2.16,1.18,2.33,1.3,3.03,0.67,2.5,0.75
phoque,seal,4.88,0.33,3.47,1.57,3.57,0.68,2.09,0.88
phrase,sentence,2.72,1.62,3,1.53,3.57,0.73,2.61,0.7
piano,piano,4.8,0.55,4.13,1.04,3.88,0.94,1.79,0.98
pic,peak,3.63,1.13,2.43,1.52,3.28,0.84,3.07,1.22
pie,magpie,4.88,0.33,3.33,1.54,3,0.91,2.62,0.97
pièce,room,3.97,1,3.8,1.21,3.56,0.67,2.17,0.97
pied,foot,4.87,0.35,4.17,1.05,3.27,0.83,2.48,1.21
piège,trap,3.32,1.35,3.53,1.22,1.9,0.84,3.94,1.06
pierre,stone,4.47,0.86,3.43,1.5,3,0.89,2.45,0.91
piètre,mediocre,1.96,0.91,1.9,1.18,2,0.79,3,0.86
pieuvre,octopus,4.73,0.58,3.63,1.43,2.75,1.19,3.17,1.14
pieux,pious,3.1,1.35,2.73,1.44,2.72,0.84,3.1,1.18
pige,piecework rate,2.47,1.2,1.67,1.09,2.66,0.94,2.83,0.89
pile,battery,4.17,1.23,2.9,1.47,3.34,0.72,2.79,0.94
pin,pine,4.27,1.05,3.07,1.39,3.69,0.6,1.97,0.91
pince,pliers,4.16,1.34,3.47,1.43,2.63,0.67,3.03,0.85
pince à linge,clothespeg,4.77,0.68,3.3,1.24,3.24,0.69,2.69,0.97
pinceau,paintbrush,4.6,0.86,3.63,1.33,3.59,0.63,1.76,0.79
pingouin,penguin,4.92,0.4,3.9,1.4,3.53,0.73,2.06,0.93
pioche,pickaxe,4.67,0.55,3.03,1.45,3,0.72,2.83,1.14
pion,pawn,4.5,0.78,3.2,1.4,2.59,0.87,2.76,1.06
pipe,pipe,4.8,0.48,3.67,1.27,2.9,1.11,2.38,1.01
pique,lance,3.44,1.12,3.03,1.35,2.2,0.76,3.41,0.94
pire,worse,1.64,0.91,2.6,1.52,1.63,0.61,3.62,0.97
piste,track,3.2,1.21,3.47,1.33,3.55,0.74,2.52,1.12
pitre,clown,2.64,1.15,3.13,1.41,2.83,1.09,3.15,1.05
place,square,3.63,1.27,3.33,1.4,3.53,0.57,2.24,0.87
plage,beach,4.47,0.82,4.47,0.78,4.63,0.56,1.86,1.33
plaie,wound,3.97,1,3.63,1.19,1.73,0.91,3.69,0.97
plaindre,pity,2.27,1.28,2.33,1.32,2.07,0.8,3.55,0.95
plaine,plain,3.8,1.19,3.4,1.38,3.83,0.87,1.48,0.69
plainte,moan,2.73,0.74,3.3,1.32,1.88,0.87,3.72,0.88
plaire,appeal to,2.3,1.24,3.3,1.39,4.31,0.6,2.41,1.21
plan,plan,2.9,1.12,3.27,1.31,3.25,0.8,2.55,0.95
planche,plank,4.5,0.63,3.6,1.35,2.97,0.72,2.21,1.05
planche à repasser,ironing board,4.96,0.2,3.53,1.46,2.23,1.01,2.82,0.93
plane,gliding,2.48,1.09,2.57,1.38,3.27,0.69,1.86,0.95
planque,hideout,2.77,1.19,2.9,1.35,2.72,1.05,3,0.89
plant,plant,3.2,1.5,2.43,1.48,3.33,0.71,2.38,0.79
plante,plant,4.44,1.23,3.77,1.3,3.7,0.88,1.94,0.86
plaque,slab,4.16,1.18,3.1,1.58,2.87,0.51,2.79,0.89
plat,flat,3.97,1.03,3.67,1.27,3.47,0.82,2,1.04
plâtre,plaster,4.36,0.99,3.57,1.22,2.57,0.82,2.73,0.91
plein,full,2.4,1.13,2.73,1.6,3.97,0.86,2.59,1.09
pleur,tear,3.44,1.19,3.93,1.14,1.97,0.81,4,0.83
pli,crease,3.47,1.28,2.83,1.18,2.79,0.56,2.72,1.13
plomb,lead,3.88,1.17,3.07,1.57,2.5,0.82,2.91,0.9
plot,pin,4.28,1.24,2.77,1.5,2.97,0.49,2.56,0.79
pluie,rain,3.83,1.09,4.03,1.03,2.48,0.83,2.59,1.3
plume,feather,4.63,0.72,3.6,1.33,3.94,0.72,1.31,0.6
plus,more,1.87,1.25,1.7,1.12,4.07,0.84,2.86,0.92
pneu,tire,4.8,0.61,3.93,1.34,3.25,0.62,2.55,1.02
poche,pocket,4.36,0.81,3.53,1.31,3.3,0.75,2.56,0.7
poêle,frying pan,4.59,0.87,3.53,1.5,3.66,0.67,2.62,1.12
poids,weight,3.16,1.14,3.43,1.61,2.57,0.82,3.06,0.96
poigne,grip,2.92,1.35,2.67,1.47,3,0.69,3.09,0.91
poil,hair,4.47,1.01,3.47,1.5,2.59,0.87,3.14,1.19
poing,fist,4.43,0.77,3.17,1.32,2.38,0.78,3.83,0.8
point,dot,3.67,1.3,2.43,1.57,3.17,0.91,2.31,1.04
pointe,point,3.4,1.29,3.27,1.28,2.77,0.63,3.26,0.87
poire,pear,4.67,0.61,3.4,1.4,4.17,0.93,2.21,0.77
pois,pea,4.13,1.04,2.67,1.49,3,0.65,2.31,0.85
poisse,bad luck,2.03,1.03,2.77,1.17,1.31,0.47,3.9,1.01
poisson,fish,4.83,0.38,3.8,1.35,4,0.72,1.97,0.91
poivre,pepper,4.33,0.92,3.73,1.14,3.43,0.9,2.79,1.08
poivron,capsicum,4.87,0.35,3.5,1.43,3.53,0.73,2.31,1.23
pôle,pole,2.48,1.23,3.6,1.19,3.27,0.83,2.79,0.89
pomme,apple,4.96,0.2,4.3,0.95,3.6,0.72,2.06,0.7
pomme de terre,potato,4.8,0.48,3.53,1.63,3.72,0.7,2.28,0.92
pompe,pump,4.2,0.85,3.13,1.41,3.13,0.79,2.55,0.95
pondre,lay,3.4,1.38,3.31,1.31,3.52,0.87,2.55,0.99
pont,bridge,4.57,0.73,4.03,1.33,3.77,0.82,2.38,1.01
pop,pop,2.4,1.04,2.83,1.42,3.63,0.87,2.62,1.21
porc,pig,4.77,0.5,3.6,1.38,3.07,0.83,2.66,1.14
porche,porch,4.23,1.01,2.93,1.53,3.24,0.91,2.66,1.08
port,port,4.37,1.03,3.7,1.44,3.77,0.77,2.48,1.06
porte,door,4.92,0.28,4,1.46,3.2,0.55,2.67,0.74
pose,installation,2.1,0.84,2.03,1.03,3,0.72,2.21,1.01
poste,post office,3.53,1.04,3.2,1.49,3.09,0.64,2.28,0.96
pot,pot,4.33,0.92,3.33,1.35,3.17,0.53,2.31,0.93
potiron,pumpkin,4.9,0.31,3.53,1.28,3.94,0.88,1.86,1.03
poubelle,garbage can,4.92,0.4,3.67,1.56,2.47,1.01,3,0.93
pouce,thumb,4.77,0.57,3.9,1.24,3.57,0.63,2.24,1.12
poudre,powder,4.12,1.09,3.67,1.45,2.67,0.61,2.65,0.98
pouf,pouffe,3.56,1.53,3.47,1.57,2.87,1.04,2.64,1.17
poule,chicken,4.83,0.46,4,1.11,3.72,0.73,2.41,1.02
poulet,chicken,5,0,4,1.08,3.43,0.77,2.38,1.05
poulpe,octopus,4.57,0.9,3.6,1.43,2.66,1.08,3.03,1.15
poupée,doll,4.72,0.74,3.8,1.37,3.63,0.96,2.29,0.85
pour,for,1.43,0.86,1.57,0.97,3.52,0.69,2.45,1.02
pourpre,purple,3.1,1.3,2.47,1.38,3.25,0.98,2.55,1.09
pousse,shoot,2.92,1.04,2.63,1.45,3.47,0.9,2.53,0.83
poutre,girder,4.8,0.48,3.07,1.26,3.16,0.72,2.48,0.95
pré,meadow,4.5,0.82,3.77,1.33,3.67,0.84,1.59,0.87
prendre,take,2.7,1.18,2.6,1.63,3.28,0.85,2.48,0.91
près,near,2.04,0.93,2.43,1.36,3.33,0.71,2.39,0.83
presque,almost,1.47,0.68,1.77,1.19,2.88,0.66,2.52,1.21
presse,newspapers,3.4,1.08,3.17,1.34,3.5,0.78,3,0.88
prêt,ready,2.37,0.81,3.07,1.6,3.69,0.74,2.55,0.99
prêtre,priest,4.27,0.94,3.77,1.22,3.1,1.11,2.79,1.11
preuve,proof,2.43,1.25,3.2,1.13,3.66,0.67,2.76,0.91
prime,bonus,2.77,1.3,2.77,1.41,3.97,0.93,2.69,1.23
prince,prince,3.8,1.35,3.93,1.26,3.72,1.03,2.52,1.09
pris,occupied,2.03,0.89,2.1,1.16,2.94,0.62,2.55,1.12
prise,hold,3.47,1.33,2.8,1.42,3,0.89,3,0.85
prise (électrique),plug,4.73,0.45,2.9,1.52,3.45,0.99,3.69,1.07
prisme,prism,3.27,1.41,2.13,1.38,3.34,0.83,2.38,0.98
prix,price,2.83,1.34,3.63,1.43,2.87,0.82,3.55,1.09
pro,pro,2.3,1.21,2.4,1.19,3.75,0.8,2.69,1.07
proche,soon,2.73,1.23,2.77,1.43,4.31,0.66,1.79,0.94
proie,prey,3.67,1.12,3.17,1.12,2.14,0.74,3.97,0.94
prompt,prompt,2.1,1.18,1.83,1.09,3.53,0.86,2.86,0.99
propre,clean,2.36,1.22,2.97,1.56,4.23,0.68,2.33,0.92
prune,plum,4.63,0.85,3.57,1.3,3.47,0.98,2,1.04
psy,psychologist,2.97,1.3,3.43,1.38,3.03,1.06,2.62,1.05
puant,smelly,2.47,1.22,3.07,1.51,1.38,0.61,3.83,1.1
pub,advertising,3.04,1.31,3.7,1.42,2.77,0.82,3.27,1.07
puce,flea,4.23,1.04,3.03,1.27,1.86,0.88,3.79,1.21
puer,stink,2.63,1.43,3.53,1.48,1.45,0.57,4.1,1.14
puis,then,1.4,0.62,1.7,1.21,3.33,0.76,2.07,1.03
puisque,since,1.3,0.53,1.57,1.07,3,0.51,2.24,0.99
puits,well,4.7,0.6,3.5,1.33,3.17,0.91,2.41,1.15
pull,sweater,4.73,0.78,3.63,1.43,3.83,0.66,2.34,0.94
pulpe,pulp,4.13,0.9,3.4,1.57,3.53,0.94,2.28,1.1
punch,vivacity,3.44,1.23,3.03,1.54,3.63,1.1,3.06,1.03
pur,pure,1.76,0.93,2.97,1.47,4.4,0.77,1.94,0.93
purge,purge,2.88,1.33,2.17,1.32,1.73,0.74,3.39,1
putois,skunk,4.7,0.79,2.8,1.69,1.97,0.85,3.14,1.09
puzzle,jigsaw puzzle,4.56,0.65,3.73,1.36,3.4,1,2.39,1.06
quai,platform,4.4,0.87,3.77,1.41,3.17,0.59,2.64,1.06
quand,when,1.68,0.95,2.2,1.52,2.9,0.61,2.61,0.83
quant,as for,1.52,0.74,1.7,1.18,3.06,0.35,2.31,0.89
quart,quarter,2.83,1.18,2.28,1.25,2.91,0.47,2.31,0.85
quartz,quartz,3.64,1.5,2.97,1.54,3.33,0.71,2.38,0.97
quatre,four,3.5,1.31,2.7,1.6,3.25,0.57,2.34,0.94
que,what,1.47,0.94,1.33,0.88,2.97,0.42,2.66,0.77
quel,which,1.88,1.2,2.47,1.55,3,0.26,2.5,0.71
quelque,some,1.47,0.73,1.83,1.18,3.1,0.66,2.07,1
quête,quest,2.32,1.22,3.23,1.43,3.53,0.82,2.85,1.01
queue,tail,4.2,0.89,3.13,1.38,2.88,0.55,2.48,1.06
qui,who,1.93,1.05,1.67,0.99,2.94,0.44,2.31,0.97
quiche,quiche,4.6,0.62,4.4,0.72,3.73,0.87,2.45,1.06
quille,keel,4.6,0.62,3.37,1.43,3.24,0.58,2.72,1
quinze,fifteen,2.53,1.46,2.43,1.48,3.17,0.7,2.24,1.15
quitte,quits,2.12,1.09,2.73,1.55,2.3,0.75,2.91,0.98
quiz,quiz game,2.96,1.21,3.23,1.55,3.53,0.82,2.94,0.97
quoi,what,1.4,0.76,1.9,1.35,2.97,0.72,2.68,0.85
race,race,2.5,1.5,2.83,1.46,2.45,1.09,3.24,0.99
rafle,round-up,2.88,1.27,2.97,1.56,1.3,0.47,4.03,1.06
rage,rabies,2.43,1.17,2.83,1.26,1.9,0.94,4.1,0.77
raid,raid,3.17,1.31,2.7,1.44,3.28,1,3.34,1.01
raide,stiff,2.6,1.13,2.73,1.51,2.47,0.94,2.59,1.21
raie,ray,3.92,1.19,3.17,1.53,3.13,0.63,2.45,1.03
rail,rail,4.4,0.86,3.69,1.17,3.23,0.68,2.55,0.91
râle,groan,2.57,1.01,2.1,1.18,1.94,0.8,3.45,1.06
rame,oar,4,1.2,2.9,1.49,3.17,0.75,2.38,0.94
rampe,handrail,4.2,0.91,3.03,1.3,3.17,0.75,2.58,0.75
ranch,ranch,4.4,0.81,3.4,1.43,3.72,0.75,2.38,1.08
rang,line,2.43,1.17,2.6,1.38,3.1,0.72,2.79,0.9
rap,rap music,2.4,1.32,2.93,1.34,2.7,0.92,3.45,1.2
râpe,grater,4.28,1.34,3.17,1.34,2.87,0.73,2.85,0.83
raquette de tennis,tennis racket,4.8,0.55,3.37,1.54,3.62,0.78,2.97,1.09
rare,rare,1.88,0.73,2.73,1.46,3.67,0.96,2.88,1.13
ras,short (hair),2.46,1.35,2.47,1.55,2.8,0.48,2.56,0.79
rat,rat,4.73,0.58,3.33,1.45,2.07,0.75,3.38,1.18
rate,spleen,3.1,1.4,2.27,1.39,2.66,1.04,2.86,1.09
raton-laveur,raccoon,4.67,0.8,2.7,1.51,3.14,0.79,2.66,0.86
réfrigérateur,refrigerator,4.83,0.46,3.6,1.3,3.55,0.91,2.48,1.09
règle,ruler,3.43,1.3,3.17,1.34,2.93,0.92,2.97,0.98
règne,reign,2.57,1.07,3.1,1.45,3.13,0.91,2.93,1.07
rein,kidney,4.1,1.16,3.27,1.36,3.28,0.99,2.52,0.95
reine,queen,3.47,1.31,4.37,0.96,3.63,1.07,2.69,1.11
renard,fox,4.87,0.35,3.53,1.28,3.38,0.78,2.62,1.05
rendre,give back,2.7,1.34,1.83,1.09,3.28,1.03,2.66,1.04
rêne,rein,4,1.2,3.17,1.64,3.53,0.8,2.38,1.18
renne,reindeer,4.43,1.07,3.86,1.19,3.59,0.71,2.38,0.94
reste,rest,2.33,1.21,2.77,1.48,3.07,0.91,2.14,0.88
rêve,dream,2.2,1.27,4.07,1.2,4.59,0.57,1.48,0.83
revolver,revolver,4.47,1.22,3.37,1.35,1.52,0.91,4.41,0.91
rhinocéros,rhinoceros,4.73,0.69,3.3,1.32,3.34,0.97,3.07,1.13
rhum,rum,4.6,0.67,3.77,1.36,3.33,1.15,2.79,1.35
rhume,a cold,3.28,1.24,3.63,1.38,1.8,0.61,3.3,1.1
riant,laughing,2.52,1.19,2.83,1.49,4.13,0.63,2.42,1.25
riche,rich,2.27,1.28,3.7,1.39,4.1,0.66,3.03,1.02
ride,wrinkle,4.33,0.66,3.7,1.12,2.06,1.01,2.93,1
rien,nothing,1.47,0.86,2.2,1.49,2.03,0.93,2.1,1.4
rieur,cheerful,2.79,1.22,3.1,1.4,4.33,0.61,2.7,1.36
rime,rhyme,2.63,1.25,3.2,1.52,3.8,0.76,1.93,0.92
ring,boxing ring,4.03,1.33,3.43,1.41,2.07,0.92,3.52,1.09
rire,laugh,3.2,1.26,4.37,1.1,4.57,0.57,2.68,1.54
risque,risk,2.07,1.01,2.47,1.31,2.45,0.91,3.69,1.07
rive,river bank,3.77,1.07,2.73,1.41,3.41,0.67,1.93,0.92
riz,rice,4.6,0.93,3.03,1.38,3.66,0.81,2.34,0.9
robe,dress,4.8,0.41,4.23,0.86,4.1,0.66,2.17,1.07
roc,roc,3.67,1.3,2.03,1.38,3.5,0.88,2.52,0.99
roche,rock,4.27,1.14,3.07,1.11,3.31,0.85,2.17,0.97
rock,rock music,2.93,1.34,3.73,1.23,3.86,0.88,3.21,1.18
roi,king,3.47,1.01,4.1,1.18,3.53,0.88,2.9,1.29
rôle,role,1.93,0.83,3,1.55,3.45,0.83,2.69,0.93
rompre,break with,2.7,1.39,3.2,1.37,1.52,0.63,4.17,0.89
rond,circle,3.32,1.28,3.47,1.41,3.2,0.66,2,0.88
ronde,round,3,1.31,3.07,1.31,3.14,0.92,2.62,1.15
rose,rose,4.17,1.12,3.77,1.22,4.06,0.76,1.59,0.68
roué,cunning,2.5,1.11,1.93,1.28,2.07,0.78,3.48,1.24
roue,wheel,4.72,0.89,3.9,1.16,3.43,0.77,2.65,0.69
rouer,pummel,2.9,1.06,2.17,1.34,1.69,0.86,3.72,1.19
rouet,spinning wheel,3.07,1.39,1.3,0.65,2.88,0.66,2.48,0.99
rouge,red,2.9,1.47,3,1.44,3.34,1.14,3.28,1.16
rouille,rust,3.9,1.06,3.13,1.41,2.17,0.87,2.83,1.07
rouleau à pâtisserie,rolling pin,4.87,0.57,4.2,1.1,4,0.88,2.28,1.07
route,road,4.17,1.05,3.93,1.26,3.72,0.75,2.69,1.17
roux,red-headed,3.67,1.24,3.23,1.61,3.31,0.97,2.52,0.78
ruche,hive,4.68,0.56,3.73,1.36,3.63,0.89,3,1.06
rude,hard,2.1,0.99,1.93,1.11,2.07,0.65,3.69,0.89
rue,street,4.33,0.96,4.17,0.91,3.6,0.72,2.66,1.08
ruée,rush,2.24,1.3,2.9,1.52,2.8,0.92,3.5,0.87
ruelle,alley,4.17,1.02,3.2,1.27,3.07,0.92,2.76,1.12
ruer,kick (out),2.48,1.23,2.5,1.46,2.7,0.99,3.39,1.06
ruine,ruin,3.43,1.28,3.3,1.39,2,1.14,2.97,1.3
ruse,craftiness,1.9,0.8,2.93,1.51,3.43,1.17,3.14,1.16
rustre,boorish,2.13,0.9,2.13,1.04,1.97,0.93,3,1.1
rythme,rhythm,2.52,1.39,3.13,1.38,3.83,0.79,3.21,1.11
sa,his/her,1.7,0.95,1.4,0.89,3.24,0.74,2.62,0.9
sable,sand,4.63,0.72,4.37,0.89,3.83,0.7,1.72,1
sabre,sabre,4.67,0.61,3.33,1.56,2.4,0.81,3.59,1.09
sac,bag,4.6,0.76,4.37,0.85,3.27,0.64,2.7,0.81
sac à main,handbag,4.72,0.89,4.1,1.32,3.4,0.72,2.71,0.92
sacre,coronation,2.53,1.11,2.87,1.31,3.79,0.86,2.69,1.17
sage,wise,1.8,0.85,3.03,1.4,4.24,0.58,1.55,0.74
sain,healthy,1.96,1.02,2.63,1.63,4.43,0.77,1.94,0.75
saint,saintly,1.8,1.13,2.87,1.41,3.88,0.83,2.21,1.01
sale,dirty,2.67,1.27,3.6,1.3,1.72,0.52,3.34,1.04
salière,saltshaker,4.43,0.97,2.73,1.48,3.21,0.82,2.55,1.02
salle,room,4.1,1.16,3.5,1.43,3.34,0.61,2.48,0.95
sandwich,sandwich,4.87,0.43,4.4,0.77,3.5,0.97,2,0.96
sang,blood,4.23,0.94,3.83,1.21,2.94,1.27,3.69,0.97
sangle,strap,4.4,0.67,2.6,1.33,2.72,0.81,3.28,1.07
sans,without,1.57,0.68,1.4,0.77,2.41,0.78,3.17,1.14
saoul,drunk,3.1,1.27,3.63,1.38,1.59,0.95,3.83,1.1
sauce,sauce,4.17,1.02,3.63,1.19,3.47,0.78,2.21,0.9
sauf,except,1.73,1.01,1.53,0.82,2.69,0.74,2.69,0.93
saut,jump,3.1,1.06,3.43,1.19,3.69,0.74,3,1.31
sauterelle,grasshopper,4.88,0.33,3.63,1.5,3.13,0.78,2.48,0.97
sauve,except,2.33,1.03,2.17,1.09,3.97,1.12,2.62,1.01
scalp,scalp,3.96,1.23,2.62,1.52,1.53,0.68,3.97,1.02
scarabée,beetle,4.73,0.45,3.2,1.45,3,1.08,2.97,0.98
sceau,seal,4.1,0.96,2.43,1.33,3.09,0.69,2.21,0.94
scène,stage,3.73,1.08,3.9,1.32,3.76,0.74,2.55,1.02
sceptre,sceptre,3.9,1.27,2.47,1.53,2.97,0.93,2.66,1.2
scie,saw,4.67,0.71,3,1.46,2.86,0.95,3.38,1.08
science,science,2.17,1.18,3.3,1.21,3.88,0.94,2.45,1.06
scier,saw,3.64,1.35,3.3,1.32,2.8,0.55,3.21,0.86
sciure,sawdust,4.27,1.01,3,1.55,2.6,0.56,2.52,1.09
scoop,scoop,2.37,1.1,3.3,1.49,3.41,1.01,3.1,1.11
score,score,2.93,1.28,3.33,1.4,3.38,0.62,3.17,1.17
scotch,adhesive tape,4.7,0.47,3.77,1.17,2.83,0.75,2.45,1.21
scribe,scribe,2.97,1.07,2,1.26,3.31,0.86,2.17,0.8
script,script,3.3,1.15,3.13,1.43,3.33,0.66,2.28,1.16
seau,bucket,4.53,0.78,3.3,1.37,3.2,0.66,2.14,0.95
sec,dry,2.43,1.17,2.77,1.43,2.91,0.82,2.86,1.06
sèche,cigarette (slang)??,2.56,1.26,3.03,1.43,2.73,0.69,2.71,0.63
secte,sect,2.36,1.32,3.33,1.32,1.43,0.77,4.15,0.77
seigle,rye,3.73,1.08,2.33,1.4,3.56,0.76,2.28,1
sein,breast,4.53,0.82,3.8,1.19,3.72,0.81,2.34,1.17
seize,sixteen,2.9,1.49,1.73,1.08,3.24,0.79,2.62,0.86
sel,salt,4.5,0.82,3.2,1.71,3.11,0.79,2.66,1.17
self,self-service restaurant,2.67,1.58,2.47,1.36,3.17,0.7,2.34,1.01
selle,saddle,4.47,0.9,2.8,1.42,3.31,0.85,2.93,1.07
sens,direction,1.93,0.98,2.7,1.32,3.44,0.84,2.28,0.88
sept,seven,2.47,1.48,2.6,1.35,3.33,0.84,2.34,1.2
serf,serf,3.67,1.27,1.77,1.33,2.24,1.21,3.24,1.06
serpent,snake,4.96,0.2,3.93,1.39,2.23,0.94,3.62,1.12
serre,greenhouse,3.23,1.52,3.13,1.28,3.17,0.8,2.66,1.14
ses,its,1.5,0.73,1.97,1.45,3.37,0.76,2.14,0.92
set,set,3.2,1.53,2.9,1.56,3.13,0.63,2.7,0.77
seuil,threshold,2.79,1.44,2.47,1.41,3,0.74,2.67,0.69
seul,alone,2.57,1.28,3.1,1.16,2.03,0.78,2.52,1.3
sève,sap,4,0.95,2.9,1.37,3.72,1.05,2.03,0.98
sexe,sex,3.47,1.25,4.3,0.88,3.78,0.94,2.93,1.36
short,shorts,4.6,0.67,3.4,1.45,3.83,0.85,2.21,1.05
show,show,2.73,1.08,3.77,1.38,3.97,0.81,3.03,1.3
si,if,1.23,0.57,2.3,1.66,3.03,0.67,2.48,1.18
siècle,century,2.5,1.55,2.8,1.56,3.13,0.75,2.66,0.94
siège,seat,4.67,0.61,3.52,1.12,3.3,0.79,1.86,0.99
sien,his,1.6,0.93,1.63,1.03,3.24,0.58,2.52,0.95
sieste,siesta,3.27,1.2,4.17,1.05,4.31,0.59,1.31,0.66
sifflet,whistle,4.7,0.53,3.57,1.33,2.83,0.79,3.28,1.28
sigle,acronym,3.3,1.44,1.97,1,3.03,0.78,2.66,0.97
signe,sign,2.5,1.14,3.03,1.43,3.44,0.56,2.28,0.84
simple,simple,2.1,1.21,2.53,1.55,3.73,0.78,1.76,0.83
singe,monkey,4.97,0.18,3.77,1.3,3.33,0.92,2.45,1.15
site,site,3.5,1.25,3.23,1.52,3.33,0.71,2.14,0.92
six,six,2.84,1.57,3.17,1.68,3.27,0.58,2.5,0.75
skate,skateboard,4.6,0.62,3.8,1.21,3.41,1.04,2.55,1.21
sketch,sketch,2.77,0.97,3.8,1.13,3.73,0.74,2.9,1.14
ski,ski,4.17,0.99,4.47,0.86,4.19,0.9,2.48,1.3
skier,ski,3.9,1.12,3.77,1.38,3.8,0.92,3.21,1.24
skieur,skier,4.63,0.56,3.97,1.13,4,0.95,2.66,1.14
slave,slav,2.64,1.11,2.07,1.28,2.93,0.58,2.82,0.96
slip,briefs,4.83,0.46,4.07,1.23,2.87,0.82,2.59,1.24
slow,slow dance,3,1.26,4,1.44,3.63,0.89,1.97,0.98
snack,snack bar,3.93,0.94,3.33,1.49,3.34,1,2.48,1.06
snob,snobbish,2.13,1.22,2.47,1.43,1.79,0.73,3.69,0.89
sobre,sober,2.5,1.17,3.47,1.31,3.75,0.95,1.9,0.86
socle,base,3.93,1.31,2.13,1.04,3.21,0.56,2.52,0.99
soeur,sister,4.07,1.26,3.43,1.55,4.1,0.82,2.17,1.07
soi,self,2.03,1.35,2.5,1.5,3.43,0.82,2.1,0.98
soie,silk,4.2,0.92,3.23,1.19,4.16,0.63,1.52,0.87
soif,thirst,2.6,1,3.47,1.72,2.7,0.99,3.21,0.94
soin,care,2.83,1.23,3.63,1.4,3.9,0.96,1.9,1.11
soir,evening,2.77,1.28,3.8,1.24,3.66,0.94,1.79,0.98
soit,either,1.7,1.18,1.83,1.34,3.27,0.74,2.1,0.98
sol,ground,4.44,1.04,2.87,1.48,3.23,0.86,2.29,0.82
solde,(account) balance,2.53,1.01,4.13,1.25,3.5,0.95,2.38,1.15
soleil,sun,4,1.31,4.27,1.08,4.72,0.53,2,0.96
sombre,dark,2.47,1.17,2.93,1.39,2.17,0.87,3.38,1.08
somme,sum,2.64,1.52,3.53,1.48,3.23,0.63,2.55,0.79
son,sound,2.53,1.38,2.83,1.51,3.62,0.9,2.28,1.16
sonde,probe,4.17,1.02,2.67,1.47,2.83,0.79,2.9,1.05
songe,dream,1.76,1.05,2.83,1.49,3.67,0.84,1.62,0.82
sort,fate,1.9,1.14,3.1,1.21,2.9,1.01,2.9,1.11
sorte,sort,1.83,0.87,1.63,1.1,2.83,0.66,2.62,0.9
sot,stupid,2.3,1.12,2,1.2,1.84,0.85,2.76,0.95
sou,penny,3.87,1.22,2.7,1.34,3.59,0.98,2.59,1.15
souche,stump,3.92,1.18,3.07,1.53,2.97,0.72,2.32,0.86
soude,soda,3.2,1.16,2.13,1.31,2.83,0.83,3.07,1.16
souffle,breath,3.07,1.26,2.93,1.57,3.66,1.08,2.17,0.8
soufre,sulphur/sulfur (US),2.87,1.04,2.43,1.22,2.19,0.86,3.07,1
souk,souk,3,1.26,2.7,1.53,2.93,0.94,3.62,1.05
soupe,soup,4.32,1.11,4.03,1.22,3.4,0.81,2.29,0.92
souple,flexible,2.47,0.82,2.47,1.33,3.88,0.79,1.83,0.8
source,spring,3.2,1.24,3.1,1.27,4.31,0.74,1.62,0.78
sourd,deaf,3.13,1.36,3.1,1.49,1.91,1,2.79,1.18
souris,mouse,4.83,0.38,3.73,1.28,3.07,1.05,2.48,0.99
sous,under,2.27,1.2,2.73,1.6,3,1.14,2.41,0.98
spasme,spasm,3.23,1.28,3.13,1.43,1.9,0.8,4.07,0.88
spectre,ghost,2,1,2.9,1.45,2.17,1.05,3.03,1.03
sphère,sphere,3.24,1.45,2.3,1.44,3.27,0.69,2.32,0.96
sphinx,sphinx,3.73,1.39,3.57,1.55,3.57,1.01,2.45,1.12
sport,sport,3.3,1.02,4.07,1.01,4.13,0.79,3.07,1.33
spot,spotlight,3.77,1.25,2.77,1.3,3.16,0.92,2.48,1.24
spray,spray,3.87,1.31,3.2,1.35,3,0.71,2.66,0.77
sprint,sprint,3.1,1.18,3.03,1.43,3.55,0.99,3.69,1.04
squash,squash,3.54,1.5,3,1.68,3.2,0.89,3.21,0.96
stable,stable,2.1,0.96,2.83,1.34,3.93,0.74,1.93,1
stade,stadium,3.93,1.26,4.17,1.26,3.48,0.99,3.28,1.03
stage,work placement,3.17,1.23,3.6,1.54,3.59,0.76,2.79,1.24
stand,stand,3.67,1.18,3.13,1.14,3.25,0.67,2.38,0.98
star,(showbiz) star,2.73,1.08,3.9,1.18,3.28,1.02,2.86,1.22
steak,steak,4.83,0.38,3.67,1.32,3.9,0.9,2.79,1.26
stock,stock,3.1,1.12,2.7,1.34,3.21,0.86,2.66,0.97
stop,stop,3.03,1.45,3.73,1.26,2.62,0.9,3.07,1.1
stress,stress,2.4,1.16,3.67,1.27,1.28,0.52,4.34,0.77
stretch,stretch,2.93,1.05,2.4,1.57,2.79,0.86,2.97,0.91
strict,strict,2.27,0.94,2.86,1.25,2.41,0.8,3.21,1.18
string,G-string,4.87,0.35,4,1.11,2.87,1.14,3.24,1.24
style,style,1.7,0.84,3,1.39,3.47,0.62,2.34,1.14
stylo,pen,4.92,0.28,4.13,1.25,3.6,0.67,2.44,0.8
su,knowledge,1.8,1,1.47,0.73,3.33,0.92,2.53,0.97
suant,sweaty,2.7,1.32,2.17,1.32,2.07,0.65,3.59,1.05
sucre,sugar,4.73,0.45,4.03,1.1,3.67,0.66,2.14,1.19
sud,south,2.4,1.3,3.5,1.36,4.4,0.72,2.03,1.02
suée,sweat,3.67,1.09,2.93,1.31,2.23,0.68,3.38,1.27
suer,sweat,3.37,1.1,3.5,1.17,2.59,1.07,3.59,0.87
sueur,perspiration,3.8,1.22,3.77,1.17,2.27,1.01,3.5,1.06
suite,rest,2.56,1.45,2.57,1.41,3.2,0.48,2.7,0.77
suivre,follow,2.47,1.07,2.83,1.44,3.37,0.85,2.69,1.23
sûr,sure,1.77,0.9,1.7,0.95,3.84,0.85,2.07,0.84
sur,on,2.08,1.08,2.13,1.43,3.37,0.56,2.45,0.83
surf,surfing,4.2,0.96,3.93,1.17,3.7,0.79,2.86,1.25
table,table,4.73,0.58,4.1,1.03,3.43,0.63,1.83,0.85
tabouret,stool,4.83,0.38,3.27,1.41,3.28,0.75,2.52,0.99
tâche,task,3.4,1.26,3.7,1.06,2.73,0.98,2.97,0.81
tache,stain,3.72,1.28,3.37,1.52,2.2,0.71,3,0.94
tacle,tackle,3.23,1.33,2.6,1.63,2.03,0.73,3.76,1.02
tact,tact,2.17,1.02,1.87,1.17,3.9,0.77,2.52,1.02
tag,étiquette,3.77,1.22,3.1,1.45,2.53,1.01,3.07,1.13
taille,size,2.8,1.21,2.9,1.49,3.34,0.75,2.41,0.95
tambour,drum,4.88,0.33,3.69,1.44,3.33,0.92,3.09,1.04
tant,so much,1.4,0.81,1.43,0.9,3.13,0.34,2.28,0.88
tante,aunt,4.4,0.89,3.33,1.6,3.82,0.61,2.48,0.95
tape,tap,2.97,1.33,2.3,1.32,2.33,0.76,3.48,0.91
tard,late,1.8,1.1,2.97,1.59,2.77,0.68,2.83,1.17
tarte,pie,4.67,0.61,4.07,0.94,4.16,0.68,2.03,0.87
tas,pile,3.53,1.2,2.97,1.52,2.43,0.68,2.31,0.89
tasse,cup,4.72,0.74,4.03,1.3,3.28,0.59,2.18,0.74
taupe,mole,4.68,0.99,3.67,1.52,2.87,0.94,2.39,0.97
taux,rate,2.07,1.01,2.17,1.26,2.83,0.89,3.24,0.91
taxe,tax,2.63,1.38,3.13,1.31,1.57,0.63,3.76,0.99
te,you (pers. pron.),1.5,0.57,1.47,1.17,3.09,0.39,2.31,0.85
teigne,ringworm,2.5,1.17,1.77,1.01,1.53,0.72,3.31,1.14
teindre,dye,2.72,1.14,3.17,1.23,3,0.64,2.53,0.71
teint,complexion,2.93,1.08,2.87,1.38,3.7,0.75,2.24,0.95
teinte,tint,3.04,1.31,2.63,1.35,3.1,0.66,2.55,0.79
tel,such,1.8,1.19,2,1.2,3.31,0.59,2.31,1.11
téléphone,telephone,4.93,0.25,4.63,0.76,3.75,0.88,2.83,1.2
télévision,television,4.8,0.5,4.5,1.07,3.43,1.04,2.68,1.1
temple,temple,4.1,0.96,3.47,1.57,3.41,1.04,1.9,0.94
temps,time,1.67,0.84,2.9,1.54,3.44,0.91,2.86,0.99
tendre,soft,2.5,1.31,2.93,1.49,4.53,0.63,1.55,0.91
tente,tent,4.43,1.01,3.6,1.33,3.69,0.76,2.1,1.01
terme,term,2.03,1,2.1,1.16,3.09,0.96,2.34,0.94
terne,colourless,2.43,1.07,2.83,1.46,1.72,0.68,2.28,0.96
terre,earth,4.48,0.87,3.9,1.06,4.03,0.89,2.21,1.18
tes,your,1.48,0.74,1.47,1.07,3.25,0.57,2.28,0.88
test,test,3.08,1.55,3.9,0.99,3.03,0.76,3.32,0.92
tête,head,4.5,0.9,4.13,1.2,4.03,0.85,2.48,1.18
texte,text,3.27,1.57,3.27,1.44,3.62,0.73,2.31,1.07
thé,tea,4.04,1.14,3.93,1.26,3.9,0.8,1.79,0.63
thème,theme,1.77,0.82,2.34,1.29,3.28,0.96,2.52,0.87
thermes,spa,3.33,1.45,2.43,1.5,4.13,0.73,2,1.04
thèse,thesis,2.63,1.25,2.87,1.28,3.55,0.69,3.52,1.3
thon,tuna,4.67,0.66,3.57,1.33,3.2,1.21,2.52,1.15
thym,thyme,4.48,1.08,3.1,1.49,3.6,0.67,2.06,0.97
tic,twitch,2.36,1.38,2.83,1.58,2.47,0.97,3.18,0.93
tiède,tepid,2.3,1.06,3.27,1.26,3.2,0.71,1.69,0.66
tien,yours,1.63,0.89,1.97,1.35,3.4,0.72,2.28,1.03
tiers,third,2.31,1.31,2.33,1.4,3.13,0.78,2.31,0.89
tige,stem,4.27,0.87,2.97,1.38,3.34,0.87,2.21,0.94
tigre,tiger,4.77,0.5,4.07,1.05,3.66,0.87,3.34,1.2
timbre,stamp,4.67,0.76,3.93,1.2,3.37,0.76,2.31,1.11
tique,tick,4.44,1,2.93,1.34,1.73,0.83,3.44,0.83
tir,shooting,3.07,1.14,2.8,1.52,2.52,0.99,3.83,0.93
titre,title,2.72,1.49,2.9,1.37,3.43,0.73,2.7,0.81
toast,toast,4.23,1.07,3,1.39,3.79,0.86,2.03,0.94
toc,fake,2,1.11,2.83,1.49,2.13,0.68,3.1,1.26
toi,you,3,1.35,3.27,1.7,3.7,0.84,2.53,1
toile,hessian,4.33,0.96,3.43,1.43,3.73,0.74,2.55,1.3
toit,roof,4.6,0.62,3.9,1.06,3.75,0.95,2.24,0.79
tôle,sheet metal,4.28,0.98,2.7,1.6,2.63,0.76,2.76,0.83
tomate,tomato,4.87,0.43,4.17,0.99,4.28,0.77,2.07,0.88
tombe,grave,3.93,1.31,3.5,1.36,1.55,0.57,4.03,1.12
tome,volume,3.64,1.35,3.27,1.48,3.37,0.67,2.42,0.87
ton,your,1.67,0.92,2.13,1.41,3.19,0.54,2.34,1.04
tondre,mow,3.5,1.17,3.53,1.36,3,0.62,2.59,0.98
tong,flip-flop,4.47,1.17,3.23,1.52,3.76,0.99,2,1.04
tonne,metric ton,2.63,1.4,2.6,1.61,2.9,0.99,2.97,1.15
tonneau,barrel,4.8,0.5,3.67,1.35,3.17,0.79,2.53,0.75
top,acoustic beep,2.03,1.16,2.3,1.32,3.9,0.92,2.79,1.29
torche,flashlight,4.53,0.78,3.1,1.37,3.38,0.91,2.69,1.07
tordre,wring,3.32,1.38,2.63,1.33,2.37,0.67,3.38,0.99
tort,wrong,2.16,1.21,2.3,1.32,2.23,0.68,3.32,1.05
tortue,turtle,4.73,0.69,3.73,1.23,3.55,0.63,1.83,0.8
tôt,early,1.8,0.91,3,1.44,2.97,0.93,2.68,0.85
touche,button,2.76,1.39,3.07,1.11,3.17,0.65,2.71,0.78
touffe,tuft,3.63,1,3.33,1.32,2.57,0.94,2.55,0.95
toupie,spinning top,4.73,0.45,3.33,1.4,3.5,0.82,2.34,1.08
tourne-disque,record player,4.7,0.6,3.13,1.43,3.5,0.84,1.93,0.92
tournevis,screwdriver,4.73,0.58,3.5,1.41,3.48,0.83,3.1,0.98
tourte,pie,4.4,0.93,3.1,1.4,3.73,0.74,2.03,0.87
tous,all,2.03,1.38,1.67,1.06,3.86,0.83,2.48,1.02
tout,all,1.88,1.27,2.63,1.59,3.77,0.77,2.74,0.85
toux,cough,3.33,1.27,3.43,1.41,1.79,0.56,3.76,0.99
trac,stage fright,2.03,1,3.6,1.35,1.97,0.81,4.17,1.1
trace,track,3.16,1.37,2.7,1.18,3.13,0.86,2.59,0.75
tract,leaflet,3.27,1.39,2.97,1.5,3.1,0.77,3.17,0.85
train,train,4.8,0.48,3.97,1.27,3.86,0.58,2.69,1.28
traîne,train,3,1.44,2.37,1.38,2.47,0.86,2.71,1
traire,milk,3.52,1.36,3.07,1.57,3,0.74,2.88,0.96
trait,line,3.3,1.34,3.37,1.52,3.07,0.52,2.24,1.06
traite,milking,2.72,1.14,2.53,1.46,2.47,0.97,3.06,1
traître,traitor,2.4,1.19,2.87,1.31,1.23,0.5,4.21,0.93
trame,framework,2.57,1.17,2.17,1.15,3.1,0.66,2.31,1.04
tranche,slice,3.73,1.08,2.7,1.56,3.1,0.9,2.79,1.05
transe,trance,2,1.02,2.63,1.38,2.23,0.94,3.48,1.06
trappe,trapdoor,3.97,1.13,3.1,1.27,2.38,0.98,3.45,0.95
traque,tracking,2.63,1.33,3,1.29,1.69,0.66,4.31,0.97
trèfle,clover,4.63,0.56,3.93,1.31,4.27,0.74,1.83,1
treize,thirteen,2.97,1.47,3.21,1.59,3.21,0.9,3.07,1.03
trente,thirty,3.1,1.4,1.63,0.93,3.31,0.85,2.72,0.8
très,very,1.73,0.83,2.17,1.53,3.6,0.97,2.86,1.27
tresse,plait,4.28,0.79,3.57,1.52,3.37,0.61,2.29,0.88
trêve,truce,2.24,0.88,2.57,1.36,3.73,0.64,2.33,1.02
tri,sorting,2.52,1.26,3.37,1.43,3.53,0.86,2.76,0.87
triche,cheating,2.47,1.01,3.4,1.16,1.53,0.67,3.83,0.93
tringle,rod,4.2,0.96,2.83,1.58,3,0.67,2.48,1.12
triple,triple,2.68,1.35,2.77,1.45,3.4,0.77,2.74,0.67
triste,sad,2,1.05,4,1.26,1.47,0.51,#NULL!,#NULL!
troc,barter,2.44,1.26,2.53,1.48,3.23,1.07,2.62,0.69
trompe,elephant's trunk,3.47,1.36,3.3,1.58,2.07,0.92,3.41,1.09
trompette,trumpet,4.87,0.35,3.87,1.22,3.84,0.95,2.52,1.21
tronc,trunk,4.52,0.96,3.6,1.33,3.4,0.72,2.21,0.87
trône,throne,4.47,0.9,3.23,1.41,3.52,0.95,2.76,1.18
trop,too,1.7,0.7,1.7,1.02,2.69,0.89,3.1,1.08
trot,trot,3.03,1,2.8,1.35,3.13,0.66,2.48,1.27
trotte,fair distance,2.63,1.3,2.33,1.32,3.17,0.71,2.55,1.09
trou,hole,3.97,0.93,3.47,1.28,2.23,0.77,2.83,0.93
trouble,blurred,2.14,0.95,3.03,1.52,2,0.83,3.55,0.83
trouille,funk,1.76,0.78,3.37,1.52,1.77,0.57,3.94,0.9
troupe,troop,3.4,1.22,2.97,1.45,3.17,0.91,3.06,1.06
trousse,pencil case,4.77,0.57,3.97,1,3.25,0.62,2.48,0.99
truc,thingummy,1.96,1.37,2.77,1.72,3.07,0.91,2.68,0.67
truffe,truffle,4.57,0.77,3.27,1.55,4.03,0.72,2.41,1.05
truie,sow,4.4,0.89,3.1,1.4,2.55,0.91,3.03,0.82
truite,trout,4.77,0.5,2.9,1.42,3.24,1.09,2.69,0.97
tu,you,1.63,0.93,2.2,1.54,3.63,0.72,2.34,1.17
tube,tube,3.8,1.47,3.27,1.44,3.03,0.61,2.53,0.79
tué,killed,3.28,1.46,2.8,1.49,1.33,0.61,4.38,0.82
tuer,to kill,3.12,1.54,3.23,1.57,1.27,0.64,4.53,0.76
tueur,killer,3.67,1.06,3.7,1.21,1.28,0.68,4.45,0.78
tuile,tile,4.6,0.62,3.2,1.21,2.78,0.83,2.45,0.95
turc,turkish,3.13,1.28,2.97,1.22,2.84,0.85,2.48,0.95
type,guy,2.53,1.25,2.8,1.61,3.07,0.87,2.69,1.11
un,one,2.4,1.55,1.9,1.45,2.97,0.41,2.27,0.88
urne,urn,4.47,0.68,3.8,0.92,2.81,1.12,2.38,1.15
vache,cow,4.84,0.47,4.13,1.11,3.57,0.82,2.3,0.92
vague,wave,4,0.87,4.3,1.06,3.73,0.94,2.15,1
vain,useless,1.93,0.87,1.6,1,2.28,0.8,3,1.13
vaincre,vanquish,2.6,1.3,2.67,1.58,4.14,0.74,3.45,1.12
valise,suitcase,4.73,0.64,4.4,0.67,3.91,0.73,2.31,1.04
valse,waltz,3.6,1.1,3.4,1.54,4.13,0.51,2.17,1
valve,valve,3.9,1.21,2.3,1.37,2.89,0.69,2.69,1.04
vanne,sluice gate,3.27,1.28,2.83,1.34,3.16,0.68,2.41,1.05
vase,vase,4.57,0.77,2.97,1.47,3.48,0.83,2.1,0.94
vasque,bowl,4.32,0.8,2.4,1.48,3.2,0.55,2.45,0.79
vaste,vast,1.83,0.89,2.6,1.33,3.9,0.99,2.72,1.33
veau,calf,4.83,0.38,3.47,1.36,3.27,0.78,1.93,1.03
veille,wakefulness,2.48,1.45,2.93,1.62,2.8,0.76,2.5,0.97
veine,vein,4.23,0.86,3.5,1.38,3.2,0.76,3.03,0.91
vélo,bicycle,4.9,0.31,4.27,0.87,3.93,0.78,2.45,1.02
vendre,sell,2.96,1.46,3.07,1.53,3.17,0.75,2.97,0.95
vent,wind,2.9,1.24,3.5,1.28,3.03,0.78,2.41,1.09
vente,sales,2.68,1.46,3.47,1.36,3.07,0.78,2.88,0.83
ventre,stomach,4.23,1.07,3.57,1.45,3.07,0.92,2.66,1.26
ver,worm,4.08,1.26,2.93,1.51,2.63,0.81,2.76,1.03
verbe,verb,2.2,1.35,2.63,1.52,3.3,0.7,2.38,1.05
verre,glass,4.73,0.58,4.03,1.16,3.66,0.7,2.45,0.95
verre (à vin),wine glass,5,0,3.8,1.27,3.83,0.91,2.45,1.27
vers,toward,2.43,1.38,1.63,1.03,3.78,0.79,2.41,1.09
vert,green,3.07,1.34,3.93,1.31,3.53,1.01,1.97,1.02
veste,jacket,4.77,0.5,3.55,1.64,3.41,0.78,2.48,0.83
veuf,widowed,3.43,1.41,3.3,1.49,1.76,0.64,3.59,1.24
via,via,1.76,1.09,1.7,1.09,3.13,0.51,2.5,0.83
viande,meat,4.33,0.96,3.47,1.41,3.55,1.09,2.72,1.03
vice,vice,1.93,0.98,2.47,1.07,1.63,0.94,3.52,1.02
vide,empty,2.17,1.39,2.53,1.36,2,0.76,3.34,1.08
vie,life,2.57,1.55,3.43,1.36,4.69,0.81,2.69,1.56
vierge,virgin,2.47,1.28,3.27,1.36,3.67,0.99,2.28,1.25
vieux,old,2.64,1.08,3.73,1.39,2.4,0.93,2.61,1
vif,lively,2.37,0.96,2.7,1.39,4.22,0.79,3.31,1
vigne,vine,4.5,0.68,3.83,1.21,3.7,0.92,2.1,1.01
ville,town,3.68,1.41,3.83,1.49,3.33,0.8,3.09,0.98
vin,wine,4.57,0.68,3.57,1.19,3.55,0.87,2.59,1.27
vingt,twenty,2.9,1.49,2.3,1.56,3.34,0.67,2.55,0.87
viol,rape,3.6,1.38,3.53,1.2,1,0,4.9,0.31
viole,viola,3.1,1.35,2.7,1.47,1.47,1.11,3.9,1.45
violon,violin,4.76,0.44,3.63,1.45,3.97,0.76,1.85,0.91
vis,screw,4.23,1.14,2.93,1.41,2.9,0.86,2.72,0.92
vite,fast,2.1,1.12,2.97,1.61,3.4,0.77,3.41,1.15
vitre,pane,4.56,0.71,3.8,1.42,3.27,0.69,2.52,0.91
vive,long live,2.03,0.81,2.77,1.55,4.31,0.78,2.66,1.14
vivre,live,2.47,1.28,3.33,1.54,4.67,0.55,2.9,1.47
voeu,wish,1.6,0.72,3.53,1.41,4.43,0.57,1.93,1
vogue,vogue,2.03,0.93,3,1.53,3.41,0.8,2,0.96
voie,way,3.1,1.16,3.2,1.3,3.59,0.63,2.41,0.91
voile,sail,4.29,0.95,3.8,1.3,3.6,1,2.35,1
voilier,sailboat,4.67,0.66,3.67,1.35,4.09,0.78,1.97,1.02
voir,see,2.5,1.31,2.7,1.26,4.21,0.68,2.14,0.92
voiture,car,4.83,0.46,4.4,0.97,3.81,0.86,3.03,1.21
voix,voice,3.37,1.35,3.7,1.39,4.13,0.68,2.03,0.94
vol,flight,2.96,1.21,3.93,1.23,2.03,1.13,3.36,1.19
volt,volt,2.77,1.59,2.6,1.38,3.03,0.82,3.55,0.91
vos,your,1.83,1.02,1.53,1.04,3.03,0.54,2.24,0.91
vote,vote,3.07,1.39,3.4,1.48,3.55,0.99,3.07,1.13
votre,your,1.73,0.98,1.47,0.94,3.07,0.46,2.66,0.81
vous,you,2.17,1.32,2,1.49,3.66,0.77,2.72,0.92
voûte,vault,3.67,1.09,2.5,1.53,3.53,0.84,2.41,1.15
vrac,bulk,2.37,1.07,2.5,1.2,2.72,0.92,3,1.22
vu,seen,2.07,1.14,2.13,1.04,3.69,0.93,2.28,0.96
vue,vision,2.53,1.25,3,1.34,4.16,0.77,2.07,0.88
zèbre,zebra,4.96,0.2,3.8,1.45,3.67,0.76,2.09,0.84
zèle,zeal,1.57,0.82,2.13,1.41,3.23,1.14,2.79,1.11
zen,zen,2.03,0.96,3.53,1.33,4.66,0.65,1.34,0.77
zinc,zinc,3.5,1.31,2.17,1.44,3.1,0.8,2.34,1.14
zone,zone,2.3,1.02,2.77,1.45,2.8,0.71,2.62,1.01
zoom,zoom,2.97,1.13,3.43,1.59,3.75,0.72,2.38,0.98
