word_spanish,familiar_mean,imagine_mean,concrete_mean
abandonar,6.048,4.162,4.219
abeja,5.635,6.593,6.418
abogado,5.5,NA,5.537
abrazo,5.417,6.209,5.909
abrir,6.472,5.306,4.19
absorber,5.464,4.182,4.103
absurdo,5.246,2.561,2.794
abuela,6.732,6.222,6.293
abuelo,5.839,6.293,6.485
accidente,6.329,5.839,4.927
acción,5.784,3.957,2.186
acento,5.742,5.139,4.94
aceptar,5.25,3.844,4.094
acero,5.108,4.886,6.221
acompañar,5.875,4.36,4.163
actitud,5.562,2.141,2.97
actividad,6.321,3.405,2.363
activo,6.053,4,4.382
actor,5.641,6.045,5.622
actuación,5.657,4.729,4.495
acusación,4.805,4.386,4.682
adiós,6.906,4.757,3.962
administración,4.395,2.972,3.574
admirar,5.818,3.575,3.57
admitir,6.05,2.887,3.927
adolescencia,6.644,4.723,4.064
adolescente,6.417,5.751,5.448
adulto,6.501,5.83,5.308
adversario,4.611,3.535,5.136
advertencia,4.697,NA,4.709
aeropuerto,5.719,6.356,6.118
aficionado,4.494,4.06,3.926
agencia,5.215,4.819,4.35
agenda,6.216,5.96,5.626
agente,4.961,4.51,3.463
aguja,6.085,5.93,5.875
agujero,6.177,5.827,4.897
aire,5.838,4.012,4.936
ajo,5.605,6.33,5.77
alarma,6.245,5.776,4.616
albergue,5.515,6.406,5.514
alcalde,5.959,5.832,6.283
alcohol,6.447,6.09,5.592
alegría,6.507,4.899,4.075
alerta,4.066,4.371,3.96
alfa,5.025,3.789,4.291
alfombra,6.224,5.987,6.197
algodón,5.57,6.351,6.085
alimentar,6.269,5.143,5.276
alimento,6.533,NA,4.086
alma,5.68,4.565,3.213
almuerzo,5.472,5.486,5.702
alquilar,5.553,3.228,5.218
altura,6.631,5.421,4.734
alucinación,5.831,4.238,4.762
amanecer,6.525,6.031,5.747
amante,4.229,4.732,4.962
ambiente,5.251,3.72,3.739
amigo,6.781,6.175,5.853
amistad,4.975,4.092,4.402
amor,6.36,4.898,2.592
análisis,5.845,4.159,3.009
anatomía,3.958,4.981,4.965
ancla,5.335,5.706,6.027
ángel,5.712,5.38,5.058
anhelo,4.496,3.854,2.816
anillo,6.123,6.611,5.952
animal,6.667,6.368,4.13
aniversario,5.711,4.36,4.716
antídoto,4.905,3.583,4.917
apellido,6.549,4.459,5.631
apertura,5.434,3.994,3.549
aplastar,4.93,3.435,4.424
aplicar,4.925,2.807,3.059
apodo,5.288,3.898,4.468
apoyo,3.557,NA,4.917
apreciar,NA,NA,3.059
aprender,6.653,4.342,4.544
aprobación,4.112,NA,3.513
apuestas,4.746,4.292,4.585
araña,5.517,6.143,5.989
árbol,6.678,6.292,5.921
ardilla,5.799,5.873,6.393
área,4.551,3.368,3.074
arena,5.516,NA,5.787
arma,6.015,6.152,5.197
armadura,4.361,5.626,5.268
armario,6.337,6.239,6.239
armonía,4.974,4.403,3.525
arquitecto,4.724,4.617,5.959
arreglar,6.41,4.151,3.783
arrogancia,4.56,4.035,4.779
arsenal,3.59,3.873,4.566
arte,6.266,4.609,3.081
artefacto,4.851,4.261,3.681
artículo,5.527,4.216,3.355
artista,6.186,5.439,4.908
asesinato,5.694,5.742,5.59
asesino,4.788,4.706,5.79
asistencia,5.242,4.82,3.658
asistente,5.439,4.869,4.377
asistir,5.4,3.491,4.458
astronauta,5.879,6.319,6.294
asustar,5.849,4.883,4.733
ataque,6.282,5.185,3.942
atar,6.061,5.203,4.969
atardecer,5.865,6.608,5.681
ataúd,5.508,5.381,6.244
atención,6.603,3.781,4.094
atmósfera,5.315,4.326,4.8
atraer,5.682,3.715,3.481
atrapar,5.261,4.849,4.382
atún,5.932,5.697,6.154
audiencia,4.504,3.763,4.223
aumentar,6.298,3.731,3.1
ausencia,4.826,3.786,3.981
autobús,6.522,6.304,6.728
autor,6.052,4.263,4.537
autoridad,5.916,4.182,3.798
avenida,5.639,5.377,5.494
ayudar,6.448,4.88,3.711
azúcar,6.612,6.501,6.538
bahía,3.978,5.278,5.506
bailarín,4.518,5.891,5.849
baile,6.31,6.189,4.529
bajo,6.398,5.372,4.096
bala,5.457,5.575,5.705
baloncesto,5.312,6.272,6.573
banda,6.026,4.999,4.027
bandera,4.736,6.051,6.522
baño,6.311,6.325,5.435
banquero,5.277,5.464,5.42
bar,6.411,6.683,6.054
barba,6.768,6.055,6.173
barco,5.551,6.293,6.018
barro,6.101,6.151,5.786
base,6.53,3.499,2.539
basura,6.371,NA,6.105
batalla,4.465,NA,4.772
batallón,3.55,5.24,4.751
bebé,6.097,6.8,6.263
bebida,6.486,5.522,4.668
belleza,5.962,4.455,3.111
beso,6.671,6.277,5.464
bestia,6.196,5.885,4.573
biblia,4.663,5.702,5.661
biblioteca,6.86,6.766,6.088
bien,6.739,3.703,2.572
biología,4.787,3.374,5.148
blanco,6.199,5.587,5.091
boca,6.515,6.223,6.014
bocadillo,6.55,NA,5.563
bocina,2.67,3,6.034
bolígrafo,6.739,6.696,6.51
bolsa,6.416,5.035,4.724
bolsillo,6.194,6.436,6.073
bomba,5.202,5.792,5.136
borracho,6.068,6.22,5.639
bosque,5.044,6.239,5.902
bota,6.345,6.749,5.429
botella,6.423,6.765,6.034
botón,6.51,6.526,6.125
brazo,6.701,6.086,5.964
broma,6.604,4.045,4.517
bruja,5.364,6.127,5.327
burro,6.244,NA,4.94
buscar,6.419,4.428,3.403
caballería,3.104,4.906,4.98
caballo,5.596,6.648,6.228
cable,5.597,5.712,5.815
cadáver,4.409,5.744,5.512
cadena,6.555,6.443,4.143
café,7,NA,6.203
caída,6.454,5.814,4.337
caja,6.533,6.232,4.581
calcular,4.111,NA,5.871
calendario,6.416,5.997,6.18
calibre,2.835,3.22,3.813
calidad,5.295,3.627,3.84
calle,NA,5.917,5.877
callejón,5.908,5.815,6.356
calor,6.715,5.708,4.062
cama,6.515,7,6.116
cámara,6.231,6.257,4.43
camarero,6.638,6.16,6.542
camarote,4.957,5.513,5.97
cambio,6.469,4.363,2.625
caminar,6.672,5.185,4.822
camino,5.974,6.101,4.753
camión,6.312,6.548,6.495
camisa,6.7,6.281,6.293
campaña,4.515,3.822,4.092
campeón,6.272,5.029,4.755
campeonato,5.155,5.116,5.265
canal,5.088,4.146,3.814
cáncer,6.217,4.481,5.221
canción,6.166,5.341,5.281
candidato,4.262,4.735,4.708
canela,4.657,3.934,6
cantante,6.481,5.865,5.369
cantidad,6.488,4.42,3.207
caos,4.453,4.858,3.786
capa,4.105,NA,4.402
capacidad,5.168,3.464,3.497
capilla,5.152,6.461,5.587
capital,6.146,3.614,3.86
capitalismo,5.155,2.889,4.496
capitán,4.091,5.428,5.326
caracol,5.067,6.535,6.126
carácter,5.51,3.27,3.08
carbón,5.31,6.119,6.042
cárcel,5.67,5.75,5.827
cardenal,3.415,5.902,3.55
carga,5.158,4.217,3.635
caridad,5.128,4.513,4.125
carnaval,5.402,6.438,5.771
carne,6.506,6.228,5.643
carrera,6.454,5.468,3.556
carretera,6.379,6.226,6.043
carta,6.614,6.048,5.729
casa,6.759,6.575,5.631
casado,6.311,4.791,5.262
casco,5.983,5.797,4.402
castigar,5.301,4.341,4.831
castillo,4.602,6.346,5.914
católico,4.906,4.16,4.776
causa,6.376,2.65,3.442
caza,5.51,5.086,4.954
cebo,4.445,5.076,4.871
cebolla,6.662,6.406,6.433
celda,4.287,6.242,5.812
cementerio,6.039,6.406,6.344
cemento,5.645,5.638,5.57
cena,6.733,6.301,6.298
ceniza,5.777,6.292,5.706
centímetro,5.584,4.058,6.22
cerdo,6.263,5.804,5.391
ceremonia,5.834,5.863,4.385
cerradura,5.607,5.777,5.961
cerrar,6.484,5.514,4.648
cerveza,6.532,6.395,6.026
champán,5.358,6.234,6.301
chaqueta,6.68,6.591,5.864
charlar,6.536,4.637,4.451
chip,2.487,3.386,4.944
chisme,5.177,3.431,2.811
chiste,6.417,4.723,4.956
chocolate,6.678,6.624,6.127
cicatriz,5.504,5.96,5.58
ciego,5.99,5.64,5.728
cielo,6.293,6.351,5.156
ciencia,6.053,2.722,3.654
científico,5.42,5.508,5.237
cierre,4.992,3.25,4.084
cigarrillo,5.73,5.832,6.299
cigarro,5.719,6.308,6.247
cine,6.77,6.575,5.766
circo,6.146,6.542,5.193
círculo,6.012,5.501,5.627
cirugía,5.832,5.642,5.448
cirujano,5.37,5.778,6.081
cisterna,3.119,5.43,5.671
ciudad,6.567,6.188,5.339
civil,5.265,3.831,3.946
civilización,4.79,4.706,4.026
clan,4.315,3.78,3.994
clase,6.698,NA,3.738
clave,4.136,3.093,3.685
cliente,6.339,5.265,5.046
clínica,5.625,5.468,4.729
club,5.873,4.993,5.201
coartada,5.415,3.443,4.824
cocaína,5.317,5.525,5.956
coche,6.641,6.566,5.672
cocina,6.379,6.059,6.044
cocinero,5.764,6.353,6.381
código,4.668,4.201,3.855
cohete,5.66,6.271,5.952
colapso,3.917,4.086,3.754
colega,6.039,5.715,4.816
colina,3.086,5.462,5.911
collar,5.87,6.543,5.334
colonia,6.396,5.845,5.099
comandante,4.316,5.231,5.191
combate,3.572,5.212,4.624
combinación,5.066,3.928,2.975
combustible,6.323,5.563,4.711
comedia,5.53,4.893,4.791
comentario,6.023,3.538,3.643
comer,6.914,6.304,5.59
comercio,6.024,5.323,5.14
comida,6.763,NA,4.788
comisión,4.936,3.244,3.898
comité,3.795,4.576,4.608
compañero,NA,NA,5.573
compañía,6.159,4.412,3.161
compasión,5.415,3.639,3.163
competición,5.717,4.718,4.46
comprador,5.295,5.439,5.215
comprar,6.449,4.744,4.019
comprender,6.213,2.533,4.165
comprobar,5.588,3.933,3.556
compromiso,5.587,3.456,3.338
comunicación,3.871,NA,4.004
comunidad,4.663,5.38,3.874
comunista,3.743,4.066,4.464
coñac,4.665,3.781,NA
concentrarse,6.249,4.49,5.299
concepto,4.894,2.792,2.24
concierto,5.98,6.533,5.296
conclusión,6.145,3.173,4.541
condesa,4.991,5.104,5.506
conducir,6.393,4.958,5.141
conductor,6.3,5.784,4.727
conejo,6.029,6.061,6.365
conexión,3.545,NA,3.679
conferencia,6.045,5.067,5.578
confesar,4.66,4.818,4.271
confianza,6.571,5.014,4.322
confiar,4.97,2.929,4.033
confirmación,4.814,3.657,4.225
confirmar,4.896,2.987,3.751
conflicto,5.412,4.322,3.585
confusión,5.811,3.966,4.043
conocimiento,5.692,1.575,2.712
consecuencia,6.198,3.277,4.15
consejo,6.075,4.157,3.946
conservador,4.522,3.082,4.47
conservar,6.202,3.954,3.778
considerar,5.927,3.146,3.277
conspiración,3.212,3.273,3.707
constitución,4.645,3.211,5.232
construcción,5.801,5.443,3.612
contacto,6.127,4.964,3.397
contaminación,5.2,4.489,5.044
contar,6.553,4.465,3.748
contener,6.024,3.608,3.783
contenido,5.939,3.897,3.394
contestar,6.359,5,3.619
continuar,5.627,3.521,3.921
contrato,5.129,5.584,4.426
controlar,6.615,3.163,3.401
convenio,3.704,3.049,3.972
convento,4.584,5.566,6.344
copia,6.448,4.808,4.25
coraje,4.603,3.838,3.579
corona,3.123,5.557,5.557
correo,5.378,4.945,5.482
correr,6.481,5.6,4.64
corriente,5.97,4.273,3.729
cortar,5.696,5.705,4.336
costa,5.413,5.441,5.082
creación,5.103,3.459,3.569
crear,5.944,4.128,3.483
creatividad,5.921,4.814,3.275
crédito,4.758,2.761,4.967
creer,6.378,4.106,3.819
crema,6.277,6.029,4.991
criada,5.468,5.543,5.392
criatura,5.013,5.218,4.261
crimen,5.139,5.601,4.922
criminal,4.786,NA,4.553
crisis,6.352,3.955,3.816
cristiano,5.097,4.262,4.755
crueldad,4.762,3.082,3.936
cuarto,6.223,5.554,3.973
cubierta,3.857,4.079,3.78
cubrir,6.097,4.737,4.304
cuchillo,6.335,6.499,6.506
cuello,6.017,5.825,5.772
cuerda,6.065,6.547,5.329
cuerpo,6.218,6.115,5.119
culo,6.076,6.398,6.123
culpable,5.394,4.443,3.875
cultura,6.305,3.202,3.105
cumpleaños,6.874,5.521,5.891
curar,5.897,4.272,4.822
dar,6.701,4.722,3.843
deber,6.151,3.175,3.648
década,5.253,3.058,5.395
decepción,3.753,NA,5.226
declaración,5.214,4.565,4.096
dedo,6.378,5.52,6.337
defender,5.449,4.5,3.739
definición,6.293,3.883,3.697
dejar,6.318,4.16,4.247
delantera,5.574,4.71,3.408
delincuente,5.403,5.253,5.387
democracia,4.981,3.134,4.254
demonio,5.593,5.142,4.809
deporte,6.061,5.442,NA
depresión,5.833,4.77,4.286
derecha,5.835,4.977,5.878
derrota,5.229,4.272,4.413
desafío,4.601,3.446,3.918
desaparición,5.24,3.449,3.719
desarrollo,5.658,3.117,3.261
desayuno,5.99,6.46,5.808
descansar,6.209,5.195,4.904
desconocido,6.034,3.275,3.976
describir,3.16,NA,3.813
descripción,5.256,2.998,3.921
deseo,6.145,4.679,3.828
desgracia,6.416,4.204,4.401
desierto,5.71,6.652,5.158
desnudo,6.065,6.494,5.601
destino,5.203,2.989,NA
destrucción,5.318,5.393,4.615
detener,6.093,4.801,4.036
determinación,3.793,2.693,3.157
devoción,5.814,3.04,4.377
diario,6.351,5.788,5.036
dibujar,6.502,5.798,5.194
diccionario,6.761,6.2,6.062
diciembre,6.263,5.449,5.711
diente,6.314,6.904,6.239
dignidad,4.257,2.85,3.23
dinero,6.714,6.216,5.75
dios,5.452,3.855,3.245
dirección,6.055,3.979,4.171
director,6.229,5.654,5.963
disco,6.071,5.836,5.189
discurso,6.105,4.642,5.165
discusión,5.867,5.386,4.275
disparar,5.122,4.987,5.249
disparo,5.393,5.464,5.112
dispositivo,2.258,NA,3.437
disputa,3.93,5.118,4.427
distancia,5.279,2.96,NA
división,5.404,5.341,4.166
divorcio,5.526,4.274,5.223
doble,6.358,4.109,4.757
documento,5.393,4.9,5.228
dolor,6.514,5.225,3.617
domingo,6.452,6.052,6.256
dormir,6.676,6.186,5.776
dormitorio,6.256,6.401,6.175
dosis,3.966,3.898,4.14
dragón,4.205,5.882,6.006
drama,4.31,NA,4.489
droga,6.205,5.317,5.307
ducha,7,6.565,5.303
dudar,5.22,2.983,3.581
dueño,5.282,4.025,4.811
duro,5.856,5.245,3.98
edificar,5.376,5.038,5.001
edificio,6.042,6.568,5.694
educación,6.711,3.918,4.536
efectivo,5.761,3.348,3.572
efecto,5.519,3.012,3.192
ejecución,5.24,5.313,4.434
ejercicio,6.514,5.683,4.262
ejército,5.607,5.559,5.588
elección,5.277,4.413,4.243
electricidad,5.818,3.742,5.198
elegir,6.662,3.959,4.19
elemento,5.063,3.273,3.268
eliminar,5.116,3.793,3.873
embajada,5.133,4.389,5.662
embajador,4.28,4.954,6.11
embarazo,4.819,5.528,5.278
emergencia,5.924,3.958,4.779
empleo,5.642,4.537,5.303
empresa,5.84,5.07,5.172
empresario,5.418,5.702,5.195
enamorado,6.183,5.643,4.27
encantador,6.004,4.014,3.591
encanto,5.468,3.521,3.358
encontrar,6.379,4.148,3.826
energía,5.927,2.726,3.264
enfermedad,6.468,4.962,3.555
enfermo,6.084,6.11,5.343
enojo,3.802,4.086,3.965
ensalada,6.575,6.146,5.114
enseñar,6.161,NA,4.142
entender,5.771,3.572,3.691
enterrar,4.715,5.658,4.785
entrada,6.613,5.106,5.169
entrar,6.594,5.487,4.96
entusiasmo,5.194,NA,4.445
enviar,5.885,4.109,3.801
epidemia,5.463,3.978,4.935
episodio,4.911,3.725,3.522
equilibrio,5.052,4.018,4.153
equipo,5.65,5.641,4.024
equivocación,5.561,4.207,4.604
erección,5.066,6.724,5.379
error,6.684,3.773,3.782
escándalo,6.458,4.686,4.733
escapar,6.438,5.501,4.112
esclavo,5.464,5.844,5.409
esconder,6.044,4.666,4.321
escribir,6.777,6.01,5.38
escritor,6.09,6.036,5.846
escritorio,5.986,6.462,6.235
escritura,5.933,5.557,5.035
escuchar,4.163,NA,4.393
escudo,4.97,5.117,5.594
espada,5.295,5.876,6.461
espalda,6.331,6.48,6.564
especialista,NA,NA,4.684
espectáculo,5.478,4.893,4.351
espejismo,5.144,5.09,3.85
espejo,5.513,5.595,6.345
espera,6.123,3.577,3.416
esperanza,6.063,3.974,3.806
espía,3.939,5.005,5.422
espionaje,5.328,4.188,4.985
espíritu,5.018,3.224,4.076
esposa,4.966,5.539,5.351
esposo,4.746,5.744,5.226
esquina,6.142,6.254,5.453
estación,6.328,5.379,3.845
estadio,4.531,4.972,4.312
estado,5.861,2.9,3.568
estallar,6.003,5.478,4.753
estantería,6.082,6.424,6.037
estatua,4.583,6.045,6.044
estilo,4.995,3.272,3.118
estómago,5.661,NA,6.376
estrategia,4.827,3.283,3.489
estrecho,6.383,5.518,5.43
estrella,5.708,5.913,5.062
estrés,5.424,4.123,4.402
estructura,4.433,4.187,3.969
estudiante,6.809,6.33,5.974
estudio,6.235,5.47,4.076
estupidez,6.031,3.239,4.063
evento,4.345,3.589,3.61
evidencia,4.54,2.663,3.091
evitar,4.616,3.284,3.759
evolución,5.666,3.155,3.692
exagerar,5.573,3.871,4.293
examen,6.838,6.4,5.92
examinar,6.524,4.532,4.291
excusa,5.549,4.068,3.677
éxito,6.268,3.794,3.833
expectativa,NA,3.165,3.364
expediente,4.827,4.626,5.284
experiencia,6.488,3.723,3.889
experimentar,5.749,4.019,3.914
experto,5.233,3.606,4.283
explicación,6.115,4.832,3.988
explosión,5.967,6.109,4.78
explotar,6.014,5.295,3.821
exposición,5.558,5.978,4.599
expresar,5.431,3.106,3.312
extra,4.969,3.727,3.318
extraño,6.062,4.025,4.046
fábrica,6.393,5.237,5.582
factor,3.686,2.018,2.885
facultad,6.422,4.843,4.429
falda,6.342,6.591,5.444
familia,6.387,6.121,5.337
fantasía,6.311,3.842,2.965
fase,5.233,NA,3.277
fatalidad,3.125,3.146,3.473
fe,5.855,3.259,2.658
fenómeno,4.239,3.004,3.351
festival,5.74,5.651,4.591
fidelidad,5.289,3.022,4.479
fiebre,5.271,4.784,5.7
fiesta,6.75,6.273,4.698
filosofía,5.673,2.954,3.199
final,6.713,3.553,3.904
finalizar,5.423,4.014,4.854
financiación,4.246,2.625,3.991
financiero,4.575,4.561,5.061
finanzas,3.925,2.924,4.024
firma,5.656,5.915,5.423
firmar,6.362,5.481,5.064
fiscal,3.488,4.717,5.442
física,4.976,3.305,3.983
físico,5.7,4.695,3.973
flor,6.754,6.306,5.658
fluido,2.55,NA,3.386
fondo,5.238,4.873,4.05
fortaleza,4.661,5.131,4.627
foto,6.627,6.436,6.152
fotógrafo,6.263,6.179,6.358
fracaso,4.853,3.455,4.227
fragmento,4.472,4.014,4.374
francés,6.367,5.804,5.849
frase,6.329,5.345,4.409
frecuencia,6.19,2.657,3.906
fresco,5.931,4.647,3.395
fruta,6.33,5.333,4.911
fuego,6.755,6.591,5.819
fuente,6.342,6.524,5.054
fuerte,6.596,4.72,3.872
fuerza,5.746,4.508,3.793
fugitivo,5.899,4.959,5.957
funeral,5.678,5.902,6.011
furia,4.341,4.286,3.571
fútbol,6.403,6.289,5.683
futuro,6.621,2.963,3.117
galaxia,4.145,5.294,5.249
galería,NA,NA,4.93
ganancia,5.547,4.383,4.166
ganar,6.65,5.299,3.973
garaje,6.222,5.507,6.36
garantía,5.95,4.183,3.967
garganta,6.46,5.09,5.587
gas,6.453,4.747,5.259
gastar,6.664,4.692,4.032
general,5.18,3.41,2.909
genio,5.667,3.755,4.746
gerente,3.838,4.164,5.997
gesto,5.531,4.787,4.674
girar,5.436,4.619,3.989
gloria,5.883,3.809,2.833
gobernador,4.754,4.315,5.611
gobierno,6.283,4.207,4.122
golf,5.273,5.137,5.796
golpear,6.148,5.885,4.701
gorra,6.53,6.091,5.63
grano,6.164,6.255,4.95
gratitud,5.825,4.017,4.298
griego,4.096,3.879,5.173
grieta,4.492,5.062,5.215
gripe,5.793,4.967,6.029
grueso,4.922,5.01,4.84
grupo,6.232,5.588,4.183
guardia,5.741,5.405,4.796
guerra,6.153,5.903,5.903
guerrero,5.294,5.943,5.075
guitarra,5.657,6.687,5.921
gusano,6.008,5.353,5.576
gusto,5.383,3.711,3.988
habilidad,5.923,4.277,3.544
habitación,6.901,6.745,5.172
hablar,6.976,5.781,5.286
hacer,6.795,3.446,2.809
hambre,5.912,5.424,3.876
harina,5.798,5.362,5.932
herencia,5.69,4.557,5.123
herida,6.563,5.911,5.338
hermana,6.051,5.876,5.524
hermano,6.673,6.486,5.993
héroe,4.512,5.679,5.051
heroína,5.412,4.97,5.451
herramienta,5.782,5.044,4.209
hidrógeno,3.674,2.034,5.041
hierro,5.828,5.573,5.849
hígado,6.146,5.346,6.091
hija,6.527,5.271,5.997
hijo,6.097,5.293,5.683
hogar,6.601,6.39,4.894
hombre,6.692,6.611,5.398
hombro,6.35,6.232,6.41
honor,5.285,3.019,3.784
hormiga,5.965,6.508,6.551
hormona,4.329,2.941,5.483
horno,6.512,6.475,6.058
horror,4.357,4.544,4.073
hospital,6.219,6.467,6.609
hotel,6.36,5.628,6.346
huella,4.942,5.333,5.312
hueso,6.416,6.037,5.669
huevo,6.448,6.319,5.564
huir,5.451,5.03,4.546
humano,5.911,5.95,5.27
humo,6.392,5.881,5.126
huracán,4.144,5.294,5.685
idea,6.749,3.976,4.078
ideal,5.653,3.456,3.332
idiota,5.81,3.57,4.129
iglesia,4.677,5.713,5.662
ignorancia,NA,2.983,NA
imagen,6.174,4.27,3.474
imaginación,6.284,2.874,3.71
imperio,3.709,4.156,4.208
importancia,6.373,3.434,3.871
impotente,5.799,3.822,4.387
impresión,5.714,NA,3.556
incapacidad,5.404,3.287,3.534
incidente,4.181,3.128,3.411
indicar,5.693,4.567,4.435
individuo,5.907,5.381,4.715
industria,5.646,NA,5.132
inestabilidad,5.25,4.108,3.265
infancia,5.703,4.756,4.691
infección,5.061,4.464,5.134
infierno,5.741,4.768,4.187
influencia,5.477,2.891,4.171
información,5.434,3.4,2.996
informar,5.901,3.274,4.11
inglés,5.394,4.687,4.958
ingreso,4.931,3.504,3.914
injusticia,6.063,4.866,4.12
inocente,5.62,3.841,4.02
inquietud,4.65,4.06,3.547
insecto,5.928,6.058,4.808
inspección,4.714,3.663,3.782
inspector,5.28,5.47,5.172
inspiración,5.29,4.193,3.67
inspirar,4.776,3.761,4.054
instinto,6.225,3.429,4.421
instrumento,6.361,NA,3.889
intención,5.796,2.176,3.902
intentar,6.098,3.866,3.434
interrumpir,5.958,3.897,4.479
intimidad,6.286,3.992,3.736
intuición,5.968,2.37,4.266
invasión,4.619,4.485,4.976
investigación,6.058,4.533,4.073
investigador,5.251,4.975,4.729
investigar,5.622,4.089,3.769
ir,6.493,3.131,3.353
ironía,5.746,2.649,3.752
izquierda,6.656,4.257,5.396
joven,6.687,5.677,4.919
joya,6.053,5.97,5.11
juego,6.506,5.475,4.713
juez,5.381,5.963,6.008
jugador,5.957,5.975,4.762
jugar,6.704,5.433,3.835
juguete,6.644,6.598,5.009
juicio,5.688,5.406,4.406
julio,4.36,NA,6.02
junio,6.422,4.081,6.345
jurar,5.462,3.238,4.327
justicia,NA,3.335,3.405
juventud,6.081,5.261,4.599
juzgado,5.414,5.773,5.651
kilo,6.325,4.573,5.555
labio,6.318,6.726,6.198
ladrón,6.307,5.438,5.524
lagarto,5.469,6.127,5.899
lago,5.958,5.962,5.913
lámpara,6.154,6.104,6.112
lavar,6.394,5.955,4.986
lealtad,4.785,3.446,4.35
leche,6.59,6.354,5.686
lechuga,6.683,5.658,6.152
lectura,5.981,4.456,4.917
leer,6.655,5.413,5.856
legión,4.606,4.477,5.475
lentes,4.723,6.228,5.59
león,4.809,6.763,6.375
levantarse,6.853,5.858,4.94
ley,4.963,2.926,4.732
leyenda,5.185,NA,5.206
libertad,6.134,4.934,3.768
libro,6.857,6.261,6.066
líder,6.014,5.032,5.196
liga,6.235,5.319,4.67
limpiar,6.52,5.093,4.681
líquido,6.811,6.05,5.352
literatura,4.886,4.473,4.58
llama,5.071,5.921,3.895
llamada,5.829,4.541,4.394
llave,6.736,5.768,5.908
llegada,6.034,4.158,4.172
llegar,6.419,4.278,4.045
lluvia,5.786,6.331,6.016
lobo,6.134,6.103,5.967
local,5.91,5.776,4.81
loco,6.515,5.228,4.259
locura,5.517,4.385,3.617
lograr,5.282,2.126,4.226
longitud,6.157,4.206,4.454
lugar,6.173,4.065,3.434
luna,5.96,5.749,6.282
lunar,5.517,5.352,4.975
lunes,7,3.867,5.777
luz,6.749,6.191,4.68
madre,6.946,6.743,6.212
maestro,5.806,6.237,5.59
mafia,4.862,4.424,4.681
magia,4.313,NA,3.609
majestad,4.995,4.974,5.18
mal,6.549,2.862,2.745
maldad,6.021,4.515,3.435
maletín,3.549,6.325,5.996
mañana,6.448,5.059,4.861
manifestación,NA,NA,5.867
manipular,5.48,3.113,3.231
mano,6.514,6.717,6.315
manta,6.701,5.602,6.086
mantener,4.805,2.363,2.321
mantenimiento,4.839,2.531,3.455
mantequilla,6.302,5.798,6.435
manzana,6.535,6.58,6.133
mapa,5.939,6.17,4.827
máquina,5.987,5.561,4.246
mar,6.545,6.05,6.293
marca,6.174,4.666,3.594
marina,4.966,4.317,4.366
marinero,5.968,6.41,6.558
mariposa,5.957,6.657,6.239
martes,6.329,3.239,6.197
martillo,5.626,5.862,5.903
masaje,4.93,6.142,5.576
masticar,6.116,6.28,5.684
matar,5.359,5.82,5.208
materia,5.673,3.233,2.261
matrimonio,5.97,5.709,5.857
mecánico,6.331,6.102,6.032
medalla,5.806,6.391,5.628
medianoche,6.004,5.879,6.199
médico,6.54,6.278,5.776
medio,4.552,2.907,2.488
mediodía,6.059,5.018,5.519
mejilla,5.436,5.569,6.574
mejora,6.029,3.74,3.093
mensaje,5.709,4.363,5.237
mentira,6.618,3.78,4.366
mentiroso,3.546,NA,4.961
merecer,4.954,2.682,3.552
mes,6.779,3.03,4.532
mesa,6.575,6.782,6.395
metal,5.859,5.351,4.791
método,5.895,2.483,3.383
metro,5.581,5.825,4.177
mezcla,5.012,3.801,4.044
micrófono,NA,NA,6.454
microscopio,4.412,6.011,6.69
miedo,6.217,4.972,3.433
miel,5.671,5.401,6.64
miembro,5.634,4.392,3.694
militar,4.552,6.067,5.48
millonario,4.741,4.874,NA
mínimo,4.952,2.863,3.3
ministerio,4.874,3.715,4.955
ministro,5.586,5.25,5.6
minuto,6.775,3.28,6.188
mirar,6.655,5.118,4.69
miseria,5.128,4.317,3.383
misión,4.87,4.471,3.963
misterio,5.351,3.855,4.039
mito,4.995,3.09,4.049
mochila,6.278,5.825,5.939
modelo,6.032,4.778,3.948
molestar,5.861,4.622,4.097
monasterio,4.798,6.079,5.744
monitor,5.457,5.164,4.441
monje,4.21,6.146,6.141
mono,6.097,6.562,5.269
monstruo,5.947,5.675,4.736
montaña,6.371,5.122,5.996
monumento,6.232,6.365,5.355
morir,6.39,5.447,6.111
mortal,6.114,3.97,4.934
motivo,5.534,2.799,4.072
motor,5.352,5.652,5.516
mover,NA,4.731,2.292
muerte,6.533,4.33,4.089
muerto,6.081,6.053,5.801
mujer,6.716,6.62,6.546
multitud,6.678,6.326,5.279
mundo,6.544,5.583,5.231
muñeca,NA,NA,5.708
muro,6.056,6.284,5.663
músculo,6.278,5.417,5.861
museo,6.181,6.279,5.585
música,6.653,5.214,4.897
músico,5.863,5.932,5.422
mutación,4.322,4.026,4.613
nacimiento,6.083,6.372,5.269
nación,5.543,4.036,5.146
nadar,6.621,5.84,6.014
naranja,6.443,6.051,5.641
nariz,6.498,6.39,6.649
náusea,4.432,4.565,5.091
navegación,4.452,4.706,4.613
navidad,6.179,5.357,5.737
necesitar,6.386,3.964,3.676
negocio,5.985,4.446,4.535
negro,5.781,NA,5.373
nervio,6.46,NA,5.783
nido,6.005,6.33,5.399
niebla,5.711,6.002,5.525
nieto,5.625,4.878,6.231
nieve,5.436,6.286,6.299
niña,6.901,6.316,6.254
niño,6.513,6.39,6.177
noble,5.128,3.774,3.28
noche,6.649,5.389,5.814
nombre,6.862,3.368,4.229
norte,6.507,4.903,5.969
notable,5.594,5.128,4.193
notario,3.688,4.096,5.441
novia,6.07,5.66,5.837
noviembre,6.274,3.718,6.666
novio,6.133,4.794,5.328
nube,5.962,6.618,6.001
número,6.509,6.488,5.044
obispo,3.541,4.931,6.684
objeto,6.255,5.254,3.464
observar,6.487,4.336,3.714
obstáculo,5.891,4.669,4.308
occidental,5.166,3.699,4.272
océano,5.396,6.434,5.501
octubre,5.872,3.852,5.886
ocurrir,6.031,3.072,2.746
odio,5.233,3.938,4.554
oeste,5.618,4.329,5.458
oficial,4.223,4.681,4.515
oficina,5.653,6.043,5.241
ofrecer,5.168,3.846,4.387
oír,6.661,4.911,5.172
ojo,6.813,6.309,5.937
olfato,5.378,3.902,5.415
olvidar,5.851,3.589,3.901
opción,5.549,3.852,3.642
operación,5.503,4.971,4.381
opinión,6.196,3.342,3.852
oportunidad,5.881,2.812,3.839
opuesto,5.694,NA,4.788
oración,4.535,4.156,4.088
órbita,4.886,4.279,4.764
oreja,6.476,6.451,5.991
organizar,6.085,3.924,4.043
orgasmo,6.077,4.368,5.711
orgullo,6.263,4.599,5.217
original,4.552,2.839,NA
orina,5.082,6.456,6.72
oro,5.224,5.556,6.045
orquesta,5.11,6.046,5.928
oscuridad,6.653,6.021,5.341
oso,5.517,5.342,6.383
otoño,5.734,5.974,5.73
oxígeno,5.39,3.507,6.104
paciencia,2.824,NA,3.527
paciente,4.7,5.293,4.329
padre,6.568,6.788,6.079
país,6.309,5.188,5.484
pájaro,6.507,NA,5.012
palabra,6.685,5.201,4.228
palacio,5.186,5.9,5.717
palo,5.456,5.184,5.265
pan,6.668,6.842,NA
pandilla,5.404,5.554,4.693
pantalla,6.242,5.551,4.929
pañuelo,6.288,6.085,6.076
papá,6.759,6.18,6.289
papel,6.673,6.395,5.795
paquete,5.987,6.281,4.762
paraíso,5.855,6.229,4.368
pariente,4.902,5.24,4.617
parlamento,4.832,NA,5.159
párrafo,6.455,5.86,5.802
partícula,3.682,3.45,4.254
partido,6.043,5.626,3.586
pasado,6.55,3.397,3.37
pasajero,3.481,3.836,4.176
pasaporte,4.853,5.912,5.592
pasatiempo,6.01,4.895,5.164
pasear,6.754,5.342,4.879
pasión,5.889,5.176,3.44
pastel,6.437,6.63,5.859
pastilla,6.512,6.291,5.384
pato,5.593,6.573,6.249
patrón,5.335,4.871,4.313
patrulla,5.473,4.861,4.997
pavo,4.706,4.658,6.134
pecado,5.372,3.333,3.87
pecho,6.132,6.256,6.088
pedazo,4.846,3.821,2.87
pedido,5.797,3.731,4.247
pedir,5.955,4.497,3.66
pegar,5.104,5.312,4.147
pelea,6.361,5.556,5.3
película,6.592,6.369,5.571
peligro,5.769,4.471,3.802
pelo,6.6,NA,6.723
pena,5.452,4.345,4.415
pene,4.507,6.414,6.566
pensar,6.469,4.668,3.298
pensión,5.125,4.624,5.509
perdón,5.452,3.753,4.339
perfil,5.408,4.295,4.062
perfume,6.091,6.027,5.467
periódico,6.156,5.869,5.861
periodismo,5.511,3.951,5.764
periodista,6.102,NA,6.043
período,5.186,4.07,3.95
permanecer,4.304,3.491,3.194
permiso,6.451,3.321,4.043
permitir,5.018,2.772,3.485
perro,6.639,6.573,6.443
perseguir,5.67,4.864,4.186
persona,7,6.296,5.716
personal,5.987,3.536,3.251
personalidad,6.402,3.625,3.326
perspectiva,5.322,3.095,3.023
pesadilla,6.496,5.409,3.947
pesca,5.816,5.324,5.638
peso,6.498,4.825,4.363
petróleo,5.364,5.409,6.272
pez,5.169,6.77,5.174
piano,5.861,6.565,6.577
piedra,6.421,6.237,6.299
piel,6.231,6.465,5.295
piloto,5.188,5.389,5.407
pintar,6.236,5.78,4.86
pintor,5.878,6.062,5.958
pirámide,5.078,5.759,5.805
pirata,5.57,6.152,5.898
pistola,4.778,6.011,5.762
placer,5.291,5.002,3.715
plaga,5.33,5.411,4.507
plan,5.899,3.229,3.559
planeta,4.715,5.773,5.842
planificación,4.666,3.806,3.571
planta,6.6,5.946,5.11
plástico,6.128,5.967,5.557
plata,5.001,5.158,6.145
plataforma,4.989,4.814,4.274
playa,6.378,6.439,6.377
población,5.773,4.91,4.412
poblado,4.894,5.909,5.452
pobre,6.243,5.669,4.837
pobreza,6.589,5.492,3.869
poema,4.338,5.502,5.329
poeta,6.301,5.637,5.645
política,4.071,3.357,3.752
político,6.137,5.378,5.259
pollo,6.362,6.505,6.491
polvo,6.367,5.839,4.572
pólvora,6.09,NA,6.641
poner,6.135,4.455,4.016
pornografía,5.626,5.784,5.333
portal,5.968,5.572,6.004
posibilidad,6.459,2.96,3.246
posición,5.671,3.334,3.328
postre,6.159,6.261,5.42
potencia,3.781,3.487,3.288
potencial,4.315,1.856,2.704
práctica,6.474,4.025,2.387
precio,6.283,4.253,4.356
preguntar,5.792,3.7,4.821
premio,6.254,5.684,5.366
preocupación,6.299,3.835,3.78
preparación,6.331,3.853,3.424
presa,5.663,5.101,4.21
presencia,5.914,2.96,3.3
preservar,4.857,3.058,4.573
presidente,6.251,4.59,5.591
presión,4.718,3.629,3.549
presupuesto,5.203,NA,4.715
primavera,6.798,5.727,5.672
primo,6.714,3.51,5.425
princesa,4.769,5.746,5.929
príncipe,5.547,5.865,5.76
prisión,5.539,5.623,5.773
prisionero,4.175,4.45,NA
privilegio,5.024,2.81,3.972
probar,5.676,4.485,3.176
problema,6.519,4.017,2.937
procedimiento,5.189,2.612,3.934
proceso,5.496,2.696,2.837
producción,5.771,3.567,4.368
producir,6.155,3.568,3.217
producto,5.926,4.195,3.265
productor,4.977,4.317,3.889
profesión,5.715,4.607,3.995
profesional,5.606,4.057,4.869
profesor,6.883,6.298,5.469
programa,6.543,5.403,4.997
promesa,5.75,3.299,4.533
propiedad,4.923,3.323,4.006
propietario,5.319,4.947,5.281
proponer,5.476,2.341,3.011
proporcionar,5.017,3.455,3.642
propósito,4.633,2.917,3.581
proteger,5.704,3.509,3.754
proteína,5.731,2.944,5.337
protesta,5.172,4.402,4.336
protocolo,4.272,3.019,4.659
prototipo,4.772,2.811,3.51
proyecto,5.932,3.52,4.464
prueba,6.33,3.863,3.618
psicología,6.442,4.313,3.597
publicidad,6.239,6.122,5.237
pueblo,6.626,6.03,4.901
puente,5.443,5.695,NA
puerta,6.784,5.804,6.323
puerto,6.202,6.126,5.695
pulso,5.044,4.028,4.829
quedarse,5.467,3.718,4.495
queja,5.337,3.817,3.896
queso,5.931,5.849,5.992
química,5.577,4.72,4.205
químico,5.425,5.374,5.352
racista,5.646,4.629,5.141
radiación,5.086,2.63,4.462
radio,6.308,6.002,5.81
rana,5.763,6.267,6.37
rápido,6.286,4.73,4.659
rata,6.307,6.15,6.538
ratón,5.961,6.213,5.951
razón,6.34,2.926,2.542
reactor,4.928,NA,5.072
realidad,4.418,3.011,3.248
realista,5.563,3.43,4.578
realizar,5.557,2.856,2.582
rebajas,6.216,5.962,5.578
recepción,3.703,NA,3.792
rechazar,5.223,3.757,4.107
recompensa,5.116,5.507,4.95
reconocer,5.755,4.13,4.229
recordar,6.054,3.064,3.898
red,3.312,5.912,4.696
reducir,5.33,3.157,3.65
reflejo,5.148,3.888,3.155
refugiado,5.572,5.045,4.796
refugio,5.382,5.84,4.596
regalo,5.974,6.03,4.788
regimiento,5.037,4.889,4.906
registro,4.454,3.816,3.751
regla,6.271,5.585,4.941
regreso,5.287,4.852,3.901
reina,5.51,6.344,5.373
reino,5.36,4.794,4.48
reír,6.359,6.063,5.906
relación,6.639,3.855,2.932
relámpago,4.65,6.218,6.22
religión,4.964,4.241,4.235
relucir,4.235,4.562,4.189
renuncia,5.241,3.566,3.873
reparar,5.704,4.431,3.763
reputación,4.999,2.552,3.673
rescatar,5.569,4.306,4.369
rescate,5.431,4.531,4.466
resistencia,4.344,NA,4.849
resistir,5.504,4.466,3.944
respeto,5.782,3.773,3.652
responsabilidad,5.529,3.936,3.638
respuesta,6.675,3.938,4.846
restaurante,6.192,6.523,6.034
resultado,5.449,3.753,4.086
retirar,5.467,3.834,3.757
reunión,5.691,5.293,4.466
revelación,4.811,2.461,3.986
revista,6.521,6.123,5.38
rey,6.2,6.114,NA
rico,5.51,NA,5.789
ridículo,5.68,3.307,5.109
riesgo,5.256,4.214,4.164
riñón,6.001,5.959,6.193
río,6.307,6.255,6.271
riqueza,5.352,4.926,4.368
ritmo,5.155,4.328,4.167
ritual,4.898,4.778,4.406
robar,5.819,4.971,4.904
robo,6.411,5.353,5.187
robot,4.623,6.099,5.479
roca,6.301,6.153,5.554
rodilla,5.951,4.634,6.556
rojo,6.126,6.343,5.25
romano,5.199,6.053,5.482
romántico,5.453,5.352,4.232
romper,6.142,5.262,4.638
ron,4.44,5.557,5.767
ruido,6.392,5.335,4.037
ruta,5.821,5.434,5.05
sábado,6.451,4.909,6.613
saber,5.134,2.69,3.447
sacerdote,4.53,5.877,6.03
salario,4.402,4.365,5.553
salida,6.631,5.593,4.807
salsa,6.122,5.454,4.882
salto,6.259,5.206,4.361
salud,6.579,4.153,4.464
saludar,5.991,5.589,4.579
salvar,5.593,4.088,4.102
sangre,6.549,6.09,6.542
sargento,5.447,6.042,5.484
satélite,4.547,4.938,4.783
sección,5.066,3.596,2.802
secretario,5.339,5.828,5.549
secreto,5.861,3.21,4.516
sed,6.346,4.725,4.953
seda,5.928,5.756,5.689
sede,3.608,2.916,3.651
seguir,6.3,3.146,3.632
segundo,5.485,2.69,4.477
seguridad,6.157,3.071,3.669
seleccionar,6.041,4.034,4.379
sello,6.612,NA,6.308
selva,5.636,6.376,6.283
semana,6.935,4.606,6.364
seminario,NA,4.118,3.944
senado,5.18,3.894,5.484
señal,5.532,4.806,4.299
señalar,6.344,4.884,4.414
sendero,4.431,5.653,4.893
señor,6.04,5.566,4.819
señora,6.221,5.868,5.753
sentarse,6.755,5.173,5.604
sentido,6.343,2.894,3.145
sentimiento,6.074,4.164,2.307
septiembre,5.793,4.305,6.176
serie,5.805,3.214,2.674
sermón,5.878,5.314,4.113
serpiente,4.155,6.195,6.051
servicio,6.449,4.022,4.473
sida,5.562,3.976,6.23
siesta,5.888,4.784,5.511
siglo,6.041,2.859,5.652
silbido,6.089,4.83,5.571
silencio,6.007,4.101,5.202
silla,6.831,6.54,6.524
símbolo,5.106,4.974,3.27
síndrome,4.757,2.992,3.832
síntoma,5.637,3.293,5.217
sistema,5.71,2.865,2.212
sobrevivir,5.766,4.335,4.534
sociedad,5.63,4.191,4.147
soda,4.23,4.375,5.077
sofá,6.531,6.076,6.714
sol,6.652,6.526,6.157
solar,5.586,4.739,5.239
soldado,5.577,5.929,6.043
solitario,6.288,5.026,4.372
soltero,5.858,3.834,5.773
sombra,5.687,6.045,5.483
sombrero,3.243,6.559,5.927
sonda,4.338,5.002,4.223
sonido,6.331,4.658,4.119
sonreír,5.679,5.507,5.925
sopa,6.402,6.227,6.164
sordo,6.153,5.076,5.706
sorpresa,6.387,5.229,4.207
sospechar,5.624,3.628,4.331
sostener,5.654,4.136,3.857
suceder,5.604,2.652,2.908
suelo,6.618,6.229,5.493
sueño,6.523,5.127,4.054
sufrimiento,5.301,4.642,3.511
sufrir,4.813,NA,4.168
sugerir,5.468,2.823,3.472
suicidio,4.616,5.389,6.568
sujeto,6.237,5.023,4.889
suma,5.914,4.71,4.845
superficie,5.396,4.702,3.92
superior,4.887,3.605,3.796
suposición,4.001,2.077,2.928
sur,5.684,4.322,5.065
sustituir,5.584,2.976,4.05
tabaco,5.569,5.983,6.097
talento,3.248,NA,3.716
taller,5.642,5.874,5.252
tamaño,6.272,3.457,3.455
tarde,6.616,5.115,3.598
tarea,5.875,4.391,3.677
taxi,6.067,6.654,6.318
taza,6.413,5.341,5.991
teatro,5.915,6.03,6.034
técnica,4.924,3.068,3.588
técnico,4.786,4.411,4.233
tecnología,5.791,3.877,3.595
tejido,5.219,5.186,5.012
tela,5.783,6.156,5.559
teléfono,6.954,6.723,6.42
telegrama,5.64,6.338,5.962
telescopio,4.911,5.551,6.525
televisión,6.42,6.377,6.235
temperatura,5.996,4.41,5.217
templo,5.636,5.881,5.96
tenedor,6.14,6.413,6.292
teniente,3.505,5.381,5.81
tenis,6.158,5.495,6.018
teoría,6.556,2.902,3.636
terapia,3.642,NA,4.585
terminal,5.189,4.238,3.421
terminar,6.609,4.053,3.433
terreno,5.959,5.446,3.979
tesoro,4.674,5.78,5.059
testigo,5.063,NA,5.068
texto,5.861,NA,4.905
tienda,6.609,6.409,4.807
timbre,5.701,6.133,5.513
tío,6.868,5.292,5.262
tirar,6.71,5.264,4.318
título,6.284,4.479,4.796
toalla,6.598,6.367,6.397
tomar,NA,NA,6.506
tomate,6.402,6.628,6.416
tonto,6.756,NA,4.843
tormenta,6.586,6.346,5.334
tormento,4.662,3.972,3.573
torre,5.814,6.139,5.717
tortuga,6.287,6.418,6.692
tos,6.055,5.414,5.979
total,5.456,2.861,3.813
trabajador,6.511,5.448,5.009
trabajo,6.176,5.187,4.965
traer,6.535,3.554,3.38
tragar,4.914,NA,4.611
traidor,4.236,NA,5.244
trampa,5.957,4.963,4.591
trasera,4.948,4.216,3.409
trasero,4.371,NA,4.617
tratamiento,5.205,3.945,3.67
tratar,5.414,2.793,3.216
tren,6.659,6.528,6.188
triángulo,5.916,5.754,5.808
tripulación,5.196,4.682,5.084
triunfar,5.815,5.022,3.862
trofeo,3.721,5.012,5.6
trono,3.979,5.06,5.862
trueno,5.179,6.061,5.884
tumba,4.877,6.024,5.601
tumor,4.208,3.307,5.415
túnel,6.497,6.207,6.031
ubicación,3.693,3.199,3.729
uña,6.344,6.609,6.333
unidad,5.871,4.548,4.528
uniforme,3.218,5.938,4.928
unir,6.256,5.061,4.338
universidad,6.639,6.231,6.085
universo,5.027,5.098,3.862
urgencia,5.329,4.647,5.094
útil,6.383,3.713,3.307
utilizar,6.25,3.155,3.463
vaca,6.123,6.023,6.499
vacío,6.077,3.685,3.451
vacuna,5.803,4.574,4.917
valla,5.214,5.516,5.901
valle,5.484,6.148,5.637
valor,6.189,3.462,3.249
vampiro,4.282,5.905,5.645
vaquero,5.567,5.679,4.979
vehículo,6.104,6.381,5.347
vela,5.815,5.781,5.098
velocidad,6.058,5.163,4.508
vena,4.998,5.875,5.532
vendedor,6.409,5.602,4.536
vender,6.372,NA,4.431
venganza,5.454,3.396,3.296
venir,5.831,3.717,4.169
ventana,6.821,6.518,6.077
verano,6.823,5.968,5.213
verificar,4.35,3.181,4.241
verse,5.756,4.32,3.804
vestido,6.263,NA,6.076
víctima,6.213,4.488,5.03
victoria,3.767,4.167,3.869
vidrio,5.277,5.587,5.319
viejo,6.258,6.07,5.143
viento,6.106,5.969,5.255
vino,6.419,6.157,5.676
visión,6.194,4.373,4.345
vista,6.209,4.64,4.918
viuda,5.437,4.922,5.962
vodka,5.235,5.964,6.484
volar,5.322,4.969,5.479
voluntario,5.093,4.913,4.335
voto,5.78,4.014,4.917
voz,6.206,4.913,5.167
vuelo,6.458,NA,5.112
zapato,6.434,5.636,6.48
zombi,4.815,4.727,5.491
zona,4.268,NA,3.43
zoológico,5,5.945,6.499
zorro,5.825,6.204,6.047
