word_spanish,translate_word_english,color_mean,color_sd,motion_mean,motion_sd,grasp_mean,grasp_sd,pain_mean,pain_sd,sound_mean,sound_sd,taste_mean,taste_sd,smell_mean,smell_sd,boi_mean,concrete_mean,imagine_mean,category,pc1_scores,pc2_scores
abeja,bee,6.15,1.23,7.52,0.82,4.21,2.83,5.38,1.81,3.32,1.81,2.31,1.73,1.8,1.08,4.47,6.42,6.59,Insectos (An insect),1.37,0.32
abrigo,coat,4.67,1.87,2.8,1.58,7.33,1.01,1.81,0.94,1.77,0.92,2.63,1.16,3,1.87,6.07,4.98,6.72,Prendas de vestir (An article of clothing),-0.96,-0.11
acordeón,accordion,5.13,1.79,5.48,1.29,4.5,2.11,3.08,1.92,5.84,1.29,2.31,1.06,2.12,1.59,6.08,6.55,5.11,Instrumentos musicales (A musical instrument),1.16,-0.03
aguijón,sting,3.85,2.37,3.44,2.35,4.65,2.53,6.23,1.66,1.9,1.42,1.9,1.33,1.2,0.41,3.88,6.23,5.38,NA,0.45,-1.19
águila,eagle,5.21,2.03,7.36,0.7,3.21,1.98,3.92,1.61,4.48,1.82,4.03,1.77,4.2,1.96,4.36,6.41,5.59,Aves (A bird),1.32,1.25
aguja,needle,3.36,2.25,3.4,1.66,7.71,0.62,5.42,2.06,1.45,1.31,1.97,1.12,1.28,0.68,6.14,5.88,5.93,Armas (A weapon),-0.24,-1.28
ajedrez,chess,4.75,2.05,3.36,1.68,5.54,1.89,2.08,1.47,2.16,1.27,2.47,1.11,1.64,1.35,5.59,5.8,5.32,Deportes (A sport),-0.52,-0.47
ajo,garlic,1.88,0.91,1.76,1.05,7.67,0.7,1.62,0.64,1.26,0.51,4.97,1.96,6.68,1.44,6.14,5.77,6.33,Condimentos (A substance for flavoring food),-1.55,0.63
ancla,anchor,3.27,1.88,2.5,1.35,2.96,1.81,5.19,1.65,4.1,1.8,1.81,1,2.24,1.42,4.45,6.03,5.71,NA,0.88,-1.14
anillo,ring,5.63,1.95,2.48,1.71,7.88,0.45,2.5,1.56,1.65,0.75,2.72,1.35,1.56,0.77,6.07,5.95,6.61,Serpientes (A snake),-0.96,-0.29
antena,antenna,3.06,1.82,2,1.12,5.21,1.98,3.5,2,2.55,1.61,1.88,0.79,1.4,0.65,5.02,5.77,6.58,Partes de un edificio (A part of a building),-0.28,-1.43
antorcha,torch,6.64,1.48,3.68,1.93,6.96,1.27,5.38,1.58,2.81,1.54,1.69,0.86,4.52,2.06,4.92,6.51,6.2,NA,0.5,0.65
araña,spider,4.7,2.2,6.68,1.55,5.58,2.28,4.77,1.8,1.42,0.96,1.84,1.44,1.36,0.49,4.93,5.99,6.14,Insectos (An insect),0.41,-0.46
árbol,tree,6.13,1.34,2.52,1.83,2.21,1.28,3.85,2.44,2.42,1.23,3.59,1.81,4.44,1.96,5.71,5.92,6.29,NA,0.24,0.9
arco,bow,3.19,1.35,3.16,1.72,6.21,2,5.15,2.15,3.29,1.62,2.13,1.07,1.48,0.77,4.47,5.4,6.16,Armas (A weapon),0.32,-1.24
arma,weapon,4.06,2.21,3.52,1.85,5.67,1.71,7.88,0.33,6.61,1.56,1.59,0.91,2.28,1.67,5.02,5.2,6.15,Muebles (An article of furniture),2.04,-0.93
arroz,rice,2.27,1.48,2.12,1.42,7.17,0.96,1.58,0.76,1.68,1.22,7.19,0.9,3.88,1.83,6.17,6.36,5.44,NA,-1.62,0.55
ascensor,elevator,2.97,1.47,5.84,1.14,1.54,1.32,3.88,1.97,4.23,1.67,1.81,0.82,3.16,1.82,5.13,6.46,6.11,Partes de un edificio (A part of a building),1.3,-0.5
atún,tuna,3.36,1.85,6.12,1.99,4.29,2.31,2.04,1,1.9,0.91,7.09,1.49,5.76,1.81,5.67,6.15,5.7,Peces (A fish),-0.42,1.88
avestruz,ostrich,4.03,1.74,7.12,0.73,2.04,1.2,4.54,2.06,4.61,1.63,4.34,1.99,5.32,2.12,4.14,5.34,6.4,Aves (A bird),1.55,1.25
bala,bullet,4.09,2.1,5.04,1.99,6.13,2.51,7.81,0.4,5.39,2.27,1.78,1.21,2.36,1.82,4.8,5.71,5.58,Armas (A weapon),1.85,-0.67
balanza,scale,3.27,1.77,3.68,1.68,5.38,1.28,2.92,1.65,2.23,0.96,2.31,1.06,1.64,1.08,5.02,5.89,6.01,NA,-0.3,-0.96
balcón,balcony,2.84,1.51,1.12,0.33,1.58,1.18,4.08,2.06,2.19,1.42,2.03,1.03,1.68,1.22,4.47,6.03,6.18,Partes de un edificio (A part of a building),0.03,-1.5
ballena,whale,4.42,1.71,7.12,0.93,1.21,0.51,4.31,2.36,5.65,1.78,4.32,1.96,4.56,2.26,3.54,6.46,6.44,Peces (A fish),1.86,1.16
baño,bathroom,3.58,1.75,1.12,0.33,1.75,1.26,2.73,1.64,3.42,1.57,1.84,1.19,3.96,1.86,4.97,5.44,6.33,Partes de un edificio (A part of a building),0.16,-0.59
baraja,deck,3.94,1.76,3.96,1.65,7.04,1.27,2.08,1.32,1.87,0.96,2.5,1.24,2.08,1.26,5.95,5.52,6.18,NA,-0.71,-0.51
barco,ship,4.75,1.61,6.32,0.9,1.5,1.1,4.31,2.28,6.55,1.26,2.16,1.17,3.2,1.76,4.69,6.02,6.29,Embarcaciones (A type of ship),2.13,0.19
barro,clay,3.91,2.37,2,1.38,5,2.55,1.96,1.37,1.84,0.93,1.5,0.84,4.52,1.66,5.78,5.79,6.15,Juguetes (A toy),-0.62,-0.29
bastón,cane,2.88,1.41,4.16,1.8,7.54,0.83,4.65,1.92,2.71,1.16,2.28,1.2,1.68,0.85,5.64,6.2,6.6,NA,0.02,-1.09
baúl,trunk,3.66,1.73,1.68,0.85,4.08,2.02,3.5,2.1,3.42,1.84,2.28,0.99,3.24,2.05,5.44,6.33,6.06,Muebles (An article of furniture),0.07,-0.63
biblia,bible,2.52,1.54,1.84,1.14,7.17,1.31,3.65,2.33,1.58,0.89,2.16,1.05,2.72,1.99,5.1,5.66,5.7,Material de lectura (A type of reading material),-0.77,-1.17
bicicleta,bike,5.13,1.52,6.76,0.88,5.13,1.8,4.35,1.74,3.55,1.67,2.34,1.1,2.32,1.46,6.03,6.8,6.58,Vehículos (A type of vehicle),0.95,0.13
blusa,blouse,4.66,1.88,3.2,1.53,7.5,0.78,1.38,0.57,1.29,0.64,2.91,1.28,2.88,1.94,6.51,6.4,5.2,Prendas de vestir (An article of clothing),-1.17,-0.01
boina,beret,3.64,2.1,2.6,1.47,7.21,0.98,1.58,0.99,1.42,1.29,2.44,1.32,2.32,1.8,5.47,6.29,5.95,Prendas de vestir (An article of clothing),-1.16,-0.69
botella,bottle,4.09,2.02,2.92,1.41,7.63,0.71,4.31,1.83,3.35,1.54,2.94,1.63,2.28,1.72,5.95,6.03,6.77,Utensilios de cocina (A kitchen utensil),-0.07,-0.5
buey,ox,4,1.93,7,0.76,1.54,0.98,5.08,1.85,5.29,1.44,5.78,1.86,6.2,1.78,4.62,5.86,5.61,Animales de cuatro patas (A four-footed animal),1.78,1.85
búfalo,buffalo,4.67,2.16,7.04,0.68,1.42,0.72,5.69,1.91,5.84,1.34,5.19,1.71,6.16,1.68,4.14,6.31,5.5,Animales de cuatro patas (A four-footed animal),2.16,1.86
bufanda,scarf,5.3,1.47,3.16,1.46,7.46,0.66,1.65,0.89,1.32,0.6,2.59,1.24,3.08,2.04,6.47,6.71,6.07,Prendas de vestir (An article of clothing),-1.04,0.14
búho,owl,4.25,2.08,6.44,1.12,3.75,2.09,2.31,1.44,4.42,1.57,3.63,1.76,4,1.73,4.47,6.1,6.07,Aves (A bird),0.74,0.75
buzón,mailbox,4.48,2.12,1.24,0.44,4.54,1.67,2.77,1.84,2.45,1.29,2,1.08,2,1.15,5.47,6.24,6.29,Partes de un edificio (A part of a building),-0.44,-0.85
caballo,horse,5.5,1.78,7.6,0.5,2,1.25,4.88,2.07,5.65,1.33,4.69,1.82,6.44,1.36,5.63,6.23,6.65,Animales de cuatro patas (A four-footed animal),2.03,2.17
cabaña,cabin,3.15,1.68,1.16,0.37,1.38,0.65,2.73,1.93,3.16,1.68,2.34,1,3.24,1.88,4.12,NA,6.09,Tipos de viviendas (A type of human dwelling),0.05,-0.8
cable,cable,3.21,1.58,2.16,1.11,7.08,0.78,3.69,1.57,1.84,1.04,1.75,0.84,1.88,1.01,5.76,5.82,5.71,Herramientas (A carpenter's tool),-0.59,-1.27
cachorro,cub,4.3,1.79,7.28,0.94,6.38,1.38,2.15,1.22,4.14,1.56,3.44,2.03,5,1.98,5.75,5.19,6.43,NA,0.5,1.12
caja,box,2.67,1.45,2.48,1.53,6.42,1.38,3,1.74,2.45,0.93,2.5,1.08,2.8,1.8,6,4.58,6.23,Instrumentos musicales (A musical instrument),-0.52,-0.9
calendario,calendar,3.36,1.82,1.76,0.83,6.83,1.37,1.73,0.92,1.52,0.85,2.53,1.19,1.68,1.22,5.18,6.18,6,Unidades de tiempo (A unit of time),-1.22,-1.04
cama,bed,3.48,1.77,1.52,0.71,2.75,1.57,2.35,1.72,2.81,1.42,3.07,1.86,3.2,2.18,6.7,6.12,7,Muebles (An article of furniture),-0.3,-0.46
camión,truck,4.31,1.67,6.92,0.81,1.42,1.06,6.19,1.88,6.35,1.38,1.66,0.75,4.12,2.24,5.08,6.5,6.55,Vehículos (A type of vehicle),2.65,0.19
camisa,shirt,4.67,1.8,3.16,1.86,7.5,0.66,1.77,0.82,1.48,0.72,2.75,1.16,3,1.96,6.22,6.29,6.28,Prendas de vestir (An article of clothing),-1.02,-0.04
campana,bell,5.28,2.02,4.72,1.37,5,2.13,3.77,2.12,6.45,1.55,2.09,1,2.16,1.6,5.12,5.65,6.49,Instrumentos musicales (A musical instrument),1.33,-0.15
candado,padlock,4.18,1.86,1.76,0.93,7.54,0.72,3.2,1.68,2.45,1.36,1.97,1,2.6,1.68,5.68,6.18,6.22,NA,-0.61,-0.73
carne,meat,5.03,1.82,2.24,1.27,6.58,1.28,2.42,1.58,1.84,1.13,7.13,1.7,5.72,1.57,5.78,5.64,6.23,Colores (A color),-1.13,1.89
carpeta,folder,4.63,2.28,3.4,1.66,7.63,0.49,2.42,1.17,2.23,1.12,2.56,1.44,2.28,1.77,6.12,6.14,6.47,Material de lectura (A type of reading material),-0.66,-0.31
carro,cart,3.5,1.57,6.08,1.08,3.83,2.22,4.27,1.97,4.9,1.7,2,0.92,2.68,1.77,5.93,5.57,5.97,Vehículos (A type of vehicle),1.32,-0.42
carruaje,carriage,4.48,2.11,5.92,1.22,1.71,1.3,4.12,2.18,5.74,1.26,1.91,1.03,3.32,2.25,4.53,5.76,5.7,Vehículos (A type of vehicle),1.81,0.04
carta,letter,2.53,1.44,3.04,1.54,7.67,0.64,2.23,1.45,1.45,0.68,2.75,1.3,2.32,1.57,5.76,5.73,6.05,Material de lectura (A type of reading material),-1.07,-0.92
cartel,poster,5.33,2.09,2,1.04,6.42,1.53,2.27,1.48,1.65,0.8,2.59,1.16,1.64,0.95,5.31,4.99,6.14,Material de lectura (A type of reading material),-0.91,-0.44
casa,house,4.5,1.61,1.16,0.47,1.13,0.34,3.23,2.27,3.77,2.22,2.19,1.26,4.04,1.99,5.2,5.63,6.58,Tipos de viviendas (A type of human dwelling),0.45,-0.21
cebolla,onion,3.09,1.65,2.04,1.24,7.75,0.44,2.62,1.6,1.45,0.77,5.81,1.4,6.64,1.58,6.03,6.43,6.41,Verduras (A vegetable),-1.28,1.2
cenicero,ashtray,2.85,1.54,1.96,1.1,7.38,0.71,3.42,1.92,2.57,1.57,1.06,0.25,5.44,2.12,5.8,6.33,5.94,NA,-0.36,-0.52
cera,wax,3.28,2.17,1.76,0.83,5.96,2.12,3.46,1.92,1.29,0.53,2.5,1.57,4.4,2.14,5.14,4.75,5.87,NA,-0.71,-0.35
cerdo,pig,4.21,1.96,6.92,0.81,2.83,1.55,3.23,1.61,4.97,1.58,6.63,1.58,7.08,1.32,5,5.39,5.8,Animales de cuatro patas (A four-footed animal),1.07,2.46
cesta,basket,3.22,1.64,2.56,1.23,7.21,0.78,2.04,1.04,2.03,1.11,2.63,1.24,2.28,1.31,6.34,5.81,6.06,NA,-0.94,-0.8
chaqueta,jacket,4.88,1.72,3.36,1.73,7.54,0.83,1.54,0.9,1.68,0.75,2.59,1.19,2.88,1.79,6.02,5.86,6.59,Prendas de vestir (An article of clothing),-0.98,-0.02
charco,puddle,2.52,1.64,2.2,1.61,1.5,1.44,1.88,0.99,2.42,0.81,2.16,1.42,2.8,1.89,4.53,5.44,6.08,NA,-0.22,-1.01
cheque,check,2.64,1.6,2.32,1.11,7.46,0.98,1.73,1.56,1.26,0.58,2.75,1.22,1.92,1.63,4.86,6.48,NA,Dinero (A kind of money),-1.32,-1.07
chicle,gum,4.45,2.21,4.36,2.29,7.63,0.88,2.08,1.2,2.1,0.94,6.81,0.83,5.04,1.72,6.1,6.38,6.08,NA,-0.96,1.7
chimenea,chimney,3.97,1.93,1.2,0.41,1.46,0.66,4.15,2.03,2.94,1.12,1.59,0.84,5.72,1.65,4.68,6.17,6.29,Partes de un edificio (A part of a building),0.48,-0.07
chocolate,chocolate,5.76,1.9,2.6,1.61,7.54,0.83,1.58,0.7,1.48,0.63,7.78,0.49,5.72,1.88,6.03,6.13,6.62,Bebidas no alcohólicas (A nonalcoholic beverage),-1.51,2.36
choza,hut,2.85,1.62,1.16,0.37,1.71,1.04,2.69,1.95,2.9,1.6,2.13,1.16,3.76,2.39,4.52,5.18,6.42,Tipos de viviendas (A type of human dwelling),-0.04,-0.79
cicatriz,scar,2.79,1.49,1.44,0.82,1.83,2.04,4.15,2.09,1.06,0.25,2.22,1.43,1.2,0.65,4.67,5.58,5.96,NA,-0.27,-1.58
cigarro,cigarette,2.78,1.66,3.88,1.72,7.83,0.38,5.31,2.11,1.48,0.72,2.69,2.46,7.36,0.86,6.02,6.25,6.31,NA,-0.1,0.6
cinturón,belt,4.09,1.78,2.56,1.5,7.17,1.17,4.65,1.74,2.74,1.48,2.31,1.06,2.72,1.7,6.14,6.05,5.83,Prendas de vestir (An article of clothing),-0.08,-0.6
cocina,kitchen,4.22,1.62,1.28,0.68,1.33,0.56,3.69,1.98,4.84,1.57,2.75,1.85,4.76,1.74,4.55,6.04,6.06,Partes de un edificio (A part of a building),0.78,0.07
cohete,rocket,5.79,1.62,6.24,1.76,2.33,1.76,5.38,2.21,7.19,1.19,2.16,1.14,3.92,2.29,3.56,5.95,6.27,Vehículos (A type of vehicle),2.49,0.67
cojín,cushion,5.3,1.51,2.28,1.34,7.29,1,1.77,1.18,1.42,0.67,2.56,1.22,2.84,1.68,6.02,6.02,6.43,Muebles (An article of furniture),-1.1,-0.04
collar,necklace,6,1.48,2.64,1.47,7.38,1.06,2.62,1.1,2.32,1.33,3.06,1.37,1.96,1.67,6.16,5.33,6.54,NA,-0.68,0.05
cometa,kite,6.64,1.75,6.68,1.55,4.42,2.73,2.31,1.38,2.26,1.24,2.72,1.4,1.76,1.09,4.6,5.62,6.07,Juguetes (A toy),0.23,0.59
cómoda,dresser,3.24,1.23,1.4,0.65,2.79,1.91,3.04,1.87,2.71,1.47,2.5,1.22,1.72,1.14,4.75,4.76,5.94,Muebles (An article of furniture),-0.19,-1.17
conejo,rabbit,4.39,1.84,7.4,0.82,5.04,2.35,2.08,1.06,2.52,1.09,6.03,1.53,5.08,1.93,5.48,6.37,6.06,Animales de cuatro patas (A four-footed animal),-0.02,1.86
copa,drinking glass,3.33,2.25,3.16,1.55,7.67,0.7,3,1.36,3.1,1.56,3.63,2.04,2.8,2.12,6.1,5.29,6.39,Utensilios de cocina (A kitchen utensil),-0.48,-0.32
cordón,cord,2.42,1.44,2.84,1.62,7.54,0.72,2.54,1.45,1.35,0.71,2.31,1.15,1.52,0.87,5.93,5.34,6.05,NA,-1.03,-1.34
corona,crown,6.48,1.5,2.12,1.27,6.88,1.26,2.73,1.64,2.29,1.35,2.38,1.52,1.64,0.86,4.81,5.56,5.56,Dinero (A kind of money),-0.61,-0.15
corteza,bark,3.42,1.98,1.64,0.99,6.04,1.85,2.42,1.47,2.23,1.36,4.22,1.74,3.24,1.9,4.53,4.77,5.67,Árboles (A tree),-0.91,-0.16
crema,cream,2.78,1.88,2.16,1.11,7.08,1.1,1.65,1.06,1.55,0.96,4.34,2.38,5.84,1.84,5.78,4.99,6.03,Colores (A color),-1.27,0.54
cremallera,zipper,3.18,1.99,3.56,1.78,6.96,1.76,3.5,1.79,2.71,1.04,2.22,1.07,1.52,1.08,6,5.82,5.13,NA,-0.24,-1.09
cristal,crystal,2.79,2.39,1.6,1.15,4.92,1.84,5.31,1.62,4.35,1.89,2.56,1.54,1.4,0.82,5.27,5.88,5.7,Piedras preciosas (A precious stone),0.5,-1.45
cubo,bucket,3.84,1.92,2.4,1.19,7,1.35,2.96,1.56,2.39,1.26,2.31,1.12,2.12,1.59,5.97,5.17,5.13,Juguetes (A toy),-0.59,-0.8
cuchillo,knife,3.67,1.96,3.64,1.6,7.83,0.38,6.73,1.4,2.97,1.49,2.34,1.41,1.52,0.77,6.59,6.51,6.5,Utensilios de cocina (A kitchen utensil),0.46,-1.03
cuerda,rope,2.67,1.63,3.44,1.66,7.38,0.58,4,1.94,1.9,1.08,2.28,1.25,2.2,1.61,5.86,5.33,6.55,Juguetes (A toy),-0.42,-1.06
culebra,snake,5.59,1.56,7.52,0.65,4.33,2.3,5.35,1.81,2.81,1.56,2.75,1.95,2.88,1.42,4.43,6.52,6.41,Serpientes (A snake),1.18,0.59
dado,dice,3.79,1.95,4.8,1.78,7.83,0.48,1.92,1.13,2.29,0.78,2.75,1.32,1.32,0.56,6.05,5.71,5.27,NA,-0.65,-0.61
dinero,money,5.22,1.77,4.32,1.82,7.38,1.31,4.5,2.3,2.65,1.5,2.41,1.72,3.8,1.73,5.77,5.75,6.22,Tipos de viviendas (A type of human dwelling),0.16,0.3
disco,disc,4.67,2.12,3.8,1.91,7.67,0.56,2.38,1.13,4.58,2.2,2.53,1.27,1.88,1.36,5.42,5.19,5.84,Tipos de música (A type of music),0,-0.36
diván,divan,3.7,1.81,1.6,0.82,3.29,1.76,2.73,2.13,2,1.37,2.41,1.19,1.96,1.31,5.33,6.02,5.49,Muebles (An article of furniture),-0.44,-0.95
ducha,shower,2.64,1.6,1.72,1.17,3.79,2.72,2.58,1.84,3.74,1.57,2.72,1.65,3.56,1.94,5.46,5.3,6.57,NA,-0.08,-0.69
ensalada,salad,6.12,1.58,2.16,1.55,5.83,1.9,1.23,0.43,1.58,0.76,7.16,1.17,4.56,1.94,5.8,5.11,6.15,Verduras (A vegetable),-1.38,1.93
ermita,hermitage,2.94,1.84,1.24,0.66,1.17,0.38,3.08,2.46,3.23,2.2,1.97,0.93,3.44,2.08,3.95,4.81,5.72,Edificios religiosos (A building for religious service),0.21,-0.91
escalera,escalator,2.78,1.31,1.72,1.28,3.67,2.06,4.58,1.9,2.9,1.4,2.19,1.03,1.56,0.77,5.31,5.76,6.5,Partes de un edificio (A part of a building),0.15,-1.46
escaparate,storefront,6.06,1.68,1.28,0.54,1.46,0.66,3.04,1.97,2,1.44,2.38,1.26,1.36,0.64,4.21,5.39,6.08,NA,-0.13,-0.47
escopeta,shotgun,4.03,2.04,3.4,1.63,5.29,1.78,7.65,0.75,7.03,1.11,1.58,0.76,2.28,1.67,5.29,5.62,6.33,Armas (A weapon),2.12,-0.95
escritorio,desk,3.48,1.35,1.36,0.64,2.75,1.57,3.04,2.2,2.61,1.52,2.59,1.21,1.84,1.43,5.66,6.24,6.46,Muebles (An article of furniture),-0.21,-1.04
esmoquin,tuxedo,5.12,2.1,2.68,1.57,5.96,1.73,1.58,0.81,1.52,0.68,2.38,1.16,2.72,2.07,5.42,6.03,5.92,NA,-0.9,-0.13
espada,sword,4.82,2.02,4.08,1.95,6.5,1.59,6.81,1.9,4.55,1.91,2.13,1.39,1.8,1.35,5.33,6.46,5.88,Armas (A weapon),1.2,-0.6
espejo,mirror,3.66,2.42,1.28,0.54,5.96,1.52,3.77,1.88,2.1,1.72,2.31,1.18,1.2,0.41,5.8,6.35,5.6,Muebles (An article of furniture),-0.56,-1.3
espina,thorn,2.24,1.3,1.68,0.85,6.75,1.78,5.38,1.72,1.26,0.63,2.09,1.3,1.48,0.92,4.69,5.31,5.65,NA,-0.49,-1.73
estantería,bookcase,3.13,1.62,1.24,0.52,2.88,1.51,4.19,2.12,2.45,1.61,2.44,1.22,2.12,1.64,5.54,6.04,6.42,Muebles (An article of furniture),-0.02,-1.17
falda,skirt,5.19,1.49,3.68,1.38,7.21,1.1,1.35,0.49,1.32,0.54,2.71,1.24,2,1.44,6.07,5.44,6.59,Prendas de vestir (An article of clothing),-1.05,-0.11
ficha,file,4.38,1.96,3.52,1.53,7.5,0.66,1.81,0.98,1.68,0.79,2.53,1.05,1.48,0.92,5.78,5.31,5.87,NA,-0.94,-0.59
flauta,flute,3.69,1.71,2.92,1.55,7.38,1.17,2.46,1.21,5.29,1.42,2.69,1.23,1.8,1.35,5.95,6.16,5.97,Instrumentos musicales (A musical instrument),0.06,-0.75
flecha,arrow,3.27,1.35,5.56,1.8,6.5,1.64,6.38,1.55,3.1,1.58,2.25,1.24,1.36,0.7,4.73,5.75,6.12,Armas (A weapon),0.85,-0.98
flor,dandelion,7.33,0.85,3.32,1.95,7.75,0.44,1.42,0.7,1.45,1.15,4.66,1.82,6.04,1.43,5.82,5.66,6.31,Nombres de mujer (A girl's first name),-1.09,2.21
foco,spotlight,5.81,2.49,2.2,1.26,4.21,2.15,3.19,1.6,2.16,1.68,2.22,1.07,1.68,0.99,4.1,4.99,5.76,NA,-0.22,-0.39
folio,sheet,2.91,2.26,2.6,1.32,7.88,0.34,2.38,1.27,1.48,0.68,2.69,1.23,2.92,1.82,6.12,6.57,7,Material de lectura (A type of reading material),-1.08,-0.7
foto,photo,6.61,1.45,1.56,0.82,7.63,0.92,2.15,1.08,1.39,0.67,2.94,1.5,2.12,1.48,5.53,6.15,6.44,NA,-1.18,0.13
fresa,strawberry,7.13,0.91,2.28,1.4,7.71,0.55,1.31,0.47,1.23,0.5,7.72,0.63,5.52,1.66,6.07,5.88,6.67,Frutas (A fruit),-1.65,2.68
fusil,gun,3.88,2.11,3.56,1.64,4.58,2.12,7.88,0.43,6.68,1.76,1.56,0.76,2.8,2.06,4.81,5.91,5.84,Armas (A weapon),2.2,-0.84
gallo,rooster,5.72,1.49,7.04,0.89,4.42,2.15,3.23,1.56,5,1.73,5.28,1.75,5.36,1.96,4.96,5.94,6.61,Peces (A fish),1.05,2.07
garaje,garage,2.53,1.33,1.32,0.85,1.08,0.28,2.73,1.82,4.29,1.99,1.78,0.91,4,2.2,3.97,6.36,5.51,Partes de un edificio (A part of a building),0.46,-0.88
globo,balloon,6.41,1.27,5.88,1.56,7.42,0.93,1.62,0.9,2.1,1.37,2.78,1.21,3.12,1.67,5.66,5.94,6.24,Vehículos (A type of vehicle),-0.41,0.87
goma,eraser,3.41,2.03,3.08,1.66,7.75,0.53,2.46,1.58,1.81,0.7,2.72,1.37,4.16,2.27,5.84,4.44,6.16,Juguetes (A toy),-0.83,-0.12
guitarra,guitar,4.67,1.78,4.68,1.44,6.25,1.78,3.23,1.88,5.77,1.48,2.78,1.62,2.64,1.68,6.2,5.92,6.69,Instrumentos musicales (A musical instrument),0.8,0.01
hamaca,hammock,4,1.7,4.48,1.9,4.25,1.85,2.15,1.43,2,0.93,2.53,1.32,2.28,1.49,5.66,6.09,6.57,Muebles (An article of furniture),-0.25,-0.36
hierba,grass,6.56,1.39,3.29,2.16,6.54,1.28,1.27,0.6,1.52,0.77,4.09,1.8,5.56,1.69,5.24,6.54,6.09,NA,-0.97,1.69
hierro,iron,4.19,2.04,1.72,1.28,5.79,1.56,5.5,2,4.06,1.88,2.03,1.15,3.72,1.77,5.24,5.85,5.57,Metales (A metal),0.55,-0.48
hilo,thread,3.44,2.45,2.8,1.63,7.63,0.58,1.88,1.42,1.1,0.4,3.16,1.37,1.16,0.62,5.55,5.83,6.37,Tejidos (A kind of cloth),-1.31,-0.9
hoja,leaf,3.73,2,3.68,1.63,7.67,0.56,2.15,1.16,1.48,0.81,3.25,1.57,2.96,1.54,6.2,5.26,6.23,Material de lectura (A type of reading material),-0.96,-0.16
horno,oven,3.44,1.9,1.52,1,3,2.17,5.27,1.8,3.03,1.38,2.56,1.58,4.68,1.97,5.56,6.06,6.48,Utensilios de cocina (A kitchen utensil),0.48,-0.29
hueso,bone,2.09,1.2,2.8,1.85,6.67,1.61,3.54,1.9,2.32,1.35,3.25,1.7,2.52,1.39,4.88,5.67,6.04,Partes del cuerpo humano (A part of the human body),-0.53,-0.94
huevo,egg,4.15,1.94,2.24,0.97,7.75,0.53,2.15,1.35,2.06,1,7.03,1.26,3.92,1.98,6.2,5.56,6.32,Condimentos (A substance for flavoring food),-1.35,1.08
jabalí,wild boar,4.16,2.08,7.2,0.82,2.25,1.07,5.73,1.28,5.32,1.33,5.59,2,5.92,1.89,4.54,5.95,5.69,Animales de cuatro patas (A four-footed animal),1.89,1.76
jabón,soap,3.5,1.95,3,1.78,7.71,0.55,2.31,1.19,1.55,0.85,2.66,1.73,6.12,1.59,6.43,6.62,5.65,NA,-0.87,0.47
jamón,ham,5.33,1.74,1.96,1.14,5.96,1.52,3,1.65,1.61,0.92,7.47,1.41,6.24,1.54,5.92,6.25,6.13,NA,-1.04,2.17
jardín,garden,7.24,0.75,1.8,1.58,1.46,1.28,2.04,1.25,2.42,1.31,3.47,1.9,5.72,1.74,4.17,6.26,5.86,Partes de un edificio (A part of a building),-0.09,1.58
jarra,jar,2.56,1.52,2.92,1.5,7.54,0.51,2.69,1.74,2.81,1.51,2.66,1.33,1.76,1.09,6.39,6.26,5.83,Utensilios de cocina (A kitchen utensil),-0.62,-1.13
joya,jewel,6.61,1.75,2.2,1.26,7.54,0.66,2.77,1.45,1.97,0.98,2.94,1.39,1.6,0.87,5.52,5.11,5.97,NA,-0.8,0.03
ladrillo,brick,5.06,1.92,1.4,0.65,6.42,1.53,5.65,1.72,3.71,1.83,1.88,0.94,2.76,1.51,5.75,6.16,5.43,Partes de un edificio (A part of a building),0.39,-0.58
látigo,whip,3.34,2.18,4.32,1.93,6.96,1.43,7.12,1.24,4.77,1.78,2.09,1.12,1.8,1.12,5.77,6.55,6.23,Armas (A weapon),1.25,-1.04
lavabo,sink,3.52,1.82,1.16,0.47,2.63,1.93,2.73,1.73,3.29,1.6,1.56,0.8,3.4,2.16,5.38,6.28,6.62,Muebles (An article of furniture),0.03,-0.84
lazo,ribbon,5.24,1.85,2.72,1.37,7.38,1.21,1.85,1.19,1.16,0.37,3,1.32,1.48,1.08,5.4,6.18,6.47,NA,-1.19,-0.3
liebre,hare,3.52,1.62,7.44,0.92,4.38,2.02,2.54,1.58,2.87,1.2,5.78,1.64,4.44,2,4.45,6.2,6.09,Animales de cuatro patas (A four-footed animal),0.23,1.33
lienzo,canvas,4.76,2.49,1.92,1.47,6.04,1.55,2.19,1.67,1.68,0.98,2.5,1.22,3.68,2.15,5.26,5.31,5.59,NA,-0.84,-0.04
linterna,lantern,5.56,2.23,3.36,1.55,7.63,0.65,2.69,1.29,1.77,0.99,2.31,1.12,1.28,0.46,5.83,6.37,5.79,NA,-0.7,-0.4
llave,key,3.7,1.9,3.48,1.66,7.92,0.28,2.77,1.68,3,1.37,2.16,1.05,2.48,1.61,5.84,5.91,5.77,Herramientas (A carpenter's tool),-0.39,-0.64
loro,parrot,7.21,1.02,6.8,0.87,5.04,1.92,2.65,1.5,4.61,1.67,4.03,1.79,4.64,1.87,4.98,6.34,6.11,Aves (A bird),0.86,1.97
manga,sleeve,3.52,1.66,2.88,1.67,6.67,1.55,1.42,0.5,1.26,0.44,2.55,1.52,1.88,1.3,5.61,5.26,5.54,Utensilios de cocina (A kitchen utensil),-1.16,-0.79
mantel,tablecloth,4.56,1.9,2.4,1.12,7.13,1.45,1.69,0.88,1.61,0.8,2.94,1.64,2.44,1.36,5.79,6.38,6.04,Utensilios de cocina (A kitchen utensil),-1.11,-0.27
manto,cloak,4.09,1.84,2.52,1.33,6.63,1.17,1.58,0.99,1.45,0.81,2.53,1.27,2.68,2.04,5.25,4.53,5.46,Flores (A flower),-1.08,-0.43
manzana,apple,6.36,1.25,2.48,1.29,7.79,0.41,1.88,1.07,1.58,0.67,7.31,0.82,4.6,1.68,6.1,6.13,6.58,Frutas (A fruit),-1.43,2.07
mapa,map,4.67,2.25,2.08,1.32,7.04,1.04,1.69,1.05,1.42,0.56,2.45,1.15,2.16,1.68,5.18,4.83,6.17,NA,-1.16,-0.49
marco,framework,4.28,1.59,1.44,0.58,6.17,1.67,3.08,1.57,2.06,1.34,2.38,1.07,1.44,0.71,4.9,4.42,5.62,Dinero (A kind of money),-0.7,-0.97
mariposa,butterfly,7.25,0.72,7.44,0.82,6,1.74,1.12,0.33,1.23,0.5,2.75,1.68,1.76,1.27,4.32,6.24,6.66,Insectos (An insect),-0.36,0.92
mechero,lighter,4.85,1.73,3.36,1.41,7.88,0.34,4.77,1.86,2.32,0.98,1.97,1.28,3.52,2.18,6.17,6.65,6.55,Utensilios de cocina (A kitchen utensil),-0.05,-0.13
medalla,medal,5.91,2.05,2.24,1.01,7.67,0.56,2.38,1.55,2.19,0.79,2.69,1.31,2.12,1.33,5.76,5.63,6.39,Graduaciones militares (A military title),-0.82,-0.07
merienda,snack,4.94,2.03,2.24,1.23,6.63,1.58,1.69,0.74,1.87,1.06,7.34,1.31,5.08,1.87,4.45,6.09,5.84,NA,-1.33,1.77
merluza,hake,3.09,1.71,6.08,1.8,5.5,1.96,2,1.1,1.77,0.8,6.53,1.59,5.72,1.62,5.22,5.94,5.97,Peces (A fish),-0.57,1.63
mermelada,marmalade,6.58,1.44,2.32,1.44,6.46,1.86,1.46,0.76,1.45,0.68,7.56,0.62,5.32,1.77,5.97,5.9,NA,NA,-1.41,2.41
metralleta,machine gun,4.21,2.25,3.96,1.7,4.83,2.01,8,0,7.29,1.3,1.56,0.67,2.4,1.71,5.02,6.42,5.85,Armas (A weapon),2.42,-0.81
mora,blackberry,6.52,1.25,2.12,1.09,7.5,0.72,1.42,0.58,1.29,0.46,7.16,0.92,4.8,2.02,5.66,4.84,6.21,Frutas (A fruit),-1.6,2.11
mosca,housefly,3.83,2.12,7.52,0.77,5.79,2.17,1.46,0.58,2.71,1.57,1.53,0.98,1.4,0.71,4.66,6.11,6.5,Insectos (An insect),0.12,-0.54
mula,mule,3.84,2.03,7.04,0.79,1.5,0.59,4.27,2.25,4.65,1.33,4.22,1.77,5.96,1.49,4.73,6.17,5.45,Animales de cuatro patas (A four-footed animal),1.57,1.35
muñeca,doll,5.52,1.73,3.04,1.43,7.33,0.82,2.27,1.37,2.26,1.09,3,1.59,2.44,1.5,6.27,5.71,NA,Juguetes (A toy),-0.71,0.09
muro,wall,2.5,1.32,1.16,0.37,1.38,0.71,4.31,2.09,2.87,1.98,1.84,0.95,1.6,0.71,5.12,5.66,6.28,Partes de un edificio (A part of a building),0.29,-1.68
nevera,fridge,3.13,1.81,1.6,1,2.79,1.93,3.23,2.08,2.65,1.08,2.63,1.74,4.88,1.9,6,6.3,6.23,Utensilios de cocina (A kitchen utensil),-0.06,-0.22
nido,nest,3.43,1.59,1.8,1.12,5.33,1.69,1.62,1.02,2.35,1.33,2.09,1.2,3.52,1.9,4.93,5.4,6.33,NA,-0.74,-0.58
novela,novel,3.06,1.56,2.28,1.43,7.04,1.12,2,1.23,1.9,1.35,2.59,1.39,2.48,1.81,5.09,5.99,5.87,Material de lectura (A type of reading material),-1,-0.83
nudo,knot,2.42,1.39,1.76,1.01,5.88,2.01,2.85,1.64,1.32,0.6,2.38,1.29,1.16,0.37,5.55,4.77,5.23,Unidades de longitud (A unit of distance),-0.95,-1.57
nuez,walnut,3.53,1.9,1.92,1.12,7.75,0.44,2.35,1.2,2.55,1.57,6.53,1.44,3.2,1.71,6.42,5.72,5.31,Condimentos (A substance for flavoring food),-1.22,0.5
olla,pot,3.58,1.8,2.32,1.35,6.13,1.63,4.27,1.8,4.45,1.75,2.56,1.64,2.8,1.55,5.81,5.96,6.19,Utensilios de cocina (A kitchen utensil),0.33,-0.67
órgano,organ,5.24,2,3.88,2.42,3.63,1.93,3.35,2.35,4.35,2.56,2.44,1.54,4.16,2.43,4.03,4.77,5.59,Instrumentos musicales (A musical instrument),0.74,0.44
oso,bear,4.75,2.06,6.88,0.93,1.29,0.86,6.19,1.77,6.13,1.38,4.31,1.75,6.08,1.53,4.05,6.38,5.34,Animales de cuatro patas (A four-footed animal),2.43,1.59
oveja,sheep,3.15,2.08,6.76,0.83,2.63,1.69,2.73,1.64,4.13,1.48,5.44,1.97,6.2,1.38,5.07,6.21,6.32,Animales de cuatro patas (A four-footed animal),0.78,1.56
palma,palm,3.24,1.87,4.08,1.82,5.13,2.66,3.27,1.87,3.45,2.06,2.94,1.61,2.92,2,5.19,4.05,6.42,Unidades de longitud (A unit of distance),0.17,-0.39
palo,stick,2.75,1.63,2.6,1.53,7.58,0.58,5.15,1.62,2.48,1.26,2.55,1.15,2.08,1.29,6.18,5.27,5.18,Armas (A weapon),-0.18,-1.15
paloma,dove,3.56,2.14,7.52,0.77,4.83,2.16,2.58,1.86,3.06,1.29,3.97,2.19,4.76,1.96,4.92,6.42,6.39,Aves (A bird),0.43,0.97
pantalla,screen,6.13,1.72,1.88,1.45,4.71,2.48,3.42,2.02,2.77,1.65,2.44,1.24,1.48,0.92,5.24,4.93,5.55,NA,-0.13,-0.34
pantalón,trousers,4.67,1.75,3.36,1.7,7.46,0.72,1.88,0.95,1.58,0.72,2.81,1.12,2.8,1.91,6.27,6.34,6.37,Prendas de vestir (An article of clothing),-0.95,-0.06
papel,paper,2.42,1.8,2.72,1.51,7.83,0.38,2.12,1.24,1.58,0.5,3,1.34,2.64,1.87,6.39,5.8,6.4,Combustibles (A type of fuel),-1.15,-0.82
parche,patch,2.73,1.42,1.76,0.97,7.13,1.36,1.73,1.08,1.39,0.84,2.31,1.12,1.6,1.12,5.26,5.11,5.93,NA,-1.3,-1.32
pared,wall,3.06,1.62,1.08,0.28,1.25,0.85,4.12,1.95,2.48,1.67,2.09,1.09,1.92,1,4.64,6.25,5.83,Partes de un edificio (A part of a building),0.16,-1.35
pasaporte,passport,3.3,1.93,2.96,1.51,7.54,0.93,1.46,0.65,1.23,0.43,2.72,1.25,1.92,1.41,4.98,5.59,5.91,NA,-1.28,-0.79
pasta,pasta,2.94,1.81,2,1.04,6.83,1.43,1.62,0.98,1.65,0.8,7.5,0.76,4.64,1.63,5.45,4.07,5.65,Dinero (A kind of money),-1.58,1.04
pastel,cake,5.79,1.82,2.08,1.08,7.04,0.95,1.54,0.65,1.71,1.01,7.97,0.18,5.36,2.04,6.07,5.86,6.63,Colores (A color),-1.5,2.26
peine,comb,3.36,1.45,3.76,1.56,7.96,0.2,2.42,1.45,1.74,1.12,2.53,1.19,1.96,1.59,6.26,6.67,6.24,NA,-0.83,-0.75
pelota,football,5.88,1.69,6.52,1.42,6.92,1.32,3.69,1.78,3.35,1.33,2.53,1.02,2.24,1.45,6.54,5.92,6.21,Juguetes (A toy),0.52,0.38
pera,pear,5.18,1.69,2.36,1.55,7.67,0.56,1.54,0.58,1.35,0.55,6.78,1.43,4.52,1.78,6.39,6.01,5.55,Frutas (A fruit),-1.56,1.54
percha,peg,3.52,1.62,2.08,1,7.63,0.58,2.38,1.36,2.03,1.28,2.28,1.02,1.28,0.54,6.07,6.36,6.61,Muebles (An article of furniture),-0.97,-1.17
persiana,blind,2.3,1.31,3.56,1.56,5.08,2.24,3.23,1.82,3.87,1.63,2,1.11,1.92,1.04,5.59,6.28,6.17,NA,0.23,-1.27
pez,goldfish,5,2.03,7.2,0.87,4.71,1.97,2.31,1.29,1.74,0.73,5.28,2.04,4.8,1.87,5.1,5.17,6.77,Peces (A fish),-0.08,1.73
piedra,stone,2.44,1.61,1.84,1.21,7.25,0.94,5.77,1.7,3.68,1.81,1.75,1.32,2.24,1.45,5.83,6.3,6.24,Armas (A weapon),0.27,-1.52
pincel,paintbrush,3.53,1.72,4.64,1.55,7.58,0.65,2,1.2,1.52,0.77,2.31,1.33,2.96,1.88,6.05,6.35,5.86,Herramientas (A carpenter's tool),-0.76,-0.34
pino,pine,5.59,1.7,2.48,1.92,2.13,1.26,3.5,2.12,2.26,1.37,3.78,1.83,5.76,1.83,4.82,6.21,6.52,Árboles (A tree),0.12,1.19
placa,plate,4,2.06,1.6,0.96,6.25,1.89,3.27,1.95,2.71,1.51,2.13,1.1,1.64,0.76,4.72,3.4,5.21,NA,-0.45,-1.05
puente,bridge,3.28,1.3,1.56,0.96,1.04,0.2,4.31,2.11,3.32,1.97,2.03,1.18,2.08,1.08,4.4,NA,5.7,Tipos de viviendas (A type of human dwelling),0.54,-1.2
puerta,door,3.58,1.66,4.4,1.53,3.92,2.15,4.15,1.85,4.13,1.54,2.31,1.06,1.92,1.15,5.75,6.32,5.8,Partes de un edificio (A part of a building),0.78,-0.74
radio,radio,3.13,1.58,1.76,1.01,6.71,1.08,2.46,1.36,5.23,1.61,2.22,1.07,1.48,0.77,5.61,5.81,6,Elementos químicos (A chemical element),-0.04,-1.27
raíz,root,3.06,1.94,1.48,0.92,5.58,1.98,1.96,1.15,1.06,0.25,3.66,1.84,3.36,2.04,4.43,5.24,5.8,Árboles (A tree),-1.25,-0.39
rama,branch,3.48,1.86,3.4,1.76,6.63,1.41,3.73,1.73,2.68,1.08,3.09,1.49,3.04,1.65,5.48,4.72,6.11,Árboles (A tree),-0.21,-0.34
rana,frog,6.15,1.5,7.04,1.1,5.58,2,1.77,0.82,3,1.15,3.63,2.03,4.12,1.72,5.27,6.37,6.27,Animales de cuatro patas (A four-footed animal),0.19,1.45
ratón,mouse,3.61,1.6,7.52,0.77,5.71,2.27,2.77,1.31,2.77,1.38,2.75,1.67,4.44,2.08,5.17,5.95,6.21,Animales de cuatro patas (A four-footed animal),0.4,0.55
red,net,2.3,1.59,3.48,1.48,5.71,1.57,3.42,1.55,1.74,0.82,2.28,1.08,1.56,0.92,4.27,4.7,5.91,Tejidos (A kind of cloth),-0.42,-1.33
reja,grille,3.13,1.79,1.6,1.12,3.54,1.72,3.77,1.97,3.13,1.67,2.06,0.98,1.92,1.22,4.64,6.12,5.83,NA,0.07,-1.26
repisa,shelf,2.71,1.4,1.24,0.44,3,1.5,3.54,2.1,1.94,1.21,2,1.08,1.48,0.92,4.68,5.71,5.43,Muebles (An article of furniture),-0.32,-1.58
robot,robot,4.36,1.98,5.36,1.11,3.79,1.86,4,2.1,4.65,1.66,1.81,0.86,2,1.35,4.51,5.48,6.1,Juguetes (A toy),1.12,-0.49
rosario,rosary,3.41,1.62,2.44,1.19,7.13,1.33,2.31,1.64,1.77,0.92,2.25,1.16,1.88,1.72,4.81,5.64,5.77,Nombres de mujer (A girl's first name),-0.92,-0.99
rueda,wheel,3.58,2.21,6.68,0.8,4.63,1.86,3.92,2,3.23,1.38,1.44,0.67,3.28,2.11,5.71,6.08,6.48,Vehículos (A type of vehicle),0.87,-0.29
sábana,bed sheet,3.53,2.06,2.84,1.25,6.92,1.41,1.46,0.65,1.68,0.87,2.97,1.49,3.48,1.94,5.85,5.9,6.45,NA,-1.07,-0.2
sable,sabre,4.25,2.09,3.6,1.85,5.75,2.17,6.31,2.22,4.45,1.73,2,1.32,2.16,1.52,4.62,6.41,4.88,Armas (A weapon),1.08,-0.74
sartén,skillet,4.09,1.83,3.08,1.08,7.58,0.58,4.96,1.75,3.87,1.86,2.56,1.5,2.88,1.51,6.15,6.51,5.58,Utensilios de cocina (A kitchen utensil),0.29,-0.43
semilla,seed,2.94,1.59,1.92,1.41,7.54,0.83,1.31,0.55,1.16,0.52,4.84,1.46,2.08,1.12,4.68,5.55,5.46,Árboles (A tree),-1.7,-0.41
señal,signal,6.25,1.59,1.96,1.27,4.46,2.02,3.15,2.07,2.42,1.84,1.91,0.86,1.4,0.76,3.56,4.3,4.81,NA,-0.19,-0.45
serpiente,rattlesnake,6.38,1.31,7.24,0.88,4.17,2.24,6.12,1.51,2.94,1.5,3.22,2.22,3.32,1.49,4.56,6.05,6.2,Serpientes (A snake),1.36,1.01
servilleta,napkin,2.58,1.7,3.04,1.59,7.71,0.62,1.23,0.43,1.39,0.92,2.75,1.44,2.08,1.35,6.34,6.68,6.29,Utensilios de cocina (A kitchen utensil),-1.32,-0.94
sierra,saw,3.64,1.76,4.04,2.13,6.42,1.95,6.42,1.81,5.42,1.84,1.97,1.12,2.8,2.08,4.37,5.47,5.81,Herramientas (A carpenter's tool),1.35,-0.69
silla,chair,3.21,1.52,2.96,1.57,6.29,1.52,3.96,1.73,3.1,1.58,2.38,1.16,1.56,0.87,6.75,6.52,6.54,Muebles (An article of furniture),-0.06,-1.11
sotana,cassock,3.84,2.24,2.8,1.61,6.21,1.72,2.42,1.94,1.29,0.46,1.91,0.86,2.56,2.04,4.9,6.27,5.85,NA,-0.79,-0.71
tabique,partition,2.27,1.38,1.4,0.91,1.96,1.3,4.12,2.07,3.58,2.05,1.81,1.12,1.48,0.92,4.17,6.1,4.82,Partes de un edificio (A part of a building),0.4,-1.75
tablero,board,3.27,1.31,2.32,1.31,6.13,1.75,3.54,1.94,2.55,1.29,2.19,1.06,1.96,1.43,5.12,4.84,5.76,Muebles (An article of furniture),-0.34,-1.08
taburete,stool,3,1.37,2.36,1.25,6.33,1.01,3.54,1.75,3.29,1.46,2.5,1.14,1.56,0.82,6.49,6.14,5.86,Muebles (An article of furniture),-0.22,-1.2
tambor,drum,3.79,1.67,3.8,1.87,5.71,1.9,3.04,1.87,6.1,1.49,2.22,0.83,1.6,1.22,6.37,6.15,6.21,Instrumentos musicales (A musical instrument),0.77,-0.81
tanque,tank,3.78,1.86,4.88,1.94,1.13,0.45,7,1.96,7.16,1.44,1.44,0.72,2.48,1.85,4.35,5.22,5.99,Armas (A weapon),2.73,-0.79
tapiz,tapestry,4.97,1.79,1.44,0.71,4.29,1.73,2.08,1.16,1.77,0.8,2.19,1.23,2.72,1.57,5.02,5.23,5.41,NA,-0.69,-0.39
tapón,cap,3,1.73,2.88,1.72,7.88,0.45,2.04,1.11,2.1,1.19,2.38,1.18,1.76,1.33,5.27,5.87,5.93,Utensilios de cocina (A kitchen utensil),-0.95,-1.05
taxi,taxi,5.38,2.09,6.68,1.07,1.79,1.44,4.23,2.41,4.74,1.61,2,1.22,3.52,2.02,5.32,6.32,6.65,Vehículos (A type of vehicle),1.7,0.47
taza,cup,4.28,1.94,3.08,1.61,7.88,0.34,2.69,1.23,2.45,1.26,2.91,1.49,2.08,1.66,5.86,5.99,5.34,Utensilios de cocina (A kitchen utensil),-0.67,-0.43
tele,tv,5.52,2.27,2.16,1.4,3.88,2.01,4.12,1.93,5.13,1.75,2.09,1.06,1.56,0.92,5.5,6.03,6.34,NA,0.8,-0.58
tenedor,fork,3.39,1.9,3.68,1.65,7.92,0.28,4.46,1.77,2.74,1.26,3.13,1.77,1.56,1,6.19,6.29,6.41,Utensilios de cocina (A kitchen utensil),-0.19,-0.8
tigre,tiger,6.81,0.93,7.32,0.8,1.42,0.72,6.81,1.06,6.16,1.19,3.81,1.79,5.68,1.63,3.88,6.49,6.36,Animales de cuatro patas (A four-footed animal),2.74,2
timbre,doorbell,3.45,2.09,2,1.22,6,1.87,1.92,0.84,5.45,1.91,2.47,1.08,1.24,0.52,4.8,5.51,6.13,Partes de un edificio (A part of a building),0,-1.12
toalla,towel,4.09,1.65,2.76,1.27,7.63,0.71,1.88,1.03,1.77,1.41,2.75,1.32,3.6,1.83,6.39,6.4,6.37,Tejidos (A kind of cloth),-1,-0.08
tomate,tomato,7.03,0.97,2.24,1.42,7.83,0.48,2.04,1.04,1.45,0.77,6.94,1.32,4.8,1.61,6.23,6.42,6.63,Verduras (A vegetable),-1.4,2.19
torre,tower,3.52,1.6,1.08,0.28,1.71,1.49,3.62,2.08,3.19,1.92,2.03,0.97,1.72,1.43,4.05,5.72,6.14,Partes de un edificio (A part of a building),0.2,-1.27
tortuga,turtle,5.33,1.8,5.88,1.24,5.79,1.53,1.77,0.91,1.97,1.08,3.63,1.52,4.4,1.96,5.34,6.69,6.42,Animales de cuatro patas (A four-footed animal),-0.3,1.14
transistor,transistor,3.73,1.94,2.44,1.36,4.63,2.2,2.81,1.52,4.68,1.6,1.84,1.02,1.52,0.87,3.79,6,5.4,NA,0.3,-1.11
trapo,cloth,3.39,1.73,3,1.29,7.71,0.55,1.88,1.14,1.45,0.62,2,0.98,3.44,1.64,5.81,5.15,6.05,Utensilios de cocina (A kitchen utensil),-1.02,-0.51
tren,train,4.78,1.91,7,0.91,1.46,1.02,5.69,1.89,6.9,1.22,1.66,0.79,4.08,1.98,4.9,6.19,6.53,Vehículos (A type of vehicle),2.71,0.35
trenza,braid,2.88,1.39,3.16,1.7,7.04,1.43,1.69,0.79,1.23,0.62,2.59,1.19,2.12,1.64,5.5,5.56,6.48,NA,-1.14,-0.88
trigo,wheat,5.56,1.87,3.48,1.81,6.46,1.47,1.65,0.89,1.58,0.76,5.84,1.42,3.88,1.81,5.22,6.41,5.41,NA,-1.08,1.35
trompeta,trumpet,5.82,1.63,3.68,1.38,6.33,1.69,3.15,1.71,6.35,1.4,2.5,1.16,1.96,1.49,5.84,6.16,6.31,Instrumentos musicales (A musical instrument),0.84,-0.03
tubo,tube,2.97,1.53,1.8,1.12,6.13,1.39,3.5,2.02,2.58,1.63,2.22,1.36,1.8,1.15,5.32,5.17,6.01,NA,-0.44,-1.28
vaca,cow,4.78,1.86,6.84,0.99,1.79,1.02,4.15,2.01,5.03,1.2,6.19,1.45,6.6,1.32,5.29,6.5,6.02,Animales de cuatro patas (A four-footed animal),1.45,2.33
valla,fence,3.25,1.37,1.64,0.95,3.96,1.71,4.08,2.12,2.68,1.51,2.07,0.81,1.56,0.96,5.21,5.9,5.52,NA,-0.03,-1.34
vaso,glass,2.97,2.13,2.64,1.5,7.96,0.2,3.15,1.35,2.84,1.42,3.06,1.48,1.56,1,5.86,6.52,6.61,Utensilios de cocina (A kitchen utensil),-0.63,-1.01
ventana,window,2.97,1.98,2.04,1.4,3.33,1.9,3.81,1.98,2.68,1.28,2.16,1.11,1.6,1.08,5.47,6.08,6.52,Partes de un edificio (A part of a building),0.02,-1.33
verja,railings,3.19,1.51,1.96,1.06,3.67,1.95,4.62,1.65,3.23,1.36,1.88,0.83,1.88,1.17,5.07,5.44,5.32,NA,0.34,-1.3
vidriera,stained glass,5.78,2.52,1.28,0.46,2.54,1.35,4.27,1.97,3.74,2.05,2.47,1.27,1.4,0.71,4.41,5.27,5.25,Muebles (An article of furniture),0.46,-0.56
yate,yacht,4.38,2.12,5.76,1.27,1.29,1.04,3.96,2.44,5.84,1.44,2.22,1.24,2.6,1.55,4.29,5.86,6.32,Embarcaciones (A type of ship),1.77,-0.14
yegua,mare,4.75,1.87,7.32,0.56,1.63,1.06,4.81,1.98,5.52,1.34,4.09,2.07,6.16,1.34,5.2,6.19,5.77,Animales de cuatro patas (A four-footed animal),2,1.67
zanahoria,carrot,6.5,1.46,1.96,1.4,7.63,0.65,1.69,1.12,1.65,0.75,6.38,1.31,4.28,1.93,6.03,6.67,6.48,Verduras (A vegetable),-1.42,1.71
zapato,shoe,4.36,1.8,4.96,1.86,7.67,0.56,3.54,1.61,2.74,1.29,1.75,0.84,4.32,1.99,6.27,6.48,5.64,Tipos de calzado (A type of footgear),0.08,0.14
avión,airplane,3.71,1.78,7,1.36,1.38,0.57,4.04,2.26,7.25,0.94,2.13,1.12,2.71,1.4,NA,6.25,5.81,Vehículos (A type of vehicle),2.32,-0.18
caimán,alligator,5.71,1.3,6.88,0.95,2.23,1.11,6.58,1.56,3.67,1.34,2.88,1.39,3.71,1.68,NA,NA,NA,Animales de cuatro patas (A four-footed animal),1.85,0.78
ambulancia,ambulance,5.54,2,6.77,1.27,1.58,1.1,2.88,2.05,6.25,1.67,1.88,0.85,2.88,1.83,NA,NA,NA,Vehículos (A type of vehicle),1.84,0.37
hormiga,ant,4.25,2.44,7.35,0.98,7.19,1.41,1.88,1.39,1.13,0.34,2,1.44,1.25,0.85,NA,6.55,6.51,Insectos (An insect),-0.44,-0.39
apartamento,apartment,3.42,1.28,1.62,0.98,1.35,0.89,1.5,0.83,2.83,1.27,2.25,1.26,3.67,2.06,NA,5.8,5.62,Tipos de viviendas (A type of human dwelling),-0.21,-0.51
delantal,apron,4.08,1.67,3.08,1.52,7.54,0.71,1.33,0.87,1.17,0.38,2.04,1.04,2.13,1.23,NA,6.01,6.09,Utensilios de cocina (A kitchen utensil),-1.2,-0.65
armadura,armor,4.5,1.84,2.54,1.61,4.15,2.36,3.29,1.57,4.13,1.62,2.04,0.95,2.83,1.83,NA,5.27,5.63,NA,0.38,-0.45
espárrago,asparagus,3.58,1.89,2.27,1.28,7.69,0.68,1.33,0.56,1.08,0.28,5.54,1.74,4.25,1.51,NA,NA,NA,Verduras (A vegetable),-1.65,0.65
aguacate,avocado,5.79,1.61,2.35,1.47,7.81,0.49,1.38,0.71,1.13,0.34,6.83,1.43,3.75,1.42,NA,NA,NA,Frutas (A fruit),-1.68,1.52
hacha,axe,3.5,1.87,4.15,1.64,6.81,1.41,7.54,0.66,3.71,1.4,1.83,0.92,1.79,1.06,NA,6.35,6.04,Armas (A weapon),1.09,-1.11
bolsa,bag,3.38,1.74,4.12,1.95,7.62,0.85,2.08,1.35,2.67,1.4,2.04,1,2.25,1.36,NA,4.72,5.04,Dinero (A kind of money),-0.51,-0.73
gaita,bagpipe,4.75,1.59,4.04,1.75,6.23,1.63,2.21,1.06,5.58,1.47,2.46,1.32,2,1.32,NA,NA,NA,Instrumentos musicales (A musical instrument),0.45,-0.28
esfera,ball,3.33,1.58,4.65,2.02,6.69,1.26,1.75,1.19,1.75,0.94,2.71,1.55,1.29,0.86,4.24,4.72,5.96,NA,-0.74,-0.78
plátano,banana,6.08,1.44,2.65,1.7,7.77,0.43,1.54,0.72,1.42,0.88,7.42,0.97,4.75,1.29,NA,NA,NA,Frutas (A fruit),-1.53,2.09
banjo,banjo,3.08,1.06,3.58,1.5,5.19,2.1,2.29,1.57,3.75,1.89,2.25,1.07,1.79,0.98,NA,NA,NA,Instrumentos musicales (A musical instrument),-0.02,-0.97
pancarta,banner,4.71,2.29,3.62,1.77,6.46,1.33,1.71,1.08,1.75,1.15,2.29,1.04,1.54,0.78,NA,NA,NA,NA,-0.77,-0.52
granero,barn,3.33,1.63,2,1.57,1.77,1.37,1.96,1.16,4,1.87,1.96,0.86,5.42,2.08,NA,6.08,5.76,Partes de un edificio (A part of a building),0.29,-0.06
barril,barrel,3.17,1.95,3,1.5,4.42,1.88,2.58,1.64,3.04,1.63,2.63,1.41,3.42,2.26,NA,NA,NA,NA,-0.12,-0.44
sótano,basement,2.25,1.87,1.19,0.4,1.19,0.4,2.08,1.5,2.13,1.3,1.71,0.75,3.71,2.07,3.22,6.49,5.74,Partes de un edificio (A part of a building),-0.3,-1.07
balón,basketball,4.25,1.87,6.69,1.38,7.46,0.76,4,1.93,3.21,1.47,2.04,0.95,2.08,1.14,NA,6.23,6.36,Juguetes (A toy),0.48,-0.29
bañera,bathtub,3.13,1.9,1.77,1.39,2.73,1.87,2.25,1.67,2.54,1.35,1.96,1.3,2.71,2.01,NA,6.32,6.69,NA,-0.27,-0.97
batuta,baton,3.08,1.61,5.31,1.74,6.81,1.88,2.25,1.39,3.29,1.49,2.46,1.28,1.54,0.98,NA,NA,NA,Miembros del clero (A members of the clergy),-0.11,-0.78
bayoneta,bayonet,3.96,1.43,4,1.79,4.23,1.66,5.33,2.58,4.04,2.2,2.04,1.16,1.96,1.2,NA,NA,NA,Armas (A weapon),0.97,-0.78
bazuca,bazooka,3.5,1.56,3.5,1.63,4.27,1.8,5.75,2.42,4,2.3,2.25,1.07,2.25,1.39,NA,NA,NA,NA,0.94,-0.86
alubias,beans,3.58,1.61,2.42,1.45,7.62,0.75,1.46,0.59,1.38,0.65,5.71,1.2,5.5,1.74,NA,NA,NA,Verduras (A vegetable),-1.49,1.08
castor,beaver,4.33,1.71,6.77,1.11,4.54,2.04,3.17,1.05,3.13,1.12,3.29,1.76,4.21,1.82,NA,NA,NA,Nombres de varón (A male's first name),0.58,0.74
dormitorio,bedroom,3.92,1.56,1.58,1.24,1.31,1.12,1.42,0.72,2.04,1,2.46,1.14,3.67,2.3,NA,6.18,6.4,Partes de un edificio (A part of a building),-0.44,-0.31
colmena,beehive,5.38,1.44,4.54,2.32,4.12,1.95,5.42,2.06,3.75,1.57,3.04,1.97,3.75,1.87,NA,NA,NA,NA,1.02,0.5
escarabajo,beetle,5.13,2.23,7.15,1.05,6.96,1.08,1.92,1.28,1.54,0.72,1.54,1.06,1.79,1.38,NA,NA,NA,Insectos (An insect),-0.22,-0.1
remolacha,beets,6.21,1.79,2.15,1.41,7.31,1.12,1.29,0.55,1.21,0.51,5.88,1.48,4.5,1.96,NA,NA,NA,Verduras (A vegetable),-1.52,1.6
banco,bench,2.54,0.98,2.12,1.8,3,1.67,2.04,1.63,2.38,1.44,2.08,1.06,2.25,1.33,5.98,4.86,5.71,Dinero (A kind of money),-0.39,-1.21
abedul,birch,4.42,1.53,3.31,1.91,2.81,1.86,1.88,1.33,1.88,1.03,2.92,1.21,3.92,1.64,NA,NA,NA,Árboles (A tree),-0.32,0.22
galleta,biscuit,3.38,1.69,2.85,1.69,7.92,0.27,1.29,0.55,2.08,1.02,7.83,0.38,4.79,1.38,NA,NA,NA,NA,-1.55,1.42
bisonte,bison,4.58,1.98,6.42,1.6,2.31,1.41,5.33,1.83,4.04,1.68,3.71,1.52,5.04,1.85,NA,NA,NA,Animales de cuatro patas (A four-footed animal),1.51,1.05
mirlo,blackbird,5.75,1.36,6.81,1.83,5.81,1.74,2.25,1.07,3.46,1.18,3.17,1.9,3.08,1.69,NA,NA,NA,Aves (A bird),0.36,0.85
licuadora,blender,2.71,1.12,4.54,1.61,6.46,1.5,3.88,1.78,5.17,1.76,2.71,1.43,2.33,1.34,NA,NA,NA,Utensilios de cocina (A kitchen utensil),0.66,-0.75
arándano,blueberry,6.83,0.96,2.31,1.44,7.46,0.9,1.29,0.55,1.21,0.41,6.92,1.44,4.46,1.22,NA,NA,NA,Frutas (A fruit),-1.59,2.07
arrendajo,bluejay,3.83,1.76,3.85,1.83,3.81,1.7,2.75,1.65,2.21,1.06,2.54,1.25,1.96,1.12,NA,NA,NA,NA,-0.12,-0.61
barca,boat,3.88,1.54,5.92,1.47,2.81,1.92,2.96,1.71,3.42,1.21,2.08,1.1,2.46,1.72,NA,6.02,5.93,Embarcaciones (A type of ship),0.73,-0.32
cerrojo,bolts,2.75,1.59,2.81,1.52,6.77,1.31,1.96,1.12,2.54,0.98,1.88,0.9,1.67,0.92,NA,5.29,6.46,NA,-0.7,-1.29
bomba,bomb,5.21,2.13,3.38,2,5.31,1.89,8,0,7.88,0.34,1.38,0.77,3.96,2.84,NA,5.14,5.79,Armas (A weapon),2.54,-0.16
libro,book,4.5,1.59,3.12,1.88,7.62,0.5,2.33,1.17,1.88,0.61,2.67,1.46,3.71,1.92,NA,6.07,6.26,Material de lectura (A type of reading material),-0.79,0.07
botas,boots,4.67,1.58,3.92,1.85,7.23,1.03,2.04,0.91,2.58,0.88,1.71,0.86,3.17,2.04,NA,NA,NA,Tipos de calzado (A type of footgear),-0.42,-0.18
peña,boulder,3.54,1.98,2.69,2.02,1.96,1.31,3,1.93,4.38,2.55,2.21,1.25,2.88,2.17,NA,4.37,4.68,Accidentes geográficos y formaciones naturales de la tierra (A natural Earth formation),0.61,-0.65
ramo,bouquet,6.63,1.38,2.77,1.42,7.58,0.7,1.58,0.83,1.42,0.58,2.88,1.39,5.17,1.88,NA,4.88,6.18,NA,-1.01,1.19
cuenco,bowl,3.29,1.4,2.73,1.34,7.54,0.81,2.13,1.26,2.25,1.03,3,1.5,1.96,1.16,NA,5.12,5.63,Utensilios de cocina (A kitchen utensil),-0.92,-0.76
sujetador,bra,4.46,1.53,2.88,1.77,7.81,0.57,2.58,1.56,1.25,0.44,2.33,1.43,2.25,1.7,NA,5.39,5.41,Prendas de vestir (An article of clothing),-0.97,-0.5
pulsera,bracelet,5.17,1.74,3.27,1.95,7.81,0.4,1.67,0.56,1.71,0.75,2.54,1.28,1.88,1.15,NA,6.16,5.95,NA,-1,-0.25
pan,bread,3.29,1.57,2.31,1.54,7.81,0.4,1.46,0.66,1.63,0.65,7.67,0.56,4.71,1.73,NA,NA,6.84,NA,-1.69,1.26
brócoli,broccoli,5.21,1.89,2,1.2,7.42,0.99,1.33,0.56,1.17,0.38,5.25,2.11,5.17,1.71,NA,NA,NA,Verduras (A vegetable),-1.52,1.31
escoba,broom,3.29,1.97,4.19,1.81,7.31,0.88,2.67,1.24,2.25,0.74,1.46,0.66,2.21,1.41,NA,6.33,5.85,Herramientas (A carpenter's tool),-0.4,-0.94
cepillo,brush,3.58,1.5,3.73,1.97,7.69,0.68,2,0.93,2.08,0.72,2.25,1.19,2.21,1.32,NA,5.5,6,Herramientas (A carpenter's tool),-0.77,-0.67
hebilla,buckle,3.46,1.77,2.65,1.41,7.38,0.9,2.67,1.46,1.79,0.72,2.13,1.03,1.83,1.09,NA,NA,NA,NA,-0.82,-1.01
cotorra,budgie,5.25,1.62,6.77,1.5,5.27,2.18,2.5,1.22,4.79,1.47,2.67,1.37,2.83,1.69,NA,NA,NA,Aves (A bird),0.84,0.49
cochecito,buggy,4.54,1.72,6.19,1.58,6.27,1.93,2.54,1.25,3.5,1.32,2.38,1.17,2.79,1.86,NA,NA,NA,Juguetes (A toy),0.31,0.1
edificio,building,3.54,1.5,1.38,0.7,1.23,0.82,2.46,1.61,3.88,1.7,2.13,1.08,2.33,1.46,NA,5.69,6.57,Tipos de viviendas (A type of human dwelling),0.24,-0.96
toro,bull,5.58,2.12,7.15,0.92,2.12,1.14,6.54,1.25,4.58,1.06,4.42,1.74,5.25,1.82,NA,6.26,5.86,Animales de cuatro patas (A four-footed animal),2.03,1.64
bungaló,bungalow,4,1.77,2,1.5,1.23,0.51,2,1.62,3.04,1.55,2.63,1.41,3.13,1.7,NA,NA,NA,NA,0,-0.37
autobús,bus,4.92,1.69,6.96,0.92,1.62,1.1,4.17,1.97,4.88,1.45,1.88,0.95,3.08,1.61,NA,6.73,6.3,Vehículos (A type of vehicle),1.76,0.21
gavilán,buzzard,4.83,1.46,7.12,1.14,4.19,1.98,4.04,1.78,3.63,1.35,3,1.44,3.92,1.53,NA,NA,NA,Aves (A bird),1.04,0.74
repollo,cabbage,3.96,2.01,2.35,1.35,6.92,1.38,1.46,0.72,1.42,0.65,6.04,1.23,4.96,2.1,NA,NA,NA,Verduras (A vegetable),-1.44,1.11
armario,cabinet,3.83,1.79,2.31,1.35,2.19,1.55,2.46,1.44,2.5,1.38,2.38,1.28,3.54,1.98,NA,6.24,6.24,Muebles (An article of furniture),-0.08,-0.35
cactus,cactus,5.21,1.67,1.73,1.08,5.35,2.08,4.92,1.77,1.21,0.66,2.04,1.3,2.5,1.44,NA,6.21,6.51,Flores (A flower),-0.28,-0.51
jaula,cage,2.71,1.37,2.12,1.24,5.54,1.88,3.38,2,2.71,1.2,1.63,0.71,3.5,2.34,NA,6.07,6.49,NA,-0.22,-0.96
calculadora,calculator,2.96,1.94,2.77,1.58,7.54,0.76,1.83,1.13,2.04,0.55,2.08,0.97,1.46,0.59,NA,NA,NA,NA,-0.97,-1.23
ternero,calf,3.67,1.49,7.04,0.87,4,1.98,3.04,1.55,3.5,1.02,6,1.77,4.88,1.92,NA,NA,NA,Animales de cuatro patas (A four-footed animal),0.49,1.49
camello,camel,4.71,1.83,6.65,0.89,2.73,2.22,3.67,1.69,3.33,1.17,3.13,1.62,5.33,1.81,NA,NA,NA,Animales de cuatro patas (A four-footed animal),1.01,1.12
camiseta,camisole,5.5,1.47,3.62,1.94,7.65,0.56,1.33,0.56,1.33,0.82,2.38,1.01,3.04,1.57,NA,6.37,6.53,Prendas de vestir (An article of clothing),-1.04,0.2
canario,canary,6.75,1.36,7.38,0.7,6.65,1.23,2,0.83,3.5,0.88,3.46,1.84,3.38,1.84,NA,5.78,6.76,Aves (A bird),0.32,1.4
vela,candle,4,2.04,3.12,1.58,7.81,0.49,2.67,1.34,1.42,0.78,2.21,1.22,5.04,1.83,NA,5.1,5.78,Embarcaciones (A type of ship),-0.79,0.18
caramelo,candycane,5.5,1.38,2.96,2.01,7.92,0.27,1.79,0.93,2.04,0.81,7.71,0.69,4.42,1.21,NA,NA,NA,Condimentos (A substance for flavoring food),-1.35,1.92
cañón,cannon,4.42,2,2.77,1.45,2.69,1.67,7.38,0.97,7.29,0.86,1.63,0.77,2.83,1.88,NA,5.53,5.59,Armas (A weapon),2.37,-0.71
canoa,canoe,3.92,1.74,6.08,1.49,3.77,2.03,2.83,1.81,3.38,1.58,1.92,1.1,2.33,1.66,NA,NA,NA,Embarcaciones (A type of ship),0.62,-0.37
melón,cantaloupe,5.21,1.44,2.54,1.56,7.04,0.82,2.33,1.2,1.5,0.78,7.63,0.65,4.83,0.82,NA,NA,NA,Frutas (A fruit),-1.32,1.85
capa,cape,4.96,1.43,4.19,1.63,7.12,0.95,1.29,0.55,1.42,0.58,2.46,1.25,1.71,0.75,NA,4.4,NA,Prendas de vestir (An article of clothing),-0.95,-0.26
coche,car,5.67,1.4,6.92,1.02,2,1.3,4.42,1.53,5.38,1.21,2.21,1.44,3.96,1.83,NA,5.67,6.57,Vehículos (A type of vehicle),1.93,0.77
caribú,caribou,4.54,1.84,5.19,1.96,3.88,1.66,2.75,1.75,2.71,1.52,3.25,1.57,3.08,1.84,NA,NA,NA,NA,0.2,0.29
alfombra,carpet,4.92,1.28,2.27,1.48,6.04,1.66,1.58,0.97,1.29,0.55,1.58,0.83,2.54,1.35,NA,6.2,5.99,Muebles (An article of furniture),-0.96,-0.5
gato,cat,5,1.44,7.31,0.74,6.77,1.27,3.38,1.35,3.21,0.78,2.92,1.74,4.83,1.63,NA,NA,NA,Animales de cuatro patas (A four-footed animal),0.55,1.09
catapulta,catapult,3.42,1.41,4,2.02,2.42,1.7,6.67,1.31,5.42,1.64,1.63,0.71,2.04,1.73,NA,NA,NA,Armas (A weapon),1.86,-1.08
oruga,caterpillar,5.38,1.5,6.08,1.32,6.65,1.83,2.25,1.48,1.25,0.53,1.63,1.13,1.92,1.18,NA,NA,NA,Insectos (An insect),-0.34,-0.11
catedral,cathedral,3.75,1.51,1.35,0.69,1.08,0.27,2.21,1.96,3.17,1.79,2.13,1.19,3.79,1.86,NA,6.72,6.39,Edificios religiosos (A building for religious service),0.06,-0.46
coliflor,cauliflower,3.42,1.95,2.27,1.4,7.35,1.02,1.33,0.48,1.29,0.55,5.25,1.94,5.75,1.75,NA,6.4,4.96,Verduras (A vegetable),-1.49,0.97
cedro,cedar,4.04,1.49,2.77,1.37,2.69,1.78,2.25,1.8,2.29,1.57,2.92,1.59,3.71,1.49,NA,NA,NA,Árboles (A tree),-0.21,-0.03
apio,celery,3.58,1.59,2.23,1.24,7.23,1.45,1.38,0.77,1.33,1.05,4.63,1.74,4.58,2.21,NA,NA,NA,Verduras (A vegetable),-1.43,0.5
bodega,cellar,3.5,1.82,1.35,0.56,1.35,0.89,1.5,0.98,2.88,1.85,2.96,1.88,5.13,1.87,NA,5.74,5.79,Partes de un edificio (A part of a building),-0.26,0.1
violonchelo,cello,4.08,1.84,4,1.79,5.5,1.7,2.33,1.24,5.21,1.38,2.63,1.56,1.88,0.95,NA,NA,NA,Instrumentos musicales (A musical instrument),0.41,-0.48
certificado,certificate,2.13,1.12,1.96,1.48,7.46,1.39,1.38,0.77,1.13,0.34,2.38,1.13,1.67,1.24,NA,NA,NA,NA,-1.48,-1.43
cadena,chain,3.46,1.79,3.15,1.69,7.19,0.75,4.58,1.89,3.38,1.76,1.83,0.87,2.42,1.25,NA,4.14,6.44,Armas (A weapon),0.16,-0.93
tiza,chalk,3.17,2.16,3.96,1.87,7.88,0.33,1.88,0.9,2.75,1.33,1.79,1.02,2.96,1.49,NA,NA,NA,NA,-0.56,-0.66
candelabro,chandelier,4.21,1.91,2.69,1.72,7.19,0.98,3.21,1.67,2,1.29,2,1.1,3,1.77,NA,NA,NA,Armas (A weapon),-0.54,-0.49
capilla,chapel,3.46,1.61,1.62,0.9,1.19,0.49,2,1.41,2.88,1.68,2.04,1.04,3.54,2,NA,5.59,6.46,Edificios religiosos (A building for religious service),-0.05,-0.61
queso,cheese,4.46,1.69,2.27,1.43,7.15,1.26,1.5,0.72,1.21,0.41,7.17,1.17,6.67,1.24,NA,5.99,5.85,Condimentos (A substance for flavoring food),-1.56,2.05
guepardo,cheetah,6.04,1.6,7.46,0.71,2.27,1.31,6.96,0.91,5.21,1.02,3.21,1.67,5,1.64,NA,NA,NA,Animales de cuatro patas (A four-footed animal),2.45,1.41
cereza,cherry,7.08,1.02,2.38,1.55,7.73,0.67,1.42,0.58,1.04,0.2,7.58,0.65,4.17,1.49,NA,NA,NA,Frutas (A fruit),-1.69,2.23
pájaro,chickadee,5.96,1.2,7.54,0.51,6.65,1.23,2.33,1.13,3.83,1.13,4,1.84,3.88,1.57,NA,5.01,NA,Aves (A bird),0.44,1.45
pollo,chicken,5.13,1.98,6.88,1.34,6.73,1.15,2.67,1.2,3.42,1.32,7.83,0.38,5.17,1.31,NA,6.49,6.51,Aves (A bird),-0.07,2.5
chimpancé,chimp,5.29,1.73,7.31,0.88,3.27,1.64,4.08,1.56,4.88,1.33,2.54,1.72,5.42,1.72,NA,NA,NA,Animales de cuatro patas (A four-footed animal),1.63,1.23
cincel,chisel,3,1.32,3.92,1.76,6.62,1.42,3.17,1.86,2.63,1.76,2.04,1.08,2.25,1.42,NA,NA,NA,Herramientas (A carpenter's tool),-0.21,-0.91
iglesia,church,3.29,1.43,1.42,0.7,1.08,0.27,2.38,1.97,3.29,1.73,1.88,1.03,3.46,1.77,NA,5.66,5.71,Edificios religiosos (A building for religious service),0.14,-0.76
puro,cigar,3.38,1.81,3.27,1.91,7.12,1.99,4.04,1.97,1.38,0.71,2.17,1.27,5.63,2.32,NA,3.65,NA,NA,-0.4,0.11
cigarrillo,cigarette,2.92,1.67,3.77,2.29,7.77,0.51,5.04,1.85,1.33,0.48,2.46,1.89,6.75,1.42,NA,6.3,5.83,NA,-0.2,0.4
almeja,clam,3.67,1.83,3.42,1.98,7.58,0.64,1.79,1.1,1.33,0.64,5.96,2.07,5.42,1.84,NA,NA,NA,NA,-1.3,1.25
abrazadera,clamp,3,1.41,2.31,1.19,4.88,2.41,2.58,1.64,2.58,1.56,2.29,1.27,1.92,1.1,NA,NA,NA,Flores (A flower),-0.42,-1.11
clarinete,clarinet,4.96,1.76,3.46,1.94,6.96,1.34,2.29,1.49,5.08,1.38,2.79,1.41,1.75,0.79,NA,NA,NA,Instrumentos musicales (A musical instrument),0.13,-0.28
reloj,clock,4.17,1.52,5.73,2.18,7.69,0.62,1.92,0.88,2.96,1.12,2.21,1.18,1.67,0.87,NA,6.52,6.04,Prendas de vestir (An article of clothing),-0.25,-0.42
vestidor,closet,4.21,2,1.62,0.75,1.62,1.3,1.54,0.98,2.04,1.04,2.63,1.31,3.17,1.66,NA,NA,NA,Muebles (An article of furniture),-0.46,-0.32
cucaracha,cockroach,4.58,2.22,6.73,1.85,6.88,1.51,2.42,1.86,1.46,0.59,1.33,0.92,1.83,1.2,NA,NA,NA,Insectos (An insect),-0.19,-0.38
coco,coconut,4.33,2.14,2.69,1.23,7.46,0.86,3.29,1.88,2.08,1.18,6.96,1.04,4.38,1.81,NA,5.55,NA,Frutas (A fruit),-0.96,1.26
bacalao,cod,3.38,1.38,6.19,1.79,6.38,1.53,1.71,1.08,1.5,0.66,6.25,1.82,5.63,2.06,NA,6.04,6.53,Peces (A fish),-0.76,1.64
moneda,coin,5.29,1.55,4.15,2.29,7.96,0.2,1.67,0.82,2.33,0.87,1.92,1.21,3.21,1.98,NA,5.87,6.3,Dinero (A kind of money),-0.61,0.12
escurridor,colander,2.83,1.37,2.77,1.5,7.38,0.9,1.46,0.66,1.92,0.78,2.13,1.03,1.96,1.16,NA,NA,NA,Utensilios de cocina (A kitchen utensil),-1.06,-1.1
corcho,cork,3.04,1.85,2,1.1,7.23,1.34,1.88,1.23,2.08,1.02,2.5,1.47,2.46,1.35,NA,NA,NA,Partes de un edificio (A part of a building),-1.03,-0.9
sacacorchos,corkscrew,3.33,2.06,3.27,1.59,7.77,0.59,4,1.5,2.33,0.92,2.17,1.13,1.75,1.03,NA,NA,NA,Utensilios de cocina (A kitchen utensil),-0.35,-1.04
maíz,corn,5.92,1.59,2.27,1.22,7.65,0.69,1.46,0.72,1.71,0.91,6.88,0.9,4,1.35,NA,6.41,6.16,NA,-1.49,1.63
chalet,cottage,3.83,1.49,1.27,0.53,1.15,0.46,1.58,0.88,2.96,1.43,2.58,1.41,3.33,1.76,NA,6.37,6.58,Tipos de viviendas (A type of human dwelling),-0.21,-0.44
puma,cougar,5.75,1.92,7.42,0.64,2.23,1.5,6.71,1.3,5.38,0.92,3.04,1.65,5.13,1.96,NA,NA,NA,Animales de cuatro patas (A four-footed animal),2.44,1.32
coyote,coyote,4.79,1.79,7.08,1.41,3.27,1.56,4.75,2.09,4.04,1.52,3.25,1.57,4.67,1.71,NA,5.33,5.79,Animales de cuatro patas (A four-footed animal),1.41,0.98
cangrejo,crab,6.5,1.25,6.73,1.19,7.12,1.18,3.83,1.63,1.92,0.93,5.58,2.06,4.29,1.92,NA,NA,NA,Peces (A fish),-0.03,1.99
rotulador,crayon,6.54,1.25,3.69,1.91,7.85,0.46,1.79,0.83,1.92,0.72,1.88,1.08,4.33,2.08,NA,NA,NA,NA,-0.66,0.76
cocodrilo,crocodile,5.88,1.23,6.96,0.82,2.42,1.39,7.08,0.93,3.96,1.46,3.21,1.84,3.88,1.68,NA,5.74,NA,Animales de cuatro patas (A four-footed animal),2.01,0.95
ballesta,crossbow,3.33,1.58,3.77,1.66,6.04,1.87,6.88,1.9,4.96,1.76,1.75,0.99,1.96,1.83,NA,NA,NA,Armas (A weapon),1.31,-1.14
cuervo,crow,5.13,1.83,7.38,0.64,5.12,1.95,4.29,1.55,4.5,1.32,2.83,1.61,4.08,1.98,NA,NA,NA,Aves (A bird),1.29,0.86
palanca,crowbar,2.58,1.5,4.27,1.69,6.35,1.35,3.21,1.67,2.42,0.97,2.04,1,1.79,1.18,NA,5.49,4.61,Herramientas (A carpenter's tool),-0.21,-1.14
pepino,cucumber,5.58,1.47,2.27,1.4,7.73,0.6,1.75,0.9,1.29,0.55,6,1.38,3.67,1.34,NA,NA,NA,Verduras (A vegetable),-1.49,1.19
despensa,cupboard,3.33,1.95,1.31,0.55,1.54,1.48,1.42,0.72,1.92,1.41,4.08,1.84,4,1.82,NA,NA,NA,Partes de un edificio (A part of a building),-0.71,0.01
cortinas,curtains,4.42,1.5,4.04,1.87,6.23,1.42,1.54,1.1,1.88,0.74,2.17,1.09,2.21,1.1,NA,NA,NA,Muebles (An article of furniture),-0.67,-0.38
daga,dagger,3.79,1.72,3.42,1.68,6.38,1.98,6.75,2.03,2.63,1.38,2.04,0.75,1.5,0.59,NA,NA,NA,Armas (A weapon),0.55,-1.11
dálmata,dalmation,5.13,2.05,7.23,0.76,5,1.83,3.04,1.43,3.96,0.75,3,1.69,4.63,1.61,NA,NA,NA,NA,0.86,1.1
ciervo,deer,4.75,1.73,7.15,0.67,3.27,1.4,4.46,1.53,3.58,1.38,4.21,1.86,4.63,1.91,NA,6.52,6,Animales de cuatro patas (A four-footed animal),1.14,1.23
euro,dime,4.58,1.95,3.69,2.46,7.42,1.9,1.83,0.92,2.08,0.83,2,1.5,2.92,1.41,NA,NA,NA,Dinero (A kind of money),-0.69,-0.22
plato,dish,3.08,1.89,2.69,1.59,7.73,0.6,2.54,1.56,2.75,1.36,3.21,1.74,2.33,1.66,NA,NA,NA,Utensilios de cocina (A kitchen utensil),-0.74,-0.68
lavavajillas,dishwasher,2.42,1.28,2.85,1.67,2.19,1.36,1.96,1.37,3.96,1.55,1.75,0.74,3.83,2.06,NA,NA,NA,Utensilios de cocina (A kitchen utensil),0.29,-0.76
perro,dog,4.92,1.61,7.38,0.75,6.19,1.44,3.38,1.17,4.46,1.1,2.92,1.67,5.42,1.38,NA,6.44,6.57,Animales de cuatro patas (A four-footed animal),0.97,1.25
delfín,dolphin,5.04,1.43,7.65,0.56,2.69,1.62,2.71,1.4,3.79,1.25,3.25,1.82,3.29,1.55,NA,NA,NA,Peces (A fish),1.01,0.81
burro,donkey,3.79,1.79,6.73,0.83,2.96,1.46,3.83,1.83,4.29,1.16,3.08,1.79,5.63,1.93,NA,4.94,NA,Animales de cuatro patas (A four-footed animal),1.26,0.92
pomo,doorknob,3.33,1.86,3.38,2.1,7.73,0.67,2.04,0.95,2.42,1.21,2.04,1.04,1.96,1.23,NA,NA,NA,NA,-0.72,-0.92
desagüe,drain,2.25,1.48,2.19,1.79,2.85,1.67,1.88,1.33,3.29,1.37,1.08,0.28,6.42,1.77,NA,NA,NA,NA,0.06,-0.3
telón,drapes,5.54,1.56,4,1.72,4.42,1.98,1.63,0.71,2.29,0.86,1.92,1.06,2.25,1.36,NA,5.62,6.15,NA,-0.26,-0.1
vestido,dress,5.67,1.17,3.58,1.7,7.38,0.7,1.42,0.72,1.13,0.34,2.33,1.2,2.67,1.46,NA,6.08,NA,Prendas de vestir (An article of clothing),-1.05,0.12
taladro,drill,3.21,1.53,5.04,1.71,7.04,1,6.04,1.52,6.21,1.44,1.75,0.85,2.29,1.37,NA,NA,NA,Herramientas (A carpenter's tool),1.53,-0.89
pato,duck,5.08,1.69,7.12,0.82,5.81,1.41,2.75,1.33,3.46,1.1,5.17,1.74,4.42,1.44,NA,6.25,6.57,Aves (A bird),0.33,1.59
orejeras,earmuffs,3.96,1.43,2.27,1.34,6.88,1.51,1.33,0.56,1.21,0.51,2.46,1.28,1.67,1.2,NA,NA,NA,NA,-1.29,-0.81
anguila,eel,4.13,1.83,6.69,1.26,4.5,2.4,4.63,1.95,2.42,1.28,3.83,2.06,3.29,1.73,NA,NA,NA,Peces (A fish),0.62,0.48
berenjena,eggplant,5.96,1.81,2.27,1.59,7.65,0.56,1.29,0.46,1.04,0.2,6.38,1.35,4.25,1.45,NA,NA,NA,Verduras (A vegetable),-1.65,1.59
elefante,elephant,4.29,1.78,6.96,0.87,1.27,0.53,5,2.25,5.42,1.47,2.96,1.63,5.42,1.98,NA,6.41,5.09,Animales de cuatro patas (A four-footed animal),2.08,0.96
corzo,elk,3.67,1.55,4.62,2.26,3.42,1.47,2.88,1.19,3.04,1.37,3.21,1.98,3.5,1.84,NA,NA,NA,Animales de cuatro patas (A four-footed animal),0.27,0.07
esmeralda,emerald,7.29,0.81,2.15,1.49,7,1.52,1.83,1.05,1.58,1.02,3.29,1.65,1.83,1.55,NA,6.55,5.53,Piedras preciosas (A precious stone),-1.05,0.43
emú,emu,3.96,1.73,5.96,1.87,2.73,1.56,3.88,1.75,2.88,1.39,3.13,1.42,3.21,2.17,NA,NA,NA,Aves (A bird),0.73,0.16
sobre,envelope,2.63,1.95,3.15,1.95,7.73,0.72,1.42,0.58,1.63,0.71,2.21,1.25,2.08,1.1,NA,NA,NA,NA,-1.15,-1.05
halcón,falcon,4.83,1.66,7.58,0.58,4.54,1.94,5.04,1.68,4.13,1.26,3.21,1.61,4.33,1.61,NA,NA,NA,Aves (A bird),1.41,0.93
cervatillo,fawn,4.96,1.55,7,1.13,3.77,1.84,3.21,1.64,3.21,0.83,4.13,1.87,4.67,1.69,NA,NA,NA,Animales de cuatro patas (A four-footed animal),0.69,1.32
pinzón,finch,4.75,2.13,5.38,2.26,5.88,1.84,3.79,2,2.46,0.98,2.71,1.55,2.67,1.66,NA,NA,NA,Aves (A bird),0.2,0.06
flamenco,flamingo,6.21,1.72,6.88,0.99,3.46,2,2.67,1.43,3.88,1.48,3.58,2.08,3.92,1.84,NA,5.05,5.14,Bailes (A type of dance),0.85,1.34
pulga,flea,2.5,2.11,7.19,1.27,6.23,2.37,3.13,1.45,1.13,0.34,1.29,0.75,1.58,1.1,NA,NA,NA,Insectos (An insect),-0.06,-1.07
zorro,fox,5.92,1.25,7.35,0.75,3.54,1.84,4.42,1.77,3.42,1.28,3.42,1.72,4.5,1.84,NA,6.05,6.2,Animales de cuatro patas (A four-footed animal),1.2,1.36
congelador,freezer,2.88,2.19,1.85,1.19,2.54,1.73,2.96,1.88,2.54,1.06,2.33,1.27,3.25,1.96,NA,NA,NA,Utensilios de cocina (A kitchen utensil),-0.11,-0.81
portón,gate,3.5,1.47,3.46,1.58,2.58,1.58,2.08,1.1,4.08,1.86,1.88,0.95,2.21,1.41,NA,4.85,5.53,NA,0.38,-0.81
jirafa,giraffe,6.25,1.11,7.19,0.75,2.42,1.63,3.67,1.52,3.13,1.48,3.04,1.65,4.46,1.79,NA,NA,NA,Animales de cuatro patas (A four-footed animal),1.11,1.37
glaciar,glacier,4.5,2.5,3.77,1.99,1.19,0.4,3.75,1.87,3.63,2.18,3.54,1.91,2.04,1.46,NA,NA,NA,Accidentes geográficos y formaciones naturales de la tierra (A natural Earth formation),0.71,-0.16
guantes,gloves,3.71,1.85,3,1.77,7.81,0.49,1.25,0.44,1.21,0.41,2.21,1.1,2.63,1.58,NA,NA,NA,Prendas de vestir (An article of clothing),-1.27,-0.58
cabra,goat,3.67,1.74,7.19,0.69,4.23,1.7,4.17,1.43,4,1.06,4.63,1.66,5.63,1.69,NA,6.22,6.11,Animales de cuatro patas (A four-footed animal),1.02,1.32
bola,golfball,3.67,1.58,5.62,1.72,7.46,0.81,3.13,1.51,2.75,1.15,2.54,1.14,1.63,0.92,NA,5.25,6.59,NA,-0.08,-0.56
ganso,goose,4.29,1.76,6.96,0.72,4.85,1.78,2.92,1.5,3.83,1.2,4.42,1.64,4.25,1.62,NA,NA,NA,Aves (A bird),0.6,1.08
gorila,gorilla,5.67,1.83,7.19,0.75,2.19,0.98,5.46,1.98,5.38,1.01,3,1.64,5.21,1.61,NA,NA,NA,Animales de cuatro patas (A four-footed animal),2.14,1.33
bata,gown,3.75,1.89,3.15,1.76,7.19,0.8,1.33,0.64,1.21,0.83,2.46,1.18,2.54,1.32,NA,5.72,5.96,Prendas de vestir (An article of clothing),-1.18,-0.51
uva,grape,5.46,1.38,2.5,1.33,7.88,0.33,1.21,0.41,1.13,0.34,7.08,0.93,3.79,1.56,NA,NA,NA,Frutas (A fruit),-1.74,1.52
pomelo,grapefruit,6.08,1.25,2.08,1.26,7.5,0.86,1.5,0.66,1.63,1.17,6.54,1.38,4.46,1.47,NA,NA,NA,Frutas (A fruit),-1.47,1.71
saltamontes,grasshopper,5.17,1.37,7.42,0.64,6.81,1.2,1.58,0.78,1.5,0.93,1.96,1.3,1.92,1.21,NA,NA,NA,Insectos (An insect),-0.28,0.1
rallador,grater,2.67,1.76,2.73,1.48,7.5,0.91,3.67,1.71,2.67,1.09,2.25,1.19,2.08,1.21,NA,NA,NA,Utensilios de cocina (A kitchen utensil),-0.41,-1.17
granada,grenade,6.25,1.42,3.15,1.97,7.19,1.41,7.04,2.16,5.71,3.07,5.46,2.17,3.13,1.75,NA,NA,NA,Universidades (A college or university),1.12,0.99
marmota,groundhog,4.46,1.67,5.31,1.83,4.73,1.93,2.5,1.29,1.83,0.76,2.88,1.57,4.33,1.66,NA,NA,NA,Animales de cuatro patas (A four-footed animal),-0.1,0.56
martillo,hammer,3.04,1.6,4.62,2.02,7.62,0.57,6.25,1.48,5.04,1.6,1.96,1,1.71,0.86,NA,5.9,5.86,Herramientas (A carpenter's tool),1.09,-1.12
hámster,hamster,3.79,1.64,7.12,0.95,7.54,0.65,2.29,1.23,2.67,0.96,2.33,1.61,5.21,1.96,NA,NA,NA,Animales de cuatro patas (A four-footed animal),0.06,0.7
pistola,handgun,4.38,2.1,3.69,1.74,7.27,1,7.96,0.2,6.08,1.41,1.54,0.72,2.42,1.67,NA,5.76,6.01,Armas (A weapon),1.77,-0.8
armónica,harmonica,4.42,1.56,4,1.98,7.65,0.63,1.88,1.03,4.67,1.71,2.75,1.57,1.67,0.87,NA,4.92,NA,Instrumentos musicales (A musical instrument),-0.09,-0.4
arpa,harp,4.13,1.65,3.92,1.9,4.42,2.28,2.38,1.84,4.29,1.23,2.5,1.53,2,1.14,NA,NA,NA,Instrumentos musicales (A musical instrument),0.31,-0.48
arpón,harpoon,3.71,1.52,4.12,1.82,5.35,2.12,6.58,1.79,4.42,1.47,1.92,0.93,1.83,1.05,NA,NA,NA,Armas (A weapon),1.23,-0.97
clavicordio,harpsichord,3.42,1.44,3.19,1.65,4.19,2.35,3,2.13,3.5,2.13,2.33,1.01,1.88,1.08,NA,NA,NA,Instrumentos musicales (A musical instrument),0.14,-0.89
cernícalo,hawk,4.67,1.43,6.85,1.57,4.69,1.78,3.88,1.85,3.67,1.43,3.17,1.69,3.58,2.32,NA,NA,NA,Aves (A bird),0.88,0.61
helicóptero,helicopter,4.25,1.67,7.19,0.8,1.35,0.69,3.71,1.73,6.75,1.22,1.92,0.88,2.58,1.86,NA,NA,NA,Vehículos (A type of vehicle),2.18,-0.08
casco,helmet,4.71,1.68,2.88,2.03,7.31,0.79,1.83,0.92,2.25,1.22,1.96,1,2.04,1.16,NA,4.4,5.8,NA,-0.77,-0.55
subrayador,highlighter,7.33,1.17,3.88,1.58,7.77,0.59,1.58,0.72,2.08,1.28,2.04,1.2,3.88,1.39,NA,NA,NA,Material de lectura (A type of reading material),-0.62,0.94
azada,hoe,2.71,1.43,3.81,2,5.46,2.12,5.13,2.19,2.17,1.09,2.08,1.25,2,1.18,NA,NA,NA,Herramientas (A carpenter's tool),0.2,-1.16
gancho,hook,3.17,1.74,2.5,1.39,7.12,1.24,4.71,1.83,1.79,0.72,2,1.06,1.75,1.03,NA,4.66,4.88,Herramientas (A carpenter's tool),-0.36,-1.26
avispón,hornet,6.08,1.25,7.12,1.07,5.62,2.02,6.08,1.21,3.29,1.43,1.5,0.66,2.25,1.48,NA,NA,NA,NA,1.38,0.14
husky,husky,5.04,2.29,7.12,1.48,4.5,1.84,3.54,1.77,4.13,1.39,3.08,1.89,4.79,2,NA,NA,NA,NA,1.05,1.11
hiena,hyena,4.21,1.47,7.27,0.78,2.54,1.17,5.88,1.8,4.71,1.3,2.96,1.63,5.21,1.74,NA,NA,NA,Animales de cuatro patas (A four-footed animal),1.97,0.87
iguana,iguana,6.04,1.55,6.46,1.17,6.19,1.47,3.21,1.44,2.38,1.01,2.42,1.35,3.88,1.85,NA,6.18,5.56,Animales de cuatro patas (A four-footed animal),0.29,0.89
posada,inn,2.67,1.17,1.35,0.56,1.19,0.49,1.5,0.72,2.75,1.54,2.38,1.31,3.5,1.96,NA,5.48,5.79,Tipos de viviendas (A type of human dwelling),-0.3,-0.78
tarro,jar,2.96,1.57,2.27,1.51,7.69,0.62,2.67,1.2,2.46,1.14,2.54,1.14,2.46,1.72,NA,NA,NA,NA,-0.78,-0.91
vaqueros,jeans,4.5,1.59,3.85,2.17,7.31,0.88,1.58,0.65,1.67,0.76,2.58,1.38,2.54,1.53,NA,NA,NA,Prendas de vestir (An article of clothing),-0.89,-0.18
jeep,jeep,4.54,1.82,5.81,1.92,1.65,1.09,3.71,1.78,4.67,1.9,2.25,1.48,2.88,2.03,NA,NA,NA,Vehículos (A type of vehicle),1.37,0.01
jet,jet,4.25,1.65,5.62,1.5,1.35,0.69,2.75,1.75,4.96,2.05,2.29,1.16,2.71,1.65,NA,NA,NA,Vehículos (A type of vehicle),1.23,-0.1
tetera,kettle,3.54,1.69,2.96,1.48,7.46,0.71,2,1.14,3.54,1.44,3.38,1.64,3.38,1.79,NA,NA,NA,Utensilios de cocina (A kitchen utensil),-0.54,-0.13
cucharón,ladle,2.38,1.28,2.92,1.32,7.85,0.46,2.33,1.46,1.96,0.81,3.29,1.55,2.04,1.43,NA,NA,NA,Utensilios de cocina (A kitchen utensil),-1.02,-0.92
mariquita,ladybug,6.75,0.9,6.73,1.25,7.35,1.26,1.17,0.38,1.29,0.69,2.38,1.41,1.63,0.92,NA,5.48,6.09,Insectos (An insect),-0.58,0.54
cordero,lamb,4.21,1.77,7.04,0.66,4.54,1.9,2.63,1.53,3.92,1.06,6.25,1.73,5.08,1.67,NA,6.04,6.01,Animales de cuatro patas (A four-footed animal),0.45,1.8
lámpara,lamp,5.42,1.77,2.23,1.34,7,0.94,2.04,1.16,1.79,0.88,2.08,0.97,1.79,1.14,NA,6.11,6.1,Muebles (An article of furniture),-0.9,-0.46
lava,lava,7.42,0.97,5.46,1.92,1.46,1.03,6.96,1.73,3.38,1.88,1.83,1.24,3.83,2.35,NA,NA,NA,Accidentes geográficos y formaciones naturales de la tierra (A natural Earth formation),1.91,0.87
limón,lemon,6.92,1.06,2.62,1.5,7.85,0.37,1.88,0.99,1.17,0.48,6.25,1.48,5.67,1.49,NA,NA,NA,Frutas (A fruit),-1.37,2.28
leopardo,leopard,6.29,1.37,7.27,1.08,2.65,1.7,6.75,1.73,5.17,1.01,3.21,1.82,4.96,1.88,NA,NA,NA,Animales de cuatro patas (A four-footed animal),2.32,1.46
leotardos,leotards,4.79,1.67,2.85,1.87,7.54,0.65,1.46,0.72,1.38,0.77,2.29,1.49,2.08,1.14,NA,NA,NA,Prendas de vestir (An article of clothing),-1.15,-0.42
lechuga,lettuce,5.46,1.41,2.04,1.34,7.58,0.81,1.25,0.44,1.21,0.51,6.79,1.06,3.25,1.57,NA,6.15,5.66,Verduras (A vegetable),-1.73,1.23
nivel,level,2.63,1.56,2.27,1.8,2.85,2.51,1.75,1.29,1.21,0.51,2.58,1.21,1.33,0.92,1.41,3.58,4.25,Herramientas (A carpenter's tool),-0.8,-1.29
bombilla,lightbulb,5.33,2.37,2.35,1.32,7.77,0.65,2.5,1.72,1.58,0.65,1.83,1.01,1.67,1.01,NA,6.36,6.2,NA,-0.91,-0.6
lima,lime,6.13,1.87,2.58,1.6,7.77,0.51,1.71,0.86,1.54,0.66,5.58,2.32,5.42,1.5,NA,NA,NA,Herramientas (A carpenter's tool),-1.28,1.8
limusina,limousine,5.21,1.77,5.92,1.57,1.5,0.81,2.79,2.21,4.54,1.67,2.79,1.79,3.17,1.81,NA,NA,NA,Vehículos (A type of vehicle),1.16,0.5
león,lion,5.54,1.61,7.23,0.86,2.31,1.35,6.92,1.14,5.46,1.41,3.17,1.86,5.08,1.89,NA,6.38,6.76,Provincias (A state),2.45,1.24
pintalabios,lipstick,6.5,1.02,3.4,1.8,7.67,0.56,1.64,0.99,1.38,0.49,5,1.94,4.04,1.99,NA,NA,NA,NA,-1.17,1.45
lagarto,lizard,4.79,1.82,6.6,1.15,5.67,1.61,2.88,1.42,2.42,1.61,2.68,1.95,3.71,1.97,NA,5.9,6.13,Animales de cuatro patas (A four-footed animal),0.23,0.56
langosta,lobster,6.04,1.08,5.76,1.39,6.04,1.68,3.72,1.7,2.29,1.16,6.76,1.71,5.79,1.82,NA,NA,NA,Insectos (An insect),-0.06,2.49
piruleta,lollipop,6.58,1.02,2.68,1.65,7.75,0.53,2.2,1.55,1.67,0.7,7.04,1.99,4.54,2.06,NA,NA,NA,NA,-1.26,2.05
machete,machete,2.75,1.36,3.28,1.65,6.71,1.33,7.16,0.99,4.38,1.13,1.8,1,2.58,1.79,NA,NA,NA,Armas (A weapon),1.06,-1.19
caballa,mackerel,3.79,1.32,6.16,1.46,5.75,1.42,2.36,1.25,2.13,0.99,5.72,1.81,5.63,1.88,NA,NA,NA,Peces (A fish),-0.31,1.59
revista,magazine,5.17,1.79,2.64,1.35,7.54,0.88,2.24,1.16,2.13,0.9,2.68,1.57,3.54,2.13,NA,5.38,6.12,Material de lectura (A type of reading material),-0.78,0.18
mandarina,mandarin,6.17,1.17,2.36,1.41,7.75,0.53,1.92,1.26,1.42,0.65,7.64,0.7,6.17,1.74,NA,NA,NA,Frutas (A fruit),-1.46,2.54
canica,marble,4.96,1.68,5.24,1.36,7.63,0.58,2.84,1.37,3.08,1.38,2.92,1.82,1.92,1.35,NA,NA,NA,Juguetes (A toy),-0.1,-0.01
alfombrilla,mat,3.21,1.53,2.2,1.22,7.13,0.95,1.84,1.18,1.46,0.66,1.56,0.92,3.33,1.69,NA,NA,NA,NA,-1.04,-0.81
menú,menu,3.33,1.69,1.56,0.96,5.96,2.24,1.64,1.04,1.5,0.66,5.24,2.62,3.38,2.39,NA,NA,NA,NA,-1.38,0.14
microscopio,microscope,3.04,1.27,2.28,1.14,6.13,1.6,2.64,1.66,1.79,0.88,2.36,1.58,1.54,0.88,NA,6.69,6.01,Ciencias (A science),-0.79,-1.2
microondas,microwave,2.38,0.92,2.96,2.01,4.04,1.94,3.36,1.82,4.71,1.16,2.44,1.71,3.21,1.89,NA,NA,NA,Utensilios de cocina (A kitchen utensil),0.51,-0.82
pececillo,minnow,5.29,1.55,7.12,0.88,6.63,1.53,1.52,1,1.42,0.58,4.84,1.7,4.79,1.91,NA,NA,NA,NA,-0.53,1.72
misil,missile,3.21,1.61,5.04,1.99,2.54,2.08,7.96,0.2,7,1.25,1.56,0.87,3.63,2.1,NA,NA,NA,Armas (A weapon),2.76,-0.62
manoplas,mittens,3.63,1.24,3.12,1.79,7.54,0.83,1.92,1.47,1.38,0.49,2.64,1.66,2.5,1.62,NA,NA,NA,Prendas de vestir (An article of clothing),-1.07,-0.54
batidora,mixer,2.79,1.38,5.24,1.76,6.75,1.26,4.4,2.14,5.96,1.3,2.84,2.06,2.38,1.64,NA,NA,NA,Utensilios de cocina (A kitchen utensil),1.05,-0.61
luna,moon,5.25,1.92,5.64,2.46,1.25,1.03,1.36,0.7,1.83,1.95,4.4,2.27,1.5,1.18,1.49,6.28,5.75,Peces (A fish),-0.1,0.45
alce,moose,3.79,1.1,6.6,1.32,2.04,1.49,3.84,1.65,3.96,1.83,3.8,1.76,4.46,1.77,NA,NA,NA,Animales de cuatro patas (A four-footed animal),1.16,0.75
musgo,moss,4.96,1.81,2.08,1.53,6.17,1.79,2.2,1.12,1.08,0.28,2.56,2,4.88,1.7,NA,6.22,5.86,NA,-0.95,0.41
polilla,moth,2.5,1.35,6.96,1.17,5.25,2.21,1.72,0.94,1.54,0.72,1.72,1.02,2.21,1.64,NA,NA,NA,Insectos (An insect),-0.2,-0.74
motocicleta,motorcycle,4.46,1.25,6.48,1.19,2.96,1.9,4.96,1.99,6.25,1.48,2.04,1.27,3.88,1.87,NA,NA,NA,Vehículos (A type of vehicle),2.07,0.26
tazón,mug,3.67,1.31,2.12,1.45,7.29,1.27,2.92,2,2.54,0.98,3.36,1.96,2.46,1.44,NA,NA,NA,Utensilios de cocina (A kitchen utensil),-0.73,-0.51
mural,mural,5.5,1.89,1.52,0.87,3.71,2.63,2.24,1.36,1.38,0.49,2.72,1.57,2,1.14,NA,NA,NA,NA,-0.74,-0.3
seta,mushroom,4.46,1.77,2.08,1.29,7.33,0.87,3.64,1.66,1.21,0.51,6.2,1.47,4.92,1.69,NA,NA,NA,Verduras (A vegetable),-1.1,1.16
bozal,muzzle,2.46,1.41,2.36,1.35,6.83,1.24,3.16,1.65,1.63,0.77,2.36,1.44,3.25,2.44,NA,NA,NA,NA,-0.76,-0.89
nectarina,nectarine,6.08,1.53,2.24,1.09,7.46,0.83,1.8,1,1.42,0.72,7.44,0.65,5.63,1.64,NA,NA,NA,Frutas (A fruit),-1.48,2.29
céntimo,nickel,2.96,1.52,2.84,1.77,7.88,0.34,1.8,1.22,2.17,0.7,1.52,1.12,3.83,2.24,NA,NA,NA,Dinero (A kind of money),-0.85,-0.67
camisón,nightgown,3.04,1.37,2.76,1.71,7.33,1.01,1.36,0.64,1.29,0.69,3.2,1.91,3.67,1.88,NA,6.44,6.52,Prendas de vestir (An article of clothing),-1.29,-0.24
roble,oak,4.54,1.59,2.08,1.29,2.33,1.55,2.56,1.33,2.17,1.27,2.92,1.73,5.08,1.69,NA,6.47,4.92,Árboles (A tree),-0.17,0.43
pulpo,octopus,4.75,1.65,6.56,1.19,5.29,1.99,3.76,1.83,2.25,1.19,7.16,1.28,5.54,1.74,NA,NA,NA,Peces (A fish),0.05,2.23
aceituna,olive,5.29,1.6,2.44,1.23,7.79,0.66,1.88,0.88,1.29,0.55,7.04,1.49,5.5,1.89,NA,NA,NA,NA,-1.5,1.93
naranja,orange,6.58,1.18,2.28,1.24,7.71,0.55,2.32,1.49,1.54,0.83,7.6,0.71,6.13,1.92,NA,5.64,6.05,Frutas (A fruit),-1.33,2.62
oropéndola,oriole,3.88,1.51,4,2.02,3.17,1.69,2.8,1.12,3,1.47,2.44,1.29,3.17,1.74,NA,NA,NA,NA,0.25,-0.24
nutria,otter,4,1.44,6.76,1.05,4.04,1.57,3.08,1.8,4,1.77,3.36,1.93,5,1.64,NA,NA,NA,Animales de cuatro patas (A four-footed animal),0.86,0.9
pijama,pajamas,4.13,1.42,2.8,1.76,7.42,0.97,1.12,0.33,1.13,0.34,3.4,2.31,3.67,1.97,NA,NA,NA,Prendas de vestir (An article of clothing),-1.37,0.15
cazo,pan,2.38,0.92,2.28,1.24,7.17,1.2,3.88,1.79,3.71,1.57,2.72,1.59,2.63,1.71,NA,NA,NA,Utensilios de cocina (A kitchen utensil),-0.15,-1.04
pantera,panther,5.96,1.37,7.16,0.85,2,1.06,6.04,1.88,5.38,1.44,3.8,1.8,4.88,1.85,NA,6,5.85,Animales de cuatro patas (A four-footed animal),2.21,1.51
calzoncillos,pants,3.67,1.55,2.48,1.71,7.58,0.83,1.68,1.22,1.13,0.34,1.68,0.99,4.29,2.26,NA,6.11,6.71,Prendas de vestir (An article of clothing),-1.14,-0.32
clip,paperclip,2.63,1.53,1.76,0.72,7.75,0.61,2.28,1.17,1.5,0.66,2.24,1.13,1.63,1.21,NA,NA,NA,NA,-1.21,-1.39
periquito,parakeet,6.29,1.33,7.04,0.79,6.25,1.45,2.48,1.36,3.83,1.86,3.36,1.78,4.04,1.85,NA,NA,NA,Aves (A bird),0.52,1.37
anorak,parka,4.75,1.57,3.24,1.98,7,1.59,1.72,0.94,1.79,0.72,2.84,1.8,3.17,1.9,NA,NA,NA,Prendas de vestir (An article of clothing),-0.88,0.08
perejil,parsley,5.46,1.56,1.88,0.93,7.25,0.94,1.16,0.37,1.08,0.28,6.24,1.16,6,1.41,NA,NA,NA,Condimentos (A substance for flavoring food),-1.63,1.88
perdiz,partridge,3.5,0.93,6.96,0.84,5.54,1.47,2.64,1.32,3.67,1.46,4.76,2.18,4.38,2.16,NA,NA,NA,Aves (A bird),0.35,0.97
melocotón,peach,6.13,1.19,2.2,1,7.67,0.7,1.88,0.97,1.5,0.78,7.84,0.37,5.46,1.64,NA,NA,NA,Frutas (A fruit),-1.51,2.35
perla,pearl,5.08,1.89,2.2,1.08,7.17,1.4,1.8,1.08,1.54,0.78,3.92,2.18,1.75,1.48,NA,NA,NA,Piedras preciosas (A precious stone),-1.24,-0.09
guisantes,peas,5.29,1.83,2.36,1.6,7.25,1.26,1.6,0.58,1.13,0.34,5.88,2.17,3.75,2.03,NA,NA,NA,Verduras (A vegetable),-1.49,1.11
pelícano,pelican,4.79,2.04,6.6,1.29,4.17,2.04,3.92,1.58,4.5,1.77,3.4,1.73,4.25,1.89,NA,NA,NA,Aves (A bird),1.14,0.88
bolígrafo,pen,4.08,1.41,4,1.63,7.83,0.38,3.16,1.37,2.21,0.72,3.04,1.62,1.96,0.75,NA,6.51,6.7,Material de lectura (A type of reading material),-0.52,-0.4
lápiz,pencil,3.83,1.93,3.76,1.9,7.88,0.34,3.28,1.65,2.13,0.9,2.88,1.42,2.63,1.31,NA,6.77,5.96,Material de lectura (A type of reading material),-0.53,-0.36
pingüino,penguin,4.79,1.47,6.4,1.04,3.08,1.84,2.72,1.37,3.83,1.83,4,2.14,4.42,1.89,NA,NA,NA,Aves (A bird),0.74,1.11
penique,penny,3.04,1.37,2.92,1.61,7.54,1.02,2,1.12,2,0.72,1.68,1.35,3.46,2.17,NA,NA,NA,Dinero (A kind of money),-0.82,-0.71
pimienta,pepper,5.25,1.7,2.04,1.37,6.58,1.74,4.2,1.53,1.54,0.88,5.24,1.79,6.08,1.56,NA,NA,NA,Condimentos (A substance for flavoring food),-0.64,1.47
perca,perch,3.75,1.26,4.92,2.18,4.46,1.86,2.6,1.22,2.5,1.22,3.8,2.16,3.75,1.92,NA,NA,NA,Peces (A fish),-0.06,0.37
faisán,pheasant,4.5,1.69,6.04,1.84,3.83,1.97,3.16,1.49,3.79,1.5,4.44,2.36,4.04,1.83,NA,NA,NA,Aves (A bird),0.62,0.96
piano,piano,4.29,1.65,3,2.16,2.42,2,2.68,1.68,6.13,1.23,3.36,1.96,2.5,1.77,NA,6.58,6.57,Instrumentos musicales (A musical instrument),0.9,-0.17
pepinillo,pickle,5.29,1.52,1.92,0.95,7.42,0.93,1.64,0.81,1.25,0.44,6.36,1.47,5.17,2.16,NA,NA,NA,NA,-1.54,1.6
tarta,pie,5.29,1.3,2.08,1.08,6.67,1.61,1.72,1.02,1.42,0.5,7.96,0.2,5.88,1.45,NA,6.36,6.34,Dinero (A kind of money),-1.5,2.25
embarcadero,pier,2.79,1.02,2.76,1.96,1.04,0.2,2.28,1.17,4.33,1.9,1.64,0.81,4.38,2.08,NA,NA,NA,NA,0.63,-0.54
pichón,pigeon,4.38,1.44,6.32,1.35,5.5,1.56,2.48,1.19,3.54,1.44,4.12,1.9,4.08,1.95,NA,NA,NA,Aves (A bird),0.28,0.91
almohada,pillow,2.58,1.21,2.32,1.38,7.29,0.75,1.8,1.08,1.21,0.41,3.96,2.39,3.46,1.91,NA,5.94,6.59,NA,-1.37,-0.32
alfiler,pin,2.29,1.37,2.28,1.24,7.5,0.78,5.68,1.7,1.13,0.34,2.04,1.4,1.33,0.92,NA,6.34,6.23,NA,-0.46,-1.71
piña,pineapple,5.75,1.39,2.12,1.2,7.42,0.83,2.96,1.46,1.92,0.93,7.52,0.71,5.17,1.79,NA,NA,NA,Frutas (A fruit),-1.13,2.01
ornitorrinco,platypus,4.25,1.36,6.6,1.04,3.88,1.85,2.96,1.27,3.21,1.1,3.04,1.95,4.67,1.76,NA,NA,NA,Animales de cuatro patas (A four-footed animal),0.64,0.78
alicates,pliers,2.79,1.32,3.48,1.66,7.21,0.93,5.64,1.6,2.96,1.12,1.84,1.03,2.42,1.44,NA,NA,NA,Herramientas (A carpenter's tool),0.31,-1.14
ciruela,plum,5.83,1.61,2.16,1.03,7.58,0.72,1.8,0.71,1.33,0.48,7.4,0.82,4.71,1.65,NA,NA,NA,Frutas (A fruit),-1.56,1.92
poni,pony,4.38,1.44,6.68,1.07,2.04,1.2,3.24,1.2,4.29,1.4,3.4,2.25,5.63,1.44,NA,NA,NA,Animales de cuatro patas (A four-footed animal),1.22,1.2
polo,popsicle,5.08,1.53,2.48,1.61,6.63,2.04,2.16,1.4,1.38,0.58,6.08,2.25,3.83,1.97,4.41,4.08,5.13,Deportes (A sport),-1.24,1.11
puercoespín,porcupine,4,1.38,6.08,1.66,3.58,1.86,5.16,1.4,3.13,1.6,2.64,1.7,4.67,1.83,NA,NA,NA,NA,1.1,0.44
maceta,pot,3.21,1.18,1.68,0.85,6.79,0.98,4.16,1.95,2.21,1.32,2.4,1.29,3.92,1.69,NA,NA,NA,Herramientas (A carpenter's tool),-0.43,-0.57
patata,potato,1.79,0.66,1.96,0.93,7.63,0.71,1.88,1.13,1.5,0.72,7.44,0.71,4.29,1.9,NA,6.19,6.31,Verduras (A vegetable),-1.71,0.56
proyector,projector,3.58,1.79,2.56,1.66,4.63,2.3,3,1.68,3.17,1.63,2.52,1.61,1.54,1.14,NA,NA,NA,NA,-0.12,-0.97
pruna,prune,3.13,1.12,2.76,1.33,3.29,1.68,2.92,1.29,2.63,1.17,3.08,1.68,3.08,1.93,NA,NA,NA,NA,-0.12,-0.48
calabaza,pumpkin,5.67,1.27,2.04,1.24,6.25,1.73,2.16,1.28,1.58,0.88,6.56,1.19,4.67,1.66,NA,NA,NA,Verduras (A vegetable),-1.2,1.61
torreta,pylon,3,1.14,2.2,1.22,2.21,1.53,3.64,2.27,3.83,2.43,2,0.96,2.17,1.61,NA,NA,NA,Tipos de viviendas (A type of human dwelling),0.48,-1.16
pirámide,pyramid,4.25,1.29,1.36,0.57,1.92,1.21,2.4,1.68,2,1.5,2.52,1.5,2.67,1.83,NA,5.81,5.76,Edificios religiosos (A building for religious service),-0.36,-0.56
pitón,python,5.46,1.38,5.96,1.51,3.33,1.58,5.52,1.81,2.92,1.1,2.72,2.11,3.67,2.1,NA,NA,NA,Serpientes (A snake),1.15,0.58
mapache,raccoon,4.13,1.39,6.64,1.04,4.54,1.91,4.08,1.32,3.46,1.61,3.16,1.68,4.79,2.02,NA,NA,NA,Animales de cuatro patas (A four-footed animal),0.87,0.77
raqueta,racquet,3.67,1.31,5.24,1.83,7.58,0.72,3.84,1.91,3.46,1.41,2.4,1.68,1.79,1.1,NA,NA,NA,Juguetes (A toy),0.22,-0.62
rábano,radish,4.42,1.82,2.04,1.1,7.08,1.41,2.32,1.49,1.5,0.78,5.4,1.35,4,1.87,NA,NA,NA,Verduras (A vegetable),-1.24,0.72
balsa,raft,3.38,1.38,5.4,1.78,2.63,1.64,2.72,1.57,3.04,1.3,2.2,1.15,2.96,1.73,NA,NA,NA,Embarcaciones (A type of ship),0.51,-0.35
arcoíris,rainbow,7.13,1.23,3.04,2.21,1,0,1.08,0.28,1.08,0.28,5.12,2.26,1.38,1.01,NA,NA,NA,NA,-0.71,0.87
pasa,raisin,3,1.74,1.88,1.01,7.71,0.55,1.36,0.57,1.17,0.38,5.12,2.19,3.96,1.88,NA,NA,NA,NA,-1.67,0.23
rastrillo,rake,3.46,1.38,3.4,1.5,6.46,1.98,4.48,1.78,3.5,1.29,1.96,1.1,2.75,1.7,NA,NA,NA,Herramientas (A carpenter's tool),0.3,-0.76
frambuesa,raspberry,6.75,1.15,1.88,0.88,7.46,1.06,1.72,0.74,1.21,0.41,7.8,0.41,5.13,1.85,NA,NA,NA,Frutas (A fruit),-1.63,2.4
rata,rat,3,1.1,7.08,0.81,5.75,1.82,3.96,1.77,2.92,1.28,1.68,1.49,5.17,2.26,NA,6.54,6.15,Animales de cuatro patas (A four-footed animal),0.74,0.2
sonajero,rattle,5.25,1.57,5.28,1.59,7.54,0.88,2.56,1.47,4.79,1.72,3.08,1.73,2.13,1.23,NA,NA,NA,Juguetes (A toy),0.31,0.2
corneja,raven,3.79,1.69,4.4,2.35,3.79,1.69,2.84,1.21,3.17,1.69,3.04,2.09,2.96,1.81,NA,NA,NA,NA,0.22,-0.12
cuchilla,razor,2.88,1.23,3,1.44,7.33,0.82,6.64,1.25,2.75,1.11,1.56,0.92,2.17,1.58,NA,5.82,5.46,Armas (A weapon),0.41,-1.36
revólver,revolver,3.79,1.84,3.68,1.86,6.83,1.58,7.6,0.5,6.29,1.76,1.8,1.04,3.08,1.89,NA,6.14,6.26,Armas (A weapon),1.77,-0.69
ruibarbo,rhubarb,3.79,1.74,4.2,1.94,4.17,2.04,2.48,1.12,2.25,1.33,3.64,1.78,3.58,1.98,NA,NA,NA,NA,-0.22,0.21
rifle,rifle,3.04,1.78,3.72,1.67,5.79,1.64,7.4,1.26,6.63,1.17,1.76,1.16,2.83,1.66,NA,NA,NA,Armas (A weapon),1.91,-0.99
albornoz,robe,3.83,1.61,2.52,1.45,7.33,0.82,1.48,1,1.21,0.41,3.04,1.84,3.42,1.93,NA,NA,NA,Prendas de vestir (An article of clothing),-1.28,-0.15
petirrojo,robin,6.17,1.17,6.56,1.53,4.67,1.97,2.32,1.18,4.04,1.52,3.28,1.67,3.5,1.87,NA,NA,NA,Aves (A bird),0.64,1.1
roca,rock,2.38,1.17,1.6,0.91,5.42,1.61,5.8,1.29,3.08,1.77,1.92,1.19,2.96,1.71,NA,5.55,6.15,Accidentes geográficos y formaciones naturales de la tierra (A natural Earth formation),0.3,-1.31
mecedora,rocker,2.96,1.08,5.4,1.55,4.13,1.45,2.36,1.52,3.13,1.54,2.72,1.7,2.38,1.61,NA,5.7,6.14,Muebles (An article of furniture),0.19,-0.49
rosa,rose,6.75,1.07,2.12,1.05,7.5,0.72,3.24,1.69,1.13,0.34,5.16,1.99,5.75,2.05,NA,NA,NA,Flores (A flower),-1.01,1.85
regla,ruler,2.79,1.59,2.52,1.29,7.83,0.48,3.92,1.38,1.83,0.82,2.4,1.55,3,2.04,NA,4.94,5.59,Material de lectura (A type of reading material),-0.62,-0.86
saco,sack,2.42,1.25,2.24,1.27,6.5,1.74,2.56,1.33,2.17,1.01,2.04,0.73,3.63,1.95,NA,5.05,5.77,Tejidos (A kind of cloth),-0.68,-0.86
montura,saddle,3.5,1.22,3.16,1.8,4.71,2.24,3.12,1.36,2.25,1.29,2.64,1.55,3.29,2.22,NA,4.74,4.82,NA,-0.22,-0.38
velero,sailboat,4.17,1.09,6.56,0.87,1.63,0.92,2.76,1.42,3.83,1.09,3,1.96,2.96,1.76,NA,NA,NA,Embarcaciones (A type of ship),0.97,0.25
salamandra,salamander,5.75,1.29,6.72,0.89,5.21,1.53,3.64,1.6,2.21,1.14,2.4,1.55,3.21,2.11,NA,NA,NA,Serpientes (A snake),0.47,0.61
salmón,salmon,5.83,1.37,6.12,1.39,5.5,1.44,2.44,1.26,2.25,1.11,7.4,0.76,6.08,1.44,NA,NA,NA,Peces (A fish),-0.3,2.78
sandalias,sandals,4,1.53,4.28,2.13,7.63,0.77,3.68,1.82,2.33,1.05,1.92,1.29,3.5,2,NA,NA,NA,Tipos de calzado (A type of footgear),-0.15,-0.25
lija,sandpaper,2.75,1.22,3.6,1.76,6.96,1.4,5,1.41,4.13,1.7,1.52,0.87,2.67,1.49,NA,NA,NA,Herramientas (A carpenter's tool),0.56,-1.11
sardina,sardine,3.83,1.55,6.52,1.61,6.92,1.32,2.24,1.23,1.79,0.66,6.56,1.16,6.58,1.53,NA,NA,NA,Peces (A fish),-0.56,2.16
platillo,saucer,3.83,1.49,4.56,1.76,5.96,1.97,2.76,1.39,5.79,1.77,2.36,1.38,1.88,1.39,NA,4.39,5.91,Instrumentos musicales (A musical instrument),0.7,-0.58
saxofón,saxophone,5.5,1.32,4.12,1.9,6.5,1.62,2.76,1.59,6.5,1.32,2.8,1.8,2.38,1.44,NA,NA,NA,Instrumentos musicales (A musical instrument),0.8,0.14
tijeras,scissors,3.42,1.44,4,1.83,7.71,0.62,5.92,1.38,3,1.25,2.12,1.09,1.79,1.14,NA,6.46,6.25,Herramientas (A carpenter's tool),0.38,-1.01
patinete,scooter,4,1.72,5.8,1.04,6.83,1.24,4.48,1.53,4.75,1.82,2.2,1.32,2.13,1.3,NA,NA,NA,Vehículos (A type of vehicle),0.92,-0.43
escorpión,scorpion,5.04,1.76,6.36,1.04,4.33,1.99,6.52,1.45,2.29,1.12,2.32,1.57,3.29,1.99,NA,NA,NA,Insectos (An insect),1.16,0.24
destornillador,screwdriver,2.71,1.2,4.04,1.49,7.5,0.72,5.24,1.83,2.79,1.53,1.72,0.94,2.13,1.39,NA,NA,NA,Herramientas (A carpenter's tool),0.22,-1.2
tornillos,screws,2.67,1.43,2.56,1.29,7.67,0.64,4.36,1.7,2.67,1.2,1.84,1.07,2.63,1.81,NA,NA,NA,Herramientas (A carpenter's tool),-0.24,-1.17
gaviota,seagull,3.42,1.41,6.92,1,3.67,1.69,3.6,1.63,4.71,1.65,3.56,1.96,4.33,1.61,NA,6.28,6.54,Aves (A bird),1.16,0.58
foca,seal,4,1.5,6.36,1.29,2.33,1.37,3.36,1.44,4.88,1.65,3.56,1.78,5.04,1.6,NA,6.14,5.9,NA,1.27,0.91
alga,seaweed,4.42,1.93,5,1.96,6.46,1.98,2.08,1.22,1.38,0.49,3.92,2,4.92,1.98,NA,NA,NA,NA,-0.65,0.97
chabola,shack,2.25,1.03,1.68,0.9,1.25,0.53,2.44,1.53,3.38,1.41,1.44,0.65,4.88,2.19,NA,NA,NA,Tipos de viviendas (A type of human dwelling),0.23,-0.75
chal,shawl,4.21,1.38,3.32,1.7,7.38,1.44,1.92,1.38,1.42,0.58,2.8,1.41,2.75,1.85,NA,NA,NA,Prendas de vestir (An article of clothing),-1,-0.22
cobertizo,shed,2.88,1.7,1.28,0.46,1.21,0.51,2.44,1.36,2.92,1.77,1.92,1.29,4.88,2.15,3.95,5.75,4.91,Tipos de viviendas (A type of human dwelling),0.04,-0.48
concha,shell,3.17,1.37,2.68,1.44,7.63,0.58,2.96,1.4,2.25,0.9,3.52,1.78,3.79,2.28,NA,NA,NA,Nombres de mujer (A girl's first name),-0.75,-0.16
baldas,shelves,2.63,1.13,1.96,0.93,4.83,2.24,3.2,1.66,2.42,0.97,2.28,1.21,2.25,1.51,NA,NA,NA,Muebles (An article of furniture),-0.38,-1.2
escudo,shield,3.96,2.05,2.8,1.71,6.83,1.4,3.52,2.1,3.25,1.42,2.36,1.41,2.58,1.64,NA,5.59,5.12,Dinero (A kind of money),-0.14,-0.59
zapatos,shoes,4.42,1.72,4.56,2.08,7.46,0.78,4.2,1.94,3.08,1.06,1.84,1.46,5,2.09,NA,NA,NA,Tipos de calzado (A type of footgear),0.3,0.31
pala,shovel,2.92,1.32,3.84,1.7,6.83,1.17,5.08,1.61,3.38,1.38,2.16,1.18,2.5,1.32,NA,5.48,6.26,Herramientas (A carpenter's tool),0.37,-0.92
gamba,shrimp,5.04,1.68,5.32,1.73,7.13,1.26,2.08,1.08,1.54,0.66,6.8,1.66,5.92,1.79,NA,NA,NA,NA,-0.86,2.25
fregadero,sink,2.29,0.91,1.84,1.28,3.04,2.22,2.44,1.36,3.33,1.31,1.56,0.77,3.75,1.92,NA,6.28,NA,Utensilios de cocina (A kitchen utensil),-0.01,-1.02
monopatín,skateboard,4.29,1.68,6.28,0.89,7.04,1.16,4.32,1.8,4.33,1.81,2.24,1.48,2.17,1.52,NA,NA,NA,Vehículos (A type of vehicle),0.83,-0.25
esquís,skis,3.38,1.31,5.64,1.68,5.96,1.46,4.88,1.9,3.42,1.47,2.8,1.85,1.96,1.57,NA,NA,NA,NA,0.64,-0.55
mofeta,skunk,4.25,1.65,6.36,1.19,3.88,1.98,4,1.71,2.79,1.44,2,1.47,7.13,1.8,NA,NA,NA,Animales de cuatro patas (A four-footed animal),0.9,1.16
rascacielos,skyscraper,3.75,1.54,1.64,0.99,1.04,0.2,3.28,1.74,2.67,2.1,3.16,1.91,1.83,1.46,NA,6.38,6.08,Tipos de viviendas (A type of human dwelling),0.05,-0.79
mazo,sledgehammer,2.88,1.08,3.64,1.58,6.5,1.67,6.6,1.29,4.63,1.84,2,1.19,2.13,1.19,NA,NA,NA,Herramientas (A carpenter's tool),1.05,-1.17
trineo,sleigh,4.04,1.4,5.76,1.05,4.63,1.97,3.92,1.63,3.96,1.81,2.6,1.53,2.13,1.51,NA,NA,NA,Vehículos (A type of vehicle),0.8,-0.29
tirachinas,slingshot,3.42,1.28,4.12,1.79,6.88,1.62,6.04,1.46,3.08,1.32,2.52,1.33,2.08,1.44,NA,NA,NA,Armas (A weapon),0.51,-0.81
pantuflas,slippers,3.13,1.33,3.88,1.92,7.46,0.83,1.8,1.44,2,0.78,2.16,1.34,3.54,1.82,NA,NA,NA,Tipos de calzado (A type of footgear),-0.75,-0.41
babosa,slug,2.83,1.55,5.56,1.39,5.63,2.24,2.08,1.41,1.21,0.51,1.64,1.29,4.04,2.16,NA,NA,NA,Insectos (An insect),-0.38,-0.3
caracol,snail,3.29,1.27,5.08,1.58,6.75,1.48,1.64,1.08,1.33,0.48,3,1.68,3.88,1.96,NA,6.13,6.54,Serpientes (A snake),-0.77,0.11
calcetines,socks,4.13,1.65,3.08,1.8,7.63,0.77,1.6,1.22,1.25,0.53,1.64,1.08,5.17,1.9,NA,6.51,4.65,Prendas de vestir (An article of clothing),-0.99,0.15
sofá,sofa,3.83,1.17,1.56,0.77,2.71,1.78,2.24,1.45,2.13,1.23,3.44,2.08,2.79,1.61,NA,6.71,6.08,Muebles (An article of furniture),-0.52,-0.37
gorrión,sparrow,4.42,1.28,7.08,0.76,5.13,1.68,2.96,1.57,4.29,1.55,3.68,1.8,4,1.56,NA,NA,NA,Aves (A bird),0.78,0.86
espátula,spatula,2.58,0.93,3.52,2,7.42,0.72,4.12,1.79,2.75,1.29,2.4,1.55,2.33,1.58,NA,NA,NA,Utensilios de cocina (A kitchen utensil),-0.17,-1.01
lanza,spear,2.67,0.92,4.44,1.8,6.42,1.5,6.84,1.18,3.13,1.23,2.08,1.22,1.83,1.17,NA,5.25,4.2,Armas (A weapon),0.81,-1.22
espinacas,spinach,5.13,1.7,1.92,0.91,7.17,0.87,1.68,0.9,1.21,0.41,5.88,1.67,4.75,1.85,NA,NA,NA,Verduras (A vegetable),-1.49,1.3
cuchara,spoon,2.46,1.14,3,1.87,7.92,0.28,2.44,1.39,2.75,1.19,3.8,1.96,2.04,1.3,NA,NA,NA,Utensilios de cocina (A kitchen utensil),-0.83,-0.76
calamar,squid,3.88,1.73,6,1.5,5.83,1.79,3.08,1.44,1.88,1.03,7.08,1.22,5.42,1.79,NA,NA,NA,Peces (A fish),-0.38,1.86
ardilla,squirrel,3.92,1.28,7.2,0.87,5.42,1.74,2.6,1.47,3.17,1.2,3.84,2.1,3.92,1.72,NA,6.39,5.87,Animales de cuatro patas (A four-footed animal),0.35,0.75
estornino,starling,4,1.06,4.16,2.21,4.13,1.85,2.88,1.36,3.21,1.72,2.64,1.7,3.25,1.73,NA,NA,NA,Aves (A bird),0.22,-0.11
estéreo,stereo,3.04,1.37,3,1.85,2.33,2.04,2.92,2.2,5.71,2.03,2.84,1.72,1.83,1.24,NA,NA,NA,NA,0.83,-0.89
cigüeña,stork,3.88,1.6,6.6,1,3.21,1.74,3.28,1.31,4.54,1.56,3.36,1.87,4.38,1.93,NA,5.8,6.04,Aves (A bird),1.09,0.66
estufa,stove,3,1.59,1.72,0.74,4.17,2.26,4.84,1.77,2.79,1.28,2.6,1.91,3.67,1.79,NA,6.16,5.99,NA,0.16,-0.68
colador,strainer,3,1.5,2.36,1.19,7.29,1.04,1.88,1.05,1.92,0.88,2.48,1.5,2.38,1.5,NA,NA,NA,Utensilios de cocina (A kitchen utensil),-1.03,-0.9
submarino,submarine,3.79,1.1,5.44,1.92,1.42,0.65,3.92,2,4.67,1.58,2.08,1.22,2.83,1.88,NA,NA,NA,Embarcaciones (A type of ship),1.38,-0.33
metro,subway,3.08,1.35,5.8,2.35,4.46,3.02,3.32,1.73,5.79,1.93,1.76,1.09,3.5,2.34,4.97,4.18,5.83,Unidades de longitud (A unit of distance),1.27,-0.36
sol,sun,7.71,0.75,5.64,2.31,1,0,4.2,2.04,2.21,2.4,4.88,2.05,1.42,1.02,1.44,6.16,6.53,Fenómenos atmosféricos (A weather phenomenon),0.71,1.18
tabla,surfboard,2.46,1.1,1.8,0.82,5.63,1.84,3.4,1.76,2.33,1.27,2.56,1.26,2.46,1.74,NA,4.95,4.84,Utensilios de cocina (A kitchen utensil),-0.5,-1.14
cisne,swan,4.54,1.89,6.6,1.08,3.58,1.5,2.6,1.19,3.08,1.67,4.12,1.76,3.92,2.12,NA,6.55,6.33,Aves (A bird),0.45,0.94
suéter,sweater,4.75,1.57,3.32,1.93,7.42,0.93,1.64,0.95,1.25,0.44,3.04,1.65,3.88,1.75,NA,NA,NA,Prendas de vestir (An article of clothing),-1.08,0.35
bañador,swimsuit,5.63,1.17,2.72,1.74,7.29,0.95,2,1.29,1.33,0.56,3.28,1.95,3.29,1.92,NA,6.26,6.34,Prendas de vestir (An article of clothing),-1.05,0.42
mesa,table,3.21,1.44,1.68,0.9,4.13,1.78,3.04,1.62,2.79,1.53,2.6,1.29,2.13,1.19,NA,6.4,6.78,Muebles (An article of furniture),-0.28,-1
chincheta,tack,3.83,2.04,1.8,0.87,7.63,0.65,5.96,1.65,1.58,0.83,1.92,1.04,1.71,1.49,NA,NA,NA,NA,-0.27,-1.23
clementina,tangerine,5.25,1.96,2.72,1.86,5.58,2.78,1.96,1.06,1.75,0.99,4.92,2.43,4.42,2.52,NA,NA,NA,Frutas (A fruit),-0.89,1.07
grifo,tap,2.38,1.1,2.8,1.61,5.5,1.98,2.88,1.81,3.79,1.28,2.44,1.5,2.46,1.47,NA,5.82,5.81,Herramientas (A carpenter's tool),-0.06,-1.05
teléfono,telephone,3.17,1.34,3.84,2.13,7.67,0.76,3.08,1.89,5.38,1.28,2.8,1.73,2.08,1.64,NA,6.42,6.72,Muebles (An article of furniture),0.29,-0.71
tienda,tent,4.5,1.47,1.36,0.57,1.58,1.25,1.96,1.4,4.58,1.47,3.12,1.88,4.17,1.81,4.4,4.81,6.41,Tipos de viviendas (A type of human dwelling),0.27,0.15
termómetro,thermometer,3.5,1.62,2.96,1.51,7.75,0.53,1.92,1.12,2.04,1.12,2.84,1.52,1.71,1.12,NA,NA,NA,NA,-0.99,-0.78
dedal,thimble,2.83,1.37,3.04,1.77,7.79,0.51,1.96,1.14,1.63,0.65,2.48,1.56,1.83,1.17,NA,NA,NA,NA,-1.08,-1.03
corbata,tie,4.5,1.44,2.44,1.58,7.75,0.61,2.64,1.35,1.25,0.44,2.52,1.33,2.13,1.39,NA,6.55,6.15,Prendas de vestir (An article of clothing),-1.04,-0.53
pañuelo,tissue,3.13,1.8,3.08,1.71,7.5,0.88,1.6,1.08,1.33,0.48,2.8,1.87,3.5,1.69,NA,6.08,6.09,Prendas de vestir (An article of clothing),-1.16,-0.35
sapo,toad,4.71,1.52,6.4,1.55,5.79,1.64,3.08,1.5,3.04,1.23,2.36,1.68,5.21,2.02,NA,6.1,6.14,Animales de cuatro patas (A four-footed animal),0.47,0.87
tostadora,toaster,2.42,1.1,2.4,1.35,6.29,1.49,3.6,1.87,3.25,1.07,2.72,1.93,3.46,1.93,NA,NA,NA,Utensilios de cocina (A kitchen utensil),-0.19,-0.75
váter,toilet,2.42,1.38,1.76,1.27,2.79,1.86,2.32,1.55,4.38,1.21,1.2,0.58,5.83,1.66,NA,NA,NA,NA,0.36,-0.46
tenazas,tongs,2.83,1.24,3.52,1.58,7.42,0.78,5.4,1.41,2.88,1.57,1.88,1.09,2.29,1.27,NA,NA,NA,Herramientas (A carpenter's tool),0.21,-1.14
galápago,tortoise,4.17,1.34,5.32,1.73,3.42,1.69,3.08,1.61,3.46,1.64,3.04,2.13,4.08,2.41,NA,NA,NA,NA,0.58,0.42
juguete,toy,5.75,1.36,4.68,1.7,7.46,0.83,3.32,1.35,4.46,1.32,3.72,2.13,2.63,1.44,NA,5.01,6.6,NA,0.28,0.56
tractor,tractor,4.04,1.63,6,0.96,1.63,0.88,4.72,1.74,6.75,1.15,1.8,1.26,4.13,2.03,NA,NA,NA,Vehículos (A type of vehicle),2.25,0.1
tráiler,trailer,3.96,2.14,5.68,1.95,1.38,0.97,3.28,1.77,5.63,1.44,2.56,1.58,2.5,2.11,NA,NA,NA,Vehículos (A type of vehicle),1.48,-0.19
bandeja,tray,3.08,1.14,3.28,1.74,7.33,1.2,2.96,1.77,2.67,1.49,2.76,1.64,2.33,1.86,NA,5.66,5.6,Utensilios de cocina (A kitchen utensil),-0.49,-0.74
triciclo,tricycle,4.83,1.74,6.04,0.98,5.21,2.04,3.56,1.78,4.17,1.43,2.2,1.15,2.04,1.2,NA,NA,NA,Vehículos (A type of vehicle),0.82,-0.13
trípode,tripod,3.25,1.26,2.16,1.37,6.67,1.63,2.4,1.47,2.08,1.02,2.28,1.24,1.71,1.16,NA,NA,NA,NA,-0.82,-1.12
carrito,trolley,3.33,1.31,5.8,1.47,5.21,2.08,2.92,1.29,3.96,1.4,2.36,1.52,2.25,1.42,NA,NA,NA,Juguetes (A toy),0.51,-0.49
trombón,trombone,4.92,1.67,4.24,1.9,5.96,1.68,2.76,1.74,6.79,1.18,2.64,1.55,2.38,1.5,NA,NA,NA,Instrumentos musicales (A musical instrument),0.95,-0.06
trucha,trout,4.42,1.82,6.32,1.63,5.92,1.32,2.44,1.39,2.21,1.06,5.92,1.63,5.42,1.61,NA,NA,NA,Peces (A fish),-0.27,1.79
tuba,tuba,4.17,1.83,3.96,1.67,5.71,1.71,2.8,1.53,6.21,1.35,2.44,1.56,2.38,1.58,NA,NA,NA,Instrumentos musicales (A musical instrument),0.79,-0.38
pavo,turkey,4.29,1.46,6.48,1,4.38,1.95,2.72,1.34,4.08,1.61,7.28,0.79,4.79,1.56,NA,6.13,4.66,Aves (A bird),0.35,1.94
nabo,turnip,3.79,1.69,1.84,0.94,7.21,0.93,2.12,1.01,1.46,0.66,5,1.35,4.17,1.9,NA,NA,NA,Verduras (A vegetable),-1.33,0.46
teclado,typewriter,2.67,1.24,3.36,2.08,6.71,1.4,2.6,1.61,3.88,1.73,2.6,1.5,1.54,1.38,NA,NA,NA,Instrumentos musicales (A musical instrument),-0.19,-1.11
paraguas,umbrella,5.08,1.35,3.88,2.09,7.71,0.75,3.64,1.58,2.33,0.92,2.6,1.76,2.46,1.74,NA,5.99,5.95,NA,-0.28,-0.1
monociclo,unicycle,3.75,1.73,6.12,0.93,4.67,2.28,4.08,1.98,3.88,1.9,2.24,1.42,1.79,1.14,NA,NA,NA,Vehículos (A type of vehicle),0.87,-0.54
urna,urn,2.5,1.29,1.64,1.08,5.79,2.04,3,1.83,2.21,1.25,2.08,1.22,2.71,2.16,NA,NA,NA,NA,-0.61,-1.18
camioneta,van,3.71,1.27,5.92,1.35,1.88,1.48,5.04,1.74,5.75,1.73,2.08,1.15,3.83,1.74,NA,NA,NA,Vehículos (A type of vehicle),1.96,-0.04
jarrón,vase,4.5,1.32,1.72,0.89,6.75,1.22,3.52,1.45,2.92,1.35,2.4,1.19,2.5,1.77,NA,6.25,6.35,NA,-0.36,-0.57
velo,veil,3.38,1.74,3.64,1.73,6.88,1.39,1.72,1.21,1.21,0.41,3,1.53,2.54,1.61,NA,5.63,6.11,NA,-1.05,-0.44
chaleco,vest,4.17,1.52,2.56,1.45,7.42,0.72,1.88,1.48,1.63,0.82,2.84,1.57,3.13,1.78,NA,5.99,6.5,Prendas de vestir (An article of clothing),-1.06,-0.2
vid,vine,4.42,1.82,2.44,1.33,4.21,2.17,2.08,0.91,1.75,0.94,4.4,2.25,4.13,2.33,NA,NA,NA,Árboles (A tree),-0.73,0.56
violín,violin,4.33,1.46,4.44,1.73,6.75,1.07,2.72,1.65,5.71,1.27,3.4,2.08,2.58,1.64,NA,6.32,6.4,Instrumentos musicales (A musical instrument),0.5,0.04
buitre,vulture,4,1.47,6.76,0.93,3.04,1.73,5.2,1.76,4.83,1.55,2.88,1.79,4.83,1.66,NA,NA,NA,Aves (A bird),1.71,0.64
carreta,wagon,2.88,0.99,4.56,2.33,4.08,2.43,3.6,1.68,4.5,1.69,2.04,1.4,2.83,1.74,NA,NA,NA,Vehículos (A type of vehicle),0.79,-0.71
morsa,walrus,4.38,1.28,6.12,1.48,1.88,1.15,3.64,1.58,4.46,1.61,3.56,1.71,4.67,2.01,NA,NA,NA,NA,1.25,0.88
varita,wand,4.08,1.72,4.24,1.88,6.88,1.85,2.96,1.59,1.71,0.62,2.92,1.87,1.5,1.06,NA,NA,NA,NA,-0.55,-0.53
avispa,wasp,5.96,1.6,7.16,0.75,4.17,2.18,5.88,1.62,3.21,1.38,1.96,1.17,2.38,1.64,NA,NA,NA,Insectos (An insect),1.44,0.27
carretilla,wheelbarrow,2.92,1.14,4.92,1.15,4.75,2.07,3.52,1.56,4.54,1.56,1.96,1.14,2.71,1.46,NA,NA,NA,Herramientas (A carpenter's tool),0.76,-0.71
silbato,whistle,4.21,1.84,3,1.68,7.54,0.78,2.64,1.73,5.92,1.35,3.2,1.68,1.71,1,NA,NA,NA,Instrumentos musicales (A musical instrument),0.22,-0.48
pizarra,whiteboard,3.75,1.82,1.6,0.71,3.29,1.76,2.84,1.77,3.25,1.45,2.2,1.47,3.21,1.38,NA,6.24,5.98,Material de lectura (A type of reading material),-0.03,-0.62
sauce,willow,4.33,1.71,2.72,1.9,2.13,1.94,2.08,0.95,2.38,1.41,3.36,1.96,4.25,1.67,NA,NA,NA,Árboles (A tree),-0.18,0.34
picamadero,woodpecker,3.54,1.61,3.56,2.16,4.67,1.74,3.96,1.49,3.75,2.01,2.24,1.05,3.25,2.11,NA,NA,NA,NA,0.47,-0.47
gusano,worm,3.29,1.76,6.6,1.04,6.25,1.8,2.16,1.28,1.17,0.38,1.72,1.06,3.5,2.23,NA,5.58,5.35,Insectos (An insect),-0.3,-0.18
herramienta,wrench,2.54,1.14,3.92,1.85,7.25,0.79,5.16,1.91,4.29,1.3,1.72,0.98,2.67,1.58,NA,4.21,5.04,NA,0.63,-1.09
boniato,yam,3.29,1.37,2.88,2.13,6.33,1.58,2.08,1.26,1.67,1.01,4.88,1.96,4.5,1.59,NA,NA,NA,Verduras (A vegetable),-1.02,0.51
cebra,zebra,4.92,1.64,6.92,0.81,2.25,1.26,3.2,1.53,3.54,1.59,4,2.02,4.79,1.69,NA,NA,NA,Animales de cuatro patas (A four-footed animal),0.96,1.3
calabacín,zucchini,5.21,1.59,1.76,0.83,6.88,1.19,1.8,1.08,1.33,0.56,6.56,1.19,4.17,1.81,NA,NA,NA,Verduras (A vegetable),-1.5,1.31
discoteca,disco,6.04,2.07,2.65,2.17,1.27,0.53,2.33,1.34,7.04,1.12,2.33,1.49,4.63,2.16,3.48,6.07,6.1,Tipos de música (A type of music),1.39,0.7
azotea,rooftop,3.33,1.37,1.19,0.4,1.31,0.55,2.58,2.04,2.63,1.79,2.17,1.13,2.33,1.4,3.47,6.08,5.22,Partes de un edificio (A part of a building),-0.12,-1.05
celda,cell,2.5,1.56,1.65,1.06,1.92,1.44,3.92,2.24,2.83,1.52,1.96,1.2,3.79,1.79,3.47,5.81,6.24,NA,0.26,-0.93
hélice,propeller,3.29,1.92,6.31,1.98,3.81,1.77,5,2.13,5.29,1.83,1.96,0.75,1.63,1.06,3.46,6.16,5.54,NA,1.59,-0.81
instituto,institute,3.29,1.08,2.04,1.46,1.15,0.46,2.71,1.94,5.38,1.69,2.29,1.08,3,1.72,3.46,5.3,6.46,NA,0.79,-0.72
monasterio,monastery,3.46,1.64,1.35,0.49,1.15,0.37,1.83,1.66,2.79,1.59,2.04,1.08,3.63,1.88,3.44,5.74,6.08,Edificios religiosos (A building for religious service),-0.14,-0.61
juez,judge,3.08,2.15,6.08,1.52,2.31,1.69,2.96,1.57,3.63,1.66,2.54,1.67,2.08,1.32,3.42,6.01,5.96,Profesiones (An occupation or profession),0.78,-0.53
lista,list,1.67,0.76,2.08,1.47,6.85,1.85,1.46,0.93,1.21,0.41,2.42,1.21,1.38,1.1,3.41,3.97,5.67,NA,-1.38,-1.63
golf,golf,5,1.89,4.73,2.27,1.81,1.2,2.58,1.84,2.75,1.29,2.5,1.5,2.13,1.6,3.4,5.8,5.14,Deportes (A sport),0.41,-0.1
capellán,chaplain,3.42,1.47,3.65,1.74,2.69,1.38,2.33,1.37,2.63,1.35,2.38,1.24,2.79,1.98,3.4,4.84,5.11,Miembros del clero (A members of the clergy),0.03,-0.53
selva,jungle,7.25,0.74,3.77,2.64,1.15,0.46,4.29,1.81,4.96,1.57,2.96,1.46,6,1.59,3.39,6.28,6.38,Accidentes geográficos y formaciones naturales de la tierra (A natural Earth formation),1.48,1.68
tenis,tennis,4.88,1.51,4.69,2.78,3.5,2.83,2.42,1.28,3.75,1.36,2.46,1.56,2.21,1.64,3.38,6.02,5.5,Deportes (A sport),0.43,-0.11
circuito,circuit,3.75,1.82,3,2.23,1.54,1.17,2.92,2.21,5.25,1.85,2.38,1.31,2,1.5,3.37,4.6,5.14,Juguetes (A toy),0.88,-0.75
tomo,volume,2.92,1.84,2.42,1.5,5.04,2.34,2.21,1.69,1.88,1.03,2.04,1.08,2.21,1.5,3.36,4.05,5.21,NA,-0.66,-1.09
orquesta,orchestra,4.67,1.97,5.85,1.83,1.15,0.37,1.79,0.98,6.29,1.2,2.67,1.52,2,1.35,3.34,5.93,6.05,NA,1.38,-0.01
basílica,basilica,4.08,2.02,1.46,0.76,1.15,0.37,1.88,1.51,2.71,1.33,2,1.1,3.92,2.15,3.33,5.75,4.96,Edificios religiosos (A building for religious service),-0.1,-0.33
club,club,5.04,2.14,2.58,2.06,1.35,0.89,1.88,1.08,5.5,1.69,2.33,1.55,3.71,1.94,3.32,5.2,4.99,NA,0.79,0.13
domicilio,home,2.54,1.22,1.58,1.17,1.35,0.75,1.5,0.93,2.75,1.48,2.46,1.06,3.33,1.97,3.32,6.02,4.53,NA,-0.3,-0.82
estructura,structure,2.79,1.64,2.19,1.6,2.27,1.54,2.29,1.83,2.46,1.69,2.13,1.03,1.38,0.92,3.28,3.97,4.19,Partes de un edificio (A part of a building),-0.24,-1.38
guardián,guardian,3.67,1.76,5.46,1.42,1.92,1.09,2.5,1.69,2.46,1.18,2.63,1.38,2.25,1.36,3.28,5.22,6.02,NA,0.35,-0.34
santuario,sanctuary,3.88,1.73,1.46,0.58,1.12,0.33,1.83,1.46,2.33,1.01,2,1.14,3.38,2.1,3.28,5.9,5.81,Edificios religiosos (A building for religious service),-0.23,-0.56
vía,track,2.88,1.23,2.54,1.92,2.08,1.72,2.79,1.82,4.83,1.95,1.92,1.06,2.42,1.67,3.27,3.91,5.8,NA,0.63,-1.07
antídoto,antidote,3.75,1.87,2.96,1.82,6.23,2.01,2,1.53,1.17,0.38,4.13,1.75,2.79,1.86,3.26,4.92,3.58,NA,-1.11,-0.05
buque,vessel,3.46,1.69,5.15,1.83,1.62,1.06,3.5,2.17,5.5,1.84,1.79,0.78,2.63,1.84,3.25,5.68,5.71,Embarcaciones (A type of ship),1.45,-0.58
comercio,shop,4.29,1.83,2.35,1.81,1.35,0.98,1.58,0.78,4.75,2.17,2.29,1.12,3.25,1.78,3.24,5.14,5.32,NA,0.45,-0.26
mezquita,mosque,4.42,1.84,1.27,0.45,1.08,0.27,2.08,1.53,2.71,1.4,2.04,1.04,3.75,2.03,3.22,6.34,5.81,Edificios religiosos (A building for religious service),-0.07,-0.3
sala,room,2.83,1.24,1.54,0.99,1.27,0.6,1.33,0.64,3.5,1.59,2.33,1.2,2.83,1.76,3.22,4.62,6.06,Partes de un edificio (A part of a building),-0.13,-0.91
pupila,pupil,5.58,2.1,6.38,2.04,3.42,2.7,1.54,0.93,1.08,0.28,2.29,1.08,1.21,0.66,3.21,6.25,6.41,NA,-0.2,-0.01
germen,germ,2.54,1.72,6.42,2,4.04,2.97,5.25,2.33,1,0,1.46,0.88,2.08,1.86,3.17,4.56,4.18,NA,0.52,-1.05
gimnasia,gymnastics,3.5,1.93,5.35,2.67,1.27,1.19,2.67,1.52,3.54,1.64,2.17,1.49,3.67,2.2,3.16,4.94,5.56,Deportes (A sport),0.81,-0.11
vena,vein,4.83,1.97,4.65,2.5,4.19,2.17,2.04,1.46,1.13,0.45,2.25,1.45,1.96,1.68,3.16,5.53,5.88,Partes del cuerpo humano (A part of the human body),-0.42,-0.26
equipo,team,3.92,1.91,5.69,1.69,1.35,0.85,1.83,1.01,4.83,1.79,2.75,1.26,3.04,2.18,3.15,4.02,5.64,NA,0.95,0.07
viento,wind,1.75,1.75,7.5,1.3,1,0,2.5,1.29,4.17,1.55,3.96,1.6,1.96,1.6,3.15,5.26,5.97,Fenómenos atmosféricos (A weather phenomenon),1,-0.41
veneno,poison,5,2.06,2.42,1.6,5.42,2.48,7.63,0.65,1.08,0.28,1.5,0.98,3.38,2.46,3.14,4.48,4.55,Serpientes (A snake),0.45,-0.49
estación,station,3.13,1.51,1.81,1.39,1.23,0.65,1.92,1.25,5.75,1.65,2.17,1.05,2.96,1.83,3.12,3.85,5.38,Unidades de tiempo (A unit of time),0.68,-0.81
encuesta,survey,1.54,0.78,2.5,1.75,6,2.71,1.46,0.72,1.5,0.83,2.46,1.28,1.42,1.14,3.11,5.25,5.18,NA,-1.15,-1.59
puerto,port,3.88,1.33,2.12,1.77,1.15,0.46,2.21,1.28,5.42,1.77,2.17,1.27,4.63,2.43,3.11,5.7,6.13,Embarcaciones (A type of ship),0.79,-0.07
surco,furrow,2.33,1.37,1.73,1,2.15,1.78,2.17,1.27,1.46,0.78,2.08,1.02,1.79,1.18,3.09,4.64,4.99,NA,-0.59,-1.46
vestíbulo,lobby,3.46,1.38,1.65,1.38,1.38,0.85,1.54,0.93,2.75,1.75,2.42,1.25,2.92,1.64,3.09,5.37,5.48,Partes de un edificio (A part of a building),-0.26,-0.67
granja,farm,4.17,1.79,2.81,2.28,1.12,0.33,2.46,1.35,5.21,1.69,2,1.06,6.29,1.76,3.08,5.83,4.99,Tipos de viviendas (A type of human dwelling),0.98,0.54
circo,circus,6.63,1.61,4.5,2.6,1.35,0.75,3.13,1.92,6.42,1.25,2.46,1.41,4.79,2.43,3.08,5.19,6.54,Accidentes geográficos y formaciones naturales de la tierra (A natural Earth formation),1.68,1.14
parroquia,parish,3.21,1.82,1.44,0.58,1.04,0.2,1.92,1.41,3.96,1.27,2.16,1.14,4.67,2.28,3.07,5.61,5.37,Edificios religiosos (A building for religious service),0.23,-0.33
duque,duke,3.92,1.47,4.96,1.81,2.13,1.48,2.52,1.58,2.83,1.17,3.12,1.64,2.96,1.85,3.04,5.35,4.25,Miembros del clero (A members of the clergy),0.34,0.02
humo,smoke,2.75,1.75,7.16,1.11,1.04,0.2,3.96,1.95,1.17,0.38,2.56,1.73,6.79,1.22,3.03,5.13,5.88,NA,0.79,0.84
pueblo,village,4.13,1.9,1.32,0.48,1,0,2.2,1.41,5,1.64,3.76,2.2,4.54,2.02,3.02,4.9,6.03,Miembros del clero (A members of the clergy),0.43,0.31
princesa,princess,5.08,1.98,5.8,1.73,1.92,1.25,2.2,1.26,3.21,1.47,4.04,2.41,2.88,1.94,2.98,5.93,5.75,Miembros del clero (A members of the clergy),0.47,0.7
borde,edge,2.46,1.1,1.52,0.65,2.46,2.06,4.08,1.8,1.38,0.58,2.52,1.64,1.42,0.93,2.97,4.13,4.94,NA,-0.3,-1.53
príncipe,prince,4.42,1.91,5.68,1.82,2.38,1.71,2.56,1.94,3.29,1.37,3.96,2.26,2.75,2.03,2.95,5.76,5.87,Cargos políticos (An elective office),0.48,0.41
academia,academy,2.54,1.18,1.36,0.7,1.17,0.48,1.76,0.97,4.29,1.83,2.36,1.5,2.75,1.92,2.95,4.77,5.38,NA,0.15,-1.05
convento,convent,2.63,1.66,1.36,0.49,1.08,0.28,2.04,1.34,2.79,1.5,2.04,1.14,4.96,2.07,2.92,6.34,5.57,Edificios religiosos (A building for religious service),-0.08,-0.47
fiera,beast,5.13,1.33,6.64,1.35,1.96,1.08,6.96,0.98,6.08,1.32,2.68,1.75,3.92,2.12,2.91,4.32,5.59,NA,2.57,0.58
avalancha,avalanche,4,1.56,7.56,0.77,1.04,0.2,6.84,1.34,7.42,1.1,2.6,1.55,2.5,1.5,2.91,4.66,5.59,Fenómenos atmosféricos (A weather phenomenon),3.07,-0.08
ladera,hillside,4.33,1.63,1.68,0.9,1.29,1.04,2.92,1.5,2.21,1.69,3,2.04,3.13,1.75,2.89,5.26,4.23,Accidentes geográficos y formaciones naturales de la tierra (A natural Earth formation),-0.1,-0.25
barranco,ravine,2.96,1.23,1.72,1.14,1.13,0.45,5.6,1.73,2.58,1.91,2.08,1.32,2.38,1.69,2.89,5.6,5.92,Accidentes geográficos y formaciones naturales de la tierra (A natural Earth formation),0.64,-1.24
héroe,hero,5.67,1.69,6.08,1.98,2.21,1.41,2.24,1.81,3.83,1.63,4.16,2.12,2.29,1.81,2.88,5.05,5.68,NA,0.65,0.77
elemento,element,2.96,1.78,3.44,2.26,3.46,2.13,2.6,1.61,1.79,1.06,3.12,1.88,1.79,1.02,2.87,3.27,3.27,NA,-0.38,-0.81
cuartel,barracks,3.25,1.7,1.52,1.23,1.13,0.34,3.36,2.04,4.38,1.53,2.28,1.54,3.71,2.24,2.8,5.38,5.98,NA,0.62,-0.62
línea,line,2.67,1.74,2.08,1.47,1.88,1.85,1.44,0.77,1.08,0.28,3.16,1.75,1.46,1.25,2.78,4.79,4.9,NA,-0.87,-1.1
rapaz,predatory bird,3.83,1.34,6.56,1.78,3.88,1.98,4.2,1.66,4.54,1.53,3.56,2.16,3.83,2.16,2.78,4.48,5.51,Aves (A bird),1.18,0.49
cine,cinema,4.88,2.01,2,1.73,1.08,0.28,2.08,1.19,5.75,1.48,4.64,2.36,3.58,2.02,2.76,5.77,6.58,Deportes (A sport),0.61,0.57
cima,summit,3.92,1.41,1.4,0.58,1.33,1.05,2.72,1.79,2.25,1.7,3.84,1.91,2.21,1.32,2.71,4.89,5.64,Accidentes geográficos y formaciones naturales de la tierra (A natural Earth formation),-0.3,-0.45
estómago,stomach,3.67,1.55,4.88,2.28,2.67,1.69,4.08,2.14,2.96,1.16,2.08,1.63,4.54,2.25,2.68,6.38,NA,Partes del cuerpo humano (A part of the human body),0.78,0.06
óptica,optics,3.33,1.4,1.56,0.77,1.54,1.5,2,1.26,2.25,1.57,2.72,1.31,2.33,1.37,2.67,5.39,5.13,Ciencias (A science),-0.37,-0.84
célula,cell,3.29,1.83,5.68,1.86,2.63,2.48,2.52,1.78,1,0,3.2,1.41,1.83,1.55,2.44,5.6,4.45,NA,-0.17,-0.41
bóveda,vault,3.88,1.6,1.6,1,1.71,1.2,2.64,1.25,2.29,1.65,2.52,1.66,2.58,1.74,2.43,5.44,5.71,Partes de un edificio (A part of a building),-0.18,-0.67
médula,marrow,2.46,0.83,2.12,1.3,2.5,1.77,3.04,2.03,1.38,0.65,2.12,1.2,2.58,1.79,2.22,5.92,4.75,Partes del cuerpo humano (A part of the human body),-0.37,-1.17
precipicio,precipice,4,1.91,1.56,0.96,1.04,0.2,5.56,1.92,2.46,1.84,2.52,1.61,1.79,1.44,2.15,4.95,5.61,Accidentes geográficos y formaciones naturales de la tierra (A natural Earth formation),0.56,-1
niebla,fog,2.58,1.67,5.88,1.59,1.04,0.2,2.08,0.91,1.13,0.34,4.2,1.89,2,1.35,2.12,5.53,6,Fenómenos atmosféricos (A weather phenomenon),-0.14,-0.27
sirena,siren,6.04,1.16,6,1.71,1.75,1.45,2.24,1.45,4.71,2.24,3.48,1.96,2.54,2.21,2.09,4.32,5.88,NA,1.01,0.78
techo,ceiling,2.33,1.34,1.32,0.48,1.42,0.88,2.88,1.51,2.13,1.68,2.48,1.48,1.96,1.52,2.07,5.68,5.87,Partes de un edificio (A part of a building),-0.26,-1.38
signo,sign,2.79,1.35,2,1.68,2.42,2.21,1.76,1.33,1.04,0.2,3.28,1.49,1,0,1.87,3.89,5.13,NA,-0.9,-1.19
península,peninsula,3.63,1.95,1.68,1.14,1,0,1.68,1.18,3.04,2.74,3.76,1.81,1.92,1.47,1.86,6.02,5.43,Accidentes geográficos y formaciones naturales de la tierra (A natural Earth formation),-0.25,-0.57
rayo,lightning,6.71,1.73,7.24,1.01,1,0,6.6,1.66,5.04,2.53,2.72,1.88,1.63,1.24,1.76,5.6,6.22,Fenómenos atmosféricos (A weather phenomenon),2.41,0.47
dragón,dragon,6.71,0.91,5.64,2.23,1.63,1.47,5.24,2.74,6.63,1.35,2.76,1.98,3.21,2.55,1.52,6.01,5.88,NA,2.26,0.82
nube,cloud,4.08,1.95,6.6,1.44,1.25,0.74,1.4,1.41,1.54,0.88,5.68,2.04,1.63,1.06,1.46,6,6.62,Fenómenos atmosféricos (A weather phenomenon),-0.19,0.58
ángel,angel,4.88,2.29,5,2.08,1.42,0.93,1.16,0.37,1.75,0.9,4.68,2.5,1.38,0.92,1.45,5.06,5.38,Nombres de varón (A male's first name),-0.33,0.31
abismo,abyss,3.21,2.21,1.76,1.16,1.04,0.2,5.64,2.14,2.63,1.95,2.56,1.58,1.54,1.18,1.41,3.86,5.19,Accidentes geográficos y formaciones naturales de la tierra (A natural Earth formation),0.61,-1.28
hada,fairy,6.04,1.97,5.04,2.44,1.38,1.06,1.36,0.76,1.71,1.04,3.92,2.14,2,1.64,1.39,5.26,4.97,NA,-0.14,0.64
júpiter,jupiter,5.63,1.58,5.32,2.54,1,0,1.6,1.26,2.13,1.94,3.52,1.69,1.5,1.14,1.27,6.02,4.68,NA,0.11,0.29
horizonte,horizon,4.5,2.27,2.12,2.09,1,0,1.16,0.62,1.38,1.06,4.56,2.08,1.54,1.1,1.27,5.24,5.76,NA,-0.8,-0.13
cielo,sky,5.96,1.6,3.48,2.76,1,0,1.32,0.69,2.08,1.67,5.56,2.02,1.25,0.85,1.24,5.16,6.35,Colores (A color),-0.42,0.64
diablo,devil,6.38,1.93,4.4,2.43,1.46,1.35,5.24,2.67,3.46,2.15,2.6,1.61,2.5,2.32,1.1,5.31,5.51,NA,1.24,0.31
