word_turkish,translate_word_english,aoa_overall_mean,aoa_overall_sd,aoa_mean_children,aoa_sd_children,aoa_mean_older,aoa_sd_young_adults,aoa_mean_middle_aged,aoa_sd_middle_aged,aoa_mean_older_adults,aoa_sd_older_adults,imagine_mean,concrete_mean,frequency_mean,syllables,length
açlık,hunger,1.79,0.94,1.77,0.78,1.79,0.95,1.83,0.95,1.75,1.06,4.24,3.68,54,2,5
adalet,justice,3.61,1.99,2.6,1.13,4.1,1.75,4.2,1.92,3.61,2.44,3.08,1.82,122,3,6
ahşap,wooden,3.03,1.69,2.33,0.99,3.49,1.49,3.51,1.72,2.86,2.04,5.48,6.42,111,2,5
aile,family,1.69,0.85,1.53,0.6,1.6,0.67,1.83,0.93,1.76,1.04,5.91,4.78,753,3,4
ajan,spy,4.25,2.11,2.89,1.19,4.04,1.81,5.04,1.84,4.93,2.55,4.48,5.6,11,2,4
akıl,wisdom,2.2,1.22,1.77,0.75,2.32,1.04,2.59,1.38,2.16,1.42,3.3,2.05,679,2,4
akıllı,wise,2.07,1.15,1.7,0.73,2.17,1.46,2.33,1.2,2.08,1.32,3.19,2.41,73,3,6
alet,tool,2.33,1.44,1.78,0.82,2.57,1.31,2.67,1.49,2.34,1.76,4.61,6.63,137,2,4
alıntı,citation,4.45,2.2,2.68,1.19,4.81,1.92,5.17,1.92,5.08,2.47,3.7,4.45,12,3,6
alışkın,accustomed,2.69,1.67,2.09,1.05,2.69,1.58,3.37,1.81,2.61,1.85,2.33,2.34,10,3,7
alkol,alcohol,3.56,2.04,2.54,0.91,3.78,1.8,4.01,2.1,3.89,2.54,5.87,6.46,133,2,5
alt,bottom,2.18,1.33,1.75,0.72,2.26,1.27,2.6,1.69,2.12,1.3,3.71,4.28,1237,1,3
altın,gold,2.3,1.27,1.91,0.77,2.48,1.19,2.66,1.37,2.18,1.47,6.3,6.72,168,2,5
anarşist,anarchist,5.42,2.02,4.06,1.77,6.37,1.38,5.09,2,5.89,2.09,4.41,5.66,3,3,8
anne,mother,1.18,0.5,1.06,0.24,1.1,0.3,1.22,0.54,1.31,0.68,6.69,5.84,1037,2,4
anten,antenna,3.16,1.96,2.1,0.91,2.75,1.39,3.21,1.75,4.39,2.49,6.36,6.87,12,2,5
araba,car,1.62,0.96,1.4,0.54,1.33,0.51,1.84,1.14,1.86,1.21,6.63,6.87,422,3,5
arkadaş,friend,1.7,0.83,1.67,0.8,1.58,0.57,1.87,1.04,1.67,0.82,5.85,5.25,764,3,7
asker,soldier,1.95,1.07,1.83,0.7,1.94,0.97,2.23,1.33,1.82,1.13,6.5,6.7,181,2,5
atık,waste,3.82,2.11,2.5,1.09,3.77,1.62,4.55,2.08,4.41,2.59,3.81,6.04,49,2,4
atletik,athletic,3.86,2.08,2.58,1.11,4.29,1.75,4.6,1.9,3.99,2.57,5.3,4.56,7,3,7
atmosfer,atmosphere,3.97,1.96,3.16,1.34,4.4,1.75,4.44,1.68,3.95,2.54,4.19,5.67,70,3,8
atom,atom,4.6,2.02,3.47,1.38,4.34,1.77,4.97,1.83,5.47,2.33,3.16,4.73,52,2,4
avare,vagabond,4.63,2.21,3.38,1.58,5.55,1.86,4.85,1.99,4.27,2.53,3.37,3.07,2,3,5
avuç,palm,1.8,0.92,1.71,0.69,1.83,1,2.01,1.12,1.66,0.83,6.2,6.63,71,2,4
ayakkabı,shoe,1.61,0.74,1.63,0.67,1.51,0.61,1.65,0.69,1.63,0.92,6.44,6.88,147,4,8
ayıp,indecency,1.83,0.91,1.76,0.74,1.93,1.03,1.95,1.02,1.7,0.85,3.06,1.97,75,2,4
aykırı,contradictory,3.57,2.01,2.64,1.37,3.77,1.88,4.23,1.88,3.66,2.4,2.74,2.15,50,3,6
ayna,mirror,1.75,0.87,1.63,0.69,1.75,0.88,1.9,0.95,1.72,0.93,6.41,6.79,144,2,4
azim,determination,3.43,1.84,2.51,1.1,3.93,1.79,3.8,1.58,3.52,2.31,2.45,1.88,10,2,4
baba,father,1.2,0.51,1.14,0.35,1.16,0.66,1.21,0.52,1.28,0.49,6.5,5.92,1024,2,4
bacak,leg,1.56,0.69,1.54,0.67,1.41,0.53,1.7,0.82,1.59,0.67,6.5,6.86,185,2,5
bağnaz,puritan,5.44,2.06,3.8,1.87,5.96,1.7,5.71,1.76,5.35,2.33,2.82,2.49,3,2,6
bal,honey,1.67,0.71,1.68,0.64,1.56,0.56,1.79,0.77,1.63,0.8,6.37,6.84,69,1,3
balık,fish,1.63,0.68,1.46,0.57,1.54,0.59,1.9,0.8,1.63,0.65,6.67,6.79,300,2,5
balkon,balcony,1.99,1.26,1.7,0.71,1.79,0.87,2.17,1.27,2.24,1.73,6.45,6.87,57,2,6
barınak,shelter,3.02,1.85,2.17,0.98,3.23,1.64,3.62,1.89,3.09,2.29,5.47,6.43,16,3,7
barış,peace,2.4,1.51,1.81,0.8,2.45,1.42,2.76,1.41,2.57,1.97,3.43,2.44,67,2,5
basınç,pressure,4.26,1.98,3.37,1.37,4.25,1.59,4.92,1.76,4.46,2.55,3.25,4.85,83,2,6
başarı,success,2.37,1.29,1.98,0.79,2.38,1.03,2.72,1.25,2.39,1.71,3.56,2.52,304,3,6
başıboş,unattended,3.04,1.69,2.52,1.16,3.57,1.66,3.44,1.62,2.71,1.95,2.97,2.82,20,3,7
bayi,dealer,4.42,2.17,2.89,1.5,4.94,1.93,4.87,1.78,4.94,2.52,4.85,6.26,51,2,4
bayrak,flag,1.84,0.8,1.77,0.69,1.8,0.89,2.03,0.84,1.76,0.77,6.51,6.59,55,2,6
bayram,festival,1.66,0.69,1.59,0.63,1.64,0.69,1.78,0.77,1.61,0.66,4.71,3.99,127,2,6
beceri,skill,3.21,1.89,2.21,1.07,3.1,1.47,3.75,1.79,3.71,2.41,2.99,2.95,63,3,6
belâ,trouble,2.84,1.66,2.19,1,3.2,1.39,3.4,1.76,2.61,1.97,2.7,1.93,58,2,4
belde,town,4.35,2.12,2.9,1.2,4.76,1.79,5.08,1.89,4.54,2.56,3.71,5.35,24,2,5
belge,document,3.65,2.05,2.32,1.05,3.46,1.59,4.52,1.86,4.22,2.54,5.03,6.5,190,2,5
bencil,selfish,3.76,2.03,2.55,1.07,3.69,1.74,4.41,1.84,4.32,2.51,3.06,2.06,14,2,6
berber,barber,1.99,1.08,1.83,0.69,1.99,0.95,2.18,1.25,1.97,1.27,6.24,6.61,7,2,6
beyaz,white,1.7,0.8,1.63,0.63,1.68,0.84,1.76,0.86,1.72,0.84,6,5.04,282,2,5
bıçak,knife,1.7,0.78,1.68,0.71,1.77,0.72,1.8,1.01,1.58,0.61,6.55,6.87,100,2,5
biber,pepper,1.69,0.8,1.58,0.63,1.74,0.95,1.86,0.91,1.58,0.66,6.51,6.75,73,2,5
bilek,wrist,1.89,0.88,1.77,0.71,1.9,0.81,2.17,1.16,1.76,0.73,6.06,6.82,42,2,5
bilgi,information,2.5,1.46,1.99,0.82,2.46,1.13,3.07,1.57,2.48,1.82,2.65,2.53,985,2,5
bilimci,scientist,4.33,2.17,2.68,1.2,4.26,1.86,4.91,1.98,5.3,2.39,3.66,5.46,18,3,7
bilişim,informatics,5.36,2.1,2.92,1.38,5.84,1.68,6.07,1.66,6.46,1.51,2.6,3.7,29,3,7
bina,building,1.99,1.12,1.74,0.78,1.82,0.74,2.41,1.34,1.98,1.31,6.05,6.78,313,2,4
bisiklet,bicycle,1.87,1.16,1.59,0.66,1.69,0.63,2.25,1.55,1.92,1.31,6.51,6.86,64,3,8
bitki,plant,2.11,1.19,1.86,0.72,2.12,1.1,2.45,1.29,2.02,1.43,5.89,6.6,234,2,5
blok,block,4.19,2.17,2.68,1.19,4.2,1.89,4.89,2.06,4.87,2.46,4.15,5.55,51,2,4
boğa,bull,2.16,1.25,1.9,0.82,2.2,1.11,2.51,1.44,2.04,1.41,6.18,6.84,38,2,4
borçlu,indebted,3.22,1.82,2.28,0.94,3.65,1.57,3.7,1.72,3.28,2.33,3.08,4.32,32,2,6
boru,pipe,2.19,1.26,1.97,0.72,2.39,1.14,2.3,1.33,2.13,1.59,6.32,6.89,80,2,4
boya,paint,1.76,0.92,1.69,0.87,1.62,0.72,1.99,1.14,1.73,0.85,5.35,6.43,98,2,4
boza,fermented millet drink,3.56,2.06,3.02,1.46,3.89,1.85,4.1,2.17,3.24,2.37,6.33,6.64,4,2,4
böcek,insect,1.5,0.6,1.43,0.55,1.46,0.5,1.62,0.71,1.49,0.62,6.32,6.75,37,2,5
bölüm,section,3.19,1.84,2.28,0.94,3.06,1.48,3.79,1.6,3.58,2.49,3.1,3.93,682,2,5
brüt,gross,5.3,2.02,3.49,1.37,5.58,1.73,5.7,1.79,5.68,2.21,2.39,2.99,6,1,4
bulut,cloud,1.79,0.87,1.65,0.65,1.68,0.66,1.98,0.93,1.83,1.09,6.45,6.29,66,2,5
bunalım,depression,4.34,2.16,2.89,1.49,4.76,1.84,5.1,1.93,4.61,2.47,3.17,1.94,51,3,7
bunaltı,gloom,3.93,2.1,2.75,1.28,4.15,1.88,4.43,1.95,4.36,2.54,3.14,3.16,2,3,7
buz,ice,1.85,0.99,1.63,0.64,2,1.1,1.93,0.99,1.85,1.12,6.42,6.74,75,1,3
büro,office,4.02,2.07,2.93,1.07,3.7,1.82,4.76,2.01,4.57,2.48,5.43,6.37,69,2,4
büyü,magic,3.41,2.07,2.2,1.13,3.4,1.75,4.1,2.02,3.87,2.51,2.92,1.78,11,2,4
cadde,street,2.21,1.21,1.94,0.81,2.15,0.83,2.58,1.44,2.18,1.46,6.11,6.52,320,2,5
cami,mosque,1.81,0.94,1.76,0.78,1.79,0.84,1.93,0.92,1.76,1.13,6.56,6.59,188,2,4
cansız,lifeless,2.6,1.43,2.26,0.98,2.66,1.18,3.18,1.59,2.32,1.63,4.19,5.29,13,2,6
ceket,jacket,1.89,0.92,1.7,0.68,1.99,0.93,2.03,1.06,1.83,0.93,6.39,7,64,2,5
cenaze,funeral,2.36,1.42,2.08,0.92,2.44,1.31,2.69,1.49,2.24,1.71,5.4,5.51,45,3,6
cenin,embryo,5.78,1.9,3.26,1.97,6.14,1.48,5.96,1.62,6.18,1.78,4.36,5.72,5,2,5
cennet,heaven,2.34,1.37,2,0.85,2.52,1.5,2.67,1.41,2.2,1.52,3.76,1.76,84,2,6
cesur,brave,2.58,1.53,2.01,0.95,2.77,1.32,3.01,1.62,2.54,1.84,3.49,2.25,39,2,5
cevap,answer,2.03,1.11,1.83,0.67,1.85,0.76,2.29,1.25,2.12,1.43,3.99,4.35,381,2,5
cihaz,device,3.65,2.01,2.42,1.04,3.71,1.78,3.94,1.8,4.43,2.49,4.76,6.43,173,2,5
cinayet,homicide,3.34,1.81,1.59,1.01,3.43,1.58,3.83,1.64,3.51,2.39,4.5,4.71,105,3,7
cisim,object,3.01,1.66,2.31,1.08,2.9,1.04,3.63,1.61,3.15,2.21,3.64,5.84,68,2,5
çabuk,quick,1.89,1.02,1.77,0.74,1.97,1.1,2.03,1.1,1.8,1.08,2.98,2.4,141,2,5
çağrı,call,3.49,1.99,2.41,1.07,3.64,1.61,3.77,1.93,4.11,2.52,3.23,3.9,58,2,5
çamaşır,laundry,1.77,0.92,1.71,0.81,1.77,0.79,1.9,1.1,1.72,0.94,6.04,6.78,52,3,7
çare,cure,3.23,1.91,2.32,0.91,3.73,1.85,3.58,1.75,3.32,2.42,3.26,2.11,113,2,4
çehre,countenance,3.5,1.93,3.11,1.49,4.28,1.66,4.06,1.96,2.65,1.98,4.88,6.02,15,2,5
çelenk,wreath,3.42,1.81,2.82,1.08,3.58,1.49,3.92,1.64,3.45,2.43,6.08,6.71,4,2,6
çerçeve,frame,2.09,1.21,1.86,0.94,2.05,1.1,2.52,1.49,1.95,1.13,6.11,6.76,179,3,7
çığlık,scream,2.18,1.33,1.81,0.8,2.18,1.11,2.5,1.35,2.24,1.74,4.6,5.2,74,2,6
çiçek,flower,1.58,0.66,1.45,0.6,1.52,0.58,1.73,0.74,1.59,0.66,6.61,6.67,177,2,5
çiçekçi,florist,2.21,1.44,1.7,0.77,1.77,0.69,2.77,1.7,2.5,1.79,6.12,6.53,10,3,7
çikolata,chocolate,1.78,1.19,1.5,0.58,1.44,0.54,1.97,1.3,2.13,1.67,6.49,6.91,115,4,8
çirkin,ugly,1.96,1.14,1.64,0.72,1.79,0.8,2.45,1.45,1.94,1.23,4.08,2.61,63,2,6
çocuk,child,1.51,0.76,1.44,0.6,1.43,0.54,1.54,0.85,1.59,0.92,6.36,6.45,2326,2,5
çömlek,pottery,2.65,1.63,2.46,1.24,2.99,1.55,2.95,1.78,2.27,1.77,5.18,6.85,12,2,6
çubuk,stick,1.86,1.08,1.58,0.7,1.94,1.06,2.21,1.3,1.72,1.08,5.13,6.47,45,2,5
çukur,pit,2.11,1.11,2,0.78,2.25,1.06,2.26,1.36,1.94,1.14,5.93,6.39,70,2,5
damar,vein,2.68,1.4,2.3,0.89,3.1,1.4,2.98,1.41,2.41,1.63,5.29,6.52,96,2,5
damla,drop,2.14,1.14,1.97,0.79,2.09,0.95,2.48,1.31,2.03,1.32,5.87,6.64,84,2,5
dans,dance,2.37,1.71,1.76,0.73,1.77,0.92,3,1.98,2.82,2.18,4.96,5.1,68,1,4
davet,invitation,2.91,1.66,2.18,0.84,3.03,1.49,3.6,1.63,2.85,2.07,4.26,3.66,53,2,5
dayak,whipping,1.84,0.87,1.86,0.91,2.09,0.99,1.84,0.68,1.62,0.85,4.67,4.85,76,2,5
dede,grandfather,1.52,0.71,1.42,0.58,1.46,0.81,1.65,0.81,1.54,0.64,6.39,6.48,118,2,4
delik,hole,1.87,0.95,1.76,0.77,2.03,1,1.95,1.09,1.78,0.89,5.65,6.09,111,2,5
demir,iron,2.08,0.99,1.87,0.76,2.34,1.04,2.29,1.03,1.87,1.01,5.5,6.77,135,2,5
deniz,sea,1.84,1.14,1.58,0.62,1.47,0.63,2.28,1.38,1.98,1.39,6.49,6.57,509,2,5
depo,warehouse,2.96,1.65,2.19,0.82,3.22,1.4,3.56,1.61,2.9,2.12,5.58,6.67,92,2,4
dere,brook,1.97,0.91,1.79,0.74,2.11,0.92,2.18,1.05,1.84,0.86,5.96,6.86,58,2,4
deri,leather,2.19,1.25,2.04,1.12,2.62,1.43,2.23,1.25,1.96,1.13,5.55,6.74,204,2,4
dert,trouble,3.27,1.88,2.41,0.9,3.6,1.82,3.83,1.77,3.29,2.37,3.44,2.16,158,1,4
devlet,state,3.11,1.67,2.57,1.04,3.39,1.38,3.51,1.59,2.99,2.21,3.73,3.73,902,2,6
deyim,idiom,3.38,1.74,2.67,0.84,3.23,1.08,4.09,1.61,3.51,2.46,3.11,2.84,60,2,5
dikiş,seam,2.18,1.18,1.97,0.79,2.51,1.23,2.21,1.33,2.06,1.23,5.52,6.33,24,2,5
din,religion,2.22,1.23,2.01,1,2.4,1.3,2.62,1.3,1.91,1.2,3.38,2.22,261,1,3
dinamik,dynamic,4.26,2.14,2.71,1.19,4.73,1.89,4.81,1.87,4.77,2.54,3,2.76,81,3,7
dizgin,reins,3.87,2.18,2.7,1.42,4.9,1.99,4.37,2.09,3.49,2.36,3.42,5.31,8,2,6
dostluk,friendship,2.57,1.54,1.95,0.86,2.83,1.58,2.84,1.39,2.67,1.92,4.07,1.97,86,2,7
dram,drama,4.15,2.05,3.04,1.31,4.34,1.85,4.76,1.84,4.42,2.51,2.82,2.84,50,1,4
dua,prayer,1.82,0.85,1.75,0.76,1.9,0.8,1.97,0.94,1.67,0.86,4,2.84,51,2,3
dudak,lip,1.71,0.78,1.63,0.74,1.61,0.67,1.89,0.98,1.71,0.67,6.46,6.8,157,2,5
duygulu,sentimental,2.99,1.87,2.03,0.86,3.3,1.79,3.58,1.89,3.09,2.24,3.44,2.02,16,3,7
dükkân,shop,1.89,1,1.76,0.72,1.94,0.93,2.09,1.05,1.81,1.19,6.17,6.73,205,2,6
dürüst,honest,2.84,1.73,2.06,0.92,3,1.5,3.55,1.78,2.8,2.11,3.3,2.09,54,2,6
ebleh,imbecile,5.71,1.99,3.3,2.2,6.06,1.67,6,1.66,5.55,2.2,1.85,2.67,2,2,5
ekonomi,economy,4.33,2.07,2.87,1.13,3.89,1.77,4.97,1.83,5.37,2.31,3.21,3.47,336,4,7
ekran,screen,3.4,2.2,2,0.83,2.38,1.25,3.45,1.96,5.43,2.35,6.27,6.74,144,2,5
elektrik,electricity,2.3,1.45,1.99,0.78,2.01,0.98,2.56,1.62,2.57,1.92,4.57,5.31,260,4,8
elem,sorrow,4.44,2.26,2.82,1.67,5.56,1.95,4.57,1.84,3.92,2.54,2.32,1.78,11,2,4
eleştirmen,critic,4.68,2.11,3.06,1.29,4.41,1.66,5.51,1.81,2.5,2.38,3.8,5.34,22,4,10
elma,apple,1.52,0.65,1.51,0.58,1.43,0.52,1.53,0.68,1.59,0.77,6.73,6.95,64,2,4
enerjik,energetic,3.95,2.08,2.86,1.25,3.45,1.62,4.55,1.93,4.79,2.55,3.65,2.69,14,3,7
engel,obstacle,2.75,1.61,2.08,0.88,3.18,1.48,3.19,1.61,2.63,1.96,3.97,4.42,126,2,5
enginar,artichoke,3.92,2.22,2.76,1.39,3.84,1.99,4.85,2.12,4.14,2.58,5.59,6.74,31,3,7
erozyon,erosion,4.09,1.94,2.99,1.04,4.43,1.69,4.17,1.54,2.76,2.54,4.26,6.01,21,3,7
esinti,breeze,2.89,1.77,2.27,1.23,3.22,1.68,3.19,1.58,2.92,2.23,3.99,5.36,17,3,6
esir,captive,3.14,1.81,2.32,1.04,3.73,1.7,3.57,1.74,3.02,2.2,4.64,5.06,30,2,4
espri,joke,3.61,2,2.4,0.91,3.42,1.68,4.15,1.81,4.35,2.53,3.61,2.76,28,2,5
eşek,donkey,1.59,0.68,1.52,0.58,1.66,0.59,1.72,0.77,1.49,0.71,6.4,6.8,52,2,4
eşit,equal,2.72,1.6,2.05,0.86,2.96,1.61,3.17,1.55,2.72,1.95,3.57,2.78,103,2,4
eşsiz,unique,3.7,2.04,2.48,1.08,3.86,1.74,4.5,1.9,3.95,2.52,2.16,2.35,36,2,5
eşya,item,1.7,0.86,1.47,0.58,1.67,0.65,1.85,0.93,1.79,1.09,5.15,6.56,199,2,4
et,meat,1.67,0.78,1.5,0.6,1.75,0.66,1.9,1.08,1.56,0.64,6.43,6.76,259,1,2
etken,factor,4.3,2.18,3.01,1.71,4.86,1.93,4.91,1.86,4.39,2.52,2.57,2.98,104,2,5
ev,house,1.45,0.59,1.37,0.52,1.41,0.64,1.51,0.64,1.49,0.58,6.54,6.69,1887,1,2
evlât,offspring,2.34,1.31,2.03,0.83,2.71,1.35,2.55,1.23,2.15,1.58,5.29,6,78,2,5
evrensel,universal,4.71,2.18,2.95,1.41,4.71,1.95,5.52,1.87,5.52,2.26,2.27,2.2,55,3,8
faks,fax,5,2.09,3.06,1.26,4.25,1.78,5.87,1.78,6.48,1.53,5.78,6.66,129,1,4
fâni,mortal,4.08,2.19,2.6,1.28,4.4,1.83,4.84,2.04,4.32,2.6,2.49,2.45,9,2,4
fazlalık,redundancy,3.02,1.74,2.28,0.89,3.22,1.63,3.5,1.65,3.09,2.24,3.12,3.99,17,3,8
felâket,disaster,3.06,1.72,2.36,0.98,3.47,1.51,3.52,1.68,2.97,2.19,3.86,3.4,68,3,7
festival,festival,4.27,2.08,2.7,1.02,4.21,1.7,4.96,1.93,5.08,2.4,5.04,5.07,25,3,8
fırça,brush,2.01,1.15,1.75,0.77,1.93,1.02,2.3,1.26,2.05,1.36,6.11,6.73,52,2,5
fincan,cup,2.04,1.05,1.92,0.75,2.1,1.08,2.2,1.22,1.94,1.07,6.47,6.94,15,2,6
fobi,phobia,4.47,2.15,2.89,1.29,4.38,1.79,5.5,1.8,4.97,2.51,3.28,2.15,3,2,4
formül,formula,4.19,2.02,2.89,1.25,4.13,1.76,4.76,1.74,4.89,2.43,4.08,4.58,50,2,6
fotoğraf,photograph,1.87,1.04,1.75,0.7,1.64,0.79,2.01,0.86,2.04,1.48,6.27,6.62,335,3,8
füze,rocket,4.04,2.14,2.54,1.1,4.01,1.82,4.32,1.89,5.17,2.51,5.99,6.7,13,2,4
gaddar,brutal,3.94,2.03,2.82,1.28,4.42,1.75,4.17,1.87,4.28,2.51,3.05,2.59,2,2,6
garanti,guarantee,4.13,2.14,2.5,1.09,4.14,1.78,4.91,1.86,4.87,2.51,2.78,3.16,72,3,7
garson,waiter,2.77,1.69,2.09,0.83,2.43,0.99,3.37,1.81,3.13,2.25,6.24,6.61,90,2,6
gazete,newspaper,2.09,1.21,1.78,0.81,1.88,0.79,2.41,1.31,2.24,1.55,6.51,6.81,532,3,6
geçerlik,validity,4.49,2.22,2.74,1.44,5.19,1.91,4.98,1.98,4.75,2.49,1.62,1.63,4,3,8
gelin,bride,2,1.09,1.81,0.74,1.98,0.97,2.19,1.26,2.02,1.24,6.18,6.28,67,2,5
gemi,ship,2.05,1.27,1.61,0.7,1.93,0.89,2.41,1.52,2.23,1.53,6.61,6.92,164,2,4
gerçeklik,reality,3.87,2.11,2.42,1.13,3.65,1.77,4.65,1.9,4.58,2.47,1.89,2.06,35,3,9
gezi,trip,2.21,1.33,1.77,0.77,2.05,0.96,2.47,1.2,2.49,1.86,4.6,4.98,74,2,4
gıcırtı,squeak,2.41,1.4,2.1,1.13,2.8,1.31,2.58,1.36,2.23,1.62,4.03,5.29,12,3,7
girift,intricate,6.01,1.84,2.84,1.77,6.37,1.42,6.36,1.35,6.17,1.83,1.52,2.92,5,2,6
giyim,clothing,1.88,1,1.67,0.75,2,0.92,1.96,1,1.91,1.23,5.71,5.45,74,2,5
giysi,clothes,2.02,1.24,1.72,0.68,1.76,0.75,2.02,0.94,2.5,1.89,6.08,6.54,125,2,5
göl,lake,2.19,1.15,1.94,0.96,2.3,0.93,2.62,1.35,1.93,1.16,6.38,6.76,115,1,3
gölge,shadow,2.37,1.52,1.79,0.8,3.01,1.78,2.61,1.57,2.18,1.55,5.05,5.55,105,2,5
gömlek,shirt,1.9,0.95,1.65,0.73,1.94,0.92,2.12,0.94,1.91,1.11,6.64,6.89,73,2,6
gözlük,eyeglasses,1.95,1.27,1.62,0.6,1.67,0.73,2.19,1.32,2.25,1.8,6.63,6.87,78,2,6
gravür,engraving,6.12,1.78,3.43,1.85,6.37,1.4,6.49,1.27,6.07,2.02,2.68,5.63,3,3,6
gurur,pride,3.11,1.83,2.23,1,3.26,1.48,3.53,1.76,3.4,2.38,2.68,1.69,60,2,5
gül,rose,1.75,0.81,1.63,0.65,1.78,0.69,1.89,0.97,1.7,0.85,6.42,6.79,116,1,3
gülüş,smile,1.96,1.12,1.8,0.91,1.87,0.82,2.12,1.19,2.03,1.38,5.32,4.66,28,2,5
gün,day,1.62,0.59,1.51,0.55,1.52,0.56,1.85,0.63,1.6,0.58,3.22,3.81,2633,1,3
gündüz,daytime,1.71,0.85,1.53,0.68,1.83,0.96,1.89,0.9,1.61,0.8,4.94,5.27,57,2,6
güney,south,2.67,1.41,2.2,0.89,2.97,1.35,3.24,1.25,2.35,1.72,4.25,3.66,138,2,5
gürültü,noise,2,1.17,1.84,0.78,1.91,0.95,2.11,1.24,2.11,1.5,4.55,5.29,131,3,7
haber,news,2.43,1.42,1.83,0.69,2.56,1.34,2.77,1.43,2.54,1.76,4.21,4.55,598,2,5
hacim,volume,3.7,1.8,3.19,1.1,4.03,1.44,4.17,1.74,3.46,2.38,3.5,4.94,66,2,5
haksız,unjust,2.83,1.66,2.17,0.96,3.13,1.53,3.37,1.73,2.7,1.96,2.67,2.3,55,2,6
hamile,pregnant,2.15,1.2,1.93,0.79,1.95,0.94,2.51,1.32,2.17,1.46,6.44,6.45,35,3,6
hamur,dough,1.81,0.87,1.69,0.68,1.8,0.74,1.96,0.91,1.8,1.05,5.91,6.55,85,2,5
haraç,tribute,4.57,2.12,3.01,1.37,4.77,1.85,5.2,1.85,5.09,2.43,3.52,5.02,8,2,5
harf,letter,2,0.91,1.98,0.78,2.13,0.9,2.21,1.11,1.73,0.77,5.56,6.02,93,1,4
harika,wonder,2.48,1.62,1.81,0.76,2.17,1.1,2.96,1.6,2.91,2.2,2.87,1.44,77,3,6
harita,map,2.59,1.28,2.28,0.78,2.51,1,3.03,0.97,2.54,1.86,6.26,6.7,61,3,6
hasar,damage,3.32,1.87,2.33,1.01,3.37,1.53,4.02,1.69,3.55,2.42,3.94,4.47,62,2,5
hastane,hospital,3.31,1.98,1.66,0.67,1.78,0.73,2.12,1.35,2.06,1.36,6.34,6.68,209,3,7
haşarı,mischievous,1.91,1.11,3.03,1.39,4.54,2.07,3.36,1.84,2.48,1.85,3.99,2.85,5,3,6
hata,error,2.1,1.11,1.9,0.81,2.26,1.19,2.3,1.18,1.97,1.19,3.16,2.9,215,2,4
havuz,swimming pool,2.29,1.49,1.79,0.77,1.78,0.84,2.78,1.54,2.69,2,6.45,6.83,71,2,5
hayat,life,2.46,1.45,1.87,0.82,2.47,1.18,2.82,1.39,2.66,1.92,2.91,3,1024,2,5
haydut,bandit,3.35,1.9,2.63,1.24,3.88,1.87,3.43,1.63,3.48,2.39,4.95,5.87,9,2,6
hayret,astonishment,2.65,1.55,2.17,0.99,2.85,1.39,2.91,1.44,2.68,2.03,2.95,1.9,60,2,6
hayta,punk,4.4,2.18,3.41,1.74,4.44,2.02,4.91,2.02,4.59,2.51,2.46,2.74,2,2,5
hayvan,animal,1.58,0.68,1.52,0.68,1.59,0.6,1.72,0.83,1.48,0.58,6.1,6.49,334,2,6
haz,pleasure,4.84,2.19,3.13,1.52,5.84,1.7,3.37,1.85,4.63,2.51,2.93,1.59,41,1,3
heykel,sculpture,2.67,1.55,2.17,0.98,2.49,1.34,3.04,1.3,2.93,2.1,6.26,6.78,69,2,6
hırçınlık,peevishness,3.01,1.81,2.5,1.1,3.23,1.81,3.36,1.88,2.95,2.12,3.21,2.1,6,3,9
hırs,greed,3.48,1.94,2.41,1.07,3.92,1.72,3.87,1.73,3.73,2.47,2.83,1.71,66,1,4
hizmet,service,3.24,1.83,2.27,0.93,3.65,1.67,4.03,1.75,3.09,2.19,3.46,2.95,471,2,6
hormon,hormone,5.03,2.14,3.37,1.55,4.95,1.9,6.15,1.5,5.55,3.5,3.02,5.36,59,2,6
horultu,snore,2.76,1.63,2.23,1.01,2.98,1.5,3.2,1.78,2.65,1.88,4.85,5.36,2,3,7
hoşnut,pleased,3.6,1.96,2.74,1.36,3.71,1.62,4.27,1.87,3.65,2.43,3.42,2.19,6,2,6
hukuk,law,4.33,2.12,2.71,0.99,4.44,1.87,5.14,1.86,4.97,2.45,3.32,3.79,182,2,5
hüzün,sadness,3.05,1.84,2.25,1.27,3.08,1.38,3.78,1.81,3.07,2.31,3.41,1.68,75,2,5
ılık,lukewarm,1.94,1.06,1.82,0.79,1.91,0.95,2.16,1.24,1.89,1.14,4.16,4.63,54,2,4
ıslak,wet,1.79,0.82,1.75,0.66,1.75,0.74,1.97,0.96,1.69,0.86,5.25,5.91,50,2,5
ıslık,whistle,2.05,1.13,2.01,0.82,2.32,2.28,2.11,1.29,1.81,1.04,4.81,5.49,20,2,5
ısrar,insistence,2.73,1.72,2,0.85,2.85,1.59,3.1,1.7,2.95,2.18,2.84,2.04,52,2,5
ibadet,worship,2.54,1.5,2.19,1.08,3.11,1.65,2.84,1.55,2.13,1.45,4.6,2.67,73,3,6
ideal,ideal,4.61,2.17,2.95,1.41,4.69,2,5.46,1.74,5.25,2.4,2.52,1.64,107,3,5
iğde,oleaster,3.31,2.01,2.74,1.47,4.33,2.05,3.7,2.01,2.53,1.86,5.22,6.37,7,2,4
ihmal,omission,3.2,1.91,2.34,1.1,3.51,1.8,4.01,1.78,3.01,2.29,2.36,2.24,19,2,5
iklim,climate,2.86,1.43,2.56,0.94,3.17,1.33,3.26,1.08,2.52,1.94,3.86,4.59,58,2,5
ilâç,medication,1.88,0.98,1.77,0.75,1.82,0.98,2.1,0.98,1.84,1.14,6.36,6.56,233,2,4
imaj,image,4.78,2.13,2.87,1.35,4.55,1.75,5.6,1.84,5.89,2.03,2.94,2.69,88,2,4
imza,signature,2.98,1.65,2.23,0.88,3.17,1.54,3.44,1.34,3.09,2.21,5.8,6.02,111,2,4
inanç,belief,2.68,1.48,2.19,0.95,3,1.37,3.2,1.46,2.43,1.73,3.01,1.47,208,2,5
incir,fig,1.81,0.89,1.71,0.71,1.8,0.83,1.97,0.91,1.76,1.05,6.31,6.88,27,2,5
indirim,discount,3.83,2.1,2.26,1.04,4.02,1.83,4.63,1.85,4.39,2.46,3.97,4.51,55,3,7
insanlık,humanity,2.92,1.68,2.23,1.05,3.27,1.61,3.37,1.59,2.87,2.03,3.13,1.95,119,3,8
ip,rope,1.62,0.75,1.56,0.58,1.7,0.88,1.7,0.75,1.53,0.75,6.25,6.84,96,1,2
ipek,silk,2.83,1.69,2.1,0.99,3.3,1.73,3.58,1.65,2.43,1.82,5.11,6.24,54,2,4
ishal,diarrhea,2.33,1.4,2.08,1,2.46,1.18,2.65,1.56,2.15,1.62,4.67,5.72,32,2,5
iskele,pier,2.91,1.88,2.38,1.26,2.88,1.64,3.33,1.89,3.04,2.36,5.93,6.71,50,3,6
iskelet,skeleton,2.85,1.53,2.33,1.03,3.16,1.31,3.43,1.48,2.57,1.88,6.03,6.72,26,3,7
işaret,sign,2.14,1.22,1.79,0.72,2.08,0.95,2.44,1.29,2.22,1.59,3.77,5.18,127,3,6
işlemci,processor,4.91,2.15,2.85,1.33,4.84,1.79,6.03,1.65,5.69,2.16,3.15,5.76,10,3,7
itiraz,objection,3.08,1.75,2.43,0.93,3.43,1.62,3.59,1.77,2.92,2.16,3.6,2.48,53,3,6
iyi,good,1.86,1.05,1.57,0.64,1.93,1.04,2.01,0.95,1.92,1.37,2.76,1.42,1907,2,3
iyilik,goodness,1.95,0.98,1.66,0.69,2.04,0.92,2.29,1.24,1.85,0.9,2.79,1.46,47,3,6
izlenim,impression,4.43,2.19,2.63,1.24,4.78,1.94,5.07,1.9,5.16,2.39,2.23,2.46,56,3,7
kabin,cabin,3.78,2.07,2.49,1.09,2.23,1.42,4.42,1.89,4.79,2.53,5.59,6.7,34,2,5
kablo,cable,2.48,1.51,1.93,0.79,2.37,1.15,2.81,1.43,2.76,2.09,6.07,6.87,90,2,5
kaçak,fugitive,3.29,1.86,2.39,1.01,3.82,1.83,3.73,1.72,3.29,2.28,3.78,4.29,54,2,5
kadın,woman,1.77,0.93,1.52,0.58,1.76,0.88,2.03,1.22,1.78,0.86,6.27,6.24,1898,2,5
kafiye,rhyme,4.35,2.01,3.67,1.42,4.72,1.77,4.88,1.84,4.15,2.52,4.27,3.93,14,3,6
kâğıt,paper,1.7,0.82,1.59,0.63,1.55,0.59,1.97,1.1,1.68,0.79,6.56,6.83,323,2,5
kahpe,bitch,4.6,2.19,3.11,1.46,5.5,1.77,5.15,1.94,4.5,2.55,3.5,3.46,3,2,5
kahvaltı,breakfast,1.71,0.9,1.59,0.66,1.6,0.62,1.76,0.79,1.85,1.29,6.25,6.37,71,3,8
kambur,hunchback,2.87,1.61,2.49,1.03,3.26,1.43,3.3,1.62,2.5,1.96,5.41,5.79,13,2,6
kamera,camera,3.51,2.25,1.97,0.84,2.3,1.18,4.03,2.05,5.38,2.39,6.58,6.76,87,3,6
kamyon,truck,1.86,0.97,1.67,0.68,1.7,0.69,2.09,1.17,1.94,1.12,6.49,6.96,84,2,6
kan,blood,1.71,0.82,1.63,0.74,1.74,0.71,1.88,1.04,1.61,0.71,6.09,6.7,371,1,3
kanca,hook,3.04,1.81,2.43,1.16,3.57,1.78,3.56,1.97,2.69,1.91,5.39,6.72,4,2,5
kapak,lid,1.84,1.01,1.64,0.74,1.74,0.76,1.98,0.99,1.97,1.34,5.63,6.69,142,2,5
kapı,door,1.56,0.7,1.53,0.63,1.54,0.56,1.65,0.83,1.54,0.73,6.74,6.86,817,2,4
kapüşon,hood,3.45,2.14,2.31,1.21,2.93,1.72,4.07,2,4.09,2.59,4.42,6.28,4,3,7
karar,decision,2.99,1.76,2.23,0.91,2.89,1.2,3.71,1.85,3.12,2.27,3.23,2.47,622,2,5
kararlı,determined,3.17,1.82,2.17,1.01,3.3,1.5,3.68,1.64,3.5,2.35,2.74,2.46,66,3,7
kargo,cargo,4.52,2.2,2.6,1.14,4.27,1.79,5.63,1.83,5.43,2.34,4.94,6.11,11,2,5
karınca,ant,1.6,0.62,1.65,0.59,1.63,0.68,1.57,0.67,1.57,0.57,6.44,6.88,33,3,7
karışık,mixed,2.34,1.36,1.91,0.73,2.42,1.18,2.69,1.56,2.35,1.63,3.5,2.9,58,3,7
karton,cardboard,2.13,1.14,1.89,0.71,2.01,1.07,2.5,1.1,2.11,1.42,5.46,6.77,22,2,6
kas,muscle,2.72,1.59,2.07,0.95,3.03,1.36,3.22,1.56,2.63,2.01,5.49,6.51,172,1,3
kasnak,hoop,4.2,2.22,3.45,1.64,5.32,1.95,4.3,2.04,3.65,2.51,4.02,6.36,2,2,6
kaşık,spoon,1.5,0.61,1.42,0.53,1.5,0.54,1.57,0.77,1.51,0.58,6.71,6.86,102,2,5
katil,killer,2.81,1.7,2.19,1.03,2.93,1.53,3.08,1.67,3.02,2.17,4.42,5.82,68,2,5
kavga,fight,1.82,0.98,1.75,0.8,1.82,0.8,1.9,1.1,1.85,1.13,4.13,3.77,99,2,5
kaygan,slippery,2.78,1.69,2.19,0.85,3.06,1.62,3.19,1.74,2.73,2.1,4.74,4.96,14,2,6
kayıp,loss,2.18,1.07,2.05,0.71,2.16,1.12,2.53,1.16,2.01,1.17,2.85,3.04,161,2,5
kayısı,apricot,1.84,0.96,1.64,0.66,1.78,0.73,2.12,1.26,1.81,0.98,6.63,6.82,17,3,6
kazanç,income,3.2,1.83,2.28,0.89,3.53,1.67,3.65,1.71,3.38,2.34,3.54,4.1,65,2,6
kelebek,butterfly,1.62,0.64,1.53,0.64,1.56,0.56,1.74,0.73,1.63,0.6,6.64,6.8,19,3,7
kemik,bone,2.19,1.12,2.14,0.79,2.43,1.19,2.46,1.27,1.79,1.07,6.21,6.82,159,2,5
kepenk,shutter,3.62,2.02,2.84,1.4,4.09,1.87,4.2,1.97,3.28,2.3,5.91,6.76,16,2,6
kırık,broken,1.77,0.93,1.66,0.69,1.93,1.09,1.89,1.07,1.65,0.82,5.03,5.72,75,2,5
kırmızı,red,1.66,0.7,1.54,0.64,1.64,0.61,1.82,0.72,1.66,0.78,6.42,4.32,224,3,7
kış,winter,1.7,0.73,1.54,0.61,1.7,0.63,1.84,0.91,1.72,0.69,5.83,5.15,123,1,3
kız,girl,1.53,0.84,1.38,0.63,1.42,0.62,1.78,1.28,1.52,0.56,6.32,6.11,1088,1,3
kimya,chemistry,4.53,2.04,3.18,1.43,4.36,1.62,5.23,1.75,5.24,2.39,3.58,4.49,50,2,5
kimyon,cumin,3.98,2.12,2.8,1.21,3.96,1.86,4.67,2.06,4.32,2.54,5.11,6.69,5,2,6
kitap,book,1.65,0.69,1.54,0.65,1.58,0.62,1.83,0.72,1.65,0.71,6.77,6.65,816,2,5
koç,ram,2.01,1.08,1.89,0.86,2.06,0.9,2.31,1.38,1.81,1.03,6.13,6.71,12,1,3
komik,funny,2.14,1.34,1.7,0.73,2.04,1.19,2.37,1.16,2.43,1.87,3.91,2.59,50,2,5
komşu,neighbor,1.71,0.89,1.61,0.73,1.72,0.91,1.89,1.1,1.65,0.78,5.41,5.76,132,2,5
konfor,comfort,4.05,2.13,2.68,1.09,3.95,1.76,4.78,1.96,4.69,2.6,3.82,2.94,54,2,6
koridor,corridor,2.42,1.52,2,0.91,2.05,0.98,2.8,1.6,2.73,2.01,5.76,6.4,41,3,7
korku,fear,1.8,0.93,1.82,0.85,1.81,0.95,1.94,1.05,1.64,0.85,3.7,1.4,278,2,5
korkunç,horrible,2.38,1.53,1.95,0.77,2.2,1.21,2.7,1.65,2.63,1.99,3.48,2.3,91,2,7
koyu,dark,2.25,1.31,1.96,0.83,2.18,1.05,2.52,1.29,2.32,1.75,4.01,3.91,65,2,4
köpük,foam,2.19,1.22,1.92,0.82,2.35,1.3,2.55,1.36,1.98,1.25,5.78,6.49,54,2,5
kral,king,2.27,1.46,1.8,0.77,1.83,0.9,2.77,1.59,2.6,1.9,5.51,5.33,78,2,4
krem,cream,2.29,1.41,1.97,0.79,1.9,0.85,2.71,1.38,2.52,1.99,5.79,6.61,71,1,4
kulak,ear,1.53,0.66,1.45,0.58,1.42,0.61,1.7,0.83,1.54,0.55,6.6,6.75,311,2,5
kum,sand,1.81,0.93,1.71,0.72,1.74,0.71,1.9,0.95,1.87,1.18,6.31,6.62,75,1,3
kural,rule,2.73,1.72,2.06,0.89,2.3,0.92,2.95,1.5,3.49,2.47,3.67,2.9,308,2,5
kuş,bird,1.45,0.6,1.39,0.54,1.46,0.63,1.54,0.65,1.4,0.57,6.25,6.81,129,1,3
kuşku,suspicion,3.82,2.05,2.6,1.09,4.02,1.71,4.59,2,4.08,2.48,2.68,1.58,82,2,5
kutu,box,1.87,1.03,1.62,0.63,1.89,0.99,2.14,1.07,1.83,1.25,6.27,6.84,126,2,4
kuyumcu,jeweler,2.8,1.68,2.17,0.84,2.63,1.19,3.48,1.82,2.9,2.16,6.02,6.36,15,3,7
kuzgun,raven,4.33,2.23,2.85,1.52,4.56,1.98,4.91,2.01,4.39,2.56,3.37,5.65,3,2,6
kuzu,lamb,1.63,0.78,1.59,0.63,1.59,0.64,1.83,1.15,1.53,0.55,6.54,6.79,57,2,4
külhan,ruffian,5.04,2.2,3.32,1.62,6.18,1.5,5.31,1.93,4.5,2.52,2.45,3.49,2,2,6
kültür,culture,3.82,1.99,2.58,1.03,3.93,1.62,4.26,1.7,4.46,2.59,3.56,2.41,485,2,6
lâmba,lamp,1.84,0.87,1.74,0.69,1.82,0.86,2.04,1.12,1.76,0.73,6.36,6.84,83,2,5
lehçe,dialect,5.17,2.07,3.65,1.61,5.34,1.76,5.77,1.7,5.31,2.43,3.27,3.91,1,2,5
lezzet,taste,2,1.09,1.72,0.72,2.19,1.04,2.14,1.14,1.99,1.29,4.03,4.18,95,2,6
liman,harbor,3.18,1.84,2.54,1.13,3.3,1.57,3.76,1.85,3.13,2.32,6.03,6.52,76,2,5
limon,lemon,1.72,0.89,1.57,0.58,1.69,1,1.79,0.82,1.8,1.06,6.57,6.93,60,2,5
lirik,lyrical,5.46,1.94,4.36,1.76,5.2,1.69,5.95,1.65,5.9,2.16,2.54,2.22,2,2,5
lise,high-school,3.05,1.66,2.59,1.12,3.33,1.5,3.48,1.63,2.86,2.03,6.02,5.8,148,2,4
lokanta,restaurant,2.27,1.34,1.94,0.73,2.13,1.01,2.5,1.33,2.47,1.86,6.32,6.71,141,3,7
lüks,luxury,3.47,2.04,2.26,1.11,3.43,1.73,4.05,1.9,4.07,2.52,3.88,2.89,91,1,4
maaş,salary,3.26,1.81,2.32,0.94,3.48,1.51,3.83,1.78,3.41,2.28,4.89,5.22,108,2,4
mağara,cave,2.42,1.34,2.09,0.79,2.66,1.32,2.67,1.29,2.32,1.69,6.09,6.71,20,3,6
makyaj,make-up,3.37,2.17,2.2,0.99,2.81,1.86,3.73,2.07,4.56,2.57,5.39,5.93,79,2,6
marka,brand,4.01,2.2,2.36,1.04,3.69,1.8,5.05,1.92,4.81,2.53,4.27,4.66,170,2,5
masa,table,1.48,0.75,1.4,0.54,1.37,0.75,1.58,0.73,1.55,0.91,6.42,6.9,401,2,4
mayın,mine,4.4,2.1,2.82,1.16,4.1,1.61,5.31,1.91,5.22,2.39,5.4,6.7,1,2,5
medya,media,4.8,2.08,3.11,1.23,4.52,1.85,5.66,1.72,5.77,2.14,4.7,4.68,192,2,5
mektup,letter,2.29,1.08,2.16,0.83,2.46,1.03,2.48,0.97,2.11,1.33,6.22,6.89,240,2,6
memur,officer,2.74,1.62,2.31,0.94,3.02,1.65,3.26,1.76,2.43,1.78,5.94,6.27,191,2,5
meraklı,curious,2.53,1.5,2,0.87,2.54,1.24,2.91,1.53,2.65,1.93,3.75,2.36,71,3,7
metal,metal,3.1,1.82,2.26,1.17,3,1.38,3.62,1.69,3.47,2.38,5.32,6.51,87,2,5
meyve,fruit,1.7,0.84,1.49,0.6,1.66,0.69,1.85,0.9,1.8,1.02,6.31,6.63,186,2,5
mezar,grave,2.29,1.42,2.07,0.92,2.45,1.37,2.47,1.57,2.18,1.65,6.11,6.21,78,2,5
mısra,verse,3.29,1.61,2.82,0.99,3.52,1.22,3.75,1.48,3.12,2.2,4.75,5.31,20,2,5
mızrak,spear,3.52,1.91,2.81,1.16,4.18,1.76,3.48,1.62,3.63,2.49,5.28,6.83,4,2,6
minder,cushion,1.84,0.92,1.83,0.74,1.94,0.93,1.97,1.14,1.65,0.79,6.31,6.86,24,2,6
mineral,mineral,4.58,2.08,3.4,1.53,4.67,1.81,5.03,1.79,5.18,2.5,3.23,5.47,52,3,7
miras,legacy,3.9,2.08,2.57,1.12,4.17,1.79,4.7,1.8,4.16,2.59,3.64,5.25,52,2,5
misafir,guest,1.73,0.78,1.66,0.61,1.67,0.65,1.82,0.94,1.75,0.86,5.36,6.07,66,3,7
mobilya,furniture,2.37,1.6,1.77,0.8,2.1,1.06,2.86,1.75,2.69,2.08,6.14,6.76,89,3,7
moda,fashion,3.44,2.05,2.23,0.94,3.6,1.87,4.18,1.96,3.72,2.49,3.94,3.43,133,2,4
monitör,monitor,4.79,2.22,2.87,1.2,3.83,1.72,6.06,1.77,6.13,1.99,6.14,6.76,23,3,7
moral,morale,3.33,1.87,2.36,0.89,3.63,1.81,3.61,1.66,3.7,2.4,3.08,1.84,55,2,5
muaf,exempt,5.16,2.15,3.56,1.8,5.84,1.72,5.51,1.77,5.11,2.52,3.2,2.27,1,2,4
muson,monsoon,5.58,1.92,3.89,1.56,6.09,1.55,5.99,1.56,5.75,2.14,3.08,4.7,1,2,5
mutfak,kitchen,1.7,0.88,1.45,0.58,1.56,0.67,1.82,0.97,1.91,1.08,6.24,6.75,365,2,6
mutluluk,happiness,2.48,1.45,2.03,0.79,2.15,1.04,2.86,1.46,2.8,1.94,3.72,1.85,151,3,8
muz,banana,1.95,1.47,1.42,0.55,1.57,0.59,2.22,1.53,2.5,2.11,6.73,6.92,67,1,3
mühendis,engineer,3.24,1.76,2.44,0.97,3.33,1.44,3.86,1.68,3.32,2.29,4.63,5.49,108,3,8
müşfik,compassionate,5.26,2.16,3.98,1.91,6.32,1.4,5.63,1.84,4.74,2.54,1.82,2.35,2,2,6
müzik,music,1.91,1.07,1.7,0.71,1.83,0.88,2.03,1.07,2.06,1.39,5.49,5.34,399,2,5
nakavt,knockout,4.61,2.18,3.29,1.51,5.6,1.84,4.77,1.91,4.5,2.56,4.28,3.85,1,2,6
nefes,breath,1.89,1.02,1.63,0.71,2.05,1.08,2.21,1.19,1.72,0.96,4.52,5.68,128,2,5
nehir,river,2.54,1.36,2.11,0.78,2.64,1.11,3.03,1.43,2.39,1.69,6.25,6.67,53,2,5
nesil,generation,3.75,1.97,2.61,0.95,3.97,1.75,4.26,1.72,4.12,2.55,2.71,3.32,64,2,5
nişancı,marksman,3.67,1.95,2.64,1.13,4.43,1.78,4.03,1.61,3.66,2.5,4.79,6.02,1,3,7
noksan,shortcoming,3.45,1.97,2.97,1.22,4.87,1.86,3.63,1.83,2.52,1.98,2.99,3,6,2,6
oksijen,oxygen,3.26,1.77,2.72,1.06,3.33,1.48,3.83,1.7,3.19,2.32,3.81,5.69,80,3,7
okul,school,1.78,0.86,1.7,0.65,1.53,0.58,2.03,1.1,1.83,0.89,6.44,6.6,565,2,4
olaylı,eventful,3.53,1.95,2.46,0.89,3.49,1.64,4.17,1.85,3.93,2.5,3.24,2.61,1,3,6
omuz,shoulder,1.85,0.91,1.61,0.71,1.85,0.72,2.15,1.19,1.8,0.85,6.32,6.86,100,2,4
onursuz,dishonorable,4.29,2.13,2.81,1.38,4.78,1.84,5.11,1.83,4.49,2.47,2.71,1.98,1,3,7
orman,forest,1.7,0.84,1.62,0.6,1.69,0.71,1.77,0.81,1.72,1.11,6.43,6.57,217,2,5
oruç,fasting,2.26,1.22,2.13,0.87,2.66,1.42,2.24,1.2,2.08,1.28,4.87,3.03,62,2,4
ot,grass,1.8,0.82,1.66,0.67,2.06,1.01,1.93,0.83,1.59,0.67,6.29,6.79,70,1,2
otel,hotel,2.67,1.68,1.84,0.81,2.34,1.39,3.33,1.6,3.07,2.13,6.06,6.62,183,2,4
otobüs,bus,1.99,1.12,1.67,0.67,1.91,0.84,2.05,1.04,2.29,1.55,6.53,6.86,213,3,6
öğlen,noon,1.82,0.89,1.66,0.65,1.92,0.93,1.98,0.96,1.76,0.96,4.23,4.23,18,2,5
öğrenci,student,2.04,0.97,1.89,0.76,2.15,1.03,2.15,0.84,2.01,1.19,6.39,6.18,407,3,7
ölü,dead,2.16,1.24,1.89,0.81,2.17,1,2.47,1.51,2.13,1.41,4.97,6.17,110,2,3
ölüm,death,2.19,1.39,1.98,0.78,2.14,1.45,2.5,1.54,2.17,1.61,3.56,2.34,392,2,4
öncülük,pioneering,4.05,2.08,2.84,1.35,4.47,1.76,4.39,1.89,4.43,2.55,3.2,2.23,14,3,7
önem,importance,2.88,1.7,2.05,0.89,3.04,1.46,3.5,1.7,2.93,2.12,2.94,1.95,351,2,4
örnek,example,2.61,1.34,2.22,0.79,2.61,0.85,3.18,1.39,2.43,1.77,2.94,3.96,417,2,5
örtü,cover,1.92,0.93,1.79,0.72,1.84,0.85,2.18,1.18,1.87,0.85,6.04,6.75,81,2,4
övgü,praise,3.25,2.36,2.47,1.03,3.39,1.65,3.57,1.73,3.29,2.29,2.81,1.77,29,2,4
özet,summary,2.89,1.47,2.33,0.75,3.15,1.14,3.36,1.32,2.78,2.03,3.92,4.73,68,2,4
özgür,free,3.39,2.02,2.13,1,3.54,1.67,4.1,1.83,3.79,2.57,3.61,2.08,72,2,5
özlem,yearning,2.59,1.56,2.08,0.94,2.49,1.33,2.8,1.46,2.94,2.06,3.17,1.64,73,2,5
palto,coat,2.19,1.25,1.96,0.83,2.44,1.31,2.3,1.32,2.12,1.42,6.34,6.77,25,2,5
pamuk,cotton,1.97,1,1.74,0.74,1.94,0.76,2.22,1.12,1.97,1.18,6.24,6.77,55,2,5
papatya,daisy,1.74,0.82,1.63,0.64,1.66,0.65,1.9,0.95,1.76,0.93,6.33,6.89,12,3,7
para,money,1.7,0.8,1.56,0.64,1.79,0.99,1.76,0.72,1.71,0.84,6.38,6.41,1046,2,4
parmak,finger,1.58,0.73,1.57,0.62,1.54,0.61,1.67,0.99,1.54,0.61,6.49,6.89,226,2,6
paslı,rusty,2.65,1.52,2.36,1.13,2.94,1.38,2.86,1.49,2.5,1.87,4.79,5.91,1,2,5
pasta,cake,1.99,1.29,1.75,0.66,1.57,0.64,2.16,1.27,2.39,1.86,6.48,6.77,79,2,5
paten,skate,3.59,2.22,2.32,1.06,2.24,1.18,4.32,2.09,5.14,2.44,6.06,6.77,3,2,5
patron,boss,3.41,2.06,2.17,0.94,2.76,1.45,3.92,1.85,4.59,2.54,5.36,5.81,102,2,6
pay,share,3.2,1.81,2.52,0.84,3.61,1.73,3.88,1.79,2.88,2.19,3.43,4.03,152,1,3
pencere,window,1.68,0.8,1.54,0.65,1.77,0.65,1.85,1.11,1.6,0.65,6.54,6.93,276,3,7
pense,pliers,3.22,1.81,2.46,1.03,3.84,1.67,3.39,1.79,3.24,2.2,5.79,6.94,2,2,5
peşinatsız,zero down-payment,5.37,2.05,3.3,1.49,6.22,1.47,5.98,1.57,5.89,2.07,2.54,3.83,1,4,10
pıhtı,clot,4.6,2.15,3.13,1.53,4.9,1.85,5.23,1.89,4.76,2.49,4.4,6.33,8,2,5
pide,pita,2.05,1.16,1.81,0.72,2.08,0.94,2.42,1.49,1.9,1.22,6.28,6.88,11,2,4
pilot,pilot,2.66,1.78,1.95,0.83,2.41,1.41,3.1,1.98,3.1,2.2,6.08,6.35,51,2,5
pire,flea,2.64,1.4,2.61,1.15,3.35,1.57,2.9,1.47,1.86,0.93,4.87,6.69,5,2,4
pirinç,rice,1.84,0.97,1.75,0.78,1.88,0.87,1.95,1.1,1.78,1.08,6.5,6.69,101,2,6
polis,police,1.92,1.02,1.71,0.79,1.89,0.76,2.1,0.98,1.95,1.34,6.28,6.55,278,2,5
pomat,pomade,4.97,2.29,3.5,1.65,5.71,2,5.3,2.03,4.35,2.55,2.74,5.21,1,2,5
prensip,principle,4.91,2.16,3.28,1.58,5.4,1.85,5.83,1.73,5.04,2.42,2.85,1.98,61,3,7
protein,protein,4.01,1.99,2.97,1.08,3.73,1.67,4.42,1.8,4.8,2.51,3.29,5.17,64,4,7
punto,font size,5.8,1.94,3.5,1.93,5.7,1.81,6.24,1.5,6.09,1.98,3.32,4.92,1,2,5
pusu,ambush,3.96,2.08,2.7,1.17,4.52,1.84,4.56,1.83,4.09,2.57,3.39,4.39,7,2,4
radyo,radio,2.11,1.32,1.79,0.72,2.09,0.82,2.04,1.18,2.48,1.94,6.47,6.75,140,2,5
radyum,radium,6.24,1.62,3.93,2.09,6.6,1.11,6.41,1.34,6.58,1.38,2.61,5.32,2,2,6
rahatsız,uneasy,2.33,1.28,1.85,0.8,2.66,1.38,2.54,1.22,2.33,1.48,2.9,2.6,21,3,8
rakam,digit,2.02,1.06,1.86,0.76,2.11,0.94,2.36,1.27,1.8,1.11,5.89,4.14,148,2,5
rakip,rival,2.91,1.64,2.21,0.94,3.01,1.35,3.57,1.6,2.87,2.09,4.04,4.7,117,2,5
reklâm,advertisement,2.97,2.06,1.68,0.78,2.18,1.15,3.5,1.93,4.28,2.52,5.06,5.39,211,2,6
rezalet,scandal,3.86,2.04,2.61,1.18,4.08,1.83,4.43,1.86,4.31,2.46,2.6,2.69,31,3,7
rüzgâr,wind,1.83,0.87,1.7,0.68,1.86,0.78,2.03,1.04,1.75,0.89,5.14,6.09,185,2,6
sabır,patience,2.93,1.81,2.09,0.91,3.32,1.76,3.61,1.9,2.76,2.05,2.77,1.5,44,2,5
sadık,loyal,3.57,1.97,2.46,1.07,3.97,1.61,4.23,1.9,3.69,2.46,2.88,2.07,32,2,5
sadist,sadist,5.71,1.97,3.54,1.85,6.27,1.41,6.03,1.61,5.77,2.19,3.55,3.81,1,2,6
sağlam,robust,2.26,1.25,1.92,0.8,2.61,1.3,2.51,1.19,2.08,1.48,3.58,3.66,120,2,6
sahil,shore,2.7,1.72,1.97,0.81,2.23,1.22,3.25,1.76,3.23,2.21,6.29,6.38,73,2,5
salata,salad,1.92,1.04,1.7,0.88,1.95,0.98,2.15,1.09,1.87,1.15,6.51,6.79,72,3,6
salon,hall,2.34,1.53,1.82,0.68,1.97,0.94,2.79,1.7,2.69,2.03,5.59,6.33,244,2,5
sanatçı,artist,2.63,1.54,2.03,0.82,2.38,1.11,3.27,1.52,2.79,2.04,4.5,5.14,219,3,7
saray,palace,2.77,1.85,1.98,0.78,2.43,1.29,3.15,1.8,3.43,2.52,6.05,6.56,129,2,5
sarp,steep,4.76,2.21,3.46,1.69,5.8,1.75,5.21,1.9,4.2,2.53,3.82,4.44,1,1,4
sarsıcı,traumatic,4.16,2.16,2.73,1.43,4.11,1.67,4.91,1.95,4.76,2.59,2.68,2.68,4,3,7
sazlık,reed bed,3.93,2.09,2.67,1.24,4.75,1.88,4.43,1.92,3.76,2.42,4.93,6.52,2,2,6
sebze,vegetable,1.88,0.99,1.59,0.61,1.81,0.81,2.17,1.17,1.93,1.15,6.19,6.71,128,2,5
seçmen,voter,4.28,2.05,2.92,1.19,4.92,1.82,4.71,1.72,4.54,2.52,4.82,6.2,52,2,6
selâm,greeting,2.05,1.11,1.68,0.78,2.26,1.19,2.32,1.09,1.98,1.22,4.21,4.13,67,2,5
semer,saddle,3.43,2.09,2.88,1.28,5.14,1.96,3.42,2.04,2.46,1.84,4.38,6.42,1,2,5
serbest,free,2.76,1.66,2.03,0.8,2.69,1.28,3.34,1.73,2.94,2.14,2.37,2.09,108,2,7
sergi,exhibition,3.45,1.92,2.36,1,3.57,1.44,4.1,1.65,3.76,2.58,5.94,6.11,71,2,5
ses,voice,1.65,0.8,1.57,0.71,1.64,0.67,1.78,1.06,1.59,0.66,4.33,5.45,1113,1,3
sesteş,homonym,4.44,2.01,3.02,0.99,4.04,1.43,5.37,1.77,5.19,2.43,2.89,3.33,1,2,6
sevgi,love,1.88,0.96,1.7,0.69,1.92,0.87,2,1.13,1.9,1.06,3.5,1.73,294,2,5
sevgili,lover,3.06,1.89,2.34,1.17,2.98,1.64,3.61,1.83,3.28,2.39,5.3,4.69,257,3,7
sevinç,joy,2.07,1.08,1.78,0.82,2.31,1.29,2.29,1.02,1.93,1.09,3.58,1.74,124,2,6
seyirci,spectator,2.34,1.27,2.03,0.84,2.21,0.95,2.62,1.25,2.47,1.7,6.16,6.47,85,3,7
sezon,season,3.84,2.14,2.44,1.03,3.8,1.92,4.61,2.08,4.4,2.48,2.76,3.59,66,2,5
sığlık,shoal,4.73,2.3,3.15,1.67,5.47,1.86,5.35,2.08,4.26,2.58,2.88,3.71,1,2,6
sıkı,tight,2.54,1.57,2.04,0.89,2.45,1.06,3.06,1.9,2.61,1.88,2.91,3.89,102,2,4
sicil,registry,5.17,2.1,3.31,1.49,5.55,1.75,5.92,1.69,5.67,2.24,2.85,3.79,15,2,5
sigara,cigarettes,2.21,1.37,1.93,0.82,2.1,1.11,2.37,1.43,2.4,1.79,6.52,6.78,315,3,6
sinema,movie theater,2.5,1.57,2.03,0.84,2.25,1.11,2.77,1.55,2.88,1.16,5.92,5.59,265,3,6
slogan,slogan,4.54,2.15,2.85,1.18,4.75,1.91,5.09,1.93,5.36,2.38,3.97,4.57,57,2,6
sofra,dinner table,1.63,0.83,1.48,0.61,1.78,0.89,1.67,0.81,1.61,0.93,6.27,6.37,93,2,5
soğan,onion,1.71,0.72,1.62,0.63,1.79,0.77,1.83,0.86,1.63,0.59,6.36,6.9,95,2,5
soğuk,cold,1.68,0.74,1.61,0.64,1.64,0.67,1.82,0.8,1.65,0.8,4.98,5.43,240,2,5
sohbet,chat,2.51,1.61,1.84,0.84,2.13,1,3.22,1.78,2.76,2,4.57,3.83,77,2,6
solo,solo,4.6,2.14,3.05,1.34,5.07,1.8,5.08,1.89,4.83,2.54,3.38,4.33,1,2,4
somut,concrete,4.14,2.05,2.8,0.94,3.23,0.96,5.01,1.92,5.25,2.47,3.35,3.18,64,2,5
sondaj,drilling,5.32,2.08,3.55,1.66,6.26,1.49,5.32,1.83,5.36,2.37,3.69,5.77,5,2,6
sonsuz,endless,3.47,2,2.28,1.07,3.79,1.81,4.06,1.87,3.76,2.43,2.44,1.51,100,2,6
sos,sauce,3.58,2.22,2.04,0.94,3.11,1.49,4.35,2.17,4.61,2.65,5.37,6.64,100,1,3
soytarı,clown,3.03,1.88,2.37,1.06,3.34,1.95,3.63,1.95,2.84,2.11,5.56,5.24,1,3,7
soyut,abstract,4.4,2.02,2.93,0.88,3.6,0.98,5.55,1.83,5.31,2.39,2.48,1.51,55,2,5
sörf,surf,4.49,2.23,2.71,1.27,3.86,1.9,5.26,1.95,5.87,2.13,5.53,6.3,9,1,4
standart,standard,4.47,2.12,2.8,1.22,4.46,1.79,5.18,1.85,5.33,2.36,2.86,2.47,153,3,8
su,water,1.26,0.5,1.17,0.4,1.21,0.5,1.37,0.61,1.31,0.46,6.49,6.8,1537,1,2
suç,crime,2.4,1.41,1.96,0.88,2.71,1.37,2.8,1.44,2.19,1.63,3.45,2.48,221,1,3
suçlu,criminal,2.41,1.23,2.08,0.89,2.66,1.27,2.77,1.3,2.2,1.29,3.74,4.69,58,2,5
sulak,marshy,3.25,1.81,2.71,1.39,4.03,1.67,3.69,1.85,2.66,1.84,3.41,5.04,1,2,5
sülün,pheasant,4.8,2.2,3.56,1.71,5.51,1.75,5.14,2.02,4.28,2.51,2.45,5.53,4,2,5
süngü,bayonet,3.88,2.11,2.77,1.2,4.92,1.95,4.15,1.9,3.46,2.4,4.82,6.55,1,2,5
süresiz,infinite,3.58,1.98,2.42,1.25,3.42,1.47,4.11,1.71,4.28,2.54,1.72,2.15,3,3,7
sürpriz,surprise,2.38,1.67,1.65,0.68,1.79,0.82,2.83,1.6,3.09,2.32,3.43,2.71,49,2,7
süt,milk,1.36,0.56,1.28,0.52,1.31,0.56,1.44,0.65,1.39,0.51,6.42,6.79,200,1,3
şahane,marvelous,2.88,1.71,2.25,0.84,2.84,1.52,3.2,1.67,3.18,2.26,3.23,2.02,11,3,6
şair,poet,2.9,1.6,2.23,0.97,3.14,1.15,3.37,1.51,2.89,2.16,4.99,5.59,125,2,4
şamata,commotion,3.17,1.91,2.5,1.24,3.7,1.93,3.41,1.88,3.13,2.23,3.81,3.46,3,3,6
şebek,macaque,3.42,2.01,2.63,1.27,3.36,1.88,4.06,1.97,3.58,2.42,4.14,5.56,1,2,5
şeffaf,transparent,3.59,1.96,2.37,0.91,3.6,1.5,4.4,1.76,3.94,2.54,4.35,4.37,12,2,6
şeker,sugar,1.41,0.64,1.38,0.54,1.27,0.47,1.51,0.73,1.45,0.72,6.18,6.63,143,2,5
şiddetli,severe,2.85,1.59,2.24,0.9,3.04,1.44,3.36,1.51,2.8,2.03,3.48,2.43,53,3,8
şok,shock,3.79,2.1,2.43,0.9,3.84,1.79,4.84,1.91,4.02,2.58,3.23,2.51,67,1,3
şüphe,suspicion,3.34,1.9,2.35,1.06,3.68,1.63,4,1.74,3.38,2.41,3.16,1.61,70,2,5
tabanca,gun,2.07,1.26,1.84,0.85,2.02,1.21,2.36,1.54,2.04,1.28,6.44,6.93,72,3,7
tabu,taboo,5.11,2.14,2.92,1.19,5.55,1.86,5.66,1.81,5.8,2.18,3.2,2.25,14,2,4
tabure,stool,2.26,1.45,1.97,0.85,2.21,1.33,2.67,1.74,2.17,1.62,5.88,6.7,13,3,6
tahta,wood,1.95,0.99,1.81,0.76,2.04,0.95,2.26,1.33,1.72,0.76,6.24,6.94,155,2,5
takat,stamina,4.39,2.22,2.94,1.29,5.35,1.91,4.72,2,3.96,2.51,2.11,2.52,1,2,5
takoz,wedge,3.85,2.04,2.89,1.3,4.97,1.89,3.96,1.86,3.53,2.31,4.8,6.46,7,2,5
taksi,taxi,2.37,1.52,1.79,0.78,2.32,1.23,2.46,1.37,2.87,2.09,6.38,6.79,56,2,5
taksit,installment,4.13,2.14,2.52,1.13,4.01,1.7,4.85,1.96,5.02,2.46,3.92,4.58,89,2,6
tanıtım,publicity,3.95,2.04,2.56,1,3.82,1.62,4.51,1.79,4.78,2.54,3.45,3.72,63,3,7
taşıt,vehicle,2.4,1.48,1.91,0.89,2.27,1.11,2.86,1.63,2.53,1.83,5.93,6.63,92,2,5
tatil,holiday,2.38,1.49,1.92,0.77,1.83,0.67,2.89,1.51,2.76,2.06,4.76,3.31,165,2,5
tavuk,chicken,1.5,0.64,1.46,0.53,1.51,0.64,1.52,0.64,1.5,0.72,6.69,6.88,92,2,5
taze,fresh,2.05,1.03,1.8,0.79,2.2,0.93,2.3,1.17,1.94,1.11,4.03,3.94,120,2,4
tehlike,danger,2.36,1.35,2.04,0.87,2.61,1.38,2.55,1.37,2.27,1.61,3.19,2.57,195,3,7
tekne,boat,2.5,1.69,1.83,0.74,2.28,1.32,3.14,1.86,2.71,2.1,6.25,6.84,108,2,5
telâş,fuss,2.73,1.51,2.3,0.97,3.08,1.56,3.2,1.5,2.4,1.7,4.16,2.49,58,2,5
televizyon,television,2.73,2.23,1.32,0.47,1.43,0.54,2.5,1.42,5.22,2.51,6.55,6.89,406,4,10
temas,contact,3.3,1.99,2.38,1.05,3.49,1.73,3.87,2.08,3.53,2.43,3.9,4.6,52,2,5
temiz,clean,1.74,0.82,1.72,0.64,1.66,0.82,1.9,0.97,1.67,0.82,4.33,3.89,168,2,5
tenis,tennis,3.56,2.11,2.32,0.99,2.95,1.46,4.38,2.04,4.43,2.59,5.91,6.05,37,2,5
tepsi,tray,1.84,0.84,1.77,0.69,1.89,0.82,2.05,0.99,1.67,0.8,6.13,6.75,69,2,5
ter,sweat,1.86,0.97,1.75,0.83,1.91,0.89,2.07,1.16,1.72,0.93,6.02,6.55,74,1,3
terslik,misfortune,3.37,1.86,2.54,1.09,3.42,1.43,4.06,1.85,3.43,2.39,2.91,2.26,6,2,7
tıknaz,pudgy,4.42,2.26,2.72,1.39,5.29,1.94,4.91,2.05,4,2.48,3.92,4.48,1,2,6
tırnak,nail,3.56,1.94,1.6,0.65,1.61,0.63,1.81,0.82,1.6,0.69,6.62,6.9,62,2,6
tırtık,notch,1.65,0.71,2.44,1.16,3.96,1.84,4.83,1.98,4.14,2.55,3.41,5.32,1,2,6
tilki,fox,3.89,2.16,1.78,0.75,1.95,1.1,2.3,1.31,1.98,1.2,6.21,6.79,22,2,5
titiz,meticulous,3,1.74,2.28,1,3.09,1.52,3.71,1.75,2.95,2.13,3.72,2.48,26,2,5
torba,bag,1.85,0.75,1.82,0.67,1.89,0.74,2,0.83,1.71,0.72,6.03,6.87,96,2,5
tortul,sedimentary,5.03,2.19,2.9,1.49,5.43,1.84,5.59,1.76,5.2,2.48,3.14,5.52,1,2,6
toz,dust,1.81,0.91,1.65,0.68,1.9,0.85,1.96,1.07,1.76,0.97,5.26,6.09,111,1,3
trafik,traffic,2.68,1.72,1.88,0.69,2.34,1.06,2.98,1.63,3.41,2.39,5.92,5.35,368,3,6
tren,train,1.97,1.09,1.67,0.66,1.82,0.69,2.37,1.36,1.98,1.28,6.45,6.9,83,2,4
tuhaf,strange,3.18,5.06,2.25,1.1,3.03,1.61,3.63,1.77,2.91,2.15,3.16,1.88,79,2,5
turizm,tourism,3.97,2.06,2.62,1.01,3.52,1.6,4.37,1.82,5.19,2.44,3.67,3.28,120,2,6
tutku,passion,4.21,2.17,2.44,1.04,4.47,1.86,5.03,1.95,4.84,2.45,3.85,2.14,62,2,5
tüketim,consumption,3.8,2.06,2.51,1.05,4.09,1.76,4.51,1.92,4.09,2.53,3.42,3.73,135,3,7
tütün,tobacco,3.51,1.97,2.79,1.21,4.32,1.91,3.89,1.99,3.17,2.22,6.07,6.82,28,2,5
tüy,feather,1.91,0.98,1.72,0.77,2.11,1.13,2.03,1.02,1.82,0.96,5.51,6.68,78,1,3
uçak,airplane,2.09,1.31,1.65,0.73,1.89,0.82,2.39,1.5,2.36,1.69,6.47,6.91,194,2,4
uçuş,flight,2.78,1.82,1.82,0.8,2.68,1.43,3.47,1.88,3.11,2.28,4.3,4.72,20,2,4
uğur,talisman,2.93,1.76,2.2,0.98,3.08,1.71,3.25,1.65,3.25,2.2,2.73,1.58,51,2,4
un,flour,1.79,0.81,1.7,0.71,1.86,0.8,1.95,1,1.68,0.69,6.39,6.84,119,1,2
urgan,rope,3.58,2.28,2.46,1.43,5.32,2.03,3.83,2.22,2.41,1.81,4.73,6.14,1,2,5
uyarı,warning,2.62,1.6,2,0.86,2.69,1.22,3.19,1.77,2.61,1.98,3.01,3.28,107,3,5
uygarlık,civilization,4.11,2.03,2.97,1.2,4.66,1.84,4.65,1.83,4.2,2.49,3.81,3.1,61,3,8
uyku,sleep,1.49,0.63,1.41,0.54,1.47,0.59,1.51,0.67,1.55,0.68,4.85,3.4,163,2,4
uyum,harmony,3.34,1.95,2.27,1.06,3.29,1.57,4.17,1.88,3.6,2.4,2.74,2.06,139,2,4
uyumlu,harmonious,3.34,1.96,2.32,0.99,3.12,1.52,3.78,1.83,4,2.55,2.89,2.1,55,3,6
uzak,remote,1.81,1.01,1.61,0.67,1.75,0.86,1.95,1.19,1.92,1.19,3.65,2.87,444,2,4
uzay,space,3.7,2.04,2.53,1.2,3.35,1.57,4.05,1.7,4.73,2.58,4.89,4.64,62,2,4
uzun,long,1.84,0.98,1.57,0.69,1.79,0.91,2.2,1.31,1.8,0.82,4.65,4.68,781,2,4
ücret,fee,3,1.86,2.04,0.85,2.82,1.53,3.6,1.77,3.46,2.4,4.39,5.2,177,2,5
ülser,ulcer,5.37,2.01,4.06,1.85,5.75,1.7,5.34,1.91,5.8,2.12,3.44,5.1,16,2,5
ümitli,hopeful,3.26,1.87,2.23,0.93,3.57,1.69,3.9,1.7,3.35,2.38,2.8,2.1,3,3,6
üretici,producer,3.49,1.97,2.34,1.15,3.81,1.74,4.25,1.89,3.57,2.32,3.35,5.06,100,4,7
üşengeç,procrastinating,3.37,1.93,2.58,1.34,3.7,1.64,4.06,1.98,3.15,2.21,3.62,3.06,1,3,7
ütopya,utopia,5.83,1.88,3.43,1.45,6.21,1.52,6.37,1.42,6.47,1.59,3.04,1.61,11,3,6
üzüm,grapes,1.52,0.59,1.47,0.54,1.4,0.51,1.64,0.7,1.55,0.59,6.57,6.93,61,2,4
vali,governor,3.39,1.8,2.75,1.12,3.65,1.56,3.81,1.62,3.36,2.4,5.09,6.11,80,2,4
varlık,existence,2.95,1.72,2.1,0.92,3.48,1.66,3.4,1.63,2.89,2.07,3.14,3.78,349,2,6
vatan,homeland,2.52,1.33,2.19,1.01,2.79,1.26,2.89,1.22,2.28,1.6,4.06,4.43,58,2,5
vicdan,conscience,3.47,2,2.46,1.15,3.62,1.77,4.03,1.9,3.75,2.49,2.32,1.39,75,2,6
virüs,virus,4.61,2.07,3.28,1.37,4.44,1.79,5.28,1.82,5.35,2.39,3.13,5.13,97,2,5
viski,whisky,4.95,2.1,3.11,1.25,4.76,1.96,5.61,1.85,6.04,1.93,6.05,6.83,27,2,5
vitrin,showcase,3.43,1.92,2.46,1.06,3.34,1.61,3.89,1.77,3.96,2.48,5.99,6.56,64,2,6
yağcılık,flattery,4.2,2.13,2.86,1.31,4.3,1.91,4.78,1.99,4.81,2.46,3.07,2.39,4,3,8
yağış,precipitation,2.32,1.23,2.01,0.79,2.73,1.35,2.57,1.25,2.03,1.29,5.87,6.04,24,2,5
yağmur,rain,1.64,0.69,1.58,0.68,1.63,0.61,1.71,0.71,1.64,0.75,6.45,6.55,160,2,6
yakıt,fuel,3.21,1.79,2.43,1.03,3.45,1.64,3.58,1.57,3.39,2.34,4.98,6.48,72,2,5
yalan,lie,2.05,1.1,1.84,0.76,2.02,1.19,2.29,1.2,2.04,1.16,2.68,2.35,127,2,5
yalı,seaside,3.67,2.13,2.59,1.22,3.28,1.65,4.3,2.03,4.34,2.68,6.02,6.73,18,2,4
yama,patch,2.76,1.59,2.44,1.13,3.89,1.67,2.85,1.62,2.06,1.29,5.41,6.45,1,2,4
yangın,fire,1.95,1.02,1.71,0.67,2.09,0.83,2.17,1.28,1.85,1.11,5.74,6.07,103,2,6
yansız,impartial,4.24,2.16,2.8,1.52,4.5,1.78,4.86,1.88,4.39,2.59,2.59,2.29,6,2,6
yara,wound,1.71,0.78,1.68,0.72,1.69,0.79,1.81,0.78,1.66,0.83,5.71,6.21,82,2,4
yardım,help,2.12,1.18,1.87,0.8,2.23,1.24,2.4,1.37,2.02,1.2,3.47,2.92,289,2,6
yarım,half,2.06,1.15,1.72,0.71,2.02,0.91,2.43,1.36,2.06,1.32,4.52,4.37,131,2,5
yarış,race,2.02,1.07,1.7,0.72,1.99,0.85,2.32,1.08,2.06,1.38,4.81,4.83,101,2,5
yastık,pillow,1.44,0.59,1.38,0.56,1.41,0.62,1.5,0.64,1.45,0.54,6.57,6.91,77,2,6
yatsı,nighttime,2.8,1.61,2.33,1.01,3.54,1.67,3.1,1.7,2.36,1.65,3.6,4.39,1,2,5
yavru,offspring,1.82,0.92,1.61,0.7,1.76,0.71,2.13,1.11,1.8,0.97,4.85,5.52,122,2,5
yeni,new,1.67,0.74,1.5,0.57,1.76,0.73,1.83,0.91,1.61,0.67,3.49,2.62,1597,2,4
yoga,yoga,5.35,2.08,3.06,1.55,5.41,1.79,6.23,1.54,6.46,1.51,4.4,3.38,5,2,4
yoğurt,yoghurt,1.63,0.75,1.51,0.6,1.63,0.63,1.76,0.87,1.64,0.81,6.51,6.79,71,2,6
yonca,clovers,2.68,1.69,2.16,1.07,3.2,1.79,3.07,1.84,2.37,1.74,6.04,6.6,3,2,5
yorgun,tired,2.18,1.22,1.83,0.79,2.29,1.22,2.43,1.17,2.17,1.49,4.61,3.41,100,2,6
yorgunluk,tiredness,2.44,1.49,1.93,0.91,2.54,1.37,2.92,1.65,2.4,1.71,4.2,2.8,63,3,9
yorum,interpretation,3.85,2.05,2.45,1.04,3.84,1.69,4.68,1.8,4.37,2.53,2.76,2.37,97,2,5
yüce,supreme,3.3,1.92,2.41,1.15,3.78,1.88,3.7,1.72,3.37,2.38,3.56,1.78,81,2,4
yüzük,ring,1.95,1.08,1.73,0.76,2.01,1.02,2.08,1.13,1.99,1.28,6.7,6.81,50,2,5
zaman,time,2.02,1.14,1.7,0.74,1.94,0.93,2.31,1.23,2.11,1.39,2.58,2.19,2394,2,5
zarar,harm,2.3,1.33,2,0.87,2.32,1.07,2.73,1.52,2.17,1.58,3.17,2.41,245,2,5
zararlı,harmful,1.99,1.06,1.86,0.76,1.89,0.82,2.23,1.19,1.96,1.29,2.92,2.59,84,3,7
zekâ,intelligence,2.35,1.29,1.92,0.82,2.8,1.46,2.63,1.31,2.13,1.34,2.92,2.33,66,2,4
zeki,intelligent,2.27,1.31,1.82,0.74,2.69,1.49,2.53,1.32,2.14,1.42,3.69,2.29,39,2,4
zeytin,olives,1.7,0.77,1.59,0.66,1.65,0.63,1.87,0.94,1.7,0.78,6.51,6.92,64,2,6
zılgıt,ululation,4.48,2.29,2.98,1.34,5.38,1.98,4.8,2.14,4.02,2.53,3.48,4.01,1,2,6
zihin,mind,3.12,1.84,2.3,1.1,4.19,2,3.37,1.52,2.82,2.06,2.91,2.5,77,2,5
