word_spanish,valence_mean,valence_sd,arousal_mean,arousal_sd,concrete_mean,concrete_sd,happiness_mean,happiness_sd,anger_mean,anger_sd,sad_mean,sad_sd,fear_mean,fear_sd,disgust_mean,disgust_sd
abandono,1.47,0.82,6.47,1.91,4.83,1.76,1.03,0.18,3.3,1.42,4.43,0.94,3.33,1.4,2.63,1.38
abatir,3.03,1.52,5.4,2.34,3.68,1.54,1.24,0.69,2.66,1.23,3.17,1.28,2.86,1.22,1.31,0.66
abierto,5.6,1.52,4.83,2.23,4.47,1.75,2.8,1.27,1.27,0.83,1.1,0.31,1.57,1.17,1.03,0.18
abismo,2.77,1.14,6.27,1.86,4.47,1.86,1.3,0.84,1.53,1.01,2.47,1.43,4.13,0.97,1.13,0.43
abrazar,8.67,0.55,5.83,2.44,6.08,1.11,4.73,0.45,1,0,2,1.46,1.63,0.93,1,0
abrazo,8.14,1.48,5.83,2.84,5.86,1.58,4.8,0.41,1.1,0.31,2.23,1.41,1.77,1.14,1.13,0.43
abroncar,2.43,1.21,7.05,1.72,4.71,1.46,1.05,0.22,3.71,0.96,2.71,1.1,2.95,1.12,1.67,0.97
abuso,1.47,0.97,6.4,2.14,4.35,1.61,1.17,0.75,4.37,1,4.2,0.85,4.07,0.91,4.03,1.22
acariciar,8.2,0.85,6.13,2.74,5.78,1.13,4.47,0.82,1.1,0.31,1.43,0.57,1.27,0.64,1.13,0.35
acatar,3.97,1.7,5.03,2.01,4.18,1.77,1.41,0.82,1.97,1.24,2.14,1.19,2.28,1.22,1.59,0.98
aceptación,7.77,1.1,5.37,1.81,3.63,1.45,3.77,1.07,1.23,0.68,1.33,0.71,1.37,0.76,1.2,0.61
acera,4.43,1.36,3.53,1.63,5.65,2.05,1.37,0.72,1.17,0.53,1.17,0.46,1.33,0.84,1.33,0.71
aclamar,6.13,1.59,6.4,1.65,4.38,1.32,3.58,1.06,1.58,1.18,1.35,0.88,1.55,1.15,1.32,0.91
acné,2.07,1.26,4.87,2.35,6.12,1.25,1.17,0.59,2.47,1.41,2.23,1.22,1.8,1.13,3.5,1.17
acogedora,7.93,1.17,3.83,2.21,4.43,1.56,4.33,0.8,1.13,0.5,1.26,0.68,1.23,0.56,1.16,0.52
acosar,1.73,1.68,6.97,1.79,4.88,1.1,1.13,0.43,4.03,1,3.2,1.42,4.07,0.98,3.57,1.61
actuar,6,1.51,6.35,1.82,3.96,1.41,3,1.39,1.6,1.13,1.43,0.97,2,1.2,1.37,0.89
acuarela,5.93,1.95,4.2,2.27,5.6,1.64,2.93,1.41,1.17,0.53,1.9,1.32,1.17,0.53,1.2,0.55
acuático,5.97,1.5,5.5,1.63,3.7,1.53,3.1,1.21,1.07,0.25,1.1,0.31,1.83,1.02,1.27,0.69
acuchillar,1.87,1.89,7.23,2.22,5.65,1.64,1.13,0.57,3.9,1.52,3.43,1.45,4,1.34,3.4,1.5
acusar,3,2.02,6.8,1.79,4.83,1.24,1.19,0.75,3.52,1.18,3.13,1.23,3.13,1.26,2.55,1.36
admirar,7.4,1.54,6.27,1.68,4.92,1.52,3.93,0.84,1.2,0.55,1.23,0.5,1.4,0.89,1.17,0.46
adulterado,2.62,1.42,5.41,2.27,4.34,1.49,1.11,0.42,2.75,1.32,2,1.28,2.68,1.44,2.89,1.1
adulterio,2.27,2.02,6.43,1.85,5.93,1.36,1.23,0.77,3.47,1.33,3.4,1.35,2.6,1.45,2.97,1.56
advertir,4.2,1.56,5.87,1.98,4.1,1.45,1.7,0.79,2.03,1.25,1.83,0.99,2.77,1.1,1.47,0.73
afamado,5.42,1.5,5.42,1.54,4.75,1.85,2.5,1.15,1.4,0.75,1.55,0.76,1.55,0.89,1.65,1.14
afectuoso,7.23,1.89,5.07,1.66,4.25,1.19,3.83,1.32,1.07,0.37,1.33,0.76,1.27,0.64,1.13,0.43
afición,7.1,1.37,6.63,1.63,4.35,1.73,4.07,0.96,1.21,0.41,1.17,0.47,1.31,0.76,1.14,0.44
agencia,4.83,1.58,4.28,1.94,4.08,1.67,1.55,0.95,1.34,0.77,1.28,0.59,1.28,0.53,1.31,0.66
aglomeración,3.37,1.97,7.37,1.83,5.03,1.57,1.77,1.01,2.47,1.38,1.43,0.73,2.47,1.28,2.1,1.18
agonizar,1.2,0.48,6.93,2.03,5.05,1.62,1,0,3.03,1.38,4.1,1.18,4.17,0.97,1.72,1.1
agradar,8.07,0.94,5.53,2.16,4.7,1.32,4.43,0.77,1.07,0.25,1.13,0.43,1.3,0.65,1.1,0.31
agredir,1.8,1.27,7.47,1.7,5.05,1.62,1,0,3.97,1,3.37,1.43,3.53,1.25,3.2,1.47
agua,6.8,2.19,3.67,2.4,5.9,1.73,3,1.36,1.17,0.59,1.37,0.85,1.87,1.31,1.27,0.91
aguijón,2.52,1.66,6.76,1.79,6.59,0.93,1.04,0.19,2.39,1.4,1.64,0.91,3.75,1.43,2.75,1.38
ahogar,1.6,1.54,7.3,1.91,5.35,1.59,1,0,3.2,1.58,3.6,1.25,4.37,1.1,1.97,1.38
ahorcar,1.55,1.33,7.52,2.2,6.12,1.42,1.03,0.19,3.83,1.26,3.66,1.49,3.97,1.5,3.03,1.64
alabar,6.43,2.37,5.1,1.97,4.15,1.73,3.43,0.97,1.33,0.92,1.3,0.84,1.43,0.86,1.47,0.9
alarma,3,1.49,7.8,1.37,5.3,1.46,1.45,0.87,2.34,1.37,1.86,1.13,3.23,1.45,1.48,1.02
alarmar,4,1.68,7.87,1.43,4.43,1.32,1.37,0.76,1.9,0.99,1.77,1.17,3.77,1.19,1.23,0.57
alegrar,8.6,0.62,7.5,1.48,4.3,1.57,4.73,0.58,1.03,0.18,1.07,0.25,1.43,0.77,1,0
alegría,8.6,0.62,7.57,1.45,4.25,1.85,4.77,0.57,1,0,1,0,1.23,0.5,1.13,0.43
alentador,6.97,1.94,6.03,1.78,4.93,1.44,3.73,1.01,1.27,0.83,1.4,0.97,1.73,1.2,1.23,0.77
alicatar,4.71,0.98,3.93,1.86,5.58,1.46,1.19,0.48,1.15,0.46,1.15,0.53,1.07,0.38,1.15,0.53
alimentar,6.83,1.9,5.4,2.09,4.83,1.63,3.5,1.38,1.33,0.66,1.67,1.09,1.43,0.77,1.37,0.72
alterado,3.63,2.03,7.43,1.5,4.5,1.46,1.63,0.96,2.87,1.61,2.4,1.1,2.83,1.32,1.47,0.9
alto,5.67,1.37,4.6,1.61,4.35,1.8,2.2,1.1,1.13,0.43,1.2,0.48,1.6,0.86,1.23,0.5
aludir,4.69,0.93,4.97,1.59,3.48,1.62,1.59,0.91,1.24,0.58,1.28,0.53,1.38,0.68,1.17,0.38
amar,8.63,0.81,7,2.21,4.4,2.15,4.9,0.31,1.23,0.57,1.9,1.18,2.27,1.17,1.03,0.18
amargura,1.9,1.58,4.6,2.61,4.47,2.03,1,0,2.7,1.44,4.43,0.68,2.57,1.38,2.83,1.6
amenazado,1.93,1.72,7.27,2.1,4.53,1.63,1.03,0.18,3.6,1.16,2.97,1.43,4.37,1,2.43,1.5
amenazador,2.03,1.79,7.37,2.03,4.53,1.4,1,0,3.7,1.18,2.4,1.38,4.27,1.05,2.6,1.45
amenazar,1.87,1.48,7.13,1.78,4.83,1.63,1,0,4.13,0.97,3.07,1.53,4.1,1.03,2.67,1.42
amistad,8.33,1.54,6.17,2.45,4.73,1.75,4.77,0.43,1.03,0.18,1.43,0.86,1.3,0.6,1.03,0.18
amistoso,7.77,1.41,5.6,1.89,4.9,1.39,4.27,0.74,1.13,0.43,1.07,0.37,1.4,0.93,1.1,0.4
amordazar,1.76,1.5,7.31,1.91,5.91,1.43,1.14,0.44,3.86,1.09,3.18,1.47,4.14,1.25,2.72,1.49
amplia,5.13,1.52,3.77,1.58,2.88,1.42,2.07,1.28,1.21,0.49,1.17,0.47,1.34,0.67,1.03,0.19
amputación,1.6,1.22,6.37,2.34,6.3,0.9,1.03,0.18,2.63,1.59,3.93,1.31,4.07,1.17,3.23,1.41
ancho,4.47,1.28,3,1.64,3.55,1.91,1.4,0.86,1.4,0.86,1.23,0.63,1.33,0.66,1.37,0.89
anclar,5.03,0.85,3.67,1.84,5.05,1.55,1.55,1.09,1.17,0.47,1.48,0.83,1.34,0.72,1.14,0.58
animar,8.03,0.84,7.13,1.45,4.89,1.35,4.27,0.94,1,0,1.4,0.97,1.1,0.4,1,0
aniquilar,1.62,1.42,7.76,1.83,5.52,1.52,1.21,0.77,4.21,0.98,3.72,1.49,4.07,1.22,3.28,1.6
anorexia,1.4,1.07,5.73,1.98,6.03,1.2,1.03,0.18,2.4,1.28,4.23,0.9,3.43,1.41,2.23,1.33
anotar,5.07,2.03,4.72,2.28,4.73,1.67,1.41,0.68,1.14,0.44,1.34,0.72,1.24,0.51,1.24,0.58
ansiedad,2.13,1.5,7.07,2.35,4.47,1.55,1.2,0.55,2.87,1.2,3.57,0.9,3.77,1.14,2.03,1.13
anticuado,3.7,1.58,3.53,1.33,4.13,1.64,1.69,1.04,1.48,1.02,1.93,1.16,1.52,0.99,1.48,0.83
antiguo,5.4,1.4,4,1.72,4.43,1.49,2.55,1.34,1.29,0.9,2.61,1.23,1.87,1.15,1.68,1.14
antipático,2.9,2.23,5.3,1.64,5.22,1.14,1.1,0.4,2.7,1.24,2.67,1.27,1.7,1.06,2.1,1.27
apaciguado,6.14,2.18,3.66,2.97,3.72,1.95,2.64,1.19,1.18,0.48,1.32,0.61,1.29,0.66,1,0
aparato,4.27,1.46,3.7,1.68,2.75,2.09,1.57,3.8,1.33,0.8,1.27,0.64,1.5,0.97,1.27,0.64
apasionado,7.77,1.07,7.73,1.36,4.45,1.66,4.17,0.91,1.4,0.67,1.23,0.57,1.6,0.81,1.1,0.31
apendicitis,1.76,1.38,6.28,2.19,6.59,0.52,1.07,0.26,1.59,0.87,2.69,1.34,3.59,1.38,2.24,1.15
aperitivo,6.93,1.78,5.37,2.04,5.52,1.37,3.8,1,1.07,0.37,1.1,0.31,1.03,0.18,1.27,0.64
apestoso,1.8,1.52,5.23,1.94,5.09,1.46,1.03,0.18,1.63,0.93,1.47,0.94,1.67,1.06,4.67,0.61
apilar,4.77,0.68,3.73,1.82,4.68,1.37,1.14,0.44,1.24,0.83,1.31,0.85,1.14,0.58,1.1,0.41
aplastar,2.73,1.23,6.53,1.5,5.55,1.15,1.07,0.26,2.9,1.4,2.66,1.34,3.21,1.37,2.59,1.4
aplaudir,7.4,1.22,6.87,1.68,5.63,1.52,4.2,1.03,1.13,0.43,1.13,0.43,1.2,0.55,1.13,0.43
aplausos,7.47,1.5,7.63,1.1,5.95,1.37,4.07,1.01,1.33,0.96,1.13,0.51,1.3,0.7,1.03,0.18
apodar,4.63,0.96,4.1,1.69,5.22,1.39,1.83,1,1.59,1.18,1.55,1.09,1.28,0.75,1.17,0.47
aprobar,8.33,0.76,7.27,1.41,5.6,1.32,4.77,0.43,1.1,0.4,1.07,0.37,1.73,1.05,1.07,0.37
araña,2.1,1.3,7.07,2.06,6.05,1.41,1.17,0.59,2.33,1.45,1.5,0.94,3.53,1.36,3.77,1.28
armar,3.93,1.89,6.1,1.94,4.1,1.84,1.97,1.45,2.83,1.49,2.53,1.43,2.93,1.39,1.9,1.24
armonía,7.67,1.6,5.37,2.13,3.57,1.85,4.1,0.98,1,0,1.24,0.69,1.03,0.19,1,0
aroma,7,1.64,4.43,2.4,4.02,1.68,3.3,0.99,1.33,0.96,1.7,1.15,1.3,0.88,1.73,0.94
arrasar,4.16,1.95,6.48,1.88,3.74,1.31,2.17,1.29,2.57,1.45,2.1,1.35,2.6,1.33,1.33,0.76
arriesgado,5,1.23,7.33,1.24,4.02,1.62,2.2,1.3,1.17,0.46,1.37,0.76,3.6,1.13,1.2,0.48
arrimar,5.59,1.35,6,1.85,4.41,1.78,1.93,1.19,1.31,0.54,1.24,0.58,1.48,0.91,1.52,0.83
arrollar,2.45,1.15,6.33,1.63,4.3,1.6,1.24,0.51,2.59,1.3,2.41,1.21,3.24,1.06,1.62,0.98
arroz,5.4,1.79,3.93,2.12,6.4,1.39,2.07,1.14,1,0,1.17,0.46,1.07,0.37,1.23,0.63
arruinar,2.3,2.05,5.7,2.53,4.38,1.52,1.03,0.18,3.2,1.32,4.07,1.2,3.8,1.13,2.07,1.14
artículo,5.7,1.39,4.73,1.87,4.75,1.77,2.1,1.35,1.31,0.85,1.38,0.82,1.45,0.95,1.41,0.95
artístico,7.13,1.89,5.33,2.25,3.95,1.84,3.77,0.94,1.33,0.71,1.73,1.26,1.37,0.81,1.03,0.18
asaltar,2.69,2.05,7.38,1.72,4.98,1.31,1.21,0.68,3.34,1.32,2.62,1.61,4,1.2,2.1,1.45
asfixiar,1.33,0.96,6.73,2.33,6.03,0.86,1.03,0.18,3.4,1.28,3.37,1.54,4.3,1.09,2.43,1.38
asombrar,6.17,1.66,6.87,1.55,3.93,1.55,2.93,1.23,1.27,0.83,1.3,0.6,1.8,0.89,1.13,0.43
astuto,6.67,1.58,5.77,1.82,4.65,1.67,2.67,1.35,1.6,0.97,1.27,0.64,1.7,0.99,1.3,0.65
asustar,3.07,1.66,7.3,1.47,5.52,1,1.62,1.12,2.9,1.59,2,1.16,4.11,1.45,1.41,0.91
atacar,2.63,2.19,7.07,2.21,4.83,1.76,1.2,0.66,3.93,1.17,2.5,1.38,3.57,1.04,2.2,1.3
ataque,2.8,1.63,7.23,1.57,3.55,1.73,1.43,0.9,3.13,1.28,2.53,1.36,3.5,1.25,1.87,1.17
atardecer,7.1,1.45,3.5,2.18,5.75,1.36,3.43,1.14,1.03,0.18,1.97,1.16,1.13,0.43,1,0
atasco,1.83,0.87,6.93,1.91,5.37,1.63,1.07,0.25,4.1,1.06,2.33,1.3,2.2,1.21,2.8,1.19
ataúd,1.97,1.96,4.37,2.75,6.33,0.99,1.03,0.18,2.8,1.56,4.33,1.18,3.73,1.28,1.87,1.25
atemorizar,2.2,1.45,6.43,2.18,4.9,1.17,1.1,0.4,3.03,1.38,2.9,1.35,4.23,1.01,2.37,1.38
atender,5.63,1.67,5.2,2.27,4.38,1.21,2.37,0.96,1.23,0.57,1.33,0.61,1.37,0.61,1.33,0.76
aterrar,1.83,1.23,7.33,1.6,5.2,1.83,1.1,0.4,2.8,1.24,2.7,1.29,4.57,0.86,2.37,1.25
aterrorizar,1.77,1.19,7.77,1.28,5.03,1.64,1.07,0.26,3.41,1.55,2.93,1.53,4.59,0.95,2.14,1.33
atmosférico,4.57,1.1,2.9,1.71,4.4,1.95,1.5,0.82,1.1,0.4,1.53,1.07,1.57,1.07,1.13,0.43
atontado,3.3,1.26,4.43,1.83,4.17,1.67,1.37,0.93,2.13,1.14,2.07,1.01,1.43,0.63,1.5,0.94
atornillar,4.77,0.68,4.07,1.95,6.2,0.83,1.14,0.44,1.17,0.6,1.1,0.56,1.1,0.31,1,0
atracar,2.53,2.15,7.3,1.8,5.4,1.37,1.07,0.25,3.3,1.29,2.8,1.42,4,1.05,2.53,1.59
atractivo,7.3,1.8,6.38,1.7,3.85,1.78,3.63,1.03,1.13,0.35,1.03,0.18,1.3,0.75,1.07,0.25
atravesar,4.8,1.21,5.37,1.73,3.93,1.49,2.14,1.41,1.45,0.83,1.38,0.82,1.97,1.12,1.28,0.65
aturdido,2.57,1.14,4.43,2.11,4.45,1.49,1.17,0.46,1.8,1.06,2.03,1.13,2.83,1.37,1.47,0.86
ausencia,3.27,1.74,4.43,2.64,3.75,1.89,1.33,0.8,2.17,1.29,4.03,1.1,2.93,1.36,1.63,1.07
auténtico,7.13,1.41,5.53,1.89,4.1,1.42,3.87,1.14,1.37,0.81,1.3,0.65,1.5,0.9,1.13,0.43
auxiliar,6.4,1.77,5.53,2.13,3.8,1.73,2.27,1.41,1.3,0.65,1.63,1,1.93,1.26,1.2,0.55
aventurero,7.37,1.69,7.57,1.52,4.9,1.17,3.97,1.13,1.17,0.53,1.23,0.57,2.4,1.22,1.13,0.57
aversivo,1.93,1.41,6.93,2,5.07,1.51,1.25,0.84,3.18,1.25,2.82,1.31,3.36,1.37,3.71,1.38
avispado,6.8,1.45,7.27,1.64,5.13,1.28,2.77,1.17,1.53,1.01,1.27,0.64,1.57,0.82,1.17,0.46
azulejo,4.73,1.2,3.47,1.91,6.1,1.14,1.4,0.67,1.2,0.76,1.13,0.35,1,0,1.27,0.69
átomo,4.57,1.76,3.57,2.24,5.67,1.6,1.5,0.94,1.47,0.9,1.37,0.85,1.63,1.07,1.3,0.75
babosa,2.93,1.53,5,1.7,6.05,1.43,1.28,0.59,1.21,0.68,1.28,0.59,1.9,1.14,4.07,1.14
bailar,7.5,1.68,6.83,2.39,5.9,1.06,4.13,0.94,1.17,0.46,1.13,0.35,1.3,0.65,1.07,0.25
baile,7.5,1.46,6.9,2.2,5.48,1.05,4.2,0.89,1.42,0.89,1.48,1.03,1.65,1.05,1.06,0.25
balneario,7.93,1.23,2.47,2.19,6.08,1.36,4.03,1.07,1.07,0.25,1.2,0.55,1.1,0.31,1.17,0.46
barba,5.7,1.47,3.7,2.45,6.25,1.29,1.93,1.14,1.1,0.4,1.1,0.4,1.27,0.58,1.27,0.58
bebé,7.6,1.67,6.8,1.99,6.05,1.47,4.55,0.85,1.32,1.01,1.29,0.82,1.87,1.06,1.35,0.91
bello,7.93,1.39,6.37,1.75,3.98,1.67,4.13,0.94,1.3,0.84,1.1,0.4,1.37,0.67,1.07,0.25
beneficio,7.5,1.72,5.8,1.9,4.53,1.72,4.13,1.11,1.3,0.75,1.07,0.25,1.33,0.76,1.33,0.76
besar,8.43,0.63,8.07,0.87,5.6,1.51,4.63,0.61,1.07,0.25,1.27,0.64,1.57,0.94,1.37,0.56
bienestar,7.93,2.03,4.9,2.55,3.68,1.6,4.66,0.55,1,0,1,0,1.14,0.44,1,0
bikini,6.2,2.11,5.17,2.55,6.3,1.02,3.27,1.39,1.17,0.59,1.43,0.94,1.23,0.77,1.23,0.68
binario,4.27,1.7,3.27,2.13,4.7,1.94,1.31,0.6,1.31,0.89,1.38,0.94,1.41,0.95,1.41,0.95
bochorno,2.87,1.94,5.13,2.29,4.47,1.49,1.23,0.77,2.63,1.38,2.53,1.48,2.07,1.44,2.4,1.22
bola,4.57,1.3,4.27,1.89,4.7,1.95,1.8,1.06,1.3,0.53,1.23,0.5,1.23,0.5,1.3,0.65
bombardear,1.53,1.28,7.83,1.32,5.78,1.14,1,0,3.7,1.32,4.3,1.06,4.47,1.04,2.47,1.48
bondadoso,7.9,1.69,5.83,1.78,5.05,1.64,4.03,0.85,1.1,0.31,1.07,0.25,1.3,0.79,1.1,0.4
bonito,7.97,1.07,4.9,2.32,4,1.76,4.33,0.71,1.1,0.4,1.27,0.64,1.03,0.18,1.07,0.25
borroso,3.37,1.33,4.5,2.24,4.55,1.52,1.27,0.74,1.77,1.07,2.03,1.03,2.3,0.95,1.43,0.73
bosque,7.63,1.65,5.27,2.53,5.4,1.72,3.8,1.37,1.17,0.59,1.5,0.94,2.23,1.01,1.1,0.31
botón,4.8,0.85,4.1,1.81,6.08,1.49,1.52,0.83,1.31,0.76,1.14,0.44,1.24,0.64,1.17,0.54
brincar,6.77,1.26,7.35,1.64,5.52,1.16,3.93,1.14,1.53,0.94,1.1,0.4,1.6,1.04,1.23,0.5
broma,6.4,1.43,7.03,1.3,4.65,1.61,3.87,1.11,1.63,0.93,1.27,0.64,1.7,0.99,1.33,0.76
cachorro,8.1,1.6,5.23,2.87,6.2,1.22,4.27,0.69,1.07,0.37,1.37,0.76,1.2,0.48,1.1,0.4
caducado,2.7,1.56,4.57,2.21,5.2,1.55,1.1,0.4,1.8,1.13,2.33,1.32,2.23,1.33,3.93,1.31
caer,2.47,1.46,6.5,1.81,4.53,1.71,1.27,0.64,2.23,1.28,2.5,1.25,3.67,1.15,1.37,0.61
calavera,3.17,1.64,4.9,1.77,6.46,0.63,1.13,0.51,1.43,0.77,2.27,1.14,3.33,1.15,2.6,1.33
calentar,5.4,1.45,5.23,1.99,4.32,1.54,2.33,1.37,1.57,0.97,1.23,0.5,1.6,0.93,1.1,0.4
calma,7.57,1.79,2.43,2.6,4.85,1.43,3.9,1.24,1,0,1.4,0.97,1.3,0.6,1,0
calmado,6.7,1.42,1.87,1.11,5.33,1.39,2.93,0.94,1.17,0.59,1.57,0.77,1.17,0.46,1,0
calmante,5.67,2.28,2.47,2.1,4.68,1.48,2.42,1.26,1.42,0.96,1.9,1.16,1.77,1.12,1.35,0.88
camping,6.5,1.83,5.6,2.13,5.85,1.55,3.68,0.98,1.16,0.45,1.35,0.8,2,1.06,1.87,0.99
canal,4.57,1.33,3,1.72,3.27,1.92,1.77,1.19,1.23,0.57,1.37,0.76,1.57,0.86,1.53,0.94
canción,7.57,1.7,5.47,2.01,6.3,0.79,4.23,0.86,1.47,0.9,2.5,1.14,1.27,0.78,1.23,0.77
cansancio,2.8,1.35,2.77,1.5,4.7,1.61,1.33,0.55,1.9,1.35,2.67,1.18,1.53,0.9,1.67,1.09
cantar,6.9,1.79,6.7,1.53,5.03,1.28,3.9,1.16,1.27,0.52,1.77,0.9,1.47,0.97,1.17,0.46
capa,4.43,1.33,3.27,1.82,4.59,1.78,1.47,0.9,1.17,0.53,1.2,0.55,1.6,1.07,1.23,0.57
caprichoso,2.9,1.71,5.17,1.77,4.83,1.72,1.38,0.68,2.47,1.22,2.07,1.25,1.31,0.54,2.13,1.2
carcajada,8.6,0.72,7.3,2.25,6.1,1.22,4.87,0.43,1,0,1,0,1.07,0.37,1,0
carismático,7.1,1.54,5.24,2.21,4.93,1.44,3.62,0.86,1.34,0.81,1.17,0.47,1.28,0.7,1.31,0.81
cartesiano,4.39,1.12,3.13,2.2,4.72,2.06,1.21,0.59,1.33,0.92,1.5,1.06,1.38,0.92,1.46,1.1
castigar,1.9,0.99,6.47,2.22,5.28,1.3,1.07,0.25,3.47,1.36,3.27,1.23,3.33,1.35,2.3,1.26
catástrofe,1.3,0.95,7.93,1.51,4.43,1.58,1,0,3.07,1.53,4.73,0.58,4.6,0.81,1.9,1.24
cauto,5.76,1.55,3.97,1.52,4.18,1.64,1.72,1.03,1.1,0.31,1.28,0.59,1.86,1.16,1.07,0.26
cazar,2.2,1.54,6.97,1.92,5.48,1.22,1.23,0.43,2.9,1.4,3.5,1.11,2.47,1.46,3.1,1.32
cefalea,1.93,1.24,5.7,2.18,5.94,1.29,1.04,0.19,2.52,1.4,2.74,1.4,2.41,1.37,1.85,1.35
ceguera,1.87,1.41,6.27,2,5.43,1.69,1,0,2.53,1.31,4.13,0.94,4.17,1.18,1.38,0.73
celda,1.83,1.58,5.77,2.51,5.88,1.35,1.23,0.8,3.32,1.54,3.84,1.42,4,1.15,3.19,1.56
celebración,8.23,1.02,7.59,1.22,5.03,1.14,4.73,0.52,1.17,0.59,1.33,0.88,1.43,0.86,1.13,0.51
celebrar,7.53,1.36,7.1,1.42,4.45,1.64,4.47,0.68,1.1,0.31,1.4,1.1,1.4,0.93,1.1,0.31
celulitis,2.73,1.66,4.63,1.94,6.38,0.65,1.03,0.18,1.97,1.22,2.2,1.16,1.97,1.07,3.1,1.16
chaquetero,2.27,1.11,4.63,1.99,4.73,1.76,1.2,0.48,2.87,1.22,2.23,1.38,1.6,0.97,2.6,1.4
charca,5.5,1.57,3.87,2.08,5.97,1.14,2.41,1.52,1.17,0.54,1.48,0.69,1.69,0.93,2.03,1.05
charlar,7.03,1.35,5.97,1.82,4.99,1.34,3.73,1.14,1.13,0.43,1.13,0.35,1.3,0.84,1,0
chimenea,5.9,1.92,3.8,1.94,6.43,0.95,3.03,1.38,1.17,0.46,1.67,1.03,1.87,1.11,1.3,0.84
chistoso,7.2,1.67,6.3,1.78,5.07,1.19,4.03,1.1,1.23,0.82,1.23,0.63,1.07,0.25,1.23,0.68
chivato,2.6,1.5,5.97,2.13,5.13,1.6,1.27,0.69,3.3,1.12,2,1.11,1.9,0.99,2.8,1.37
chuchería,7.37,1.27,4.33,2.5,5.85,1.31,3.8,1.06,1.03,0.18,1.03,0.18,1,0,1.1,0.31
chulo,3.73,2.33,5,2,4.75,1.87,2.17,1.39,2.62,1.54,1.76,1.35,1.52,0.87,2.62,1.66
cifrado,5.18,1.28,5,2.09,3.97,1.9,1.37,0.74,1.56,0.97,1.37,0.84,1.67,1.11,1.19,0.48
cine,7.9,1.21,5.57,1.99,5.45,1.65,4.53,0.68,1.87,1.55,2.2,1.54,2.17,1.44,1.47,1.22
cirugía,3.27,2.1,6.87,1.31,5.63,1.38,1.43,0.9,1.27,0.64,2.07,1.08,3.93,1.2,2.2,1.21
cita,6.47,1.55,6.17,1.32,4.28,1.7,3.3,1.29,1.4,1.07,1.37,0.85,2.3,1.12,1.23,0.68
claridad,7,1.67,5.17,2.32,4.5,1.53,3.67,1.21,1.1,0.31,1.17,0.46,1.13,0.35,1.1,0.4
clase,6,1.58,4.73,1.72,4.28,1.94,2.7,1.34,1.13,0.43,1.2,0.41,1.43,0.68,1.13,0.43
clavel,6.67,1.58,3.57,2.05,6.75,0.63,3.37,1.1,1.1,0.4,1.33,0.8,1.07,0.25,1.07,0.25
coaccionar,2.18,1.54,6.5,1.62,4.7,1.38,1.07,0.26,3.7,1.2,2.89,1.37,3.61,1.34,3.14,1.58
coacción,2.13,1.48,6.23,2.1,4.6,1.67,1.2,0.66,3.8,1.37,3.33,1.49,3.47,1.43,3.07,1.7
cobrar,7.38,1.74,6.45,2.06,4.5,1.67,4.07,1.28,1.21,0.41,1.28,0.7,1.24,0.51,1.17,0.76
cocer,4.72,1.58,4.07,2.07,5.81,1.29,1.38,0.73,1.21,0.56,1.31,0.66,1.34,0.67,1.41,0.91
codicioso,2.53,1.91,5.27,2.13,5.1,1.7,1.3,0.7,2.77,1.3,2.6,1.35,1.97,1.33,2.57,1.48
colorado,5.1,1.6,4.7,2.55,3.75,2,2.4,1.43,2.2,1.37,1.23,0.68,1.33,0.92,1.13,0.51
comentario,4.87,1.04,3.87,1.48,3.54,1.85,2.47,1.22,2.1,1.12,2.13,1.36,2,1.31,1.8,1.13
comenzar,6.13,1.83,6.1,2.31,4.25,1.94,3.1,1.27,1.2,0.55,1.73,1.26,2.37,1.22,1.23,0.77
compadecer,3.63,1.9,4.83,1.72,4.1,1.31,1.5,1.01,1.8,1,3.4,1.33,1.8,1.27,1.43,0.77
compañía,6.8,1.9,5.63,1.88,4.45,1.7,3.93,1.05,1.17,0.38,1.37,0.76,1.67,1.18,1.37,0.93
compartir,7.87,1.33,5.9,2.12,4.53,1.54,4.23,0.97,1.2,0.48,1.17,0.46,1.43,0.77,1.23,0.57
compasivo,7.03,1.47,4.93,1.86,4.15,1.67,3.33,1.15,1.3,0.65,2,1.14,1.47,0.73,1.13,0.43
competente,7.23,1.63,6.2,1.99,4.88,1.38,3.71,1.35,1.39,0.88,1.23,0.76,1.74,1.06,1.35,0.91
competitivo,4.87,2.03,7.33,1.56,4.83,1.28,2.27,1.17,2.3,1.26,1.9,1.09,2.07,1.14,1.67,0.92
complacer,7.13,1.68,5.77,2.4,4.35,1.74,3.6,1.1,1.3,0.92,1.27,0.78,1.4,0.77,1.27,0.58
complacido,6.87,1.96,4.63,2.27,4.1,1.78,3.83,0.91,1.17,0.59,1.13,0.51,1.3,0.7,1.2,0.61
comprensión,7.62,1.42,5.33,2.4,4.65,1.43,3.83,0.79,1.17,0.59,1.77,1.07,1.7,0.92,1.1,0.4
comunicación,7.1,1.71,5.7,2.28,4.23,1.74,3.5,1.17,1.2,0.66,1.2,0.48,1.63,1.03,1.17,0.65
comunicativo,6.87,1.59,5.43,2.14,4.77,1.47,3.4,1.1,1.17,0.38,1.13,0.43,1.3,0.6,1.07,0.25
condena,2.37,1.65,6.03,2.5,4.85,1.25,1.17,0.38,3.1,1.35,3.8,1.21,3.6,1.13,2.2,1.27
confidente,6.57,1.7,4.47,2.06,5.28,1.34,3,1.44,1.17,0.46,1.2,0.55,1.77,1.25,1.2,0.66
conflicto,1.73,0.83,7.37,1.97,4.53,1.53,1.17,0.46,4,1.02,3.57,1.28,3.57,1.19,2.33,1.47
confundido,3.43,1.28,5.33,1.81,3.93,1.41,1.17,0.46,1.73,0.98,2.37,1,2.43,1.07,1.2,0.41
congelado,4.03,1.38,4.67,2.02,5.3,1.45,1.33,0.76,1.23,0.5,1.83,1.09,2.17,1.42,1.5,0.97
conocer,7.17,1.68,5.7,2.15,3.63,1.85,3.37,1.19,1.07,0.37,1.3,0.75,2.07,0.94,1.3,0.75
consciente,6.55,1.7,5.38,2.21,3.98,1.93,2.76,1.24,1.34,0.72,1.59,0.98,1.93,1.25,1.38,0.86
conseguir,7.48,1.48,6.62,1.82,3.83,1.58,4.3,1.09,1.07,0.37,1,0,1.6,0.86,1.03,0.19
conservar,5.83,1.65,4.62,1.86,4.18,1.41,2.41,1.35,1.34,0.94,1.31,0.6,1.21,0.68,1.28,0.88
contentar,7.93,1.31,6.97,1.59,4.54,1.67,3.86,1.51,1.17,0.66,1.1,0.41,1.1,0.56,1.14,0.74
contento,8.1,1.47,6.7,2.42,5.4,1.16,4.52,0.77,1.13,0.72,1.19,0.75,1.19,0.75,1.16,0.73
contrario,4.07,1.6,5,1.89,4.13,1.84,1.33,0.66,1.93,1.17,1.53,0.86,2,1.23,1.53,0.94
cooperar,7.63,1.35,6.1,2.02,4.73,1.53,3.93,1.11,1.27,0.64,1.2,0.48,1.4,0.77,1.27,0.83
coordinación,7.03,1.52,6.3,2,4.53,1.37,3.2,1.3,1.23,0.63,1.13,0.51,1.77,1.07,1.13,0.43
coquetear,6.8,1.52,6.6,1.71,4.95,1.66,3.57,1.1,1.17,0.46,1.17,0.59,1.7,1.02,1.23,0.57
correr,6.28,2.07,7.76,1.43,5.71,1.19,3.38,1.27,2,1.2,1.43,0.82,2.13,1.46,1.37,0.76
corromper,1.8,0.85,5.27,1.55,4.25,1.37,1.1,0.41,3.55,1.12,2.76,1.21,2.59,1.21,2.93,1.44
cosa,4.43,1.2,3.37,1.83,1.8,1.55,1.83,1.05,1.43,0.82,1.4,0.86,1.7,0.95,1.67,1.09
cómico,7.63,1.25,5.77,1.96,4.6,1.51,4.2,0.92,1,0,1.03,0.18,1.1,0.31,1.03,0.18
cómodo,7.4,1.25,4.9,2.37,4.3,1.4,3.73,0.98,1.1,0.31,1.13,0.43,1.07,0.25,1.1,0.31
creativo,7.57,1.68,6.07,2.36,4.55,1.6,4.03,1.14,1.61,1.31,1.55,1.23,1.68,1.19,1.29,0.9
crecer,6.68,1.62,5.68,2.02,5.01,1.63,3.83,1.02,1.1,0.4,1.8,1,2.2,1.27,1.03,0.18
creído,3.03,1.81,5.53,1.8,4.88,1.49,1.42,0.92,3.06,1.31,2.19,1.14,1.87,1.18,3.03,1.28
crédulo,3.86,1.67,4.61,1.66,4.41,1.74,1.73,1.12,1.77,1.03,1.77,1.03,1.65,0.85,1.46,0.9
crisis,2.17,1.93,6.67,2.26,3.83,1.64,1.07,0.25,3.8,1.03,3.97,0.85,3.9,1.12,2.77,1.52
cuadrada,4.46,1.3,3.07,1.79,3.44,1.92,1.18,0.39,1.11,0.42,1.25,0.7,1.18,0.48,1.11,0.42
cucaracha,2.4,1.85,7.17,1.98,6.27,1.55,1.13,0.43,1.77,1.1,1.33,0.61,2.6,1.25,4.2,1.06
cuento,7.47,1.41,4.7,2.35,5.2,1.52,3.83,1.02,1.13,0.43,2,1.05,1.77,1.07,1.1,0.31
cuidar,7.4,1.57,5.83,1.88,4.62,1.57,3.43,1.14,1.1,0.4,1.57,0.86,1.73,0.87,1.17,0.53
culto,6.83,2.2,4.8,1.71,4.47,2.03,3,1.31,1.07,0.25,1.17,0.46,1.27,0.64,1.1,0.31
danza,7.4,1.22,6.67,2.51,5.1,1.61,4.32,0.87,1.35,0.84,1.55,0.96,1.42,0.85,1.13,0.72
dañar,2.07,1.93,6.13,2.22,5.18,1.36,1.03,0.18,3.8,1.06,3.57,1.45,3.53,1.22,2.7,1.47
dañino,1.67,1.49,6.1,1.99,4.15,1.49,1,0,3.2,1.42,3.7,1.24,3.83,1.15,2.2,1.35
dar,6.47,1.53,5.23,1.61,4.5,1.71,3.58,1.2,1.35,0.91,1.65,1.11,1.74,1.15,1.39,0.92
decapitar,1.37,1.47,7.67,1.97,5.97,1.46,1,0,4.1,1.37,4.07,1.36,4.43,0.94,3.97,1.27
decidir,6.03,2.11,6.53,2.08,4.68,1.55,2.8,1.24,1.53,0.86,1.87,1.04,2.8,1.32,1.47,0.73
decoro,4.81,1.94,4,1.86,3.28,1.61,2.48,1.28,1.26,0.53,1.26,0.53,1.26,0.53,1.26,0.59
defender,6.73,1.76,7.03,1.77,4.88,1.26,2.63,1.35,2.5,1.25,1.63,0.89,2.83,1.23,1.4,0.86
degollar,1.48,1.27,7.55,2.37,6.2,1.45,1.03,0.19,3.79,1.24,3.83,1.47,4.52,0.99,4,1.44
delfín,7.33,1.67,5.17,2.39,6.64,0.65,3.9,1.18,1.07,0.25,1.27,0.69,1.5,0.9,1.2,0.81
delgado,5.93,1.34,5.13,1.04,4.85,1.43,2.73,1.14,1.3,0.65,1.7,0.99,1.6,0.89,1.7,0.79
delicadeza,7.07,1.53,4.17,2.73,4.75,1.55,2.77,1.22,1.2,0.76,1.63,1.03,1.8,1.37,1.27,0.83
delicioso,8.07,0.98,6.97,1.47,4.75,1.37,4.27,0.83,1.07,0.25,1.07,0.25,1.03,0.18,1.03,0.18
delincuencia,2.57,2.19,6.73,1.91,4.47,1.97,1.07,0.25,3.33,1.32,3.2,1.45,3.6,1.07,2.87,1.48
demencia,2.17,1.29,5.63,1.91,5,1.43,1.1,0.4,2.13,1.31,4.03,1.1,3.37,1.33,1.3,0.65
democracia,6.83,1.56,5.87,1.55,5.37,1.64,3.2,1.13,1.7,1.12,1.6,0.93,1.7,0.99,1.53,0.9
denigrar,1.69,1.04,6.03,2.26,4.88,1.59,1.1,0.4,3.5,1.48,3.37,1.27,2.53,1.38,3.2,1.58
denominar,4.52,1.48,4,2.19,4.21,1.98,1.25,0.59,1.21,0.57,1.18,0.55,1.14,0.45,1.14,0.45
derruir,2.39,1.29,5.86,1.78,4.94,1.43,1.19,0.79,3.07,1.54,3.67,1.27,3.04,1.34,1.63,1.01
derrumbar,2.4,1.57,5.57,2.27,4.32,1.29,1.3,0.6,2.77,1.52,3.57,1.25,3.23,1.28,1.73,1.11
desafiar,4.3,1.76,6.53,2.16,5.07,1.42,1.53,1.01,2.3,1.29,1.87,1.14,2.53,1.14,1.5,0.82
desagradable,2,1.6,4.7,2.34,4.45,1.91,1,0,2.63,1.13,2.8,1.37,2.63,1.22,4.3,0.75
desahuciado,1.5,0.97,6.3,2.18,5.28,1.67,1,0,3.87,1.33,4.4,1.04,3.73,1.2,2.5,1.59
desahuciar,1.4,0.71,7.13,2.31,5.73,1.5,1,0,4.13,1.11,4.63,0.85,3.73,1.51,2.97,1.54
desahucio,1.33,0.76,6.8,2.22,6.03,1.03,1,0,4.27,1.01,4.5,0.78,4.17,1.09,3.23,1.5
desamor,1.37,1.13,5.83,2.49,4.83,1.59,1.23,0.82,3.3,1.34,4.67,0.71,3.47,1.36,2.13,1.36
desangrar,1.3,0.53,7.77,1.52,6.38,0.62,1.07,0.37,3.03,1.43,3.86,1.09,4.28,1.1,3.38,1.35
descansar,7.9,1.24,2.23,1.61,5.28,1.28,4.1,0.88,1.1,0.31,1.17,0.46,1.13,0.43,1.03,0.18
desconsiderado,2.1,1.37,5.2,2.11,4.17,1.47,1,0,3.3,1.34,2.87,1.48,1.6,0.86,2.43,1.22
desear,7.43,1.45,7.4,1.81,4.47,1.6,3.87,0.86,1.3,0.7,1.6,1,1.9,1.16,1.23,0.57
desenroscar,4.73,0.83,3.63,1.65,5.37,1.28,1.41,0.91,1.1,0.41,1.07,0.37,1.17,0.66,1.1,0.41
desenterrar,3.83,2.17,6.1,2.11,5.4,1.76,1.83,1.09,1.97,1.22,2.9,1.3,3.3,1.18,2.8,1.35
desfavorable,2.53,1.61,5.2,2.33,3.75,1.48,1.2,0.41,2.83,1.21,3.63,1.19,3.2,1.13,2,1.17
desierto,4.7,1.68,5.07,2.07,5.3,1.68,2.17,1.46,1.37,0.89,2.4,1.3,2.73,1.31,1.37,0.89
desmayo,2.4,1.57,3.97,2.34,5.28,1.53,1.03,0.18,1.53,0.97,2.67,1.18,3.6,1.22,1.5,0.86
desobedecer,3.19,1.76,6.48,1.57,4.97,1.49,1.5,0.9,2.9,1.24,2.07,1.05,2.2,1.24,1.67,1.12
desollar,2.36,1.91,5.82,2.42,5.02,1.93,1.07,0.37,2.86,1.64,3.14,1.43,3.45,1.59,3.62,1.42
desorden,2.93,2.03,5.97,2.14,3.9,1.65,1.47,0.9,2.77,1.41,2,1.14,1.5,0.94,3.07,1.2
despachar,4.17,1.15,4.33,2.02,4.17,1.71,1.69,1.07,1.79,1.18,1.79,1.18,1.55,0.91,1.17,0.47
despacho,4.77,1.33,3.6,1.92,5.52,1.77,1.73,1.08,1.2,0.55,1.43,0.82,1.8,1.03,1.4,0.77
despejado,6.47,1.2,5.1,1.81,3.93,1.41,3.23,0.94,1.1,0.31,1.2,0.48,1.13,0.35,1.07,0.25
despierto,6.37,1.54,6.07,2.1,5.07,1.73,2.93,1.31,1.31,0.6,1.28,0.84,1.14,0.35,1.14,0.58
despistado,3.73,1.46,5.03,1.87,4.62,1.29,1.4,0.72,2,1.08,1.97,0.96,1.63,0.85,1.37,0.81
desprecio,1.93,1.64,5.87,1.55,4.2,1.84,1,0,3.3,1.21,3.13,1.46,2.37,1.3,3.17,1.34
destacar,6.1,1.84,5.37,2.16,4.45,1.25,2.73,1.28,1.43,0.94,1.47,0.78,2.07,1.23,1.23,0.57
desterrar,2.3,1.29,5.23,2.25,4.9,1.46,1.1,0.4,3.03,1.5,3.47,1.28,2.9,1.54,1.7,0.95
destrozar,2.03,1.63,6.67,1.97,4.47,1.43,1.27,0.83,4.23,1.1,3.57,1.14,3.27,1.41,2.47,1.43
devastar,1.37,0.67,7.6,1.59,4.35,1.87,1.03,0.19,3.7,1.32,4.37,1.19,3.93,1.23,2.4,1.52
década,4.76,1.12,3.9,1.78,5.78,1.58,1.67,0.99,1.17,0.38,1.5,0.68,1.67,1.03,1.2,0.55
diabetes,2.1,1.35,4.7,1.78,6.38,1.29,1.17,0.65,1.57,1.04,2.7,1.21,3.1,1.32,1.3,0.7
dichoso,7.17,2.07,6.1,1.88,5.01,1.52,3.8,1.42,1.3,0.84,1.3,0.84,1.3,0.7,1.13,0.43
dictadura,1.5,1.33,6.37,2.24,5.67,1.24,1.03,0.18,3.77,1.45,3.77,1.61,4.07,1.41,3.37,1.67
difamar,1.85,0.86,5.33,2.09,4.64,1.51,1.14,0.36,4.11,0.96,2.68,1.28,2.39,1.17,2.93,1.25
dificultad,3.87,1.81,6.73,1.72,3.6,1.52,1.67,1.09,2.53,1.41,2.37,1.33,3.3,1.18,1.57,0.97
diminuto,4.8,1.03,3.83,1.66,4.75,2.02,1.47,0.9,1.23,0.63,1.57,0.77,1.67,0.99,1.1,0.4
dinámico,6.7,1.34,6.87,1.72,3.9,1.26,3.17,1.02,1.13,0.35,1.07,0.25,1.33,0.66,1.17,0.38
discreto,5.77,1.57,3.5,1.66,4.13,1.31,1.67,0.96,1.1,0.4,1.23,0.5,1.4,0.81,1.1,0.31
disfrutar,8.65,0.61,7.1,1.68,4.65,1.75,4.97,0.18,1,0,1.03,0.18,1.1,0.31,1.03,0.18
disparar,1.8,1.54,8.07,1.23,5.93,1.29,1.1,0.41,4.24,1.18,3.41,1.43,4.38,0.86,2.79,1.5
dispuesto,6.13,2.47,6.07,2.23,4.77,1.44,3.19,1.33,1.32,0.83,1.35,0.84,1.55,0.93,1.39,0.95
disputa,2.3,1.32,7,2.22,4.53,1.28,1.53,0.94,3.8,1.03,3.17,1.34,2.53,1.22,2.07,1.31
distancia,3.5,1.63,4.4,1.85,3.66,1.48,1.6,1.1,1.83,1.21,3.93,1.2,3.03,1.43,1.83,1.26
distraído,4.03,1.27,3.37,1.83,4.8,1.54,1.4,0.86,1.53,0.94,1.47,0.9,1.37,0.89,1.13,0.43
divertido,8.43,0.73,7.23,1.81,4.13,1.82,4.69,0.6,1,0,1.03,0.19,1.14,0.44,1,0
divertir,8.33,0.99,7.53,1.85,4.73,1.77,4.41,1.09,1.07,0.25,1.07,0.25,1.2,0.41,1.07,0.25
doméstico,5.3,1.62,3.37,2.06,4.28,1.24,2.33,1.35,1.17,0.46,1.43,0.86,1.2,0.55,1.17,0.46
donar,7.87,1.06,6,1.37,5.07,1.4,4.43,0.77,1.07,0.25,1.47,0.78,1.6,0.93,1.17,0.46
dormilón,5.83,1.53,1.73,1.05,5.25,1.52,2.1,1.09,1.13,0.43,1.37,0.72,1.13,0.43,1.07,0.37
drogadicto,2.1,1.58,6.5,2.17,5.63,1.73,1.07,0.25,2.07,1.14,4.03,1.03,3.1,1.03,2.37,1.33
ducha,7.17,1.37,3.17,1.6,6.48,0.63,3.6,1.1,1.03,0.18,1.07,0.25,1.03,0.18,1.03,0.18
duplicar,4.97,0.96,3.1,1.97,4.17,1.79,1.83,1.14,1.24,0.74,1.1,0.41,1.31,0.71,1.07,0.37
edición,4.53,1.33,3.4,1.75,3.68,1.76,1.7,1.24,1.1,0.4,1.13,0.57,1.3,0.92,1.07,0.37
ejecutar,4.53,2.49,7.07,1.77,4.2,1.81,1.77,1.14,2.23,1.55,2.47,1.55,2.6,1.43,2.1,1.35
electrocutar,1.77,1.7,6.37,2.8,5.48,1.73,1.03,0.19,3.1,1.52,3.14,1.46,4.38,1.18,2.21,1.5
elegir,5.8,2.01,5.73,1.89,3.93,1.62,2.9,1.27,1.3,0.65,1.57,0.9,2.5,1.22,1.3,0.75
elemento,4.63,1.33,3.43,1.94,2.37,1.69,1.53,1.01,1.37,0.81,1.37,0.76,1.53,1.14,1.4,0.89
elevado,5.27,1.46,5.63,2.03,3.78,1.73,1.97,1.33,1.43,0.94,1.23,0.63,2.33,1.35,1.17,0.65
elíptico,4.48,1.5,3.79,1.97,4.73,1.91,1.76,1.18,1.21,0.56,1.17,0.47,1.28,0.7,1.14,0.44
embalar,4.93,1.33,4.79,2.26,4.91,1.76,1.52,0.95,1.24,0.51,1.52,0.87,1.31,0.76,1.17,0.47
embargo,1.8,0.89,5.87,2.24,5.33,1.29,1.07,0.25,3.67,1.24,4.2,1,3.73,1.28,2.47,1.22
embestir,2.57,1.72,7.27,1.91,5.25,1.41,1.13,0.43,3.1,1.4,2.07,1.31,3.43,1.19,1.6,1.13
embolia,2.5,2.58,6.31,2.63,5.79,1.43,1,0,2.58,1.47,3.96,0.87,3.96,1.11,1.69,1.19
empaquetar,4.7,0.95,4.27,1.86,5.37,1.15,1.66,1.2,1.21,0.68,1.66,1.2,1.24,0.69,1,0
empatar,4.9,1.42,5.1,1.86,5.01,1.7,1.9,1.01,1.86,1.06,2.1,0.98,1.48,0.83,1.55,1.06
emplear,5.4,1.52,4.9,1.94,2.93,1.6,2.67,1.42,1.2,0.66,1.5,1.11,1.6,1.04,1.13,0.51
enaltecer,5.34,2.22,5.38,2.11,4.36,1.85,2.62,1.42,1.69,1.14,1.45,1.02,1.69,1.28,1.45,0.99
enamorar,7.66,1.37,6.97,1.67,4,2.1,4.23,0.94,1.23,0.43,1.67,0.92,2.2,1.1,1.03,0.18
enano,3.87,1.43,4.17,2.1,4.83,1.64,1.63,0.96,1.33,0.61,2.03,1.25,1.47,0.86,1.47,0.86
encadenado,1.42,0.67,5.74,2.16,5.5,1.41,1.07,0.25,3.9,1.16,3.9,1.12,3.83,1.12,2.67,1.42
encantador,8.23,0.73,5.13,2.03,4.73,1.47,4.03,1.03,1.17,0.59,1.17,0.59,1.33,0.71,1.1,0.31
encantar,8,1.51,7.45,1.38,4.18,1.73,4.39,0.88,1.03,0.19,1,0,1.14,0.52,1,0
encontrar,6.57,1.48,5.97,1.9,4.15,2.06,3.77,0.94,1.2,0.48,1.57,1.14,1.7,1.02,1.23,0.63
endurecer,4.69,1.34,4.93,1.65,3.75,1.52,1.57,1.1,1.53,1.01,1.53,0.86,1.7,1.24,1.5,0.82
energía,7.17,1.46,7.2,1.65,3.68,1.84,3.55,1.21,1.52,1.06,1.07,0.26,1.48,0.87,1.03,0.19
enfadar,2.07,1.39,7.2,1.56,4.5,1.59,1.03,0.18,4.37,0.93,3.13,1.43,2.83,1.26,1.93,1.17
enfermar,1.83,1.36,6.14,2.79,5.16,1.44,1,0,2.52,1.33,3.97,1.18,3.9,1.32,2,1.28
enfriamiento,3.37,1.33,5.5,2.03,4.53,1.31,1.33,0.66,1.6,1,2.87,1.38,2.27,1.11,1.4,0.67
enfurecer,2.2,1.94,7.23,2.27,5.13,1.64,1.1,0.31,4.4,0.89,3,1.36,3.27,1.11,2,1.11
engañado,1.9,1.65,5.93,2.52,4.83,1.8,1.17,0.46,3.97,1.19,4.2,0.89,3,1.41,3.13,1.38
engañar,1.67,1.45,6.33,1.6,4.57,1.58,1.03,0.18,3.9,1.18,3.93,1.26,2.73,1.34,3.07,1.48
engatusar,4.2,1.88,5.1,1.9,3.7,1.28,1.76,1.12,2.41,1.12,1.76,0.95,1.97,1.09,2.1,1.11
engordar,2.8,1.73,5.63,1.94,5.37,1.52,1.33,0.71,2.97,1.43,3.2,1.47,2.8,1.37,2.48,1.35
engrosar,4.41,0.93,3.67,1.78,3.28,1.46,1.56,0.85,1.33,0.68,1.3,0.67,1.33,0.78,1.44,0.8
enojo,1.97,1.27,7.03,1.61,4.34,1.51,1,0,4.14,1.19,2.9,1.23,2.47,1.41,1.93,1.31
enriquecedor,8,1.02,5.7,1.74,3.78,1.59,4.47,0.63,1.07,0.25,1.03,0.18,1.3,0.79,1.03,0.18
enriquecer,7.13,1.68,5.77,2.08,4.5,1.37,4,1.03,1.35,0.88,1.26,0.82,1.71,1.04,1.39,0.88
enroscar,4.67,0.8,3.7,1.86,5.35,1.25,1.07,0.26,1,0,1.07,0.37,1.1,0.56,1.1,0.56
ensueño,6.9,1.59,4,2.17,3.38,1.79,3.83,1.17,1.21,0.62,1.55,1.02,1.55,0.95,1.07,0.37
entender,7.27,1.76,5.97,1.75,3.68,1.82,3.55,1.27,1.17,0.6,1.41,0.82,1.48,0.87,1.1,0.56
entero,5.3,1.56,3.57,1.81,3.61,1.88,1.93,1.39,1.07,0.37,1.13,0.51,1.1,0.4,1.07,0.37
enterrar,3.47,2.6,5.7,2.26,5.2,1.71,1.23,0.57,2.13,1.17,3.73,1.48,3.37,1.4,2.03,1.13
entusiasmado,7.7,1.66,6.9,2.31,5.18,1.26,4.42,0.85,1.19,0.79,1.26,1,1.48,0.96,1.16,0.73
entusiasmar,7.85,1.23,7.21,1.55,4.72,1.33,4.7,0.53,1.17,0.59,1.17,0.59,1.2,0.48,1.03,0.18
envenenar,1.6,1.54,6.8,1.92,5.4,1.41,1.17,0.53,3.77,1.36,3.23,1.28,4.17,1.05,3.13,1.38
enviar,5.17,1.44,4.07,1.86,3.84,1.79,2.47,1.38,1.3,0.7,1.47,0.82,1.63,1.03,1.23,0.68
envidioso,1.83,0.75,5.47,2.03,5.37,1.66,1.11,0.32,3.26,1.02,2.41,1.15,2.07,1.27,3.3,1.46
eructo,3.4,2.24,5.2,2.52,6.08,1.21,1.47,0.9,2,0.98,1.47,0.82,1.37,0.85,3.87,1.46
esbozar,5.25,1.94,4.36,2.08,3.52,1.73,2,1.22,1.11,0.31,1.25,0.52,1.18,0.48,1.18,0.61
escalera,4.73,1.78,5.03,2.59,5.6,1.93,1.53,1.07,1.37,0.76,1.17,0.65,1.7,0.99,1.17,0.53
esclavizar,1.53,1.48,6.7,1.7,5.2,1.39,1,0,4.33,0.96,4.3,1.24,3.4,1.43,3.63,1.45
escupir,1.97,1.22,6.19,1.99,6.13,1.13,1.03,0.18,2.9,1.58,1.53,0.86,1.43,0.82,4.47,1.01
escurridizo,4.3,1.51,5.93,1.91,5.05,1.87,1.7,1.12,1.43,0.77,1.3,0.65,1.8,1.19,1.83,0.91
espacial,5.67,1.54,4.13,2.08,2.82,1.58,2.28,1.39,1.1,0.41,1.17,0.47,2.17,1.23,1,0
espantar,3.23,1.79,5.87,2.03,4.35,1.22,1.07,0.25,2.4,1.19,1.57,0.9,2.77,1.36,1.9,1.24
espeso,4.38,1.12,3.45,1.7,4.52,1.55,1.23,0.5,1.27,0.69,1.5,0.86,1.43,0.73,2.2,1.32
espléndido,7.7,1.7,5.4,2.46,4.1,1.77,4.13,1.07,1.1,0.31,1.3,0.79,1.17,0.46,1.03,0.18
espontáneo,6.9,1.4,6.13,1.96,4.77,1.47,3.63,0.93,1.5,0.86,1.37,0.93,1.8,1.03,1.23,0.57
esquematizar,5.5,1.22,4.07,1.74,5.07,1.46,1.52,0.78,1.07,0.37,1.1,0.31,1.14,0.35,1.07,0.37
esquilar,4.8,1.1,4.37,1.81,6,1.03,1.45,0.83,1.17,0.6,1.52,1.02,1.34,0.94,1.38,0.73
estabilidad,7.1,1.75,4.33,2.44,4.88,1.69,3.57,1.28,1.03,0.18,1.43,0.82,1.6,0.89,1.13,0.43
estable,6.67,1.45,4.9,2.01,4.3,1.31,2.97,1.22,1.3,0.75,1.4,0.89,1.37,0.72,1.3,0.88
estacionar,5.07,0.94,4.3,1.84,5.18,1.32,1.79,1.26,1.31,0.97,1.17,0.76,1.38,1.05,1.1,0.56
estación,5.1,1.03,5.07,1.53,5.07,1.49,2.21,1.21,1.07,0.37,1.9,1.26,1.24,0.44,1.03,0.19
estafa,1.57,1.52,6.27,2.13,5.22,1.3,1,0,4.4,0.97,3.37,1.4,3.03,1.3,3.67,1.58
estallar,3,1.93,7.55,1.88,4.8,1.86,1.48,0.95,3.17,1.42,2.72,1.46,3.03,1.52,1.9,1.4
esterilidad,2.37,1.5,5.5,2.13,5.33,1.49,1.13,0.51,2.2,1.24,3.43,1.33,2.87,1.48,1.3,0.7
estrangular,1.23,0.43,7.87,1.57,6.2,0.88,1.03,0.19,4.32,1.09,3.39,1.52,4.32,1.09,3.21,1.54
estrecho,4.17,1.6,4.63,1.9,4.8,1.65,1.1,0.4,1.4,0.67,1.57,1.04,2.07,1.26,1.23,0.5
estricto,3.5,1.68,6,1.84,4.35,1.42,1.47,0.63,2.77,1.33,2.07,1.17,2.77,0.97,1.9,1.12
estudiar,6.2,1.75,6,2.05,4.88,1.37,2.59,1.35,1.38,0.86,1.83,1,1.93,1.16,1.41,0.87
estudioso,6.37,2.01,4.97,2.3,5.68,1.2,2.8,1.4,1.37,0.72,1.7,0.99,1.7,1.18,1.2,0.48
euforia,7.97,1.5,7.83,1.69,5.3,1.74,4.47,0.78,1.47,0.78,1.07,0.25,1.43,0.82,1.07,0.25
exagerar,3.94,1.57,5.45,1.79,4.56,1.6,1.53,0.94,2,1.02,1.53,0.82,1.47,0.82,1.53,0.82
excitar,7.48,1.03,8.29,0.9,4.65,1.42,4.2,0.92,1.53,1.11,1.4,1.07,1.53,1.07,1.27,0.64
excursión,7.27,1.55,6.73,1.93,4.88,1.63,4.13,0.97,1,0,1,0,1.48,0.57,1.03,0.18
exitoso,7.97,1.3,6.66,1.59,5.05,1.49,4.4,1,1.2,0.55,1.17,0.59,1.8,1.03,1.23,0.57
explicar,6.57,1.59,5.73,1.74,4.68,1.53,2.67,1.18,1.23,0.63,1.2,0.76,1.47,0.78,1.2,0.66
explosión,2.23,1.38,8.23,1.01,5.1,1.61,1.57,1.07,3.23,1.41,3.07,1.28,4.3,1.09,2.07,1.41
explosivo,2.45,1.38,7.73,1.2,4.98,1.64,1.53,0.78,3.03,1.38,2.55,1.48,3.93,1.14,2.24,1.38
expresar,6.37,1.67,5.93,1.98,4.65,1.77,3.43,1.19,1.63,1.19,1.77,1.17,2.23,1.3,1.7,1.15
extenso,5.3,1.47,4.87,1.85,3.98,1.86,2,1.24,1.45,0.99,1.68,1.11,1.77,1.23,1.42,0.96
exterminar,2,1.46,6,2.68,5.25,1.2,1.23,0.63,3.13,1.48,3.43,1.41,3.63,1.22,2.93,1.51
externalizar,4.86,1.74,4.71,1.67,4.03,1.73,2.21,1.29,1.71,1.24,1.82,1.22,2.14,1.27,1.64,1.19
fallecer,1.47,1.17,5.77,3.07,5.88,1.43,1,0,3.13,1.5,4.7,0.65,4.07,1.26,1.8,1.13
falsear,2.16,1.13,5.42,2,4.14,1.65,1.03,0.18,3.37,1.3,2.87,1.25,2.17,1.12,2.57,1.36
fantasma,3.03,1.35,6.3,2.26,4.1,1.97,1.07,0.26,1.38,0.68,1.83,1.12,4.2,0.92,1.24,0.44
fantástico,8.33,1.21,6.63,2.01,3.27,1.8,4.45,0.95,1,0,1.03,0.19,1.21,0.49,1,0
farsa,1.69,0.97,6.6,1.48,3.75,1.53,1.14,0.44,3.86,1.3,3.52,1.4,2.31,1.14,3.07,1.51
favorito,7.77,1.28,6.67,1.92,3.98,1.67,3.83,1.12,1.3,0.53,1.27,0.64,1.23,0.43,1.23,0.57
fe,5.03,2.04,4.24,2.25,2.78,1.94,2.77,1.33,1.2,0.48,1.43,0.73,1.93,1.17,1.17,0.53
fecha,5.13,1.5,4.87,2.06,4.7,1.97,2.3,1.26,1.6,0.89,1.93,0.98,1.9,1.03,1.23,0.57
fecundo,6.07,2.07,4.56,2.41,3.95,1.86,3.04,1.61,1.35,0.94,1.58,1.14,1.69,1.09,1.35,0.75
felicidad,8.17,1.78,6.13,2.81,4.08,2.1,4.93,0.25,1.07,0.25,1.07,0.37,1.07,0.25,1,0
felicitar,8.03,0.93,6.33,1.54,4.55,1.65,4.57,0.63,1.1,0.31,1.07,0.25,1.17,0.59,1.13,0.35
ferrocarril,5.37,0.96,5.17,1.62,6.4,1.03,2,1.28,1,0,1.34,0.77,1.45,0.78,1,0
festejar,8.34,1.12,7.9,1.6,5.25,1.25,4.79,0.49,1.14,0.35,1.17,0.54,1.38,0.82,1.17,0.54
fiel,7.9,1.79,5.03,2.09,5.35,1.43,3.93,1.2,1.27,0.91,1.33,0.92,1.63,1.1,1.17,0.53
fiesta,8.3,0.84,7.63,1.52,5.15,1.35,4.69,0.47,1.07,0.26,1.14,0.35,1.28,0.53,1.07,0.26
figura,4.97,0.96,3.93,1.74,2.95,1.67,1.67,0.76,1.33,0.66,1.4,0.67,1.5,0.73,1.23,0.5
figurar,5.11,1.52,4.39,2.23,3.47,1.7,1.48,0.95,1.38,0.86,1.21,0.5,1.34,0.61,1.21,0.49
filosofía,5.9,1.88,3.47,2.27,3.42,1.78,2.47,1.41,1.23,0.63,1.5,1.04,1.43,0.68,1.33,0.8
fino,5,1.26,3.3,1.86,3.83,1.82,1.7,0.99,1.17,0.38,1.27,0.58,1.13,0.35,1.23,0.5
firme,5.17,1.49,5,1.76,4.4,1.21,2.17,1.29,1.37,0.72,1.47,0.73,1.8,1.03,1.43,0.94
flirtear,7.03,1.32,7.03,1.5,4.96,1.43,3.69,1.04,1.21,0.68,1.21,0.49,1.62,0.9,1.28,0.59
forma,4.4,1.52,3.47,1.85,2.6,1.75,1.73,1.2,1.47,1.04,1.5,0.97,1.53,1.01,1.5,1.04
formal,5.33,1.69,3.23,2.13,3.87,1.66,2.07,1.11,1.17,0.53,1.5,1.01,1.4,0.81,1.2,0.61
fortaleza,7.37,1.38,6.3,1.91,4.13,1.46,3.17,1.21,1.63,0.96,1.2,0.48,1.67,0.99,1.23,0.68
fortuna,7.7,1.06,6.37,2.3,4.43,1.66,4.43,0.73,1.17,0.47,1.14,0.44,1.3,0.6,1.24,0.83
fotografía,7.27,1.81,5.8,1.89,5.82,1.53,3.47,1.22,1.7,1.06,2.2,1.27,1.7,1.06,1.5,0.86
fracasado,1.39,0.56,4.74,2.34,4.68,1.52,1,0,2.87,1.2,4.43,0.73,3.13,1.33,1.77,0.97
frase,4.47,1.41,3.77,2.01,4.58,2.24,1.77,1.14,1.4,0.77,1.57,1.04,1.5,0.94,1.37,0.81
fraternidad,7.8,1.16,4.6,2.31,4.62,1.72,4.07,1.08,1.07,0.25,1.1,0.31,1.1,0.31,1.03,0.18
fresco,6.1,1.67,3.93,2.16,4.02,1.61,3,1.34,1.23,0.57,1.23,0.5,1.13,0.43,1.13,0.43
frondoso,5.47,1.74,4.2,1.94,4.55,1.62,2.4,1.4,1.17,0.59,1.23,0.68,1.93,1.17,1.37,0.89
funeraria,2.3,1.62,4.43,2.85,5.97,1.21,1.07,0.37,1.97,1.19,4.47,0.86,2.67,1.42,1.87,1.01
furia,2.13,1.46,7.8,1.52,5.28,1.79,1.03,0.18,4.33,0.96,2.77,1.36,3,1.17,2.53,1.2
fusilar,1.2,0.76,8.1,1.4,6.45,0.71,1.03,0.19,4.52,0.74,4.59,1.02,4.66,0.67,3.66,1.61
ganador,7.7,1.34,6.63,1.81,5.07,1.56,4.43,0.77,1.07,0.25,1.17,0.38,1.3,0.65,1.13,0.35
garganta,4.8,1.71,3.57,2.21,6.27,1.32,1.43,0.97,1.43,0.94,1.33,0.76,1.87,1.17,1.97,1.07
gasto,3.6,1.87,5.43,1.81,4.38,1.61,1.5,0.86,2,1.14,2.43,1.14,2.43,1.33,1.7,1.15
generador,4.7,1.39,4.9,2.29,5.04,1.68,1.57,0.86,1.33,0.71,1.3,0.65,1.4,0.72,1.27,0.64
genuino,6.7,2,5.56,2.1,4.08,1.59,3.41,1.12,1.11,0.32,1.22,0.42,1.26,0.53,1.15,0.46
giratorio,4.73,1.23,6,2.42,4,1.89,1.71,1.01,1.29,0.69,1.1,0.3,1.81,1.05,1.19,0.54
giro,4.77,1.48,4.53,2.3,4.3,1.68,1.8,1.03,1.17,0.53,1.23,0.57,1.63,1.1,1.27,0.64
golpear,2.63,1.83,7.2,2.02,5.22,1.48,1.07,0.37,4.13,0.97,2.87,1.28,3.3,1.21,2.53,1.41
gordura,3,1.46,4.33,2.34,5.28,1.52,1.3,0.7,1.93,1.36,2.57,1.43,2.13,1.33,2.13,1.28
gozoso,8.3,0.84,7,1.66,4.55,1.46,4.5,0.78,1.07,0.25,1.1,0.31,1.3,0.65,1,0
gracia,7.27,1.51,5.8,1.94,3.9,1.8,4.2,0.71,1.2,0.61,1.07,0.37,1,0,1.13,0.43
grandioso,7.07,1.64,5.87,1.8,3.1,1.22,3.87,1.07,1.07,0.25,1.13,0.35,1.83,1.21,1.03,0.18
grasa,2.67,1.27,5.13,1.78,5.45,1.4,1.1,0.31,1.79,1.01,1.77,1.01,1.7,0.99,3.2,1.27
gratis,7.67,1.4,6.23,2.28,5.33,1.51,4.33,0.8,1.13,0.35,1.07,0.25,1.2,0.48,1.07,0.25
gráfico,4.48,1.35,3.76,1.92,4.7,1.79,1.4,0.72,1.17,0.53,1.27,0.64,1.37,0.72,1.27,0.64
grueso,4.21,1.54,3.86,1.68,3.59,1.58,1.3,0.7,1.37,0.81,1.47,0.86,1.5,0.86,1.53,0.9
gustar,8.33,0.71,6.6,1.67,3.7,1.83,4.43,0.73,1.2,0.55,1.17,0.46,1.6,0.86,1.17,0.46
hacienda,3.6,1.69,5.7,1.88,5.5,1.5,1.45,0.93,2.94,1.44,2.58,1.36,2.94,1.29,2.68,1.42
hacinamiento,3,2.13,6.54,2.38,4.59,1.79,1.5,0.88,3.42,1.25,3.38,1.38,3.08,1.32,3.38,1.41
halagador,7.07,1.95,6.47,1.63,4.28,1.78,3.83,0.8,1.1,0.31,1.13,0.43,1.24,0.51,1.3,0.79
hallar,6.41,1.59,5.47,2.5,3.5,1.86,3.34,1.45,1.21,0.56,1.31,0.6,1.53,0.9,1.31,0.66
hambre,2.83,1.91,6.59,1.94,5.25,1.63,1.23,0.57,3.07,1.44,3.4,1.45,2.63,1.4,1.87,1.22
hecho,4.97,2.14,4.3,2.1,2.9,1.98,2.4,1.48,1.47,0.86,1.4,0.86,1.57,0.94,1.4,0.77
helado,6.37,2.13,4.97,2.04,4.98,1.59,3.23,1.5,1.07,0.25,1.4,0.81,1.33,0.66,1.13,0.57
herir,1.83,1.26,7.1,2.02,5.33,1.29,1.17,0.6,3.86,1.25,3.97,1.15,3.79,1.15,2.72,1.49
hidromasaje,7.9,1.32,3.27,2.43,6.23,1.28,4.24,0.83,1,0,1.1,0.41,1.03,0.19,1.1,0.31
hinchado,3.87,1.66,4.53,2.1,3.95,1.79,1.43,0.9,1.63,0.93,1.63,0.96,1.93,1.23,2.27,1.11
holgado,4.89,1.5,2.96,1.69,4.22,1.58,1.67,1.07,1.22,0.58,1.37,0.79,1.44,0.85,1.3,0.67
hondo,4.23,1.22,5.2,1.86,4.38,1.54,1.33,0.61,1.43,0.9,2.13,0.9,3.33,1.37,1.33,0.66
honrado,8.2,1.13,5,2.17,4.73,1.99,4.1,1.18,1,0,1.14,0.35,1.07,0.26,1.07,0.26
horroroso,1.5,1.04,5.93,2.64,3.3,1.65,1.07,0.37,2.37,1.43,2,1.17,3.27,1.44,3.1,1.4
hueco,4.23,1.22,3.77,1.98,4.15,1.39,1.57,0.86,1.6,1.1,1.6,0.93,2.2,1.19,1.7,0.88
huérfano,1.7,1.09,5,2.1,6.1,1.28,1.03,0.18,2.07,1.46,4.31,0.76,2.93,1.68,1.23,0.57
humanitario,8,1.14,6.37,1.79,3.98,1.67,4.03,1.07,1.13,0.43,1.67,1.06,1.37,0.81,1.03,0.18
humedecer,5.47,1.28,4.67,1.92,5.15,1.21,1.93,1.28,1.21,0.77,1.17,0.47,1.24,0.69,1.17,0.47
humildad,7.03,1.92,4.7,2.35,4.68,1.55,3.4,1.33,1.23,0.57,1.6,1,1.37,0.67,1.13,0.35
humillación,1.5,1.66,6.43,2.58,5.07,1.62,1,0,4.1,1.03,4.43,0.73,3.6,1.3,3.5,1.46
huracán,1.73,1.05,7.93,1.41,6.38,0.71,1.07,0.25,2.73,1.36,3.47,1.31,4.53,0.68,1.47,0.82
húmedo,4.63,1.43,4.17,1.82,4.68,1.3,1.63,0.96,1.17,0.46,1.7,1.21,1.63,0.96,2.53,1.2
ideal,7.33,1.99,5.5,2.08,3.2,2.02,4.13,1.07,1.33,0.76,1.33,0.88,1.4,0.81,1.2,0.66
igual,4.7,1.37,3.93,1.62,2.8,1.4,2.23,0.97,1.5,0.78,1.67,0.88,1.53,0.78,1.43,0.77
igualar,5.69,1.56,5.28,1.75,4.05,1.64,1.93,1.07,1.41,0.73,1.48,0.69,1.38,0.68,1.24,0.58
ilusionado,7.97,1.13,6.53,2.26,4.92,1.64,4.4,0.72,1.07,0.37,1.23,0.68,1.6,0.93,1.13,0.57
ilusionar,7.27,2.02,7.13,1.61,4.9,1.46,4.4,0.93,1.27,0.78,1.3,0.84,2.03,1.33,1.13,0.43
ilusión,8.27,1.08,7.03,1.75,4,1.68,4.47,0.68,1.2,0.66,1.13,0.51,1.53,1.04,1.13,0.43
imaginación,7.67,1.88,6.67,1.95,4.15,1.94,4.2,0.96,1.37,0.81,1.53,1.04,1.83,1.23,1.1,0.31
impaciencia,3.1,1.77,7.13,1.48,4.77,1.63,1.27,0.83,2.97,1.35,1.77,1.04,2.13,1.28,1.5,0.68
implantar,4.31,1.34,5.17,1.93,4.16,1.7,1.52,0.87,1.79,1.24,1.38,0.78,2.07,1.13,1.66,1.08
imponer,2.4,1.69,6.47,1.8,4.45,1.62,1.1,0.31,3.57,1.3,2.97,1.38,2.7,1.29,2.63,1.47
imposibilidad,2.3,1.42,5.17,2.21,3.78,1.55,1.2,0.48,3.13,1.31,3.7,1.06,3.3,1.32,1.93,1.23
imprimir,4.62,1.66,3.83,2.05,5.55,1.54,1.41,0.78,1.21,0.49,1.21,0.56,1.17,0.47,1.14,0.44
imprudente,2.37,1.65,6.07,2.05,4.77,1.4,1.4,0.89,2.67,1.3,2.27,1.26,3.57,1.14,2,1.26
impuesto,2.27,1.57,5.4,2.01,4.73,1.75,1.17,0.46,3.17,1.26,2.67,1.32,2.53,1.41,2.9,1.47
incapaz,2.23,1.59,5.03,2.47,4.83,1.34,1.03,0.18,3.3,1.21,3.43,1.33,2.8,1.45,1.67,1.18
incendiar,1.77,0.73,7.53,1.48,6,0.93,1,0,3.69,1.31,3.86,1.22,4.31,0.71,2.14,1.38
inconsciente,3.73,1.82,3.93,2.26,4.23,1.74,1.33,0.66,1.9,1.16,2.27,1.31,2.63,1.3,1.63,1.07
increpar,1.95,0.9,6.27,1.7,4.41,1.55,1.09,0.29,3.52,1.53,2.22,1.31,2.43,1.16,2.04,1.4
inculto,1.9,0.99,4.4,2.01,4.25,1.89,1.07,0.26,1.97,1.21,3.24,1.21,1.97,1.38,1.66,0.9
incurable,1.57,1.52,4.67,2.71,4.88,1.45,1.13,0.57,3.2,1.35,4.4,0.86,4.4,0.77,2.27,1.46
infancia,7.47,1.2,6.6,1.73,4.58,1.64,4.4,0.77,1.2,0.41,1.53,0.73,1.43,0.77,1,0
infarto,1.9,2.2,7,2.2,6.35,0.92,1,0,1.77,0.94,3.37,1.52,4.47,0.86,1.33,0.71
infectar,1.48,0.63,6.06,2,5.16,1.43,1.03,0.18,2.3,1.37,2.8,1.24,3.9,1.18,3.7,1.15
infidelidad,2.3,2.42,7.3,2.02,5.6,1.45,1,0,3.97,1.13,4.37,0.76,3.17,1.42,3.3,1.42
injuria,2.07,1.88,5.89,2.01,4.11,1.61,1.07,0.27,3.96,1.19,2.96,1.37,2.19,1.3,2.81,1.42
injuriar,2.29,1.78,6.57,1.79,4.62,1.52,1.04,0.19,3.71,1.12,3,1.05,2.64,1.25,2.43,1.29
injusticia,1.33,0.61,6.57,2.19,5,1.97,1.03,0.18,4.17,0.99,3.83,1.05,2.93,1.01,3.17,1.32
inquietar,3.67,1.65,7.07,1.8,4.05,1.23,1.63,0.89,2.03,1.1,2.27,1.01,3.1,1.45,1.7,1.06
inscribir,4.69,1.44,4.83,2.24,4.41,1.7,1.66,0.9,1.24,0.58,1.28,0.59,1.59,0.98,1.14,0.44
insensato,3.2,1.75,5,2.02,4.4,1.4,1.33,0.48,2.63,1.16,2.53,0.94,2.5,1.2,1.83,1.05
inspeccionar,4.76,1.77,6,1.98,4.62,1.13,1.34,0.61,1.48,1.02,1.48,0.95,1.9,1.21,1.28,0.59
instaurar,4.93,0.98,3.7,1.8,4.38,1.42,1.69,0.85,1.34,0.9,1.45,0.87,1.52,0.87,1.24,0.64
insuficiente,1.77,1.56,5.6,2.63,4.5,1.77,1.03,0.18,3,1.36,3.57,1.25,2.57,1.57,1.57,1.07
insultado,2.03,1.67,6.73,1.89,4.65,1.62,1.1,0.31,4.17,0.83,3.6,1.4,2.2,1.24,2.8,1.49
inteligente,7.7,1.26,5.23,2.03,3.98,1.97,3.67,0.88,1.03,0.18,1.07,0.25,1.3,0.6,1.07,0.25
interferir,4.19,1.56,4.52,2.03,3.59,1.52,1.47,0.94,2.63,1.38,1.77,1.1,1.73,1.08,1.57,1.01
intimidar,2.97,2.04,6.97,1.97,5.03,1.4,1.1,0.4,3.17,1.23,2.67,1.18,3.43,1.14,2.13,1.28
inventar,6.83,2.07,6.33,1.7,4.45,1.27,3.5,1.46,1.43,0.97,1.13,0.57,1.7,0.88,1.1,0.55
invicto,5.96,2.54,6.65,1.85,5.01,1.49,3.35,1.6,1.69,1.09,1.38,0.94,1.81,1.2,1.42,0.86
ira,2.3,1.56,7.3,1.66,3.95,2.03,1.1,0.4,4.53,1.01,2.63,1.38,2.77,1.52,2.1,1.12
irrespetuoso,2.07,0.98,6.1,1.81,4.58,1.76,1.07,0.25,3.5,1.01,2.4,1.43,1.6,1,2.63,1.4
íntegro,6.27,1.95,4.8,2.06,4.05,1.97,3.1,1.35,1.17,0.46,1.2,0.55,1.13,0.43,1.13,0.43
jabón,6.2,1.49,3.03,1.81,6.48,0.84,2.07,1.2,1.07,0.25,1.1,0.31,1.07,0.25,1.23,0.68
jeringuilla,3.2,1.77,5.93,2.27,6.38,1.32,1.3,0.7,1.47,0.82,2.1,1.3,3.33,1.37,2.87,1.36
jugar,7.9,1.35,7.4,1.45,4.65,1.55,4.43,0.82,1.3,0.88,1.23,0.68,1.3,0.65,1.23,0.57
justo,7.47,1.68,4.87,1.72,3.57,1.79,3.6,1.3,1.67,1.15,1.43,0.86,1.57,1.01,1.2,0.61
labrador,5.8,1.79,4.93,2.53,5.2,1.69,2.67,1.35,1.33,0.88,1.47,1.01,1.7,1.15,1.5,1.07
lamentar,2.06,1.34,5.16,2.13,4.61,1.42,1.03,0.18,2.6,1.28,4.5,0.68,2.57,1.19,1.53,0.97
lanzar,4.83,0.95,5.7,1.74,4.47,1.81,2.2,0.44,2.17,0.33,1.3,0.34,1.93,0.32,1.33,0.4
lapidar,1.63,1.27,6.3,2.65,4.98,1.58,1.03,0.18,3.9,1.18,4.1,1.27,4.07,1.05,3.07,1.62
lastimar,2.28,1.87,6.34,1.86,4.88,1.46,1.03,0.19,3.17,1.54,4.17,1.04,3.38,1.35,2.28,1.41
lápiz,5.03,1.22,3.27,1.78,6.33,1.19,1.93,1.31,1.13,0.43,1.13,0.43,1.13,0.43,1.07,0.37
lealtad,7.57,1.94,5.13,2.47,4.95,1.74,4.03,1.02,1.29,0.94,1.16,0.73,1.84,1.13,1.13,0.72
lectura,7.73,1.55,4.53,2.53,4.7,1.93,3.97,1.16,1.4,1.07,2.3,1.56,1.8,1.37,1.47,1.14
leer,7.37,1.9,4,2.38,5.13,1.79,3.79,1.08,1.27,0.83,1.53,1.04,1.57,1.25,1.2,0.81
legítimo,5.27,1.55,3.67,1.63,3.72,1.56,2,1.14,1.17,0.46,1.3,0.6,1.4,0.67,1.3,0.7
lerdo,2.76,1.41,3.9,2.26,5.06,1.7,1.17,0.47,1.93,0.92,2.34,1.23,1.31,0.76,1.83,1.2
lesionar,1.73,1.34,6.23,1.81,5.03,1.41,1.03,0.18,3,1.34,3.33,1.15,3.7,0.95,1.63,0.96
ligar,7.23,1.48,7.23,1.22,5,1.3,3.83,0.99,1.37,0.61,1.13,0.35,1.87,1.01,1.5,0.86
ligue,7.1,1.45,6.57,2.05,4.58,1.61,3.93,1.11,1.23,0.57,1.33,0.76,1.73,1.08,1.47,0.94
limpio,7.8,1.32,4.72,2,5.25,1.57,4.17,0.87,1,0,1.03,0.19,1.03,0.19,1.17,0.65
linchar,2.03,1.66,7.41,1.5,4.83,1.55,1.19,0.79,3.97,1.11,3.39,1.36,3.55,1.23,3.16,1.55
lindo,7.7,1.56,4.8,2.06,4.2,1.46,4.23,0.97,1.03,0.18,1.07,0.25,1.03,0.18,1.13,0.73
linea,4.57,0.97,3.77,2.03,4.4,1.82,1.4,0.77,1.37,0.85,1.37,0.76,1.43,0.82,1.27,0.69
listo,7.4,1.3,5.37,2.37,4.47,1.77,3.4,1.1,1.27,0.64,1.2,0.81,1.47,0.97,1.2,0.48
liviano,5.86,1.27,3.46,1.55,3.78,1.97,2.21,0.92,1.07,0.26,1.36,0.95,1.18,0.39,1.11,0.42
llamar,5.71,1.24,5.13,2.13,5.19,1.67,3,1.29,1.4,0.93,1.47,0.82,1.63,1,1.1,0.4
llanto,2.97,1.67,6.87,2.11,5.63,1.28,1.73,1.14,2.37,1.35,4.2,0.89,2.7,1.42,1.4,0.77
locuaz,6.24,1.71,6.16,1.93,4.51,1.58,3.04,1.14,1.32,0.75,1.2,0.5,1.28,0.68,1.28,0.61
locura,3.53,2.29,6.83,1.9,4.47,1.69,1.73,1.05,2.27,1.26,2.77,1.33,3.33,1.32,1.53,0.9
lograr,7.73,1.44,6.5,2.13,3.95,1.66,4.27,1.01,1.13,0.43,1,0,1.6,0.89,1.03,0.18
luminosidad,7.1,1.8,5.7,2.21,4.45,1.68,3.8,1,1.17,0.46,1.23,0.63,1.23,0.57,1.03,0.18
luminoso,6.47,1.61,5.67,1.58,3.63,1.52,3.43,1.17,1.13,0.35,1.1,0.31,1.23,0.43,1.1,0.31
luna,7.2,1.47,4.33,2.45,6.59,0.71,3.47,1.22,1.07,0.37,2.5,1.33,1.67,0.99,1.03,0.18
luz,6.8,1.45,5.21,1.84,5.22,1.53,3.67,0.96,1.13,0.35,1.17,0.38,1.2,0.41,1.07,0.37
maceta,5.52,1.43,3.34,2,6.35,0.98,2.24,1.41,1.07,0.37,1.1,0.41,1.17,0.54,1.07,0.37
madre,8.6,0.62,6.07,2.32,6.53,0.8,4.79,0.49,1.48,0.78,1.86,1.19,1.52,1.02,1,0
madrugón,2.33,1.58,5.4,2.7,5.9,1.6,1.27,0.78,2.27,1.39,3.03,1.4,1.4,1.13,2.73,1.51
malestar,1.9,1.3,4.4,2.51,4.1,1.73,1.07,0.25,2.13,1.07,3.57,1.17,2.5,1.04,2.3,1.21
malévolo,2.23,1.87,6.43,2.21,4.2,1.65,1.1,0.31,3.47,1.36,3,1.41,3.73,1.05,2.93,1.28
malgastar,2.48,1.23,5.42,1.65,4.29,1.46,1.23,0.63,2.9,1.12,2.9,1.06,2.4,1.3,2.07,1.14
malo,1.87,1.53,5.67,2.17,3.12,1.69,1.07,0.37,3.33,1.3,3.2,1.32,3.33,1.18,2.57,1.48
maloliente,1.5,0.9,5.9,2.35,5.05,1.47,1.03,0.18,2.67,1.35,1.87,1.14,1.53,0.73,4.77,0.57
maltratador,1.23,0.63,7.77,1.72,5.15,1.54,1,0,4.57,0.82,4.03,1.33,4.2,1.19,4.33,1.3
maltratar,1.52,1.57,7.79,1.79,5.43,1.67,1.03,0.19,4.52,0.91,3.9,1.29,4,1.31,3.62,1.61
malversar,2.04,1.8,5.77,1.75,4.35,1.82,1.04,0.2,4.08,1.04,2.68,1.41,2.48,1.08,3.12,1.51
manantial,6.97,1.92,4.87,2.7,5.9,1.37,3.53,1.28,1.03,0.18,1.3,0.65,1.3,0.53,1.03,0.18
mar,7.13,1.85,5.57,2.25,5.93,1.37,4.1,1.12,1.03,0.18,1.7,0.79,2.17,1.12,1.1,0.31
maravilloso,8.03,1.65,5.67,2.55,3.85,1.73,4.43,0.97,1.13,0.43,1.03,0.18,1.2,0.48,1,0
marcar,5.17,1.58,4.9,1.94,3.48,1.46,2.2,1.42,1.47,0.9,1.4,0.77,1.3,0.79,1.43,0.94
marginación,1.53,1.11,5.63,2.43,4.75,1.52,1.03,0.18,3.63,1.3,4.43,0.68,3.4,1.16,3.1,1.42
martirio,1.77,1.52,6.87,1.68,4.58,1.64,1,0,3.23,1.48,3.63,1.22,3.47,1.53,2.63,1.61
masaje,8.2,1.27,3.5,2.52,6.2,1.23,4.03,0.96,1.13,0.51,1.1,0.4,1.2,0.55,1.1,0.4
mascullar,3.81,0.96,4.44,1.76,5.06,1.58,1,0,2.07,1.27,1.59,0.89,1.44,0.75,1.67,1.18
matar,1.33,1.3,8.27,1.2,5.58,1.79,1,0,4.52,0.99,4.2,1.16,4.59,0.95,3.67,1.52
mecánico,4.8,1.21,4.17,1.58,4.38,1.43,1.67,0.99,1.2,0.55,1.23,0.57,1.4,0.72,1.4,0.77
medalla,6.93,1.53,5.9,2.17,6.2,1.4,3.77,1.38,1.27,0.69,1.27,0.64,1.23,0.68,1.2,0.55
medio,4.63,1.25,3.4,2.01,2.58,1.73,1.37,0.76,1.5,0.9,1.63,1.1,1.57,1.01,1.43,0.82
meditación,6.83,2.15,2.3,2,4.32,1.77,3.1,0.99,1.07,0.37,1.43,0.82,1.23,0.57,1.07,0.37
mentir,1.9,1.12,6.63,1.43,5.05,1.49,1.1,0.31,3.67,1.21,3.13,1.36,2.63,1.3,3.2,1.32
mentiroso,1.53,0.68,5.73,2.52,4.65,1.82,1.24,0.64,3.79,1.05,3.48,1.24,2.41,1.35,2.93,1.44
merienda,6.77,1.45,5.57,1.72,5.3,1.32,3.4,1.13,1.17,0.53,1.17,0.46,1.2,0.55,1.43,0.68
metástasis,1.72,1.89,6.97,2.72,6.23,0.93,1,0,3.38,1.52,4.14,1.36,4.34,1.34,2.41,1.48
meticuloso,4.73,1.84,4.5,2.46,5.22,1.65,1.43,0.82,1.87,1.22,1.6,1.1,1.6,1.28,1.67,1.15
metralleta,2.47,2.29,7.47,1.7,6.55,1.05,1.1,0.4,3.27,1.53,3.37,1.33,3.93,1.05,2.93,1.64
metro,4.27,1.57,4.6,2.15,4.5,1.67,1.53,0.9,1.73,1.14,1.57,1.14,1.7,0.99,2.07,1.31
mimado,4.07,2.16,4.43,2.03,4.9,1.46,1.7,1.06,1.93,1.05,2.03,1.25,1.33,0.76,1.83,1.05
mitad,4.57,1.01,3.2,1.85,4.2,2.28,1.7,1.09,1.1,0.4,1.5,0.82,1.23,0.63,1.13,0.43
modular,4.59,1.74,3.93,1.9,3.06,1.42,1.43,0.74,1.36,0.73,1.25,0.59,1.32,0.77,1.29,0.76
mojado,4.67,1.81,5.27,1.7,5.67,1.33,1.72,1.07,1.66,0.9,1.72,0.92,1.24,0.69,2.17,1.23
monstruo,2.23,1.43,6.93,1.53,5.18,1.18,1.13,0.35,2.23,1.41,1.7,1.06,4.03,0.96,3.07,1.39
monstruoso,2.3,1.95,6.93,1.55,4.32,1.66,1.33,0.61,2.27,1.26,2.07,1.2,3.97,1.1,2.9,1.18
moqueta,4.57,1.22,3.33,2.06,6.03,1.45,1.8,1.16,1.2,0.61,1.47,0.86,1.17,0.53,1.9,1.35
morder,3.87,1.83,5.87,2.05,5.33,1.33,1.57,0.82,2.67,1.67,2.07,1.17,3,1.36,2.53,1.22
mortal,3.33,2.66,5.87,2.49,4.8,2.01,1.7,1.15,2.4,1.38,3.73,1.36,4,1.14,1.77,1.07
mover,4.67,1.45,5.7,2.23,3.93,1.72,2,1.13,1.42,0.92,1.65,1.05,1.84,1.1,1.42,0.92
muestrario,4.62,1.7,3.59,1.48,4.65,1.85,1.93,1.03,1.14,0.44,1.28,0.59,1.21,0.49,1.24,0.69
munición,2.57,1.52,6.2,1.73,5.3,1.59,1.37,0.89,3.3,1.47,2.63,1.52,3.4,1.22,1.9,1.27
muñeco,5.59,1.66,3.86,1.96,5.28,1.78,2.72,1.28,1.14,0.44,1.57,0.86,1.72,1.07,1.17,0.54
muñón,2.67,1.69,4.27,2.13,6.33,0.82,1.07,0.37,1.53,0.73,3.2,1.03,1.93,1.14,2.9,1.24
murmurar,3.9,1.35,4.93,2.19,4.73,1.62,1.28,0.59,2.14,1.19,1.34,0.67,1.69,1.07,1.76,1.15
muro,3.71,1.55,3.03,2.21,5.91,1.65,1.17,0.75,2.03,1.22,1.87,1.11,2.17,1.15,1.4,0.72
mutilado,1.63,1.33,6.13,2.57,5.8,1.18,1,0,2.66,1.37,4.1,0.98,3.17,1.49,3.1,1.5
nacional,5.07,1.55,3.63,1.92,3.48,1.96,1.87,1.11,1.53,0.9,1.6,0.93,1.7,1.06,1.43,0.77
nariz,4.53,1.04,4.17,1.34,5.78,1.82,1.5,0.82,1.4,0.81,1.33,0.76,1.4,0.77,1.83,0.79
navegar,7.13,1.63,5.7,2.73,5.07,1.34,3.63,1.3,1.03,0.18,1.33,0.8,2.2,0.96,1.1,0.31
nazi,1.1,0.31,6.9,2.34,6.23,1.09,1,0,4.27,1.14,3.87,1.38,4.17,1.32,3.93,1.48
náusea,1.47,0.78,6.8,1.94,5.6,1.45,1.03,0.18,1.7,1.06,2.47,1.33,2.83,1.39,4.59,0.78
necio,3.1,1.9,5.1,1.65,4.7,1.31,1.27,0.52,2.73,1.34,2.43,1.1,1.63,0.89,2,1.11
negativo,2.47,1.91,5.43,2.46,3.85,1.7,1.17,0.53,2.23,1.33,3.2,1.24,2.43,1.33,1.87,1.2
negociar,5.6,1.33,5.77,1.43,4.15,1.31,2.37,1.03,1.8,1.06,1.57,0.73,2.3,1.12,1.47,0.63
nivel,5.13,0.82,4.13,2.13,3.5,1.59,1.7,0.99,1.37,0.76,1.43,0.82,1.7,0.95,1.27,0.83
noche,6.83,1.88,4.77,2.57,5.67,1.64,2.77,1.22,1.37,0.93,2.13,1.2,2.47,1.22,1.27,0.74
novedoso,6.6,1.57,6.73,1.55,4.05,1.42,3.4,0.86,1.2,0.41,1.33,0.61,2.1,1.03,1.43,0.68
número,4.53,1.33,3.27,2,5.6,1.76,1.43,0.73,1.33,0.88,1.4,0.89,1.5,0.97,1.33,0.88
oasis,7.3,1.49,3.97,2.06,4.53,1.71,3.86,1.19,1.14,0.52,1.14,0.44,1.48,0.83,1,0
objeto,4.03,1.47,3,1.76,2.06,1.49,1.67,1.09,1.47,0.94,1.63,1.07,1.57,1.07,1.63,1.07
odioso,1.63,0.93,6.13,2.24,3.83,1.88,1,0,3.86,1.27,2.79,1.45,2.24,1.24,3,1.49
ofensa,2.45,1.62,6.34,1.61,4.44,1.64,1.24,0.69,3.21,1.29,2.97,1.24,2.24,1.15,2.17,1.26
oloroso,3.83,1.93,5.43,2.06,4.11,1.61,1.4,0.72,1.43,0.77,1.47,0.82,1.5,0.9,3.4,1.35
olvidar,3.5,1.8,5.27,2.41,4.43,1.52,1.9,1.3,2,1.11,3.9,1.09,3.53,1.17,1.4,0.93
olvido,3.1,1.95,5.23,2.24,3.9,1.73,1.39,0.92,2.58,1.31,3.87,1.28,3.39,1.41,1.81,1.28
oncología,3.21,2.65,6.86,2.28,6.03,1.27,1.75,1.29,2.36,1.45,3.93,1.39,3.89,1.66,1.39,0.69
ondulado,5.14,1.3,3.52,1.96,3.85,2.14,1.79,1.21,1.03,0.19,1.07,0.37,1.1,0.31,1.1,0.31
opaco,3.53,1.48,3.37,1.77,5.03,1.94,1.2,0.55,1.6,1,2,1.26,2.3,1.26,1.13,0.43
operación,3.1,1.71,6.43,2.19,4.4,1.88,1.57,0.86,2.13,1.22,3.23,1.38,4.23,1.04,2.43,1.28
oprimir,1.9,1.16,6.23,1.99,3.98,1.53,1,0,3.73,1.34,3.07,1.44,3.6,1.33,2.5,1.59
orar,4.87,1.83,4,2,5.03,1.67,2.07,1.34,1.5,1.04,2.27,1.39,1.93,1.2,1.43,1.01
original,7.3,1.29,5.73,2.18,4,1.61,3.63,1,1.07,0.25,1.1,0.4,1.6,0.97,1.23,0.57
orquídea,7.07,1.74,3.37,1.99,6.65,0.59,3.34,1.04,1.1,0.56,1.38,0.78,1.03,0.19,1.1,0.31
oruga,2.66,1.65,6.52,1.89,6.15,1.44,1.24,0.64,1.69,1.11,1.45,0.83,2.62,1.47,3.62,1.5
oscilar,4.52,1.21,4.55,2.28,3.64,1.9,1.34,0.77,1.48,0.83,1.59,0.87,1.55,0.78,1.24,0.51
otear,5.06,1.59,4.56,1.98,4.08,1.61,1.5,0.71,1.11,0.47,1.17,0.51,1.44,0.7,1.17,0.51
otitis,1.87,1.41,4.87,2.1,5.93,1.46,1.07,0.25,2.03,1.16,2.6,1.35,2.93,1.14,2.7,1.47
otorgar,5.66,1.54,4.9,1.92,3.65,1.42,2.9,1.18,1.31,0.66,1.45,0.63,1.52,0.78,1.21,0.49
ovacionar,7.77,1.07,6.83,1.97,5.7,1.08,4.38,0.62,1.1,0.41,1.1,0.41,1.21,0.56,1.07,0.37
padecer,1.6,0.89,6.23,2.19,3.9,1.74,1.07,0.37,2.72,1.31,4.13,1.01,3.83,1.23,1.83,1.2
paella,6.7,1.99,5.17,2.32,6.45,1.29,3.41,1.5,1,0,1.07,0.37,1,0,1.28,0.75
paisaje,6.73,2.15,4.7,2.22,4.9,1.75,3.9,1.04,1.23,0.76,1.87,1.09,1.61,0.99,1.35,0.84
paranormal,3.77,1.65,6.67,1.92,2.95,1.79,1.38,0.68,1.48,0.95,1.55,0.83,3.87,1.28,1.34,0.72
parásito,2.43,2.27,5.7,2.25,5.15,1.58,1.2,0.76,2.6,1.4,2.43,1.17,3.53,1.2,4,1.23
parcial,4.93,1.34,3.8,1.88,3.48,1.34,1.67,1.15,1.53,0.94,1.63,0.93,1.77,1.1,1.57,0.97
parecido,4.8,1.52,4.1,1.49,3.38,1.72,1.87,1.01,1.27,0.64,1.3,0.7,1.6,1.04,1.27,0.69
pasear,7.2,1.61,4.27,2.53,5.28,1.35,4.13,0.94,1,0,1.27,0.58,1.4,0.62,1.03,0.18
paseo,7.4,1.52,5.17,2.36,5.07,1.58,3.97,1.05,1.1,0.56,1.28,0.65,1.17,0.54,1,0
pavor,1.83,1.09,6.8,2.41,4.75,1.4,1.13,0.35,2.27,0.98,2.63,1.22,4.57,1.01,2.23,1.38
pedo,3.5,2.01,4.43,2.31,6.15,1.39,1.97,1.35,1.83,1.21,1.5,0.97,1.47,0.9,3.93,1.05
pegar,2.37,1.47,6.63,2.19,5.13,1.6,1.23,0.63,4.17,0.91,3.4,1.04,3.4,1.19,3.37,1.07
peinar,5.52,1.34,3.74,1.93,6.18,1.16,2.43,1.3,1.2,0.61,1.07,0.37,1.07,0.37,1.13,0.43
pelear,2.3,1.73,7.37,1.97,4.5,1.52,1.07,0.26,4.11,1.03,3.31,1.37,3.28,1.28,2.48,1.5
peligrar,2.6,1.69,7.13,2.03,3.98,1.7,1.13,0.43,2.8,1.52,2.73,1.36,4.4,0.97,1.9,1.09
peligroso,2.6,2.3,7.5,1.8,4.3,1.99,1.2,0.41,2.57,1.43,1.87,1.07,4.5,1.01,1.9,1.27
pelirrojo,5.67,1.77,4.33,2.31,6.25,1.15,2.27,1.39,1.2,0.61,1.2,0.55,1.17,0.53,1.13,0.51
pensión,4.83,1.74,4.6,1.63,4.9,1.73,2.13,1.2,1.57,1.01,2.2,1.3,2.2,1.06,1.7,0.88
pequeño,5.3,1.32,3.97,1.77,4.58,1.73,2.33,1.52,1.23,0.68,1.37,0.76,1.77,1.1,1.33,0.84
perder,2,1.05,5.47,2.39,5.15,1.84,1.2,0.41,3.23,1.28,3.93,1.08,3.13,1.53,1.8,1.24
perdonar,7.17,1.74,5.57,2.1,5.22,1.57,3.87,0.94,1.47,0.94,1.7,1.02,2.1,1.32,1.23,0.73
perfil,4.47,1.33,3.33,1.86,3.9,1.64,1.53,1.07,1.2,0.48,1.33,0.71,1.4,0.89,1.2,0.48
perfumado,7.07,1.68,5.07,2.35,5.03,1.43,3.4,1.19,1.07,0.25,1.23,0.68,1.07,0.25,1.37,0.72
perjudicar,1.83,1.32,5.7,2.15,4.73,1.48,1.1,0.4,3.27,1.11,3.3,1.21,2.67,1.32,2.57,1.43
perseverar,6.77,1.87,5.6,2.18,4.28,1.47,3.33,1.42,1.27,0.69,1.47,0.82,1.43,0.86,1.07,0.25
pesadilla,1.6,0.86,7.5,1.63,4.58,1.9,1.03,0.19,2.41,1.4,3.3,1.39,4.62,0.62,2.07,1.22
pesado,2.7,1.12,4.57,2.11,4.3,1.53,1.27,0.58,2.13,1.2,1.83,1.15,1.67,0.92,2,1.23
pérdida,2.17,1.34,6,2.12,3.78,1.72,1.1,0.41,2.9,1.29,4.45,0.91,3.76,1.27,1.48,0.99
pie,4.33,1.63,4.03,2.33,6.66,0.63,1.3,0.75,1.2,0.55,1.1,0.4,1.2,0.55,2.53,1.25
piropear,6.63,1.75,6.43,1.74,5.15,1.39,3.53,1.2,1.5,1.01,1.33,0.8,1.37,0.72,1.83,1.15
piropo,7.73,1.2,6.53,1.63,4.9,1.58,4.07,1.11,1.27,0.58,1.13,0.51,1.5,0.9,1.67,0.84
piscina,7.4,1.13,6.3,1.64,6.1,0.95,4,0.87,1.1,0.31,1.07,0.25,1.43,0.57,1.4,0.72
plenitud,7.47,1.31,5.77,1.63,3.65,1.51,4.2,0.85,1.07,0.25,1.13,0.35,1.43,0.68,1.07,0.25
poema,6.93,1.84,5.17,2.32,5.13,1.82,3.84,1,1.84,1.34,3.03,1.38,1.74,1.15,1.39,1.02
político,2.27,1.29,5.87,2.38,5.15,1.3,1.17,0.46,3.97,1.33,2.77,1.52,2.4,1.33,3.73,1.23
posible,6.8,1.4,5.53,1.74,3.15,1.51,3.43,1.19,1.27,0.58,1.53,0.86,1.6,0.86,1.27,0.58
positivo,7.73,1.46,5.43,1.89,3.4,1.62,4.3,0.84,1.07,0.25,1.03,0.18,1.3,0.6,1.03,0.18
pólvora,4.07,1.96,6.86,1.96,5.4,1.6,1.72,1,2.03,1.27,1.79,1.08,3.17,1.54,1.55,1.12
precintar,4.67,0.84,4.23,1.55,5.45,1.08,1.28,0.65,1.14,0.44,1.28,0.7,1.24,0.64,1.14,0.44
prejuicio,1.63,0.81,5.57,1.89,4.83,1.25,1.03,0.18,3.5,1.07,3.47,1.25,2.93,1.46,3.13,1.25
premiar,7.5,1.31,6.57,1.25,4.45,1.68,4.33,0.71,1.23,0.57,1.13,0.35,1.37,0.72,1.07,0.25
premio,7.97,1.59,6.6,1.71,5.25,1.38,4.47,0.94,1.13,0.35,1.07,0.25,1.47,0.9,1.03,0.18
preocupar,2.6,1.9,6.9,1.88,4.28,1.69,1.1,0.4,2.07,1.26,3.73,1.05,3.97,1.27,1.4,0.81
preparado,7.1,1.6,6.2,2.23,4,1.49,3.5,1.14,1.1,0.31,1.3,0.7,1.57,0.86,1.07,0.25
preparar,5.83,1.67,5.76,2.43,3.27,1.94,2.79,1.29,1.07,0.37,1.28,0.59,1.53,0.78,1.1,0.41
presumido,4.13,2.08,4.83,1.93,5.07,1.14,1.97,1.19,1.83,1.02,1.33,0.55,1.1,0.31,1.77,0.94
pretencioso,2.79,1.32,5.46,2.03,4.59,1.68,1.07,0.26,2.86,1.19,1.93,1.28,1.38,0.9,2.31,1.07
probar,6.5,1.25,6.1,1.88,4.05,1.25,3.17,0.91,1.1,0.31,1.2,0.48,2.4,1.04,1.57,1.04
producto,4.93,1.78,3.23,1.85,3.7,2.34,1.71,0.94,1.29,0.53,1.29,0.59,1.35,0.55,1.48,0.77
programar,5.45,1.43,4.28,2.07,4.62,1.46,1.97,1.05,1.28,0.65,1.31,0.6,1.66,0.86,1.24,0.83
prosperar,7.28,2.09,6.23,1.98,4.62,1.46,4.37,0.96,1.03,0.18,1.27,0.64,1.8,1.03,1.07,0.37
prostituir,2.3,1.95,6.33,1.95,5.78,1.09,1,0,2.47,1.38,3.53,1.28,2.37,1.43,2.83,1.42
proteger,7.2,1.3,6.33,1.94,4.53,1.35,3.5,0.97,1.53,0.82,1.53,0.78,2.1,1.3,1.03,0.18
provincia,4.7,1.58,3.07,1.72,5.52,1.63,1.43,1.01,1.33,0.76,1.43,0.94,1.2,0.55,1.27,0.69
psicosis,2.7,1.95,6.9,2.01,5.48,1.28,1.27,0.78,2.63,1.3,2.9,1.32,3.6,1.3,1.77,1.22
psicópata,2.43,2.25,7.27,2.36,5.25,1.64,1.03,0.18,2.97,1.5,3,1.39,4.13,1.04,2.6,1.59
puñalada,1.43,0.86,7.57,1.33,6.2,0.81,1.03,0.18,4.17,1.29,3.67,1.32,4.47,0.82,3,1.64
puro,5.76,2.08,4.76,1.98,3,1.98,2.57,1.28,1.1,0.31,1,0,1.23,0.43,1.13,0.43
purulento,1.85,1.41,5.3,2.38,5.11,1.52,1,0,1.35,0.8,1.88,1.03,2.42,1.36,4.12,1.31
pústula,1.89,1.33,6.68,1.92,5.82,1.35,1.25,0.55,2.05,1.19,2.25,1.07,2.7,1.22,4.1,1.37
quejumbroso,2.84,2.15,5.24,1.92,4.33,1.5,1.12,0.33,2.36,1.32,2.71,1.2,1.76,1.09,2.16,1.21
quemar,2.97,2.08,6.37,1.97,4.62,1.63,1.13,0.43,3.43,1.43,3.03,1.33,3.83,1.12,2.2,1.27
quieto,4.6,1.19,2.4,2.09,5.45,1.77,1.57,0.97,1.43,0.86,2.27,1.26,2.17,1.09,1.43,0.77
quimioterapia,2.1,2.31,6.07,2.97,5.95,1.14,1.17,0.46,2.93,1.31,4.2,0.92,4.43,0.86,2.13,1.31
racial,4.3,2.38,4.5,1.83,4,1.66,1.97,1.33,1.77,1.22,1.77,1.14,1.77,1.17,1.63,1.16
reanimar,6.27,2.43,7.6,1.43,4.92,1.62,2.8,1.4,1.5,0.97,2.17,1.15,2.8,1.67,1.3,0.65
recalcar,4.72,1.51,5.24,1.77,4.11,1.58,1.38,0.78,1.62,0.86,1.38,0.73,1.41,0.82,1.48,0.99
recibir,6.9,1.37,5.5,1.74,3.63,1.39,3.97,0.89,1.1,0.31,1.33,0.66,1.7,0.84,1.07,0.25
reciclar,7.35,1.66,4.32,2.09,5.52,1.43,3.43,1.19,1.13,0.43,1.2,0.41,1.13,0.57,1.1,0.31
recolectar,5.48,1.9,4.83,2.56,5.32,1.29,2.34,1.37,1.1,0.56,1.03,0.19,1.14,0.44,1.1,0.41
recompensar,7.73,1.05,6.43,1.89,4.45,1.62,4.43,0.63,1.03,0.19,1.28,0.8,1.24,0.79,1.1,0.56
recriminar,2.47,1.33,5.8,2.17,4.47,1.41,1.23,0.5,3.4,1.16,3.03,1.35,2.63,1.1,2.27,1.44
recrudecer,3.35,1.96,5.54,2.28,4.06,1.73,1.15,0.46,2.19,1.27,2.59,1.5,2.52,1.34,2.15,1.23
redicho,3.64,1.7,5.18,1.87,3.97,1.67,1.56,0.97,1.67,0.83,1.44,0.64,1.33,0.68,1.59,0.89
reemplazar,4.47,1.41,5,1.49,4.17,1.8,2.17,1.21,1.5,0.9,2.37,1.22,2.17,1.29,1.23,0.5
referir,4.66,0.77,4.17,1.61,3.41,1.53,1.52,0.91,1.31,0.76,1.34,0.67,1.24,0.58,1.31,0.66
reformar,6.03,1.67,6.3,2.02,3.8,1.95,3.1,1.06,1.4,0.81,1.67,0.96,2,1.2,1.23,0.68
reforzar,6.2,1.27,5.8,1.58,3.95,1.25,3.13,1.31,1.23,0.5,1.3,0.6,1.47,0.73,1.13,0.43
refrescante,7.21,1.15,5.48,1.92,4.6,1.4,3.73,1.23,1.07,0.25,1.13,0.51,1.07,0.37,1.13,0.51
regalar,8.31,0.97,6.86,1.64,5.19,1.8,4.66,0.67,1.07,0.26,1.14,0.44,1.17,0.47,1,0
regañar,2.27,1.31,6.6,1.77,5.25,1.55,1.1,0.4,3.57,0.77,3.4,1.07,3.2,0.96,2,1.14
reinar,5.4,2.08,5.27,2.2,5.33,1.54,2.43,1.22,1.47,0.9,1.63,1.1,1.77,1.04,1.27,0.69
reír,8.6,0.62,7.57,1.79,5.55,1.55,4.87,0.43,1,0,1.1,0.4,1.23,0.77,1.03,0.18
relación,6.13,1.59,5.3,1.97,3.8,1.6,3.83,0.99,1.57,0.86,1.9,0.96,2.2,1.06,1.37,0.67
relajación,7.5,1.66,2.17,2.28,4.77,1.44,3.7,1.15,1.03,0.18,1.37,0.61,1.17,0.46,1.07,0.37
relax,7.73,1.72,1.93,1.39,4.55,1.72,3.87,1.07,1.17,0.53,1.27,0.74,1.23,0.77,1.07,0.37
religioso,4.4,1.75,3.87,2.16,4.3,1.85,2.07,1.36,1.83,1.18,2,1.11,2.03,1.3,1.93,1.31
remover,4.37,1.1,5.03,1.35,4.1,1.7,1.3,0.53,1.73,1.23,1.87,1.2,1.7,1.12,1.73,0.98
renacer,7.03,1.33,5.83,2.45,3.63,2.09,3.9,1.03,1.1,0.31,1.17,0.46,1.9,1.09,1.03,0.19
renovar,6.63,1.43,5.8,1.75,4.3,1.73,3.47,1.11,1.17,0.46,1.43,0.77,1.8,1.06,1.1,0.31
reprender,2.75,1.35,6.11,1.62,3.9,1.44,1.14,0.76,3.36,0.99,2.5,1.11,2.79,1.26,1.61,0.92
repugnancia,1.37,0.81,5.67,2.52,4.8,1.68,1,0,2.83,1.53,2.4,1.33,1.93,1.01,4.7,0.53
repugnar,1.83,1.37,6.33,1.65,4.77,1.43,1.1,0.4,2.37,1.5,2.23,1.43,2.17,1.32,4.7,0.84
repulsivo,1.53,1.11,6.03,1.92,4.85,1.43,1.03,0.18,2.4,1.1,2.03,1.07,2.17,1.02,4.6,0.72
rescatar,7.37,1.77,7.1,1.92,5.28,1.07,3.77,1.36,1.45,1.06,1.68,1.17,2.61,1.26,1.26,0.82
respetar,8.37,1,4.7,2.2,4.8,1.7,4.17,1.15,1.23,0.68,1.17,0.53,1.5,1.07,1.23,0.63
respiración,7.87,1.14,3.77,2.34,5.67,1.58,2.97,1.4,1.2,0.66,1.3,0.75,1.33,0.66,1.07,0.37
respirar,7.37,1.5,4.87,2.16,6.05,1.15,3.53,1.48,1.13,0.43,1.13,0.43,1.13,0.43,1.03,0.18
resumir,5,1.6,4.66,1.99,4.47,1.56,1.38,0.73,1.14,0.44,1.52,0.87,1.24,0.58,1.21,0.49
reventar,2.73,1.76,6.97,1.4,4.17,1.31,1.33,0.76,3.23,1.36,2.53,1.38,3.13,1.31,2.03,1.19
revoltoso,4.7,1.64,6.9,1.54,4.5,1.27,2.2,1.1,2.47,1.11,1.03,0.18,1.97,1.13,1.3,0.53
revolver,3.63,1.85,6.6,1.83,4.68,1.7,1.38,0.9,2.48,1.45,1.83,1.28,2.14,1.41,2.1,1.35
rezar,4.71,1.81,3.26,1.83,5.21,1.77,2.13,1.33,1.27,0.64,1.67,1.06,1.57,1.04,1.13,0.43
rico,6.57,1.77,5.66,1.88,3.75,1.52,3.41,1.15,1.4,0.72,1.47,0.82,1.4,0.72,1.47,0.86
ridiculizar,2.3,1.99,6.5,1.93,4.92,1.77,1.13,0.43,2.97,1.27,3.53,1.14,2.73,1.28,2.77,1.41
ridículo,2.57,1.43,6.23,1.77,3.68,1.78,1.17,0.46,2,1.2,2.43,1.3,2.8,1.4,1.63,1
risueño,7.73,1.2,5.47,1.59,4.7,1.68,4.2,0.92,1.07,0.25,1.03,0.18,1.07,0.25,1,0
rival,3.3,2.23,6.8,1.61,4.95,1.72,1.47,0.68,2.9,1.37,2.23,1.22,2.73,1.26,2.13,1.2
rizado,5.43,1.41,4.1,2.11,5.88,1.21,2.3,1.29,1.33,0.8,1.2,0.48,1.23,0.77,1.23,0.57
robo,1.4,0.81,7.63,1.38,5.25,1.4,1,0,4.43,0.68,3.7,1.26,4.47,0.82,2.97,1.38
robusto,5.93,1.73,5,2.19,4.65,1.39,1.9,1.01,1.66,0.9,1.31,0.6,1.97,1.05,1.24,0.58
rogar,3.4,1.54,5.9,1.67,4.53,1.4,1.42,0.89,2.03,1.2,2.97,1.33,2.58,1.36,1.77,1.18
romper,3.2,1.54,6.43,1.85,4.43,1.69,1.4,0.77,2.93,1.6,3.07,1.26,3,1.29,1.73,0.94
rosa,6.43,1.72,3.53,2.06,5.15,1.9,3.23,1.43,1.13,0.43,1.27,0.69,1.2,0.48,1.13,0.51
rotular,5,1.05,4.1,1.58,5.22,1.37,1.72,1.16,1,0,1.03,0.19,1,0,1.03,0.19
rudo,3.25,1.53,4.71,1.72,4.65,1.24,1.25,0.59,2.21,1.26,1.79,0.96,1.93,0.94,1.89,1.07
rueda,5.23,1.96,4.3,2.02,5.55,1.99,1.4,0.81,1.03,0.18,1.1,0.4,1.43,0.9,1.1,0.4
ruin,1.7,1.02,5.13,2.03,5.25,1.37,1.03,0.18,3.57,1.3,2.73,1.11,1.9,0.99,2.93,1.26
rural,6.17,1.66,5.37,1.83,4.13,1.34,3.37,1.03,1.2,0.48,1.6,0.72,1.6,0.86,1.5,0.73
sabiduría,7.93,1.26,4.97,2.36,4.13,1.65,4.1,0.92,1.2,0.55,1.27,0.78,1.27,0.52,1.17,0.65
sacrificar,2.67,1.99,6.6,2.16,5,1.85,1.03,0.18,3,1.44,4.17,0.99,3.43,1.38,2.67,1.58
salario,6.3,2.09,5.83,2.45,5.37,1.37,3.53,1.31,1.8,1.19,2.2,1.27,2,1.17,1.67,1.15
salir,6.33,1.71,6.07,2.05,4.23,1.79,3.63,1.43,1.23,0.57,1.37,0.72,1.97,1.1,1.1,0.55
saltear,5.63,1.1,4.17,2.02,4.45,1.53,1.66,0.86,1.14,0.44,1.07,0.26,1.1,0.31,1.03,0.19
salvaje,5.33,1.79,6.6,1.67,3.87,1.59,2.23,1.28,1.8,1.16,1.4,0.93,2.9,1.18,1.4,0.81
salvar,7.8,1.32,6.87,1.87,5.2,1.42,4.2,1,1.1,0.31,1.23,0.63,1.83,0.87,1.03,0.18
sancionar,2.33,1.56,6.07,2.18,4.75,1.35,1.17,0.59,3.37,0.96,2.87,1.11,3.07,1.36,2.13,1.22
sangrar,2.17,0.83,7.17,1.82,6.03,0.77,1.21,0.56,2.14,1.22,3,1.36,3.62,1.21,2.86,1.36
sangre,3.87,1.83,5.9,2.06,6.15,1.68,1.43,0.94,1.83,1.18,1.87,1.25,2.5,1.25,2.5,1.36
sano,7.87,2.06,5.5,2.19,5.48,1.53,4.42,0.85,1.23,0.8,1.29,0.9,1.42,0.92,1.16,0.73
satisfacción,8.53,0.9,6.4,2.13,4.9,1.79,4.73,0.52,1.13,0.57,1.03,0.18,1.1,0.31,1,0
sauna,6.67,1.83,4.17,2.42,6.12,1.33,3.33,1.24,1.13,0.35,1.27,0.69,1.5,0.82,1.53,0.9
seco,5,1.36,4.47,1.57,4.83,1.65,1.79,1.18,1.21,0.56,1.55,0.95,1.45,0.87,1.38,0.82
secuestrar,1.29,0.69,7.52,1.26,5.62,1.36,1.03,0.18,4.13,1.04,3.57,1.45,4.47,1.01,3.1,1.45
sed,3.07,1.51,5.5,2.39,5.58,1.57,1.27,0.64,1.63,1.07,2.1,1.4,1.83,1.34,1.6,0.97
seducción,7.7,1.06,7.37,1.22,4.65,1.29,3.6,1.25,1.3,0.6,1.13,0.35,1.7,0.88,1.4,0.77
seducir,7.32,1.25,7,1.32,4.87,1.48,3.53,1.04,1.1,0.4,1.13,0.35,1.67,0.96,1.23,0.43
seductor,6.6,1.28,6.2,1.63,5.05,1.25,2.93,1.2,1.3,0.6,1.13,0.35,1.5,0.94,1.33,0.55
sellar,5.07,0.94,3.77,1.48,4.77,1.6,1.21,0.49,1.07,0.37,1.1,0.31,1.14,0.44,1,0
selva,6,1.51,6,1.88,5.97,1.21,2.9,1.01,1.28,0.7,1.21,0.49,3,1.1,1.52,0.83
sencillo,5.9,1.56,4.33,1.71,3.78,1.22,2.73,1.28,1.1,0.4,1.33,0.66,1.5,0.9,1.17,0.46
senderismo,6.87,1.65,6.17,1.83,5.97,1.05,3.53,1.11,1.13,0.43,1.23,0.5,1.33,0.66,1.17,0.38
sensato,7,1.39,4.47,1.94,5.05,1.47,2.87,1.14,1.27,0.69,1.73,1.08,1.7,1.26,1.13,0.57
sensibilidad,6.33,1.42,4.6,2.06,4.38,1.46,2.8,1.21,1.33,0.88,2.37,1.35,2.07,1.34,1.17,0.46
sentir,6.8,1.71,6.9,1.65,3.85,1.81,4.19,0.83,2.45,1.46,2.58,1.46,3.23,1.33,1.94,1.41
separación,3.33,2.32,5.37,2.37,4.6,1.85,1.47,0.78,2.47,1.17,4,1.11,3.33,1.18,1.53,1.01
septentrional,4.62,1.63,3.77,2.08,4.69,1.9,1.38,0.98,1.31,0.74,1.19,0.57,1.31,0.79,1.12,0.43
serenidad,7.9,1.09,2.77,2.3,3.98,1.99,3.31,1.37,1,0,1.34,0.72,1.21,0.49,1,0
servidumbre,2.33,1.49,4.87,1.94,4.28,1.6,1.17,0.47,2.97,1.59,3.1,1.69,2.55,1.53,2.53,1.53
sexualidad,7.53,1.28,7.5,1.25,4.68,1.48,3.9,1.09,1.23,0.5,1.13,0.43,1.63,1.03,1.37,0.72
siesta,6.93,1.82,2.07,1.91,6.1,1.27,3.6,1.3,1.1,0.31,1.33,0.84,1.1,0.4,1.07,0.25
silencioso,5.1,2.11,3.33,1.69,5.07,1.47,1.97,1.22,1.23,0.5,2.37,1.19,2.2,1.13,1.23,0.77
similar,4.77,1.25,3.87,1.83,3.63,1.68,1.77,1.02,1.32,0.65,1.48,0.77,1.39,0.8,1.26,0.63
sincero,7.83,1.39,5.37,2.06,4.4,2.03,4.07,0.75,1.24,0.69,1.28,0.7,1.62,1.01,1.17,0.76
sintáctico,4.44,1.42,3.84,1.93,3.63,2.07,1.58,0.9,1.38,0.7,1.42,0.7,1.31,0.55,1.5,0.91
sistemático,5.07,1.62,4.31,2.39,3.98,1.82,1.45,0.74,1.34,0.86,1.38,0.78,1.45,0.83,1.28,0.7
sífilis,2,2.04,7.07,2.23,6.22,1.01,1.18,0.77,2.57,1.48,3.32,1.52,4.04,1.2,3.57,1.43
sobornar,2.13,1.23,5.81,1.6,4.88,1.41,1.17,0.46,3.87,1.2,2.7,1.29,2.17,1.09,3.23,1.43
soborno,1.6,0.77,6.5,1.93,5.13,1.13,1,0,4.17,1.07,3.27,1.44,2.72,1.36,3.5,1.43
sobresaliente,8.2,1.35,7.2,1.56,5.48,1.65,4.67,0.61,1.17,0.46,1.03,0.18,1.23,0.5,1.23,0.68
sobresalir,6.52,1.94,6.86,1.46,4.86,1.46,3.55,1.35,1.21,0.49,1.24,0.64,1.38,0.9,1.14,0.44
sobrevivir,6.73,2.27,6.86,2.2,5,1.37,3.77,1.45,1.47,0.82,2,1.26,2.83,1.18,1.2,0.55
socorrer,6.73,1.89,7.13,1.93,4.98,1.32,2.27,1.36,1.33,0.96,1.67,0.99,2.67,1.47,1.13,0.51
solidaridad,8.1,1.21,5.5,2.37,4.08,1.97,4.13,1.28,1.03,0.18,1.33,0.8,1.17,0.38,1.03,0.18
sollozar,1.87,1.14,6,2.05,5.55,1.16,1.27,0.69,2.2,1.3,4.33,1.12,2.43,1.33,1.37,0.93
sonido,5.93,1.31,5.83,1.97,3.38,1.91,2.87,1.33,1.47,0.86,1.9,1.21,1.7,1.09,1.37,0.89
sonreír,8.48,0.68,6.81,1.7,6.11,1.26,4.9,0.31,1.03,0.18,1.13,0.43,1.03,0.18,1.03,0.18
sonrisa,8.53,0.82,6.93,1.82,6.12,1.28,4.58,0.85,1.39,0.95,1.52,1.06,1.52,1.03,1.39,1.02
sorprender,6.87,1.25,7.03,1.33,3.75,1.46,3.73,1.01,1.23,0.68,1.17,0.46,2.03,1.22,1.13,0.35
sorpresa,7.33,1.37,7.83,0.99,3.93,1.53,4.07,0.91,1.33,0.66,1.4,0.72,2.03,1.07,1.3,0.88
sosiego,6.14,2.25,2.41,1.97,4.29,1.57,2.64,1.52,1.39,0.79,1.79,0.96,1.43,0.88,1.29,0.66
sospecha,3.7,1.19,6.53,1.41,3.8,1.34,1.27,0.64,2.73,1.41,2.17,1.26,2.77,1.38,1.73,1.11
sueldo,7.67,1.6,7,1.6,5.78,1.55,4.2,0.89,1.3,0.65,1.37,0.76,1.53,0.78,1.2,0.55
suelo,4.43,1.36,2.9,1.97,5.82,1.69,1.53,0.9,1.33,0.76,1.57,1.04,1.63,0.93,1.7,1.15
suerte,7.73,1.41,6.6,2.06,4.25,1.97,4.5,0.63,1.13,0.35,1.23,0.57,1.4,0.67,1.17,0.53
sufrimiento,1.77,1.63,5.73,2.72,4.3,1.68,1.03,0.18,3.07,1.41,4.37,0.89,3.9,1.16,2.3,1.44
superación,7.97,1.22,7.17,1.93,4.9,1.58,4.57,0.63,1.2,0.61,1.13,0.35,1.67,0.88,1.03,0.18
suscribir,4.97,1.21,4.52,1.74,4.23,1.39,1.52,0.83,1.24,0.58,1.24,0.64,1.34,0.72,1.17,0.54
suspenso,1.77,1.52,6.97,2.34,5.8,1.22,1.26,1,4,1.24,4.45,0.77,3.84,1.34,2.52,1.41
sustancia,4.53,1.01,3,2,2.22,1.6,1.37,0.72,1.17,0.53,1.2,0.55,1.5,0.78,1.77,1.01
susto,3.13,1.68,7.63,2.01,4.65,1.58,1.53,0.97,2.57,1.1,1.97,1.22,4.03,1.03,1.83,0.99
susurrar,6.07,1.66,4.23,2.06,5.73,1.19,2.21,1.47,1.45,1.02,1.52,1.06,1.55,1.15,1.21,0.56
susurro,5.67,1.95,3.73,2.63,5.18,1.52,2.77,1.25,1.2,0.48,1.47,0.82,2.03,1.22,1.23,0.5
tacaño,2.2,1.21,4.87,1.87,5.45,1.34,1.07,0.25,2.7,1.39,2.5,1.38,1.37,0.76,2.43,1.52
tacto,6.47,1.63,5.23,2.3,4.38,1.79,3.1,1.24,1.3,0.84,1.33,0.96,2.03,1.13,1.9,1.09
tarea,4.57,1.36,5.4,2.18,4.02,1.73,1.63,0.85,1.53,0.9,1.6,0.81,1.53,0.86,1.6,1
teatro,7.27,1.53,5.73,1.96,5.73,1.28,4.07,0.92,1.34,1.08,1.72,1.19,1.55,1.15,1.34,1.08
techo,4.9,2.01,3.03,1.81,5.78,1.31,2.03,1.25,1.37,0.93,1.37,0.76,1.63,1.07,1.23,0.5
tecla,4.17,1.44,3.67,1.84,5.03,2.03,1.53,0.82,1.37,0.72,1.27,0.64,1.33,0.66,1.3,0.65
tema,4.48,1.35,3.79,1.76,2.16,1.64,1.77,1.1,1.27,0.52,1.47,0.78,1.47,0.73,1.3,0.53
temer,2.2,1.42,7,1.82,4.05,1.4,1.07,0.25,2.33,1.35,2.87,1.41,4.7,0.65,1.97,1.22
temerario,3.5,2.36,6.97,1.73,4.88,1.48,1.7,1.26,2.47,1.22,1.73,1.01,4.07,1.28,1.5,0.82
templado,5.67,1.6,3.3,1.62,3.48,1.55,1.87,0.86,1.13,0.43,1.27,0.74,1.1,0.4,1.3,0.95
templanza,7.1,1.37,3.17,1.85,4.23,1.97,3,1.1,1.14,0.35,1.41,0.78,1.41,0.82,1.03,0.19
temporal,4.23,1.43,5.5,1.74,3.38,1.71,1.7,0.92,1.9,1.12,2.47,1.2,2.9,1.3,1.6,0.89
tenebroso,2.9,2.23,6.4,2.03,4.73,1.47,1.27,0.78,1.93,1.28,2.3,1.37,3.93,1.34,1.93,1.28
tentar,5.3,1.51,6.03,2.06,3.63,1.8,2.14,1.09,1.48,0.74,1.45,0.83,2.34,1.2,1.41,0.68
ternura,8,1.44,4.7,2.41,5.28,1.65,4.07,1.05,1.07,0.37,1.27,0.69,1.07,0.37,1.07,0.37
terremoto,1.87,1.7,8.07,1.2,6.35,1.06,1,0,2.13,1.04,3.13,1.41,4.47,0.9,1.5,0.94
terrorismo,1.37,1.38,7.47,1.87,5.4,1.4,1.07,0.25,4.53,0.9,4.3,1.18,4.37,1.16,3.83,1.44
texto,5.3,1.29,3.9,1.67,4.15,1.64,2.35,1.33,1.48,0.85,1.81,1.08,1.58,0.92,1.45,0.81
tétrico,2.23,1.3,5.53,2.8,4.62,1.77,1.13,0.35,2.1,1.35,2.73,1.55,4,1.31,2.37,1.4
timado,2,1.31,6.28,2.02,4.91,1.16,1.07,0.25,4.63,0.61,3.23,1.19,2.77,1.28,3.13,1.33
timbre,4.9,1.52,6.17,2.09,5.63,1.63,2.63,1.13,1.67,1.03,1.3,0.6,1.6,1.07,1.1,0.4
tiranía,1.87,1.98,6.83,1.76,4.77,1.55,1.07,0.37,3.9,1.35,3.63,1.43,3.93,1.48,3.63,1.27
torcer,3.28,1.53,5.17,2.25,3.6,1.8,1.21,0.56,1.97,1.21,1.9,1.08,2.3,1.26,1.31,0.66
torcido,2.9,1.16,4.53,1.8,4.45,1.49,1.23,0.5,2.03,0.96,2.1,1.03,1.9,1.09,1.57,0.82
torear,2.23,1.38,6.45,2.39,5.38,1.61,1.17,0.46,3.63,1.35,3.1,1.3,2.6,1.48,3.37,1.38
tormento,2.17,1.56,6.52,1.87,4.23,1.5,1.17,0.46,3.03,1.27,3.27,1.46,2.8,1.35,1.93,1.28
torturado,1.37,0.96,7.38,2.08,5.37,1.2,1,0,4.27,1.01,4.2,1,4.5,1.01,3.4,1.4
torturar,1.17,0.38,8.13,1.48,5.8,1.22,1,0,4.62,0.78,3.9,1.47,4.55,1.06,3.93,1.46
tosco,3.62,1.29,4.07,1.91,3.87,1.59,1.14,0.44,1.76,1.12,1.97,1.05,1.62,0.98,1.97,1.15
trabajador,6.73,1.98,5.77,2.54,5.05,1.49,3.47,1.48,1.17,0.46,1.27,0.58,1.47,1.07,1.13,0.35
trabajar,6.03,2.61,6.83,2.09,5.18,1.7,3.4,1.33,1.63,1.07,1.93,1.11,1.8,1.1,1.63,1.03
traición,1.33,0.55,6.37,2.11,5.18,1.62,1.03,0.18,4.2,0.89,3.93,1.2,3.2,1.42,3.17,1.6
tramposo,3,2.05,5.8,2.07,4.62,1.5,1.3,0.53,3.63,1.16,2.5,1.28,1.8,1.03,2.77,1.3
tranquilidad,7.53,1.83,2.97,2.71,4.85,1.67,4.07,1.01,1.1,0.4,1.3,0.7,1.17,0.46,1.07,0.37
transferible,4.6,1.04,4.13,1.76,3.57,1.84,1.77,1.07,1.43,0.94,1.5,1.04,1.77,1.22,1.53,0.94
translúcido,4.97,1.47,3.37,1.74,4.35,1.91,1.9,1.03,1.23,0.63,1.37,0.81,1.47,0.94,1.27,0.64
trastorno,2.37,1.81,5.83,1.97,3.72,1.7,1.07,0.25,2.07,1.34,3.47,1.04,3.07,1.23,1.47,1.17
tránsfuga,3,1.85,5.41,2.36,3.83,1.43,1.32,0.72,2.32,1.32,2.64,1.43,2.55,1.26,1.91,1.31
tristeza,1.87,1.61,3.73,2.12,4.13,1.82,1,0,1.97,1.03,4.93,0.37,2.43,1.33,1.63,0.93
triturar,4.03,1.13,5,2.27,5.28,1.2,1.41,0.82,1.9,1.37,1.72,1,2.1,1.47,2.17,1.36
triunfador,8.03,0.96,7.03,1.4,4.88,1.28,4.47,0.97,1.17,0.46,1.1,0.31,1.5,0.78,1.17,0.46
triunfar,8.21,1.5,7.76,1.41,4.47,1.67,4.55,1.06,1.17,0.76,1,0,1.72,0.96,1.07,0.26
tubería,4.03,1.49,3.03,1.76,5.97,1.51,1.1,0.31,1.1,0.4,1.2,0.48,1.33,0.71,2.73,1.6
tumbona,7.13,1.41,3.1,2.44,6.6,1.11,3.47,1.33,1.03,0.18,1.17,0.46,1.07,0.25,1.07,0.37
turbulento,3,1.51,5.93,2.36,4.16,1.49,1.31,0.66,1.93,1.19,1.86,0.88,3.28,1.1,1.62,0.9
unión,6.97,1.43,5.03,2.14,4.02,1.34,3.67,1.49,1.2,0.55,1.33,0.92,1.53,0.97,1.13,0.43
universal,5.7,1.53,4.23,2.16,3.18,1.79,2.3,1.21,1.1,0.4,1.27,0.58,1.5,0.78,1.07,0.37
vacío,3.3,1.76,4.27,2.52,3.5,2,1.1,0.4,1.6,0.93,3.87,1.2,3.1,1.58,1.6,1.04
vago,2.17,1.44,3.73,2.56,5.28,1.45,1.13,0.43,2.33,1.27,2.5,1.25,1.57,0.9,1.87,1.11
valor,6.8,2.09,5.63,2.41,3.85,1.49,3.33,1.45,1.47,0.97,1.23,0.77,2.03,1.19,1.1,0.4
vapor,5.23,1.36,4.23,1.79,5.48,1.43,1.52,0.87,1.31,0.76,1.24,0.64,1.72,0.96,1.48,0.87
vaso,4.73,1.36,3.17,1.66,5.82,1.51,1.33,0.66,1.07,0.25,1.13,0.43,1.07,0.25,1.27,0.69
vegetación,7.1,1.88,4.53,2.19,4.4,1.82,3.53,1.36,1.13,0.57,1.37,0.81,1.53,0.82,1.1,0.4
vejatorio,2.04,1.43,6.2,2.18,4.75,1.46,1.44,1.12,3.3,1.61,3.63,1.15,2.81,1.52,2.93,1.73
velas,6.17,1.78,4.07,2.32,6.18,1.1,2.93,1.31,1.1,0.55,2,1.2,1.6,1.1,1.1,0.4
vencer,7.63,1.33,7.07,1.76,4.68,1.64,4.1,1.14,1.43,0.82,1.43,0.86,1.7,0.88,1.23,0.5
verano,8.37,1.02,6.73,2.5,5.43,1.75,4.63,0.81,1.07,0.37,1.13,0.35,1.17,0.53,1.17,0.46
verbalizar,5.13,0.97,4.27,1.93,4.73,1.49,1.52,0.87,1.07,0.26,1.07,0.26,1.17,0.54,1,0
vergüenza,2.83,1.88,6.57,2.21,4.47,1.52,1.48,0.96,2.48,1.29,2.97,1.33,3.42,1.36,2.1,1.25
versionar,5.2,1.1,4.3,1.7,4.1,1.45,1.83,1.14,1.45,0.87,1.31,0.71,1.17,0.47,1.17,0.47
viajar,8.27,0.83,7.3,1.51,5,1.27,4.57,0.68,1.13,0.43,1.23,0.43,2,0.95,1.3,0.65
viajero,7.72,1.48,6.83,1.49,5.3,1.34,4.13,1.07,1.1,0.4,1.3,0.7,1.83,0.99,1.17,0.46
victorioso,7.77,1.45,7.27,1.48,5.13,1.19,4.6,0.56,1.17,0.46,1.1,0.4,1.4,0.86,1.07,0.25
viejo,4.27,1.86,3.57,1.72,4.85,1.77,2.23,1.22,1.63,1.1,3.17,1.34,2.6,1.52,1.67,1.06
violador,1.1,0.55,7.8,1.79,6.38,0.77,1,0,4.57,0.82,4.17,1.05,4.63,0.72,4.5,0.97
violar,1.1,0.31,8.27,1.36,6.08,1.06,1,0,4.83,0.47,4.38,1.18,4.48,1.18,4.62,0.94
visualizar,5.66,1.32,4.41,1.99,3.87,1.84,1.97,1.02,1.21,0.56,1.41,0.63,1.45,0.63,1.24,0.58
viudo,2.03,1.22,3.77,1.79,5.93,1.36,1.13,0.73,2.1,1.21,4.2,0.96,2.97,1.19,1.37,0.72
vocalizar,5.1,1.03,3.83,1.91,5.9,1.04,1.55,0.83,1.24,0.83,1.1,0.56,1.1,0.56,1,0
volar,7.55,1.09,7.06,1.65,5.46,1.28,4.17,0.87,1.1,0.31,1.17,0.46,2.13,1.25,1.07,0.25
voltear,4.83,1.09,3.77,2.18,4.31,1.38,1.43,0.92,1.18,0.67,1.18,0.55,1.32,0.77,1,0
voluptuoso,5.07,1.53,4.7,2.12,4.13,1.7,2.1,1.08,1.17,0.38,1.28,0.65,1.41,0.87,1.24,0.69
votar,5.52,1.67,4.58,1.78,5.55,1.08,2.43,1.36,1.57,0.9,1.33,0.66,1.73,0.94,1.3,0.65
yoga,7.33,1.63,2.4,2.36,6.15,0.78,3,1.2,1.1,0.55,1.23,0.68,1.03,0.18,1.13,0.73
zopenco,3.33,1.88,5.07,2.26,4.68,1.72,1.43,0.9,1.83,1.05,2.37,1.25,1.57,1.01,1.5,0.9
