word_chinese_simplified,concrete_mean,concrete_sd,arousal_mean,arousal_sd,familiar_mean,familiar_sd,typicality_mean,typicality_sd,valence_mean,valence_sd
哀愁,4.7143,1.5119,5.5,1.4011,6.3448,1.3168,6.3103,1.1053,-1.8,0.7144
哀伤,3.963,1.698,4.9643,1.9904,6.5714,1.1362,6.3793,1.0493,-1.9667,0.7649
暴怒,4.037,1.7646,6.4643,1.1701,6.2857,1.0131,6.6207,0.6219,-2.3667,1.1885
抱怨,3.4074,2.117,5.3214,1.9255,6.6429,0.9114,5.7931,1.5671,-1.8,0.7144
惆怅,4.5,1.7533,5.1429,1.7366,6.1034,1.5433,5.5172,1.8443,-1.5333,0.8193
打造,3.9286,1.7412,1.5,1,6.3448,1.4947,1.6207,1.2368,0.5,0.7768
愤怒,4.2593,1.9134,5.8214,1.7858,6.8571,0.3563,6.6207,0.7752,-2,0.871
负债,2.8889,1.7394,4.0714,1.8039,6.4286,1.069,3.5172,1.8826,-1.7333,1.0483
改造,3.8571,1.8199,2.0357,1.4268,6.5172,1.0896,1.6207,1.1469,0.4,0.8137
感性,5.5185,1.2821,3.6786,1.9255,5.8571,1.5084,3.5517,1.7441,0.8333,1.1472
高速,3.4074,1.8659,2.2857,1.7608,6.8214,0.6118,1.5172,1.0219,0.3333,0.7581
个性,4.8214,1.7008,2.2143,1.4493,6.5517,0.9851,2.1379,1.6845,0.6,0.7701
沟通,2.9643,1.9338,1.8929,1.0659,6.7931,0.6199,2.0345,1.4996,0.8,0.7611
害怕,4.2593,1.8101,5.4643,1.6439,6.8571,0.3563,6.3448,1.2894,-1.5,1.2526
合适,4.2857,1.6966,1.8571,1.1455,6.8621,0.3509,2.7241,1.8879,1.2,0.8867
怀疑,4.2143,1.9504,4.5,1.7743,6.7586,0.6356,4.7586,1.9208,-1.3,1.0875
检查,3.1111,1.6486,1.8929,1.4489,6.7857,0.6299,1.4138,0.9826,0.4667,0.8996
简短,3.0741,1.8171,1.5357,0.9222,6.75,1.0046,1.6207,0.9416,0.4,0.9322
激昂,4.4815,1.6022,4.8571,2.0676,6.1786,1.5882,5.5517,1.5021,1.7667,1.0063
简朴,3.8929,1.6631,2.2857,1.3294,6.6897,0.6603,2.7241,1.5094,0.9,0.803
简易,3.5556,1.8046,1.75,1.1426,6.5,1.1055,2.1034,1.3976,0.7333,0.8683
焦急,4.2857,1.6297,5.25,1.6245,6.7241,0.8408,6.2069,1.4731,-1.1333,1.1666
激动,4.0714,1.6539,5.1786,2.1952,6.8621,0.4411,5.931,1.5568,1.7,1.0222
接送,3.0714,1.8039,1.8214,1.188,6.5172,1.2427,1.5862,1.0528,0.3333,0.7112
精通,4.1852,1.52,2.9643,1.6663,6.3929,1.6631,2.7931,1.9157,1.6,1.07
紧急,4.1111,1.4233,4.3929,1.8726,6.7857,0.5681,4.1379,1.7873000000000001,-0.8,1.0635
激怒,4,1.8459,5.9643,1.3189,6.6552,1.0446,5.6552,1.7377,-1.5667,1.1943
技巧,3.7037,1.7719,1.8929,1.2864,6.8571,0.4484,1.5172,0.7378,0.5333,1.008
激情,4.3333,1.8187,5.25,1.6915,6.6786,0.8189,5.1379,1.7469,1.4333,1.0063
技术,3.1111,1.7172,1.5,0.8389,6.7857,1.1339,1.1724,0.3844,0.5333,0.8193
角逐,3.6429,1.6151,2.8929,1.6179,5.931,1.5102,2.5172,1.6393,0.1667,0.9499
局面,3.8519,1.875,2.3929,1.931,6.5,1.1055,1.5862,1.2682,0,0.6433
惧怕,4.1852,1.4686,5.4643,1.6439,6.7857,0.4987,6.3103,1.1371,-1.8667,1.1366
开除,2.9259,1.6854,3.5,2.0638,6.5714,1.1031,2.9655,1.88,-1.5333,1.1666
开通,3.1852,1.52,1.6786,1.3348,6.4643,1.2317,1.3448,0.814,0.4667,0.7303
开支,3.0357,1.7739,2.25,1.8384,6.4138,1.1501,1.2069,0.6199,0.1667,0.8339
可耻,4.1852,1.6417,4.4643,1.9338,6.5357,0.8812,5.1034,1.839,-2.0667,0.7849
可怜,3.6667,1.5933,4.2143,1.5719,6.8571,0.3563,5.1379,1.8072,-1.2333,0.7739
快速,3.7778,1.7831,1.8571,1.353,6.8929,0.4163,1.4483,1.1208,0.7,0.8769
困倦,3.8571,1.9382,4.0714,1.9231,6.6207,0.9029,4.7241,1.8302,-1.1333,1.0743
潦倒,4.6296,1.3629,3.7143,1.7397,5.3214,1.9062,4.2759,1.8496,-1.6667,1.0933
疲倦,3.5,1.8954,4.6429,1.7473,6.8276,0.4682,5.2069,1.8004,-1.2667,0.5833
奇怪,4.1852,1.7105,3.3929,1.8123,6.7857,0.4987,3.5517,1.8629,-0.2,0.6103
驱逐,3.8214,1.6789,3.7143,1.8828,6.4483,1.0551,3.2759,1.9253,-1.5333,0.8604
神态,2.963,1.6286,1.9643,1.6884,6.5357,0.9616,1.4483,0.7361,0.3333,0.8841
渗透,4.2857,1.6966,2.4643,1.4525,6.3448,1.4461,1.6552,1.1734,-0.4333,0.7739
侍候,3.0357,1.9528,2.0714,1.3313,6,1.4639,1.931,1.1317,0.0333,0.9643
衰老,3.6667,1.8605,4.3929,2.1831,6.6071,0.9165,3.5862,1.8616,-1.6,0.855
舒适,4.25,1.6694,3.1429,1.7152,6.8276,0.5391,4.0345,1.8024,1.7667,0.9353
思考,4.7037,1.7935,2.0714,1.4383,6.9286,0.2623,1.7241,1.4116,0.7333,0.7397
挑选,2.5556,1.5021,1.7143,0.9372,6.7143,0.7127,1.6897,1.3391,0.3,0.6513
提倡,3.6667,1.5933,2.8929,1.6852,6.5714,0.9595,3.0345,2.0263,1.7,1.1788
危急,4.3214,1.6342,4.8214,1.7008,6.5862,0.9826,3.8966,2.0761,-1.2667,0.9072
相思,4.4074,1.9067,3.3571,1.9093,6.2857,1.3569,4.2759,2.0336,0.6,1.2205
销售,2.6786,1.7225,1.8929,1.1969,6.6897,0.8495,1.3103,0.8906,0.2333,0.7739
血迹,1.5926,0.7971,4.2143,1.9504,6.4286,1.3992,2.2069,1.5671,-1.3667,0.9643
稀罕,4.0741,1.5172,2.9286,1.6762,6.5357,0.9222,4.3103,2.4069,1.2667,0.9803
羞耻,4.1852,1.5698,5.25,1.7132,6.6071,0.994,5.1034,1.655,-1.8333,1.1472
秀丽,4.037,1.5059,3.0714,1.6085,5.9643,1.3739,4,1.488,2.1667,0.8339
秀美,3.963,1.5059,3.0357,1.5982,5.4643,1.4525,4.1034,1.4963,2.3,0.596
迅速,4.4444,2.0444,2.6071,2.0063,6.9643,0.189,1.7241,1.3601,1.0333,1.129
厌倦,4.5714,1.597,4.3214,1.9636,6.7241,0.5914,5.7931,1.3727,-1.7333,0.9072
邀请,2.8214,1.7438,2.2143,1.4235,6.8621,0.4411,2.3103,1.6497,0.8,0.7144
用途,3.4444,1.8046,1.8929,1.3968,6.6429,1.193,1.4828,1.0219,0.4,0.8137
运送,2.7407,1.483,1.6429,1.0616,6.2143,1.5241,1.3448,0.814,0.2333,0.4302
责怪,3.6071,1.7917,4.4286,1.8744,6.7586,0.6895,5.0345,1.6363,-1.5667,0.7739
着迷,4.7407,1.6312,4.2143,2.0791,6.6071,0.9165,4.7931,1.9889,0.7333,1.388
追逐,3,1.4907,3.2143,1.7921,6.7586,0.6356,2.4828,1.8248,0.1667,0.9855
爱慕,4.0741,2.0177,4.6786,1.9447,6.4643,1.2317,6.1724,0.9662,1.8,1.3746
爱惜,4.1852,1.8195,3.8571,1.7366,6.6786,0.9049,4.6552,1.9138,1.8667,0.8193
安康,3.7407,1.9532,3.1429,1.8602,5.9643,1.4006,4.3793,1.7199,1.8667,0.8604
安慰,3.9286,1.8842,3.1786,1.6342,6.7241,0.5914,3.8276,1.7335,1.4,1.1017
安心,4.6667,1.3868,3,1.7213,6.4286,1.4511,4.7931,1.9343,1.9667,0.8503
案件,2,1.4412,2.3929,1.4991,6.25,1.5306,1.8276,1.416,-0.0667,1.0148
傲慢,4.5926,1.4744,4.9643,1.5982,6.4643,1.138,5.6552,1.5184,-1.6333,0.9994
懊恼,4.2593,2.0114,4.8214,2.001,6.25,1.3506,6.069,1.4622,-1.5,0.7768
把握,4.9259,1.4657,2.0357,1.1049,6.5357,0.9993,2.1034,1.4478,0.7667,0.9353
摆脱,4.0714,1.5618,3.8571,1.7366,6.6207,0.82,2.8966,1.52,0.1,1.269
拜访,3.1111,1.7394,1.8571,1.2084,6.8571,0.5245,1.8276,1.2268,0.7,0.7944
伴侣,1.4815,0.753,2.1429,1.2971,6.6429,0.78,2,1.2817,1.4333,1.1351
伴随,3.9259,1.5915,1.8214,1.0203,6.5,1.291,1.8966,1.5433,0.4,0.855
帮忙,3.4074,1.803,2.1071,1.3149,6.8571,0.5245,3,1.6475,1.3,1.0554
绑架,2.4815,1.8475,4.4286,2.1157,6.5357,0.9616,3.069,1.9988,-2.2333,0.6789
榜样,3.1071,1.9501,3.1786,1.847,6.931,0.2579,3.3793,1.9715,1.7667,1.1651
包袱,2.75,1.8979,2.3571,1.7683,6.0345,1.3224,1.8621,1.4072,-0.7333,0.9803
包围,2.8519,1.703,1.9643,1.3467,6.5714,1.1684,1.4828,0.7847,-0.3333,0.8442
薄弱,4.1481,1.3785,3.1786,1.847,6.3929,1.3149,2.5862,1.2682,-1.0667,0.8277
保守,4.2593,1.6312,2.75,1.3229,6.7143,0.5998,3.3103,1.9292,-0.4,1.0034
保佑,4.5714,1.709,2.8214,1.7858,6.8276,0.4682,2.6897,1.4664,1.1667,0.9129
报仇,3.4444,1.6251,4.9643,1.8152,6.7143,1.0131,4.3103,1.8343,-1.7,1.2635
报复,3.9259,1.7958,4.4643,2.1855,6.4286,1.5736,3.9655,2.0956,-1.6,1.1626
爆发,3.9259,1.4917,4.6429,2.2479,6.7857,0.6299,3.4828,2.246,-0.6,1.3025
爆炸,2.2963,1.5396,5,1.8659,6.8929,0.4163,2.8621,2.0997,-1.6333,0.9994
悲哀,4.6296,1.6904,4.6786,2.144,6.6429,0.9114,6.1724,1.2268,-1.9333,1.0148
悲惨,4.7037,1.2954,5.6786,1.4156,6.6429,0.731,6,1.1339,-2.1667,1.0854
悲愤,4.3333,1.7321,5.75,1.2946,6.3214,1.5167,6.4828,0.7378,-1.8,0.8469
悲观,4.6667,1.8605,5.2857,1.8024,6.8571,0.3563,5.6552,1.7582,-2.1667,0.7466
悲剧,3.8148,1.665,5.0357,1.8951,6.3571,1.2536,5.4483,1.7235,-2.1667,0.9129
悲苦,4.7407,1.534,5.1071,1.7499,6.2857,1.3012,5.931,1.5337,-2.1333,0.8996
悲凉,4.963,1.4539,4.8929,1.7709,6.5,1.1386,5.7586,1.5273,-1.6667,0.8841
悲伤,4.3704,2.0782,5.4286,1.6427,6.8929,0.315,6.4828,1.0563,-1.8,1.2149
悲叹,4.7037,1.9771,5.2857,1.843,5.9286,1.7832,5.7586,1.6181,-1.7,0.8367
背叛,3.8148,1.665,5.2857,1.9409,6.7143,0.8545,4.5862,1.8031,-2.2,0.9613
奔波,3.9643,1.6212,3.3214,1.9636,6.4138,1.2961,2.6552,1.7784,-0.4667,1.008
本领,3.4444,1.6486,2.0714,1.4383,6.6429,1.193,1.7241,1.0315,1.4,1.1326
笨重,3.2963,1.6598,3.0714,1.7198,6.5357,1.2317,3.5862,1.5928,-1.3333,0.8023
崩溃,4.1111,1.9081,5.7143,1.2128,6.4286,1.1996,5.7241,1.7707,-2.2,0.9248
鄙视,4.2593,1.4569,5.6429,1.592,6.3571,1.2536,5.8621,1.3018,-2,1.1744
闭幕,2.5185,1.8682,1.9286,1.5853,6.0714,1.8243,1.6207,0.9788,-0.3333,0.8023
边境,2.3333,1.8397,2,1.4142,6.1071,1.7071,1.4483,0.7831,-0.4,0.9322
变换,3.7407,1.8101,1.6071,0.994,6.25,1.3777,1.3448,0.8567,0.1,0.4807
便宜,3.0714,1.8039,2.1786,1.056,6.8966,0.4093,2.1034,1.3455,0.6667,0.9223
辨别,4.1429,1.8996,1.9286,1.5379,6.7241,0.7019,1.8966,1.3187,0.0667,0.7849
辩护,3.4643,1.9145,2.6071,1.5477,6.4828,1.0563,2.7586,1.8058,0.4667,0.8193
标记,2.8889,1.7831,1.6786,1.056,6.6786,0.6118,1.2069,0.6199,0.1333,0.4342
表达,3.4074,1.9662,2.0357,1.3467,6.75,0.928,1.5517,1.378,0.5,0.9738
表明,3.8571,1.7995,1.9286,1.3589,6.7241,0.649,1.5862,1.5473,0.4,0.9685
表扬,3.4074,1.6234,4.8929,1.7499,6.7857,0.4987,5.5862,1.5702,2,1.2865
表彰,3.5714,1.8141,4.2143,2.0612,6.4828,0.9864,4.069,2.069,1.8,0.9248
别扭,4.0714,1.3589,3.7857,1.9121,6.3103,1.1681,4.2069,2.0245,-1.1667,0.8743
宾客,1.7778,1.0127,1.5357,0.8812,6.8214,0.6118,1.8966,1.4722,0.6333,0.9279
兵器,2,1.7321,2.4643,1.8754,6.4286,1.3724,1.8966,1.3455,-0.5333,0.8996
病房,1.7143,1.2724,2.8214,1.9636,6.7931,0.9403,2.3793,1.699,-1.3,1.2077
剥夺,3.8148,1.665,4.3929,1.9117,6.5357,0.9993,3.3103,1.7949,-1.6333,1.0334
博大,4.5926,1.3939,3.25,1.8384,6.3929,1.1655,3.069,1.7511,1.5333,0.9732
搏斗,2.3333,1.3587,4.6071,1.9501,6.2857,1.4872,2.5862,1.7012,-0.7333,1.1427
不安,4.1111,1.9282,5.0357,1.8152,6.5357,0.9993,5.7931,1.4731,-1.5333,0.7303
不满,4.1786,1.9824,5.0357,1.9528,6.8966,0.4093,5.7586,1.9208,-1.6333,0.8899
不同,3.5926,1.7598,1.9286,1.5618,6.75,0.967,1.6207,1.1153,-0.0333,0.6687
不幸,4.1852,1.4945,4.6429,1.8097,6.6429,0.6785,5.3448,1.6535,-2.3333,0.7581
才华,4.1852,1.7982,2.3929,1.5715,6.6071,1.0659,2.8621,1.6631,2.0667,0.8277
才智,4.4286,1.7305,2.9286,1.7623,6.5862,0.8667,2.6897,1.7749,1.5,1.3326
财富,3.25,1.7769,3.3929,1.9501,6.7586,0.5766,2.5172,1.7853,1.6333,1.3257
采纳,3.6667,1.1094,2.0714,1.4639,6.5357,1.2615,2.4828,1.7242,0.8667,1.008
参观,2.7407,1.8521,1.6429,0.9114,6.6071,1.0306,1.3793,0.9029,0.3333,0.7581
残疾,2.2593,1.4302,4.5357,2.0273,6.8571,0.4484,3.0345,1.8221,-1.8,0.7611
残酷,4.5556,1.8879,5.0714,1.8842,6.6429,0.8698,4.9655,1.6579,-2.1333,1.0743
残忍,4,1.5191,5.4286,1.8744,6.5714,1.0338,4.931,1.8885,-2.4,0.855
惭愧,4.4074,1.5257,4.1429,1.7788,6.8571,0.4484,6.0345,1.3224,-1.3333,0.8841
灿烂,4.4444,1.8046,3.7857,1.833,6.6071,1.3427,4.7931,1.5208,2.1667,0.6989
苍白,3.25,2.1016,2.5357,1.7101,6.7586,0.6356,2.8276,1.8336,-1.0333,0.9279
苍蝇,1.6296,1.2755,3.3214,2.2287,6.4286,1.62,2.6897,1.6713,-1.3,0.9523
草地,1.963,1.8498000000000001,1.5357,0.8381,6.9286,0.2623,1.5172,0.9864,0.4333,0.6789
草率,4,1.6555,3.7857,1.5719,6.4828,1.2427,3.8966,1.839,-1,1.0828
草原,1.6071,1.3968,1.3571,0.6215,6.8276,0.5391,1.1034,0.4093,0.6,0.8137
策略,3.5926,2.0987,1.75,1.0046,6.6071,0.956,1.5172,1.2989,0.6333,0.8899
差别,4.0357,1.8355,2.2143,1.5953,6.5517,1.1828,1.5862,0.8667,-0.4333,0.7279
差距,4.2222,1.6486,2.7857,1.7713,6.5,1.2019,2.5517,1.882,-0.7667,0.8172
缠绵,4.6071,1.6407,3.3929,1.4991,5.7931,1.7804,3.6897,1.9292,0.4667,0.8604
阐述,3.8214,1.9636,1.7857,1.3432,6.6552,0.7209,1.4483,0.9482,0.4333,0.8172
颤抖,2.8148,1.6417,4.5,1.8156,6.6786,0.863,3.931,1.8113,-0.9,0.8449
猖狂,4.6667,1.5191,5.3214,1.5167,6,1.6777,4.6897,1.7547,-1.8333,1.0199
常理,4.7037,1.8148,1.6071,0.8751,6.1071,1.4742,1.8621,1.5974,0.5,0.7768
场面,3.4643,1.8152,1.7143,1.2724,6.8621,0.3509,1.2414,0.6895,0.0667,0.9072
畅快,4.5714,1.5499,5,1.6997,6.1724,1.2555,5.2069,1.7804,1.9667,0.8503
倡导,4.5714,1.4254,2.5714,1.709,6.3793,1.3473,2.7586,1.7249,1.2,0.8867
嘲讽,4.0741,1.859,5.7143,1.2724,6.2143,1.5719,5.8276,0.9662,-2,0.6948
嘲弄,4.037,1.8704,4.5357,1.7317,6.5357,0.7445,4.8966,1.6764,-1.7333,0.6397
嘲笑,3.3704,1.7353,5.3214,1.5167,6.6429,1.0261,5.5172,1.1838,-1.7,0.8769
潮流,4.3571,1.6378,2.4643,1.6884,6.7931,0.675,2.2414,1.2437,0.6667,0.8841
吵架,2.1786,1.3348,4.8571,1.919,6.7931,0.675,4.2414,1.8642,-1.3,1.1492
车祸,1.7407,1.1298,4.75,2.3034,6.4286,1.3724,3.5172,1.7652,-2.0333,1.2726
沉静,3.8889,1.7614,3.2143,1.9504,6.6786,1.188,4.3793,1.8976,1.1,1.2415
沉湎,4.9643,1.5982,3.7857,1.729,5.2069,2.042,3.6552,2.1091,-0.7667,0.9353
沉默,3.8889,1.7394,2.8214,2.0558,6.4643,0.9993,3.6897,1.9106,-0.2333,0.9353
沉痛,4.7407,1.6312,5.8571,1.4584,6.1429,1.7152,6.6552,0.6139,-2.2333,0.9714
沉醉,4.3704,1.5479,3.3214,1.6789,6.3214,1.3068,4.3103,1.8536,0.1,1.4468
称心,4.6667,1.3868,3.2143,1.833,6.1071,1.3427,5,1.9272,1.9333,0.8277
称赞,3.8519,1.703,5.1429,1.6934,6.75,0.5182,5.5172,1.5497,2.4,0.724
成功,4.1111,2.0631,4.6071,2.0788,7,0,4.2414,2.1656,2.5667,0.5683
成就,3.3704,1.7791,3.5357,1.8754,6.7857,0.7868,3.2759,1.9438,2.2667,1.1427
成亲,2.3333,1.5442,3.0357,2.0813,6.2143,1.5482,2.6897,1.9106,1.2333,0.9353
成全,4.6071,1.4742,2.5714,1.597,6.6552,0.9364,2.3793,1.3736,1.2333,1.0063
诚恳,4.25,1.7559,4,1.6102,6.6897,1.0037,5.4138,1.452,1.9333,1.0148
诚实,4.037,1.6286,3.7857,1.9314,6.9286,0.2623,4.4138,1.8996,2.0667,0.9803
诚心,4.5714,1.5499,3.2143,1.8531,6.5517,1.0207,4.3793,1.8787,1.9333,1.0148
诚意,4.4815,1.5031,3.7857,1.6856,6.8214,0.4756,4.3793,1.8596,1.7333,0.9072
承担,4.4444,1.396,2,1.4907,6.75,0.5853,2.1724,1.2837,0.8,0.9248
城市,1.2963,1.1706,2.0357,1.6439,6.8929,0.5669,1.3103,0.8495,0.4667,0.9371
吃惊,3.963,1.8289,5.6071,1.37,6.6429,1.1616,5.7931,1.6771,0.0667,1.2299
迟缓,3.9259,1.6624,2.9643,1.6439,6.5357,1.2615,2.6552,1.5417,-1.1,0.8847
迟疑,4.037,1.8289,3.8929,1.7499,6.6071,1.1001,4.1379,2.1167,-1.1333,0.6288
耻辱,3.9259,1.7958,5.25,1.8979,6.5357,1.0357,5.2759,1.8879,-2.4,0.6747
翅膀,1.9259,1.6624,1.8929,1.6852,6.75,1.0046,1.2414,0.9508,0.7,1.1188
冲锋,3.1111,1.4763,4.2143,2.0066,6.2857,1.6297,2.2759,1.556,0.6,1.07
冲突,3.5926,1.803,4.2857,1.6746,6.6786,0.863,3.8276,1.7742,-1.2667,1.0148
充分,4.8929,1.3968,1.8929,1.1655,6.7586,0.8305,1.9655,1.5694,1.3333,0.7581
充实,4.3214,1.467,3.3929,1.9117,6.7586,0.5766,3.4138,2.1467,1.8333,1.0199
充裕,4.3333,1.4676,2.9286,1.8645,6.4643,1.4006,3.3793,1.6348,2,0.6948
崇拜,4.3704,1.8428,4.8214,1.5882,6.75,0.5853,5.2759,1.9982,1.9,0.9948
崇高,5.037,1.4272,3.8214,1.9824,6.2857,1.4365,4.6897,1.6713,2.2,0.6644
崇尚,4.7778,1.396,3.8929,2.0965,6.3214,1.4415,4.2759,1.7504,1.8667,0.9732
宠物,1.5556,1.1209,2.1429,1.3254,6.7857,1.1339,1.9655,1.2672,1.0667,1.1121
抽搐,2.7407,1.483,3.8929,1.7917,5.6786,2.0558,3.069,1.9073,-1.5,0.82
仇恨,4.9259,1.5915,6.0357,1.0357,6.3571,1.0959,6.0345,1.1797,-2.5333,0.8604
仇视,4.4074,1.3939,5.6071,1.5236,5.75,1.5782,6.2759,0.9963,-2.3,0.8769
筹划,3.3704,1.8636,2.3929,1.5477,6.4643,1.2615,1.9655,1.7214,0.7,0.8769
丑陋,3.1481,1.875,4.0357,2.0635,6.75,1.0046,3.8621,1.8269,-1.6333,1.0662
出卖,3.1852,1.7549,4.9286,2.1931,6.4286,1.4511,3.8621,1.8656,-2,0.9826
出席,2.4444,1.3107,1.75,1.3229,6.3929,1.1333,1.5517,1.0551,0.4,0.8944
出演,2.7037,1.7279,1.8929,1.3427,6.75,0.5182,1.3448,0.7689,0.5,0.861
初步,4.6071,1.5949,1.6429,1.0959,6.7586,0.5766,1.2414,0.6356,0.2,0.6103
储存,3.037,1.5807,1.4286,0.8357,6.6429,0.6215,1.3103,0.8064,0.3667,0.6687
处罚,3.1852,1.665,3.8929,2.0063,6.7143,0.7629,3.5517,1.8436,-1.7,0.7497
处分,3.3571,2.2313,4.0357,2.0273,6.6897,1.0037,2.7586,1.9577,-1.6333,0.9279
处境,3.7778,1.9081,1.5357,0.7927,6.6429,0.9114,1.8276,1.416,-0.0333,0.8087
触动,4.4444,1.5021,3.7143,1.843,6.1786,1.6114,3.2414,1.9577,0.5333,1.008
穿梭,3.8148,1.7982,1.6071,0.8317,5.9286,1.4383,1.3448,0.7689,0.2667,0.8683
传达,3.2143,1.4493,2,1.5396,6.7241,0.751,1.6207,1.6128,0.4667,1.008
传染,3.5556,1.948,3.1071,1.6407,6.6786,1.0203,2.1724,1.2837,-1,1.2594
传输,3.4074,1.7155,1.4643,0.7445,6.75,0.7005,1.1724,0.5391,0.1667,0.4611
创伤,3.0357,1.8556,4.2143,1.9504,6.4483,1.1208,3.1379,1.7672,-1.5333,0.8193
创新,4.8929,1.5477,3.0714,1.9038,6.8621,0.5158,2.3448,1.4212,1.7333,0.9444
纯净,3.963,1.7646,2.25,1.2656,6.5,1.0715,3.3793,1.8596,1.5667,0.8584
纯朴,3.963,1.7205,3,1.7427,6.3929,1.6179,4.0345,1.9176,1.7667,1.0063
纯真,4.4074,1.803,3.0714,1.6539,6.6786,0.9049,4.2414,1.786,1.6,1.1326
聪慧,4.5556,1.6946,3.2143,2.0066,6.5714,1.069,4.1724,1.9099,2.4,0.6747
聪明,4.3704,1.9044,3.1429,1.9947,6.8929,0.315,4.0345,1.8416,2.2667,1.0483
粗糙,3.4815,2.0451,2.4643,1.3467,6.7143,0.8545,2.3103,1.6713,-0.7667,0.7279
粗犷,4.7778,1.4233,3.5714,1.597,5.7857,1.2869,3.1034,1.5889,-0.1667,1.0532
粗鲁,3.5926,1.6469,4.0357,1.6884,6.6786,0.6118,4,1.8898,-1.5667,0.9353
粗俗,3.9259,1.859,4.0714,1.6085,6.5,1.2019,4.1034,2.0239,-1.7,0.7022
粗野,4.2857,1.9024,4.0714,1.6762,6.069,1.4864,3.6897,1.8147,-1.2667,1.0148
摧毁,3.6786,1.9062,4.5,1.7743,6.4828,1.2136,3.5862,2.0791,-1.9333,0.8277
村民,1.3214,0.8189,1.5357,0.8381,6.7931,0.675,1.1034,0.3099,0.1,0.712
存活,2.963,1.6286,2.7143,2.1057,6.4643,1.2317,2.4483,1.5021,1.0333,1.3515
错误,3.3214,1.9062,3.5714,1.894,6.931,0.3714,2.6552,1.9507,-1.5,1.0422
打败,2.8889,1.6251,4.3571,2.1639,6.8571,0.5909,3.5172,1.8443,-0.4333,1.3566
打扮,3.2222,1.8046,2.2143,1.5482,6.75,0.8444,2.3103,1.6497,1,0.9826
打架,1.8571,1.1127,4.2857,1.8828,6.6897,0.9298,3.4138,2.0445,-1.2667,1.1725
打扰,3.4643,1.7317,4,1.8856,6.8621,0.4411,3.4483,1.8242,-0.9333,1.0483
大方,4.2593,1.5834,3.0357,1.7739,6.6071,1.0659,3.8276,1.8911,1.9667,0.7649
呆板,3.9643,1.4778,3.1429,1.5567,6.2759,1.4613,3.7241,1.7908,-1.0333,1.0334
呆滞,4.1852,1.6879,3.2143,1.7503,6.3929,1.2573,4.1724,1.8911,-1.4,0.8137
歹毒,4.3333,1.7097,5.2857,1.7817,6,1.8053,5.6897,1.2565,-2.5333,0.9732
担任,3.9259,1.9201,2.3214,1.6342,6.7143,0.46,2.1034,1.6112,0.5,0.7311
单独,3,1.9612,1.8571,1.2387,6.5,1.2019,2.069,1.1317,-0.3333,0.7112
导弹,1.4643,1.0709,2.6786,2.0737,6.3448,1.6317,1.7931,1.6557,-0.2667,1.3113
倒闭,2.7407,1.5589,4.0357,1.8355,6.3571,1.3935,3.2414,1.9758,-1.6333,0.9994
倒退,3.75,1.8384,3.2143,1.8531,6.7241,0.649,2.6207,1.5449,-1.3667,1.0662
盗版,2.8571,1.8602,3.5,1.9149,6.4828,1.2989,2.3448,1.6535,-1.2,1.1567
盗窃,2.1481,1.1995,4.0357,2.0635,6.5714,1.1996,3.3103,1.8728,-1.6,1.4044
道德,4.6786,1.7438,2.1786,1.6342,6.7586,0.511,2.1724,1.4655,1.0333,1.1592
得意,4.0741,1.859,4.8214,1.7858,6.5,1.3744,5.8276,1.416,1.2667,1.5071
地狱,3.3333,2.2532,3.8214,2.3579,6.25,1.4305,4.0345,1.7214,-2.4,1.0034
登记,2.7857,1.729,1.6429,0.9894,6.6897,0.7608,1.5862,1.402,0.1667,0.7915
登录,2.2222,1.5021,1.3214,0.548,6.4286,1.1996,1.1034,0.4093,0.0333,0.4901
低估,4.0357,1.7947,2.8571,1.4584,6.6207,0.9788,2.8966,1.5889,-0.8333,0.9499
低劣,3.7778,1.7172,3.9643,1.8556,5.9286,1.6981,4.5862,1.7427,-1.8667,0.9371
敌人,1.7407,1.0595,3.8214,2.0737,6.8214,0.9449,3.1724,1.947,-1.5,1.1371
抵抗,3.3704,1.5479,4,2.143,6.4286,1.2889,3.7931,2.0068,-0.6667,1.1842
抵御,3.1852,1.4421,3.3214,1.765,6.4643,1.138,2.4483,1.2702,0.2,1.0635
典礼,2.2143,1.5953,1.7857,1.228,6.7241,0.751,1.6897,1.1053,0.6667,0.8841
典型,4.7143,1.3294,1.8571,1.0789,6.7241,0.7019,1.6552,1.1425,0,0.8305
典雅,4.6667,1.6408,2.3929,1.5715,5.9286,1.5853,3.3793,1.6128,2.0667,0.8277
调节,3.963,1.6752,2.1429,1.2971,6.7143,0.9372,1.7931,1.2643,0.4667,0.6814
调侃,3.6071,1.9501,3.8214,1.6567,6.2069,1.4486,4.1379,1.5521,0.0333,1.2172
调整,3.8889,1.6718,1.6786,1.1239,6.7857,0.7868,1.4483,1.1828,0.4,0.8137
叮嘱,3.1852,1.8818,2.5357,1.5026,6.25,1.6245,2.7586,1.7659,0.5,0.7768
丢失,3.5714,1.894,3.75,2.048,6.8276,0.5391,2.8621,1.5974,-1.1667,0.9129
动听,4.1786,1.8669,3.2857,1.843,6.5862,1.1186,3.5172,1.7448,1.3667,1.0334
都市,2.1852,1.5698,2.0714,1.4889,6.5714,1.2301,1.4828,0.9495,0.5667,0.9353
逗乐,3.4444,1.5771,4.3929,1.8726,6.2143,1.5241,4.8966,1.8963,1.2667,1.0483
督促,3.6667,1.4936,2.8929,1.7286,6.5357,1.138,2.6552,1.7582,0.5333,1.008
独特,4.5,1.5986,2.6429,1.592,6.7931,0.5593,2.2759,1.6234,0.8,0.8052
读书,1.8148,1.3878,2.3571,2.004,7,0,1.4828,1.1219,1.2333,1.1043
堵塞,2.8148,1.3878,3.1429,2.0132,6.1786,1.5167,2.3448,1.3168,-1.2,0.7144
杜绝,4.6296,1.5479,3,1.8053,6.4286,0.9595,3.0345,1.8221,-0.7333,1.1725
度假,2.6786,1.492,2.7857,1.833,6.8966,0.3099,2.2069,1.612,0.9667,1.2172
端详,3.8148,1.6879,1.8929,1.1655,6.1786,1.2781,2.1034,1.6332,0.5333,0.9732
短发,1.3333,0.8771,1.6786,1.0203,6.75,0.967,1.2759,0.649,0.1667,0.4611
锻炼,2.1481,1.3785,2.5357,1.8556,6.8929,0.4163,1.931,1.646,1.5,1.1064
对策,3.3571,1.9286,2,1.4142,6.4828,0.9495,1.6897,1.1053,0.6,0.7701
对手,1.963,1.4,2.2143,1.5719,6.7143,0.5998,2.3448,1.5874,-0.3,0.7022
多情,5.0741,1.7525,4.3571,1.7473,6.0357,1.6212,4.3103,1.7949,-0.4333,1.0063
多疑,4.5714,1.597,4.2143,2.0612,6.5862,1.0862,4.8621,1.5289,-1.2,0.9965
恶毒,4.6296,1.4715,5.6429,1.6151,6.2143,1.3973,5.069,1.8309,-2.6,0.5632
恶化,3.8519,1.875,4.8571,1.8199,6.4286,1.3992,4.4828,1.8052,-2.1,0.712
恶劣,4.2593,1.6312,5.0714,1.9613,6.5357,0.7445,5.2414,1.3798,-2.1667,1.1769
恶意,4.1111,1.7831,4.75,1.7347,6.5,1.0715,5.2069,1.5671,-2,0.871
遏制,4.3704,1.3344,4.3571,1.8097,5.8214,1.5167,2.8621,1.7264,-0.9667,0.8087
儿童,1.5185,1.1222,2.1071,1.6179,6.9286,0.378,1.5172,0.9111,0.8,1.1861
发抖,2.5926,1.8242,4,2.0184,6.6071,0.8751,3.3103,1.9476,-0.8333,0.7915
乏味,4.2857,1.5601,3.6429,1.7683,6.3103,1.1983,4.4138,1.8228,-1.2333,0.8976
罚款,2.2963,1.5144,3.6786,1.9636,6.5357,1.0357,2.6207,1.6779,-1.7,0.8367
法官,1.6071,1.1655,1.5,1.1706,6.6552,0.8975,1.1724,0.6017,0.4667,0.8996
法庭,1.5556,1.2195,2.0714,1.7198,6.1429,1.5327,1.3793,0.7752,0,1.2034
烦闷,4.1852,1.9022,5.2143,1.8127,6.3929,1.1969,6.2069,1.2923,-1.9,0.803
烦恼,3.3704,1.6207,4.75,1.9555,6.6786,1.1564,5.6552,1.5647,-1.6333,0.7184
反动,4.1429,1.5327,3.6429,1.8301,5.9655,1.7005,3.4483,1.9381,-1.5,1.3582
反对,3.8214,1.7858,4.2857,1.9599,6.8276,0.5391,4.1379,2.0481,-1.3333,0.9223
反攻,3.2963,1.2654,3.6071,1.9877,5.6429,1.6825,2.8621,1.6845,-0.1,1.5614
反省,3.9286,1.8243,3.3214,1.5647,6.7241,0.7019,3.2759,1.6013,-0.0667,1.4126
贩毒,2.4074,1.3085,4.8214,2.212,5.8571,1.9382,3.1724,1.853,-2.6333,0.7649
方便,4.4815,1.3692,2.25,1.4814,6.8929,0.315,2.6207,1.6128,1.2333,0.8584
芳香,3.0741,2.0555,3.1071,1.7071,6.6071,0.8751,3.2759,1.7299,1.8333,0.7915
防范,4.0741,1.7525,2.2857,1.6069,6.3214,1.3892,2.1034,1.2634,0.4667,1.2243
妨碍,4.1852,1.3878,4.1786,1.5167,6.4286,1.1996,3.931,1.7099,-1.3333,0.7581
房屋,1.5926,1.3376,1.8214,1.492,6.9643,0.189,1.3103,1.1681,0.3,0.596
放弃,3.8889,1.8046,3.9643,2.1514,6.6429,1.1616,3.9655,1.8989,-1.7,0.7497
飞翔,2.5,1.7321,2.2857,1.7817,6.7586,0.6356,1.3448,0.9364,0.6,1.2484
飞行,2.4074,1.4481,2.0714,1.5379,6.9286,0.2623,1.1724,0.5391,0.3333,0.9223
废话,2.6429,1.7043,2.6071,1.7071,6.6552,1.1734,2.7931,1.7399,-0.8,0.9613
废弃,3.6786,1.7858,3.7143,2.0341,6.5172,1.3528,3,1.7928,-1.4333,0.9353
分配,3.6429,1.7892,1.8571,1.4067,6.7586,0.6895,1.4138,1.2682,0.3333,0.9589
芬芳,3.6296,1.8636,2.8929,1.6179,6.3571,1.2536,3.3793,1.9533,1.6333,0.8899
愤然,4.3214,1.7225,5.3929,1.7286,5.9655,1.3491,5.931,1.7511,-1.8333,0.9855
丰富,4.4074,1.4212,3.1071,1.5715,6.8214,0.39,3.4483,1.7645,1.9333,0.7397
风貌,4.037,1.8289,2.3214,1.5167,6.4286,1.3452,1.8621,1.3555,0.8333,0.9129
风趣,4.1429,1.9572,4.25,1.7132,6.5517,1.2702,3.7586,1.8058,1.5667,1.3309
风俗,3.2963,1.7935,1.9286,1.1841,6.7857,0.5681,1.4483,0.9097,0.2667,0.7397
讽刺,4.2222,1.7172,5.0714,1.7198,6.6786,0.863,5.3793,1.5905,-2.1,0.6074
否决,3.3704,1.5479,4.1786,2.0915,6.6786,0.9049,3.3793,2.178,-1.0333,0.9643
否认,2.8889,1.7172,3.5,1.9532,6.7143,0.8968,3.3448,2.126,-1,0.871
敷衍,4.1111,1.5771,3.7143,1.6966,6.3214,1.467,4.4483,1.9196,-1.5333,0.7303
芙蓉,1.8519,1.5368,2.0714,1.4639,5.75,1.6694,2.4138,1.8228,1.0333,0.9994
符合,4.1481,1.6572,1.5,0.923,6.4643,1.2905,2.1034,1.5433,0.7667,1.1351
抚摸,2.2857,1.3569,2.2857,1.5601,6.7241,0.649,2.2759,1.2789,0.6,0.8944
腐朽,4.8519,1.6803,3.5,1.5986,6.2857,1.3012,3.4828,2.1814,-1.6333,0.8503
复仇,3.5926,1.8451,5.0714,1.6981,6.5,1.2019,4.4828,2.0287,-1.9333,1.0483
复活,4.4074,1.9466,4.0357,2.0273,6.5357,1.3467,2.7241,1.7707,1.0333,1.2994
复苏,4.2143,1.9121,3.7857,1.833,6.4828,1.2711,2.4138,1.402,1.3333,1.3218
富贵,4.3333,1.9415,3.6786,1.7858,6.7143,0.7629,3.8276,2.1056,2.1,0.9595
富裕,3.963,1.5807,3.5,1.972,6.8214,0.4756,3.2414,1.8058,2.1,0.8449
富足,4.25,1.6471,3.8214,1.7225,6.6897,0.7608,3.4828,2.098,1.8,1.2429
改善,4.3214,1.5167,2.8214,1.6789,6.7931,0.675,2.6897,1.5835,1.4333,0.9353
甘甜,3.6667,1.6871,3.3214,2.001,6.7857,0.7868,3.6897,1.8918,1.9333,0.8683
感动,4.4074,1.9466,4.2857,2.088,6.75,1.0046,5.1034,2.0414,1.7333,0.9803
感激,4.1111,1.7614,4.7143,2.1232,6.8571,0.4484,5.5862,1.8031,2.0667,0.8277
感情,5.7037,1.4888,2.3929,1.6179,6.75,0.5853,2.7586,1.845,0.7,0.8769
感悟,5.0741,1.4657,2.5357,1.4268,6.8571,0.5909,2.4483,1.8242,1,1.1447
干枯,3.3571,1.8701,3.0714,1.6085,6.6207,1.0493,2.5862,1.452,-1.1,0.9595
干涉,3.8571,1.8199,3.1071,1.8326,6.4138,1.1186,2.6552,1.6317,-0.9333,1.0807
干燥,2.7037,1.6828,1.8929,1.3968,6.7857,0.6862,1.3448,0.7689,0,0.871
钢琴,1.2963,0.8689,1.7143,1.1819,7,0,1.2759,0.5914,0.7333,1.0483
高度,3.2593,1.9134,2.0357,1.5982,7,0,1.8621,1.5521,0.5333,0.8604
高贵,4.5185,1.7622,2.9286,1.5618,6.4643,1.3739,3.7931,1.8781,2.0333,1.129
高尚,5.1111,1.6013,3.1429,1.9947,6.4286,1.3992,4.4138,1.9368,2.0667,1.3113
高效,4.5714,1.6427,3.2143,1.6183,6.931,0.2579,2.7241,1.8879,1.7667,1.3566
高雅,4.4074,1.6234,3.1071,1.8726,6.3929,1.2573,3.8966,2.0589,2.2667,0.7849
告辞,3.1852,1.665,2,1.1547,6.25,1.1426,2.069,1.361,-0.1,0.8847
歌剧,1.8889,1.45,2.1786,1.5409,6.6429,0.9114,1.5862,1.2682,0.4333,0.8976
隔离,2.8519,1.6339,2.3929,1.931,6.5,1,2.2069,1.4971,-0.8,0.9613
哽咽,3.2593,1.7452,4.3929,1.7917,6.2857,1.5601,5.1034,1.6976,-1.2,1.0306
更新,3.7778,1.8467,2.4643,1.7101,6.7857,0.4987,1.5172,0.9111,0.8333,1.1769
公园,1.1111,0.3203,1.8571,1.2387,7,0,1.4138,0.9826,0.5333,0.8193
攻击,3.2963,1.8148,4.1786,2.144,6.6071,1.0659,3.4483,1.9926,-1.4333,1.0726
攻占,3.7857,1.729,4.1786,2.001,6.6897,0.7608,2.7931,1.9708,-0.8,1.2429
恭敬,4.2963,1.6365,3.6786,1.8268,6.4643,1.2013,4.6552,1.7377,1.7,0.8769
恭维,4.2593,1.5088,3.5714,1.4764,6.0357,1.3467,4.6207,1.6128,-0.3333,1.3979
巩固,4.2963,1.7055,2,1.3053,6.3929,1.2864,2.0345,1.3224,1.2333,1.04
贡献,4.0357,1.7101,3.5357,2.0813,7,0,2.8276,1.6705,1.7667,0.9714
孤单,4.3214,1.9636,3.8929,2.0246,6.7931,0.675,4.8966,2.1438,-1.2333,1.3047
孤独,4.5357,1.7947,4.1786,2.001,6.7931,0.6199,5.6897,1.2846,-1.3333,1.0613
孤立,4,1.9052,4.0357,1.9145,6.6207,1.1153,3.7931,1.8201,-1.4,1.1017
姑娘,1.5357,1.1049,1.5714,0.8357,6.931,0.3714,1.6552,1.4706,0.7667,1.04
古典,4.0357,1.7101,1.4643,0.6929,6.3103,1.2846,1.6207,1.0828,0.7667,0.9353
鼓励,3.8519,1.5616,5.1786,1.3892,6.7857,0.4987,5.2069,1.4731,2.2667,0.9072
鼓掌,2.3929,1.4489,4.3214,1.8268,6.8276,0.5391,4.2414,1.8255,1.4667,0.9371
固执,4.4286,1.6651,4.3214,1.8669,6.7931,0.4913,4.4828,2.0809,-1.3667,1.0334
故障,3.0714,1.8243,3.3571,2.181,6.6552,0.7689,2.3103,1.6059,-1.4667,0.8193
关怀,4,1.6871,3.0714,1.7832,6.6786,0.9449,4.7586,1.7249,1.6667,0.7112
关键,4.2963,1.7719,2,1.4907,6.7857,0.6299,1.8621,1.4571,0.4,0.8137
关心,3.7778,1.6718,3.3929,1.6407,6.7857,0.8325,4.5172,1.9571,1.8667,0.6814
关注,3.3333,1.6172,2.2143,1.729,6.7143,0.7629,2.069,1.4864,0.6,0.9322
观测,3.1786,1.9447,1.8571,1.2084,6.3448,1.1109,1.4138,1.0528,0.3,0.596
观光,2.8571,1.6714,2.0714,1.4639,6.5517,1.0207,1.9655,1.4756,0.7,0.8367
观望,3.3214,1.9062,1.5357,1.0357,6.4828,1.1838,1.7586,1.3271,0.3,0.7944
官员,1.5714,1.0338,1.5714,0.9595,6.4828,1.5029,1.1724,0.4682,0.2333,0.8172
棺材,1.2222,0.8006,3.2143,2.3151,6.2143,1.8926,3.0345,1.88,-1.7333,1.1427
光滑,3.4074,1.8451,1.6071,0.8751,6.5714,1.0338,1.931,1.4125,0.8,0.9613
光明,4.3333,1.8605,3.3214,1.765,6.9286,0.2623,3.3103,2.0547,1.8333,1.2341
光荣,4.3333,1.8811,4.5714,1.7936,6.7143,0.7127,4.8621,1.7055,2.2667,0.7849
光线,2.3333,1.7759,2.3214,1.7438,6.8929,0.315,1.6207,1.1469,0.5,0.861
规则,3.4286,2.0981,1.6071,0.8751,6.8966,0.4093,1.3103,0.7608,0.2667,0.8683
瑰丽,4.3704,1.7791,3.1429,1.7366,5.1071,1.8527,3.6552,1.8181,2.0333,1.2452
诡计,4.1481,1.5368,4.0714,1.7623,6.5714,0.7902,3.931,1.7714,-1.7667,0.9714
贵族,2.4815,1.9488,2.1429,1.353,6.6071,0.8317,1.8276,1.2268,0.7667,1.2507
国歌,1.5357,1.0357,2.4286,1.9894,6.7931,0.7736,1.8621,1.5521,1.0667,1.2299
国家,2,1.5933,2,1.6555,6.8571,0.5909,1.6552,1.1734,1.1,1.1552
国旗,1.4286,1.2889,2.4643,1.9338,7,0,2.1724,1.853,1.0667,1.2576
国王,1.4074,1.0834,1.9643,1.1701,6.7143,1.0131,1.6207,1.2932,0.3667,0.9279
过瘾,4.4074,1.4212,4.3929,1.9501,6.3571,1.4711,4.2414,1.8642,0.4333,1.2507
海洋,1.7857,1.3973,2,1.5635,6.7931,1.1142,1.2759,0.7019,0.6,1.0034
害羞,3.8889,1.8879,3.2857,1.6069,6.9286,0.2623,5.1724,1.8721,0.0667,1.2015
含蓄,4.4074,1.6469,2.3929,1.1333,6.6071,1.2274,3.5862,2.0962,0.3333,1.0613
寒酸,3.6667,1.4412,4.3929,1.7071,6.6071,0.7373,4.2069,1.7399,-1.5,1.2247
捍卫,3.5926,1.5002,3.75,1.993,5.9286,1.8039,2.931,1.8113,0.9333,1.3629
豪放,4.6667,1.3587,4.7143,1.6069,6.3214,1.2781,4.4138,1.6801,1.5,0.861
豪迈,4.3214,1.6789,4.3929,1.8726,6.4483,1.3252,4.4483,1.9009,1.8333,0.7466
好处,3.7857,1.729,2.7857,1.7503,6.8966,0.3099,2.6207,1.8596,1.7333,0.9803
好感,4.6296,1.5479,3.6786,1.9255,6.6786,0.863,4.8621,1.9406,2.0333,0.6687
好奇,4.0714,1.7832,3.6429,1.6603,6.8966,0.4093,4.7586,1.8642,0.7667,0.9714
合格,4,1.7847,1.9643,1.3189,6.8276,0.4682,2.3103,1.5835,0.9333,0.8683
合理,4.2963,1.7719,2.0357,1.4268,6.7857,0.6862,2.3793,1.7406,1.2667,0.9803
合体,3.5926,1.5257,1.6786,1.1239,6.4643,1.3189,1.3103,0.6603,0.2667,0.7397
和缓,4.2143,1.6856,2.4286,1.3992,5.9655,1.5232,2.8621,1.4814,0.8667,0.8996
和解,4,1.633,2.4286,1.4764,6.6207,1.0493,3.2414,1.7041,1.1,1.0289
河流,1.963,1.6752,1.6071,1.3149,7,0,1.4138,1.2961,0.4333,0.8172
黑暗,2.9259,2.0177,4.1429,2.0676,6.8929,0.4163,3.7586,2.1656,-1.8,0.8867
轰动,4.1852,1.5941,4.6786,1.8064,6.3571,1.4457,3.3793,1.7811,0.3333,0.9223
轰炸,2.8889,1.6718,4.9286,2.0715,6.6071,0.786,3.2069,1.897,-1.5667,1.1943
宏观,4.6786,1.7008,3,1.9626,6.6207,0.82,2.2759,1.5329,1.2,1.0635
宏伟,4.7143,1.5119,4.3929,1.931,6.5862,0.9456,3.5172,1.7034,1.8,1.2704
厚重,4.4815,1.578,2.6071,1.5949,6.4643,0.9993,2.6207,1.5905,0.6,1.1017
呼喊,2.3704,1.8428,2.7857,1.8531,6.6429,0.8262,2.4828,2.1317,-0.2,0.8052
呼吸,2.1111,1.7831,1.6071,1.2864,6.7143,0.81,1.2069,0.4913,0.6,1.0034
呼吁,3.6071,1.7917,3.2143,1.9314,6.6207,0.8625,2.7586,1.64,0.4333,1.2229
忽视,3.8214,1.7858,3.75,2.1365,6.7931,0.6199,3.5172,1.7242,-1.1667,1.1167
蝴蝶,1.1429,0.4484,1.5357,0.8381,6.931,0.2579,1.7931,1.2643,0.9,0.9948
糊弄,3.8519,1.8335,3.25,1.6694,6.2857,1.5601,3.3793,1.6128,-1.3333,0.9942
互动,2.3333,1.3009,2.3214,1.4156,6.8571,0.4484,1.931,1.4375,0.7,0.8367
护照,1.6071,1.2573,1.4286,0.7902,6.7931,0.7736,1.3103,0.9298,0.1667,0.7466
花朵,1.1481,0.362,2.1786,1.3068,6.9643,0.189,2.8621,1.9035,1.4,1.1017
化装,3.1429,1.7152,1.7143,1.2724,6.1034,1.4963,1.5862,1.1807,0.1333,0.7303
话语,2.5926,1.7815,1.7857,1.2578,6.5357,0.9616,1.4138,1.1186,0.4,0.8137
欢畅,4.3214,1.6567,4.8214,1.6789,6.4138,1.1501,5.6897,1.4664,1.8667,1.1958
欢呼,2.8889,1.6251,5.6429,1.5685,6.6429,0.731,5.6897,1.2846,2.3,0.7944
欢快,3.7407,1.9921,5.25,1.7132,6.8929,0.4163,6.3793,1.0147,2.5,0.6823
欢乐,4.2963,1.9771,5.25,1.6245,6.9286,0.2623,5.7586,1.5505,2.3333,0.6609
欢喜,3.5926,1.8864,5.0357,2.2687,6.8214,0.39,6.4138,1.0183,2.4333,0.6789
欢欣,4.1111,1.7614,4.6786,2.001,6.3571,0.9894,6.1724,1.1042,2.5,0.7768
欢愉,4.1852,1.7982,5,1.8856,6.4643,1.1049,6.2414,1.3537,2.4333,1.04
缓解,4.1852,1.7105,2.6071,1.6631,6.7857,0.6299,3.069,1.8113,0.8,0.9248
荒诞,4.9643,1.4268,4.7143,1.4872,6.4138,0.9826,4.1379,1.9035,-1.5,0.9738
荒凉,3.7778,2.0255,3.6786,2.0737,6.5357,1.0357,4,1.8127,-1.5333,0.8604
荒谬,4.6296,1.5968,4.5714,1.7305,6.5,0.923,4.3103,1.7547,-1.7,0.7022
荒唐,4.9286,1.5618,5.0357,1.4525,6.4483,1.1208,4.1379,1.8656,-1.4667,0.6814
慌忙,4.3571,1.7473,4.7857,1.7713,6.6897,0.8495,4.3793,1.8976,-1.1,1.0619
惶恐,4.4815,1.5285,5.6429,1.5685,6.25,1.4561,6.3448,1.2328,-1.8333,0.6989
辉煌,4.3333,1.7759,3.8929,1.9117,6.6429,1.0616,4.2069,1.8781,2.2333,0.7739
回复,2.4074,1.3376,2.1071,1.6179,6.8571,0.4484,1.4828,0.9495,0.3,0.535
回眸,2.6786,1.5882,2.3929,1.4991,6.1034,1.6332,1.8276,1.2837,0.6333,0.9643
回应,2.9259,1.708,1.4286,0.7902,6.3929,1.2573,1.8621,1.3555,0.5,1.0748
毁灭,3.8148,2.0198,4.5,2.0638,6.6071,1.3427,3.8966,1.8583,-2.3667,0.7184
会谈,2.6296,1.8841,1.5357,0.7927,5.4643,1.5026,1.7586,1.2999,0.2333,0.5683
贿赂,2.7778,1.6486,4.1786,1.9255,6.2857,1.3012,3.5172,1.8636,-2,1.0505
晦气,4.5926,1.5002,4.8929,1.8326,5.8929,1.7917,5.1034,1.6764,-2.1667,0.8743
晦涩,4.8929,1.2274,3.7857,1.4493,5.6207,1.6565,4.0345,1.9727,-1.2667,0.7849
昏暗,3.2857,1.863,3.6071,1.6852,6.5862,0.9826,3.2069,1.6983,-1.2667,0.8277
昏迷,3.3214,1.9447,3.6071,1.931,6.5172,1.3528,2.9655,2.0263,-1.1,1.269
浑浊,3.6071,1.8527,3.3214,1.8669,6.2414,1.4307,2.3448,1.5647,-1.4667,0.8996
混乱,4.0357,1.7101,4.0714,1.9613,6.8276,0.4682,3.3448,1.7377,-1.6,0.7701
混浊,4.2143,1.8729,3.25,1.7769,6.3103,1.3391,2.7241,1.6668,-1.4,1.1326
活泼,3.9643,1.9338,4.25,1.6915,6.8621,0.4411,4.6207,1.761,1.8333,1.1167
火灾,1.5556,0.8006,3.8214,2.4045,6.9643,0.189,2.931,1.7714,-1.9333,1.2847
货币,1.8148,1.2721,1.9286,1.4639,6.5357,1.1049,1.3793,1.1153,0.6667,0.8841
讥讽,4.4444,1.6946,5.3571,1.496,5.6071,1.6179,5.7586,1.2999,-1.8333,1.2058
击败,3.4444,2.0064,4.5,1.9341,6.8929,0.4163,4.0345,1.8221,0.2333,1.6955
机智,3.9286,1.7412,3.5357,1.6884,6.6207,0.82,3.4138,2.0619,1.8667,0.8996
积极,4.2222,1.8257,4.1786,1.9447,6.75,0.5853,5.2069,1.8004,2.3667,0.7649
基础,4.1429,1.8996,1.3214,0.7228,6.7931,0.4913,1.1724,0.6017,0.4667,0.8193
及时,4.1852,1.7105,2.2143,1.4235,6.8571,0.4484,2.3448,1.7171,1.2,0.9965
即兴,3.7407,1.7005,2.0357,1.1701,5.7857,1.7921,1.931,1.387,0.3333,0.6609
急切,4.1481,1.8124,4.9286,1.8645,6.5357,1.138,5.2069,1.7399,-0.1667,1.2617
疾病,2.2963,1.6365,3.8929,2.0429,6.8571,0.4484,3.3103,1.7135,-1.7333,0.8277
嫉妒,4.037,1.8498000000000001,5.3214,1.8669,6.75,0.7005,5.5172,1.5029,-1.9667,0.7184
加强,4.0741,1.5915,2.75,1.6915,6.8571,0.4484,2.1034,1.6112,1.1,0.9595
嘉宾,1.8889,1.45,2,1.4142,6.4286,1.3174,1.4483,0.9097,0.5,1.0086
假冒,3.8519,1.6572,3.7857,1.6411,6.3214,1.2781,3.6552,1.5874,-1.6667,0.8023
假装,4.3333,1.3868,2.9286,1.5853,6.7857,0.4987,2.6207,1.8208,-0.8333,0.8339
尖刻,4.5185,1.8053,4.5,1.7533,5.8214,1.765,3.9655,2.0439,-1.4,1.2758
坚持,4.4444,1.7172,3.0714,1.8243,6.9286,0.2623,3.2414,2.0469,1.6,0.9322
坚定,4.5,1.5753,3.5714,1.6427,6.7241,0.7019,4.3103,1.8147,1.5333,1.1958
坚决,4.5926,1.8864,3.2143,2.1145,6.6071,0.994,3.931,1.9073,1.1,1.269
坚强,4.5556,1.45,4.0714,2.0893,6.7857,0.5681,4.6207,1.4739,2.2667,0.8277
坚硬,2.5926,1.6234,3.1786,1.8268,6.8214,0.39,2.4138,1.5702,0.5667,0.9353
艰巨,4.4444,1.6486,4.5357,1.6884,6.6429,0.8698,3.8966,2.0239,-1.1,0.9948
艰苦,3.8519,1.6572,4.3929,1.4489,6.7143,0.7629,4.931,1.5102,-1.6333,0.7649
减肥,3.0357,1.8152,2.75,2.0839,6.7241,0.8408,2.1724,1.6705,0.1,0.8847
见证,3.5185,1.8886,2.1429,1.5567,6.3571,1.2237,1.7241,1.1306,0.7333,0.9072
讲述,2.4444,1.6251,1.5714,1.2599,6.3571,0.9512,1.4138,0.8667,0.1333,0.4342
奖金,1.5185,1.1222,3.7857,2.0432,6.7143,1.1501,3.2414,1.7249,1.9667,1.0662
奖励,2.8148,1.7767,4.3214,1.9255,6.8214,0.548,4.2759,1.7504,1.7,1.442
奖赏,2.7037,1.7719,4.1071,1.969,6.75,1.0046,4.5172,1.9202,2.1333,0.9732
降临,3.8519,1.8544,2.1786,1.4156,5.8929,1.8726,1.8621,1.2457,0.1,0.8449
降落,3.1111,1.6946,2.4286,1.7305,6.6429,1.0261,1.3793,0.9029,0,0.5872
交流,2.963,1.6521,1.7143,1.1819,6.7143,1.1501,1.9655,1.6579,0.7667,0.8584
娇嫩,3.5714,1.7305,2.6071,1.37,6.3103,1.4168,2.8966,1.7997,1.1667,0.6989
娇小,3.2222,1.9081,2,1.2472,6.4286,1.3724,2.4483,1.378,0.1,0.9595
骄傲,4.2593,1.6075,4.6429,1.5685,6.8571,0.5909,5.2069,1.8396,0.9,1.2134
焦虑,4.5185,1.7403,5.5,1.5753,6.5714,1.1684,6.069,1.4375,-1.8,1.1265
狡猾,4.4444,1.6486,4.3929,1.9117,6.3214,1.3348,5.1034,1.3976,-1.7,0.7944
狡黠,4.2593,2.0679,4.3929,1.6631,5.2143,2.025,4.5517,1.7026,-0.8667,1.5916
教授,2.037,1.4272,2.2857,1.8024,6.8571,0.4484,1.3793,0.9788,0.8333,1.0854
接待,3.0741,1.6624,2.25,1.6245,6.5,1,1.8621,1.274,0.8,0.8052
接纳,3.5,1.5275,2.3214,1.467,6.5172,1.0563,2.6207,1.5449,1.2333,0.9353
节俭,3.75,1.7976,2.6429,1.3666,6.7241,0.7972,2.7931,1.6557,0.9,1.2134
节奏,3.037,1.5562,1.9286,1.4123000000000001,6.4286,1.2889,1.5517,1.298,0.3667,0.7649
杰出,4.5926,1.5002,3.3929,2.0609,6.75,0.6455,4.1034,1.7596,2.6,0.5632
洁白,3.037,1.8704,2.3214,1.467,6.75,0.7005,2.8966,1.7391,1.2333,0.8976
结论,4.0741,2.1826,1.4643,1.2317,6.7143,0.5998,1.3103,0.8064,0.2333,0.7279
解除,3.963,1.6286,2.3214,1.4156,6.4643,1.3467,2.0345,1.149,0,0.871
解脱,4.4815,1.397,3.8571,1.7788,6.6429,0.9894,3.4138,1.8423,1.0667,1.2299
界限,3.5926,1.803,1.7857,1.3973,6.3571,1.2536,1.8621,1.4072,-0.0667,0.7397
金融,3.2857,1.9599,1.8929,1.1969,6.3793,1.4739,1.2069,0.6199,0.2,0.6103
紧张,4.1111,1.9677,4.4286,1.9707,6.9286,0.2623,5.931,1.6889,-0.8667,1.008
进程,3.1111,1.6718,1.5357,0.8812,6.5,1.0715,1.3448,1.0098,0.1,0.8847
进攻,3.2963,1.8148,4.2857,2.0522,6.5714,1.1362,2.6207,1.8403,0.2333,1.3566
近期,3.5926,1.9267,1.3929,0.8751,6.8571,0.4484,1.2069,0.6199,0.1667,0.4611
晋升,3.3333,1.5689,3.8571,1.8199,6.4286,1.0338,3.5862,1.7631,1.6333,1.129
禁止,3.2857,1.7397,3.8929,2.2499,6.7241,0.7972,2.931,1.9988,-1.2,1.0306
经验,4.8148,1.5451,1.8571,1.3254,6.75,0.967,1.4138,0.8667,0.8333,0.9855
惊愕,4.4444,1.8879,5.3571,1.9286,5.8929,1.4991,6.3793,0.8625,-1.0667,1.1427
惊骇,4.3571,1.8898,5.4286,1.4764,5.5517,1.6815,5.1724,1.9099,-1.2,1.3235
惊慌,4,1.9215,5.6071,1.5715,6.8571,0.4484,6.3793,0.9416,-1.5333,1.008
惊惶,4.6296,1.3629,5.6071,1.5949,6,1.6777,6.2069,1.0816,-1.5667,1.1043
惊恐,4.2963,2.1629,5.4643,1.9145,6.75,0.7005,6.2414,1.2146,-1.6333,0.9279
惊吓,4.1111,1.7172,5.5357,1.6439,6.75,0.6455,5.3448,2.0049,-1.7667,1.1043
精彩,4.2222,2.0631,3.9286,1.9613,6.75,0.6455,4.4483,1.8045,2.3,0.7497
精干,4.3571,1.5685,3.5,1.7321,5.8621,1.5974,2.9655,1.8221,1.4,0.8944
精力,4.2593,1.7887,2.2143,1.5719,6.7857,0.4987,2,1.5811,1.1,1.0619
精神,5.1429,1.5567,2.25,1.5062,6.7241,0.649,2.2069,1.5208,0.5333,0.8193
精致,3.7037,1.7055,2.6429,1.5206,6.5,1.0715,3.6897,1.9106,1.8667,0.8604
景区,1.6667,0.9199,1.7857,1.4235,6.75,0.928,1.3103,0.7123,0.4333,0.7279
警官,1.7778,1.3681,2.4643,1.7101,6.7857,0.5681,1.6207,1.1776,0.7333,1.1121
警卫,1.6786,1.3623,1.8571,1.2683,6.8276,0.5391,1.6552,1.3168,0.3,0.8367
敬佩,3.7778,1.6718,4.1429,1.9382,6.75,0.6455,5.8621,1.1565,1.9,1.0619
敬意,4.4074,1.5257,4.1071,1.6852,6.7143,0.7629,5.5862,1.3501,2,0.6948
敬重,4.1481,1.4859,3.8214,1.9062,6.5,1,4.4828,1.9387,2.0333,0.7649
境界,4.7407,2.0114,2.3571,1.7043,6.2857,1.3569,1.6207,1.0493,0.4667,1.1059
窘迫,4.4074,1.7155,4.5714,1.7518,6.1786,1.2488,4.7931,1.9157,-1.8333,0.6989
纠缠,4.2143,1.5719,4.0357,1.9338,6.6897,0.7608,2.8621,1.7264,-0.7667,1.1043
救援,3.1852,1.6417,3.3929,2.0788,6.8214,0.4756,2.3448,1.5874,0.8333,1.2617
拘谨,4.2857,1.7182,3.3214,1.6567,6.3103,1.3121,4,1.7928,-0.2333,1.4065
沮丧,4.1111,1.7394,5.3929,1.7499,6.75,0.5853,6.5172,1.2136,-1.9333,0.6915
举报,3.037,1.7205,3.5714,2.1331,6.5714,1.4511,2.931,1.8695,-1.0333,0.9279
拒绝,3.3929,1.6631,3.6786,1.9255,6.8966,0.3099,4.069,2.1202,-1.2333,1.1351
具备,4.0741,1.6391,1.6429,0.9114,6.25,1.3229,1.3448,0.6139,0.3667,0.9279
剧烈,4.2963,1.8773,4.6071,2.0609,6.8214,0.4756,3.2414,2.0293,-0.0667,0.9072
觉醒,4.7407,1.8521,3.7143,1.863,6.1786,1.4156,2.6897,1.5377,1.3333,0.8841
绝望,4.3704,2.0782,5.7857,1.3432,6.8571,0.4484,6.2759,1.5094,-2.5333,0.8193
崛起,4.1071,1.8923,4.3571,1.9477,6.4828,1.2136,3.3793,2.2267,1.3333,1.3979
军队,1.5,1.1386,2,1.4907,6.9655,0.1857,1.3793,1.0147,0.3667,0.8503
军官,1.2222,0.4237,1.8929,1.5236,6.3929,1.2864,1.3793,0.7752,0.4333,1.1043
军事,2.2857,1.6069,1.7143,1.3294,6.6207,0.9416,1.4483,0.9097,0.1,0.8449
俊秀,3.9259,1.5172,3.2143,1.6856,5.0357,1.4525,4,1.5811,2.0667,0.7849
竣工,2.5556,1.6013,2.5,1.8359,6,1.587,1.931,1.4375,0.6667,1.2411
坎坷,4.8929,1.5477,4.5357,1.8754,6.5172,0.9864,3.6552,1.9138,-1.6333,1.0334
亢奋,4.5556,1.7394,5.5357,1.7529,6.6429,0.5587,6.4483,0.9097,1.2,1.3493
考察,3.6071,1.8527,2.0714,1.4889,6.4828,1.1838,1.3448,1.0098,0.4333,0.8172
苛刻,3.6667,1.5933,4.5714,1.6872,6.1071,1.6631,4,2.0354,-1.5333,0.7303
科学,3.6786,2.1952,2,1.3878,6.8966,0.3099,1.7586,1.3537,0.9,1.0939
科研,3,1.7541,1.9643,1.4006,6.6429,0.731,1.3793,0.9029,0.6,1.3025
刻薄,4.2963,1.7501,4.8929,1.6852,6.3214,1.2188,4.7931,1.6983,-2.1,0.803
刻苦,3.9286,1.8039,4.0357,1.6663,6.6897,0.8064,3.4138,1.7631,1.1,1.1847
客人,1.8519,1.3785,1.5357,0.8381,6.7857,1.1339,1.5862,1.2961,0.2333,0.6261
空军,1.3333,0.8321,1.5,0.7935,6.5,1.3744,1.4138,1.0862,0.6333,1.0334
恐惧,4.3704,1.8636,5.5,1.7321,6.75,0.7005,6.2759,1.5094,-2.0667,1.2299
恐吓,3.7037,1.6828,5.25,1.8979,6.7143,0.7127,5.0345,1.8416,-2.1667,0.7915
控制,3.9259,1.8999,2.4643,1.7101,6.9286,0.378,1.9655,1.3491,-0.4333,1.1651
扣除,3.4074,1.7378,2.9643,1.7529,6.5357,1.0357,2.5517,1.8045,-1.3,0.6513
枯萎,3.4074,1.8242,4.0714,1.8445,6.5,1.262,3.1034,1.9336,-1.4667,0.7303
枯燥,3.8571,1.7366,3.75,1.8584,6.6552,0.9364,4.5517,1.8629,-1.2333,1.0726
苦闷,4.5926,1.6234,5.0357,1.5749,6.5714,0.9974,5.7586,2.0469,-1.7,1.1188
苦难,4.4643,1.8355,4.2857,1.9409,6.6897,0.6603,4.4138,1.9552,-1.9,1.0619
苦心,4.4815,1.3692,3.6429,1.7473,6.3214,1.6114,4.4138,1.524,-0.0333,1.3257
夸张,4.6296,1.5229,3.4643,2.1166,6.75,0.967,3.6552,1.9507,0.0667,0.9444
快活,4.2963,1.6128,4.75,1.4561,6.4643,1.138,5.7241,1.6013,2,0.8305
快乐,4.4815,1.8053,4.7143,2.0158,7,0,6.6897,0.8064,2.4333,0.7279
宽厚,4.5714,1.709,3.0357,1.7947,6.4483,0.9851,3.4828,1.9571,1.3,0.8769
款式,3.25,2.2048,1.7857,1.2869,6.6552,0.7209,1.2069,0.4913,0.1667,0.6477
狂欢,3.4643,1.8355,5,2.1602,6.4483,1.4289,5.2414,1.9022,1.8667,0.9371
狂喜,4.3333,1.7321,5.5357,1.9338,6.6786,0.7228,6.4828,1.0896,2.4,0.8137
狂笑,3.2963,1.7279,5.5714,1.7305,6.4643,1.2615,6.2759,0.9963,1.2,1.6484
困境,4.3571,1.496,4.3571,1.9093,6.7931,0.4913,3.3793,2.0601,-1.5667,1.0726
困扰,4.25,1.7976,4.2143,2.1319,6.7241,0.8408,4.9655,1.7624,-1.3667,0.9643
懒惰,3.4815,1.6726,4,1.6997,6.7857,0.7868,4.5862,1.9552,-1.5667,0.9714
懒散,4.1071,1.931,3.9643,1.6884,6.3448,1.1734,3.4138,2.0619,-1.0667,1.0148
浪荡,4.8214,1.4156,4.3571,1.5206,5.931,1.4375,4,1.7321,-1.3333,1.3476
浪费,3.3571,1.8502,3.25,2.0115,6.9655,0.1857,3,1.7113,-1.0333,1.0662
浪漫,4.4074,1.8451,3.6071,2.0063,6.7857,0.4987,4.2759,1.6453,1.8,0.8469
老鼠,1.3214,0.9449,2.2143,1.6411,6.7586,0.6895,1.6552,1.0782,-0.8,1.0306
乐观,4.3333,1.7974,4.2857,2.1057,6.8214,0.7724,5.7931,1.7399,2.3333,1.0613
乐趣,4.0357,1.9338,3.9286,1.8645,6.7586,0.6895,4.4138,1.615,1.8,0.9613
乐团,1.5,1.2019,1.7857,1.1974,6.3793,1.4739,1.7931,1.3985,0.5333,0.8604
累赘,3.6786,1.8268,4.1429,1.6036,6.2414,1.4055,3.6552,1.9324,-1.9333,0.6397
冷静,3.6667,1.8397,3.1786,1.8064,6.8571,0.4484,4.3103,1.8918,1.2667,1.2847
冷漠,4.4444,1.7172,4.5714,1.9135,6.4643,1.3467,5.7241,1.3065,-1.7333,1.0483
冷笑,2.8889,1.8046,4.7143,1.5362,6.6071,1.2274,5.1034,1.655,-1.3,1.0222
离奇,5.1852,1.52,4,1.8053,6.0357,1.7101,3.1379,1.5974,-0.9,0.803
礼服,1.6667,1.271,1.9286,1.1198,6.3571,1.496,1.7586,1.4307,0.5667,0.9353
礼仪,2.9259,1.8171,1.8929,1.1969,6.7143,0.7127,2.3448,1.6097,0.9333,1.2847
历史,3.0714,1.9038,1.5714,1.0338,7,0,1.2759,0.751,0.4,0.8137
利害,4,2.0569,2.2143,1.6183,6,1.7427,1.7931,1.5208,-0.1,0.9229
利益,3.7037,1.6598,2.6071,1.8527,6.9643,0.189,2.1379,1.6631,0.2,1.0635
连锁,3.9286,1.8645,1.75,1.0046,6.3793,1.3205,1.4138,0.8245,0.2667,0.8683
连续,4.25,2.048,1.6071,0.956,6.7931,0.6199,1.5172,1.3261,0.3667,0.8503
怜惜,4.3214,1.6342,3.7857,1.4747,6.3448,1.3437,4.8966,1.5663,0.2,1.2149
联欢,3.0357,1.7739,3.4286,1.9894,6.4828,1.0896,3.6897,1.7342,1.4,0.7701
联络,3.1111,1.5021,1.9286,1.3032,6.6786,0.863,1.4828,0.6877,0.2333,0.5683
廉价,3.5,1.9907,3.1071,1.8123,6.7931,0.4913,2.931,1.7714,-0.7,1.1188
廉洁,4.2143,1.7713,3.2143,1.6856,6.3448,1.5184,3.2069,1.7399,1.3333,1.47
脸色,2.7037,1.8773,2.0357,1.4006,6.6429,0.8698,2.3103,1.8147,-0.3,0.9879
良好,4.1852,1.5941,3.1786,1.7225,6.8571,0.3563,3.7586,1.5505,1.4667,1.306
粮食,1.5185,1.1887,2,1.2766,6.7143,0.8545,1.1724,0.6584,0.9333,0.9803
谅解,4.25,1.6915,3.1429,1.7788,6.5862,0.78,3.8621,1.6196,0.7667,0.9353
聊天,1.8889,1.2195,1.5357,0.9616,7,0,1.7586,1.4554,0.6333,0.7649
烈火,2.4286,1.894,4.2857,2.1232,6.7586,0.5766,2.2759,1.6234,0.1333,0.8604
临时,4.0741,1.8796,1.6786,0.9449,6.4643,1.2013,1.5172,1.2136,-0.0333,0.6149
吝啬,4.2593,1.534,3.9286,1.9987,6.2143,1.3705,4.3793,1.761,-1.8667,0.8604
凌辱,4.1481,1.6803,5.8929,1.3968,6.0714,1.1841,5.3103,1.6713,-2.5333,0.8996
聆听,3.6071,1.7917,2.5357,1.5982,6.6552,0.8567,2.6207,1.5449,0.5,1.0748
领袖,1.9643,1.2317,2.0714,1.3589,6.6552,0.9738,1.4138,0.7328,0.8,1.0635
留恋,4.25,1.7559,3.5,1.7743,6.6552,0.8567,4.8621,1.9589,0.7333,1.1427
流程,2.6667,1.7097,1.3214,0.548,6.5357,0.8381,1.3448,0.8567,0.0333,0.6687
漏洞,2.9259,1.6854,3.1786,1.9824,6.4286,1.4254,2.3103,1.5835,-1.3333,0.8841
鲁莽,4.1071,1.7499,4.6786,1.4156,6.5172,1.1533,3.931,1.9988,-1.3667,0.9279
录取,2.8214,1.847,3.7857,2.3626,6.6897,0.8495,2.5172,1.8826,1.7667,1.1043
录制,2.1786,1.4415,1.75,1.3229,6.5862,1.0183,1.2759,0.9598,0.1667,0.5307
落后,4,1.4142,3.5357,1.9717,6.7143,0.81,3.3793,2.0944,-1.7333,0.6915
履行,3.8519,1.7476,2.2857,1.5601,6.5,1.0715,1.7931,1.3464,0.7,0.9879
率领,3.5926,1.693,2.5357,1.5271,6.4643,1.138,2.0345,1.6363,0.6667,0.9589
埋伏,2.9259,1.5671,3.6429,1.8301,6.4286,1.5258,2.1724,1.2837,-1.3333,0.8442
埋葬,2.4815,1.5534,4.0714,1.8445,6.6786,0.6696,3,1.8323,-1.8667,0.8996
蛮横,4.4444,1.7394,5.0714,1.3032,6.3571,1.5206,5.2414,1.4055,-1.7333,0.9072
满意,3.5185,1.718,4.4643,2.1341,6.8214,0.7724,5.7931,1.7399,2.4667,0.6814
满足,4.4444,1.6486,4.25,2.2048,6.8929,0.315,5.0345,2.0263,1.8667,1.0743
蔓延,4.5,1.5753,2.7143,1.6523,6.3448,1.2034,1.9655,1.4011,-0.3,1.1492
漫画,1.5556,1.2506,1.7857,1.1007,6.7143,1.0131,1.2759,0.649,0.6,0.9322
忙碌,4,2.0548,4,1.5154,6.6207,0.82,3.2414,1.7659,-0.7667,0.9353
茫然,4.3333,1.6172,3.8571,1.7995,6.4286,1.1031,5.3793,1.4739,-1.1333,0.8193
茂密,3.1852,1.7329,2.5357,1.7101,6.25,1.5546,2.1379,1.3555,1.2333,1.04
冒失,4.5185,1.7622,3.4643,1.8355,6.3571,1.3113,4,1.8323,-1.3667,0.6149
美德,4.2222,1.7831,2.9286,1.7198,6.5714,1.1996,3.4483,1.8242,2.5667,0.5683
美好,4.7407,1.7671,3.9643,1.9904,6.7857,0.6299,4.8621,1.5749,2.2333,1.04
美景,2.8519,1.9749,3.1429,1.4836,6.8214,0.6118,3.7586,1.683,2.0333,1.1592
美丽,3.8889,1.948,3.3214,1.9062,6.8929,0.5669,4.2069,1.7192,2.0667,1.1427
美元,1.5926,1.3661,1.5,1.1055,6.9286,0.2623,1.3448,1.0098,0.1,0.9595
蒙骗,3.9259,1.3566,4.8571,1.88,6.0357,1.4778,4.069,1.602,-2.0667,0.9072
迷糊,4.3704,1.8428,2.5714,1.5736,6.5357,1.2317,3.2069,1.7399,-0.6667,0.9223
迷惑,4.7037,1.6365,3.3214,1.847,6.6071,1.1001,4.6207,1.8787,-1,1.0828
迷恋,4.5185,1.578,4.4643,1.6884,6.5714,0.9974,5.069,1.6889,0.6333,1.2172
描绘,3.7778,1.6486,1.5714,0.9595,6.2857,1.1174,1.4138,0.9456,0.5333,0.8996
渺茫,4.8571,1.5327,3.3571,1.7892,6.1034,1.5889,3.6897,1.7949,-0.8667,1.0417
灭亡,2.963,1.7863,4.1786,2.3579,6.5,1.2323,3.3103,2.072,-2.1667,0.8339
蔑视,4.2593,1.6312,5.6786,1.467,6.0714,1.3589,5.5517,1.3252,-2.0667,1.0483
名称,2.75,1.9555,1.4643,0.8381,6.7586,0.511,1.3448,0.814,-0.0667,0.7849
名牌,2.2143,1.3973,2.2143,1.4996,6.7586,0.5766,1.4828,0.9111,0.6333,0.9279
名声,3.6429,1.8097,1.9643,1.3189,6.8966,0.3099,1.9655,1.2096,0.6333,0.9279
名著,2,1.7213,1.75,1.1097,6.931,0.2579,1.4483,1.1208,1,0.9826
明朗,3.9643,1.5512,4,1.7427,6.4483,1.2417,4.1379,2.2476,1.7667,1.0726
明星,1.4815,0.7,1.9643,1.4525,6.7143,1.1501,2.1379,1.5521,0.5333,1.1059
模糊,4.0714,1.8842,2.3571,1.6603,6.5862,1.0183,1.8621,1.3289,-0.6667,1.1842
模式,4.3214,1.9255,1.5,0.8389,6.7931,0.5593,1.3103,0.8064,0.1667,0.5921
模特,1.3571,0.6215,1.4286,0.8789,6.7931,0.8185,1.1724,0.6017,0.2667,0.5208
模样,3.4444,1.8046,1.6786,1.4156,6.4643,1.2615,1.4828,0.9864,0.3333,1.0283
魔鬼,3.5926,2.3413,4.9286,1.9231,6.4643,1.2317,3.931,1.926,-2.4333,0.7739
漠视,4.7407,1.4031,4.4643,1.8951,5.8571,1.5084,5.6552,1.0098,-1.6,1.2205
谋杀,2.7778,1.6013,5.1786,1.7008,6.5714,1.069,3.7931,1.6983,-2.3667,0.7649
难过,3.5556,2.1897,5.1786,1.8268,6.75,1.0046,6.3448,1.2894,-1.5333,1.2794
难堪,4.3333,1.5933,4.8929,1.5715,6.5357,0.9222,4.8966,1.8583,-1.7333,0.9072
难民,1.7143,1.1819,3.3571,1.9477,6.3793,1.3736,2.6552,1.6097,-1.1333,1.2243
恼火,4.3333,1.6172,5.4643,1.5271,6.75,0.5182,6.3103,1.4905,-1.4667,1.383
内疚,4.1852,1.7329,4.9286,2.0893,6.3929,1.4742,5.7586,1.5273,-1.4,1.0372
内向,4.6786,1.8669,2.5714,1.62,6.4138,1.4272,3.2414,1.7455,-0.4667,0.8604
能量,4.3571,1.8701,2.1786,1.765,6.8276,0.4682,1.7931,1.2358,1.3667,0.7649
泥泞,2.9259,1.7304,3.2857,1.8024,6.6071,0.8751,2.2414,1.4055,-1.2333,0.7739
年轻,3.1852,1.6879,2.0714,1.2745,6.7143,0.5998,3.2069,1.5208,1.7,1.0554
扭曲,3.9259,1.5915,4.5714,1.8141,6.2143,1.3705,3.4138,1.7012,-1.3,1.3429
农村,1.6786,1.5647,1.5357,0.9616,6.8621,0.7428,1.2759,0.7019,0.0667,0.5208
怒斥,3.8148,1.6417,6.2143,0.9567,6.0714,1.1841,6.2414,1.1543,-2,1.0505
虐待,3.037,1.7863,5.4286,1.7728,6.7857,0.4987,4.7586,1.8833,-2.6667,0.5467
诺言,4.2857,2.1057,2.9643,1.9338,6.7931,0.4123,2.3793,1.6779,0.8,1.2149
偶像,1.9286,1.2745,2.5714,1.709,6.6897,1.1681,1.9655,1.5465,1.1,1.0289
拍摄,1.9259,1.328,1.5357,0.9222,6.5,0.9623,1.2414,0.6895,0.3667,0.8503
排斥,4.2143,1.7074,4.5714,1.7518,6.7241,0.649,4.4828,2.0636,-1.6333,0.9643
排除,3.6667,1.5689,2.6071,1.7499,6.7857,0.5681,1.7586,1.2999,-0.5,0.9738
盘旋,2.9643,1.8951,1.9286,1.6314,6.4828,0.9495,1.5517,1.1522,0.1333,0.5713
叛徒,2.6667,1.6641,4.5357,1.8556,6.3214,1.6114,4.069,1.646,-2.1333,1.2794
旁观,3,1.4676,2.3929,1.4991,6.0357,1.7317,2.5172,1.6173,-0.4667,0.9371
抛弃,3.7407,1.5834,5.1429,1.7788,6.8929,0.4163,4.5517,1.4537,-2.2333,0.7279
咆哮,3.4643,1.7101,4.9286,2.0171,6.3793,1.2653,4.5172,1.9571,-1.2333,1.2507
配合,3.5926,1.6469,1.8571,1.2084,6.6429,0.9512,2.1379,1.5289,0.8333,0.7915
批判,4,1.8659,4.0714,1.7198,6.6207,1.0147,4.4828,1.8248,-1.3,0.8769
批评,3.8214,2.1266,4.1429,2.1032,6.7241,0.8408,4.2759,2.1695,-1.6,1.1326
疲惫,3.7857,1.833,4.5,1.6667,6.9655,0.1857,5.3103,1.8728,-1.4667,1.008
疲乏,4,1.8257,4.6786,1.5409,6.4483,1.1208,5.3103,1.3655,-1.6333,0.7649
偏激,4.7778,1.396,5.5357,1.4268,5.5714,1.8344,5.4138,1.3501,-1.9667,0.9643
偏见,4.3929,1.6852,4.0714,1.6981,6.8621,0.4411,3.8276,1.8911,-1.2667,1.1725
偏执,4.4074,1.693,4.8571,1.8602,6.1429,1.4836,5.1379,1.5289,-1.7,0.6513
贫寒,4,1.7213,3.8929,1.9877,6.4828,1.1838,3.8621,1.5289,-1.7333,1.0807
贫贱,3.9259,1.8796,3.9286,1.9613,6.1071,1.5715,4,2,-1.9667,0.9279
贫苦,3.7407,1.8101,4.1429,1.8199,6.6429,0.9894,4.1034,1.6764,-1.8333,1.1167
贫困,3.4074,1.803,3.3571,1.8701,6.8214,0.4756,3.7586,1.8833,-1.7333,1.3113
贫穷,3.4074,1.5507,3.8214,1.8064,6.9286,0.2623,4,1.8127,-1.9,0.9229
品味,4.8571,1.5084,1.9286,1.1198,6.5172,1.0563,1.9655,1.5465,0.6,0.8137
聘请,3.2593,1.8101,2.4286,1.5013,6.0357,1.7947,2.069,1.387,0.9,0.9948
平等,4.5714,1.597,2.1786,1.5882,6.6552,0.8975,2.4828,1.5951,1.1333,1.0417
平衡,3.8519,1.6339,1.7857,1.0313,6.6786,1.0905,1.7931,1.3985,0.7,0.9523
平滑,3.4074,1.8864,1.7857,1.1661,6.4286,0.9595,2.2069,1.6557,0.5667,0.9353
平静,3.9286,1.8842,1.8214,1.467,6.7241,0.8408,4.1379,2.2634,0.7667,0.9714
平稳,3.7857,1.5719,1.6429,0.9894,6.6207,1.0493,2.3793,1.7199,0.9667,0.8503
平息,3.8519,1.7695,2.5357,1.6663,6.0714,1.5853,2.069,1.2798,0.0667,0.9072
平庸,4.25,1.5782,2.6786,1.847,6.5172,1.0563,3.1724,1.7942,-0.8333,0.7915
破坏,3.6071,1.8527,4.3929,1.8726,6.7241,0.649,3.4828,1.9571,-1.6,0.8137
破损,3.3214,1.8268,3.3571,1.8097,6.6897,0.8064,3.1034,1.839,-1.2667,1.0148
瀑布,1.6071,1.2864,2.1071,1.3968,6.8966,0.3099,1.2759,0.7972,0.2667,0.7397
凄凉,4,1.7097,4.9643,1.8152,6.3571,1.3666,5.0345,1.8221,-1.9667,0.7184
期待,4.1071,1.7286,4.1071,1.8326,6.6552,0.7689,4.6897,1.9839,1.7,0.9154
欺骗,3.5926,1.6469,5.1429,1.8199,6.7143,0.7127,4.5862,1.7221,-1.9,0.803
奇迹,4.963,1.7863,4.5714,1.9518,6.6786,1.0203,3.8276,1.853,1.9,1.125
祈祷,4.1786,1.6567,3.6071,1.8123,6.8966,0.3099,3.5517,1.6815,1.1,0.9595
启程,3.4074,1.693,2.25,1.6471,6.75,0.5853,1.4138,0.6823,0.8,0.8469
启发,4.4286,1.6427,2.3214,1.4156,6.6552,0.814,2.3103,1.3121,1.2667,0.6915
气愤,4.1429,1.7788,5.6429,1.592,6.7241,0.649,6.2414,1.5959,-1.9667,0.8503
气势,4.6071,1.4742,3.0357,1.6439,6.5862,1.2106,2.1724,1.5369,1,0.9469
气象,3.25,1.9365,1.75,1.3229,6.3103,1.1681,1.4138,0.8667,0.2667,0.6397
气质,5.1429,1.7366,2.3929,1.7286,6.4828,1.3789,2.3793,1.8403,0.9667,0.9994
契约,2.8929,1.6631,2.2143,1.3154,6.3793,1.1469,1.5517,0.7831,0.4,1.0034
恰当,4.3929,1.4991,2.0357,1.1701,6.8966,0.4093,2.8621,1.8269,1.3333,0.8023
谦恭,4.7857,1.3973,3.7143,1.6523,5.8276,1.6272,4.5172,1.6823,1.6333,0.9994
歉意,4.037,1.6286,4.2857,2.1057,6.6071,0.994,5.2414,1.8058,-0.8667,1.1366
强化,4.6667,1.5191,3.4286,1.894,6.7857,0.5681,2.2759,1.9253,1.2667,0.9444
强迫,4.037,1.7646,5.4643,1.4778,6.5357,1.1049,4.4483,1.6385,-1.8,1.1567
抢劫,2.3704,1.5726,4.3571,2.2479,6.7143,0.8545,3.4483,1.9926,-2.0333,0.7184
抢救,2.1481,1.3215,4.5714,2.0625,6.75,0.5853,2.8276,1.6705,-0.6667,1.4223
怯懦,4.1111,1.5771,4.8571,1.5327,6.2857,1.2724,4.9655,1.6143,-1.5333,0.6288
惬意,4.4815,1.5031,4.3214,1.5882,6.1786,1.7008,5.6207,1.3473,1.9,1.1847
钦佩,4.3333,1.4412,4.3214,1.6789,6.5,1.1386,4.8276,2.1392,2.0667,0.7849
侵犯,4.1111,1.9081,5.3214,1.7438,6.4286,1.3724,4.1034,1.7185,-1.7333,1.2576
侵权,3.4815,1.6726,3.9286,2.0715,6.2143,1.4996,2.8621,1.6196,-1.8667,0.8193
亲密,3.8519,1.5368,3.6786,1.847,6.4643,1.4778,4.3793,1.7811,1.8333,1.2617
亲戚,1.5714,1.069,2.0357,1.4006,6.8621,0.3509,1.6552,1.1734,0.5333,0.8604
亲热,3.6071,1.8923,4.3571,1.7683,6.3793,1.2932,4.4483,1.6602,1.3,1.1492
亲属,1.5714,1.0338,2.2857,1.6069,6.931,0.2579,1.9655,1.5465,0.7667,1.0063
亲友,1.7407,1.0952,2.75,1.6694,6.7857,0.6299,2.5862,1.9183,1.3333,0.9589
勤奋,3.963,1.6521,4.1071,1.7709,6.75,0.7993,4.6207,1.7811,2.1333,0.7303
勤快,3.8519,1.6339,3.7143,1.7182,6.7857,0.6299,4.0345,1.8024,2.3,0.6513
轻快,4.1481,1.4859,3.5714,1.7305,6.75,0.8444,4.8621,1.7264,1.6667,0.8841
轻狂,4.4286,1.6872,5.1071,1.4742,6.2759,1.4367,4.8276,1.6051,-1.1333,1.2243
轻率,4.2593,1.534,3.6786,1.6342,5.75,1.8979,4.1034,1.8194,-0.7667,1.2229
轻蔑,3.963,1.7863,5.1071,1.8123,6.3929,1.2864,5.6552,1.2894,-1.3333,1.4464
轻视,3.963,2.0283,4.5357,1.8152,6.3571,1.496,5.3448,1.5874,-1.6,0.8944
轻松,3.9259,1.5915,3.4286,1.9707,6.7143,1.0131,4.4138,2.1633,1.8,0.8052
轻佻,4.1429,1.6714,4.4286,1.5013,4.8621,2.1167,4.0345,1.6793,-1.4667,0.5713
倾诉,3.7778,1.7614,2.9286,1.5379,6.6071,0.956,3.1034,1.6764,0.8333,1.0199
倾听,3.6296,1.5726,2.6786,1.8268,6.75,0.7005,2.3793,1.6128,1.3333,0.9589
倾向,5.2143,1.2578,2.0714,1.4383,6.5862,0.9456,2.1034,1.6112,0.4333,0.8172
清澈,3.5714,2.0079,2.4643,1.5512,6.4828,1.2711,2.8276,1.9285,1.5333,0.8604
清纯,4.2963,1.6828,2.3929,1.3149,6.4286,1.5258,3.3793,1.6565,1.5,0.9002
清凉,3.6786,1.9255,2.3214,1.2781,6.5862,0.907,2.3103,1.4905,0.7667,1.04
清晰,3.8214,1.8064,2.2143,1.1974,6.6552,1.0446,2.5517,1.5718,1.1667,1.0532
清新,4.2143,1.833,2.5,1.262,6.5517,1.3519,2.6552,1.5184,1.5667,0.8976
情感,5.1786,1.6342,2,1.4142,6.8276,0.4682,2.5517,2.1143,0.7,0.8769
情景,4.037,2.121,1.5,1,6.7143,0.7629,1.5862,0.9826,0.2333,0.8584
情侣,1.5185,1.0514,2.3571,1.7892,6.8571,0.4484,2.2414,1.4055,1.3,1.2077
情绪,4.8929,1.7917,2.1429,1.5084,6.7586,0.5766,2.2759,1.8302,0.0667,0.8683
庆祝,3.1111,1.6946,4.4286,2.0804,6.7857,0.5681,4.8621,1.5749,2.3333,0.7581
穷苦,3.963,1.698,4.2857,1.8024,6.7857,0.5681,4.3103,1.9839,-1.9667,0.8503
穷困,3.6667,1.5191,4.3571,1.6825,6.9286,0.2623,3.5862,2.1132,-1.9,0.8847
求婚,2.1111,1.6946,3.2143,2.2991,6.2857,1.4365,3.1724,1.5135,1.7333,1.2847
求救,2.963,1.4539,5.0357,2.0089,6.7143,0.5998,4.1379,1.9771,-0.9,1.3983
取胜,3.3704,1.5726,4.2857,1.9409,6.5714,0.7902,3.8966,1.9336,2,0.8305
取笑,3.3333,1.9014,4.7857,1.6411,6.4643,0.9993,5.4828,1.4046,-1.7667,0.7739
权益,3.963,1.7863,2.9286,1.9801,6.6429,0.78,1.931,1.387,0.9,0.9595
全部,3.3333,2.1483,1.8571,1.4836,6.8571,0.4484,1.3448,0.9364,0.4667,0.8996
劝告,3.4286,1.7728,3.1429,1.8402,6.7241,0.7019,2.931,1.7306,0.3667,0.9279
缺乏,3.8148,1.5698,3.0714,1.7623,6.75,0.7993,2.6207,1.4739,-1.2333,0.7739
确认,3.3704,2.0409,1.8929,1.5715,6.8571,0.4484,1.3793,1.0147,0.5333,0.8604
扰乱,3.7857,1.7074,3.7143,1.9787,6.6552,1.2328,3.3793,1.9715,-1.5,0.9377
热爱,4.0741,1.8382,5.6071,1.4991,6.9286,0.2623,6,1.1019,2.4,0.724
热点,3.5926,1.8242,2.8571,1.7578,6.7857,0.5681,2.1034,1.7596,0.6333,0.9279
热泪,2.2857,1.5601,5,1.4657,6.4483,1.2702,4.7586,1.683,0.7,1.0554
热闹,3.3333,1.7974,4.5,2.0092,6.8929,0.315,4.1724,2.0541,1.9333,0.8277
热切,4.3929,1.931,4.6071,2.0965,6.5862,1.1186,5.6207,1.3473,1.8667,0.8996
热情,4.0741,1.4917,4.9286,1.8842,6.8214,0.4756,5.8966,1.1447,2.3333,0.8442
热心,4.0714,1.9423,3.9643,1.7739,6.8621,0.3509,4.4483,1.9381,2.0667,0.6397
人格,5.3929,1.37,1.5357,0.8381,6.4138,1.2682,1.3448,0.7689,0.2333,0.8172
人类,1.6296,1.3909,1.6429,1.3113,6.7857,0.9567,1.2759,0.751,0.4333,0.8976
人民,1.7407,1.2276,1.8929,1.4489,6.9286,0.378,1.6897,1.4664,1.0667,1.2576
仁慈,4.75,1.4044,3.3929,1.7499,6.6897,0.8064,4.4138,1.6801,1.7,1.0222
认真,4.2857,1.6523,2.8214,1.5647,6.7241,1.0315,3.6897,1.9658,1.8333,0.9129
日期,1.5185,1.2518,1.25,0.7005,6.6786,0.7228,1.1724,0.4682,0.1,0.3051
荣获,4.5,1.8758,3.9643,1.9338,6.5172,1.2427,3.7241,1.8302,1.7667,1.0726
容纳,3.3333,1.5933,2.1429,1.5084,6.6071,0.8751,1.6552,0.9738,0.4667,0.8193
容忍,4.1429,1.7152,3.5357,1.5026,6.7931,0.6199,4.4828,1.8443,-0.5,1.1064
融洽,4.1429,1.7995,3.2143,1.729,6.4483,1.2126,3.1724,2.0012,1.7333,1.1427
柔美,4.25,1.7347,2.75,1.5306,6.3448,1.37,3.4483,1.6166,1.6333,0.7649
柔弱,3.7778,1.6946,2.6429,1.3393,6.6071,0.956,2.8621,1.6845,-0.1,1.269
如意,4.7407,1.6312,3.5357,1.8355,6.3214,1.1564,5,1.7321,2.3667,0.7649
如愿,4.6429,1.7473,3.6429,1.9093,6.6552,1.0098,4.4828,1.7652,1.7667,1.1043
锐利,3.3704,1.6675,3.0357,1.8754,6.0714,1.7832,2.1034,1.5663,0.0667,1.2576
睿智,4.5556,1.6718,3.2857,1.8024,6.3929,1.0306,4.2414,2.0293,2.2333,0.7279
撒谎,3.2963,1.7719,4.6071,1.6852,6.8571,0.3563,4.0345,1.8221,-1.8667,0.6288
散布,4.1481,1.4598,2.7857,1.6635,6.3214,1.188,2.1724,1.416,-0.4667,1.0417
骚动,3.8571,1.8996,4.5,1.8954,6.2759,1.5788,3.4138,1.5928,-1.3333,0.9589
骚扰,3.3333,1.8397,4.5,1.972,6.2143,1.3705,4.1379,2.0306,-1.7,1.1492
扫描,3.3571,1.8502,1.4286,0.9974,6.4138,1.402,1.6207,1.2368,0.1667,0.5307
森严,3.8889,1.5021,3.8571,1.8199,6.2143,1.729,3.2414,1.64,-0.5333,1.1958
沙哑,3.2222,1.8879,2.9643,1.6212,6.1071,1.6631,2.3103,1.7135,-0.9667,0.8087
闪耀,3.7857,1.6411,3.25,1.7347,6.6897,0.6603,3.2069,1.7603,1.4333,0.9353
伤感,4.4074,1.7378,5.1071,1.6407,6.5,1.1386,5.6552,1.7377,-1.6,0.9322
伤害,3.7778,1.7172,4.6429,1.6825,6.6429,1.0616,4.5517,1.5943,-1.8667,0.8604
伤痕,2.2857,1.7182,4,1.6102,6.6207,0.9788,3.3103,1.8343,-1.5667,0.8584
伤口,2.0357,1.5271,3.1786,2.001,6.931,0.2579,2.931,1.7511,-1.5,0.6297
伤势,3.2593,2.0304,3.25,1.7559,6.5714,1.1031,2.6207,1.8976,-1.4,0.8944
伤心,4,1.8659,4.9286,1.8243,6.7241,0.7019,6.5172,0.9111,-1.5,1.1671
摄像,2.3929,1.7499,1.4286,0.9595,6.7931,0.7736,1.6207,1.2368,0.3333,0.7112
深沉,4.8214,1.6789,3.2143,1.729,6.3793,1.1776,3.3103,1.5143,0.2333,1.2229
深度,4.2593,1.7887,1.8929,1.3427,6.8929,0.4163,1.7586,1.5733,0.6,0.9322
深情,5.037,1.4802,4.3929,1.9877,6.5714,0.9201,5.4483,1.378,1.5667,1.2507
深渊,3.4074,2.2059,4.2143,1.9693,6.1071,1.5715,3.5517,2.0974,-1.5667,1.2507
神秘,4.8889,1.6946,3.4286,1.9327,6.6786,1.188,2.7931,1.6771,0.6,0.9322
审查,3.3333,1.7321,2.75,1.9744,6.5714,1.1362,1.4828,0.871,-0.1333,0.6814
审美,4.6786,1.6567,2.1786,1.4156,6.5517,1.2126,1.6897,1.4418,0.9333,0.8683
审慎,4.4815,1.2821,3.6786,1.6342,5.0714,1.9613,3.6552,2.0577,0.5333,1.2521
生命,3.1481,2.1609,2.8929,1.8726,6.9643,0.189,2.1724,1.8336,1.2,1.2972
牲畜,1.5556,1.281,2.5714,1.7518,6.1429,1.5567,2.5862,2.0092,-0.7333,1.1427
失落,4.7407,1.4569,4.9286,1.8243,6.5357,1.2615,5.6897,1.9292,-1.6333,0.7184
失去,4.0741,1.8382,3.6786,2.001,6.6071,1.1969,3.5172,1.5951,-1.6,1.1919
失望,4.1852,1.8405,5.0714,1.9038,6.8571,0.3563,5.931,1.6889,-1.6,1.0372
失业,2.4074,1.3939,4.2143,2.0066,6.5,1.1706,3.6897,1.8918,-1.7,0.7944
失意,4.6429,1.8502,4.4286,1.7518,6.4138,1.1807,5.0345,2.0263,-1.6333,0.6687
时代,4.0357,1.8355,1.9643,1.3189,6.8621,0.5809,1.4483,1.0551,0.1333,0.8604
时机,4.2222,1.948,2,1.5635,6.75,0.8444,1.5862,1.1807,0.6667,0.9942
实际,4.3333,1.7097,1.7143,1.1501,6.3929,1.1969,1.5172,0.9864,0.4333,0.6789
事故,2.3214,1.5409,3.6786,2.0194,6.8966,0.4093,2.5517,2.0803,-1.1,1.2134
事实,3,1.7974,1.6429,1.0261,6.8929,0.5669,1.5517,1.0885,0.5333,0.8193
试探,4.1429,1.7152,3.5,2.117,6.4138,1.2682,2.6552,1.4706,-0.4,0.9322
试图,4.2963,1.5644,2.2857,1.3294,6.4286,1.3174,1.8621,1.1252,0.2667,0.6915
视觉,3.1481,1.8954,1.5,1.262,6.5,1,1.3103,1.1681,0.0333,0.4901
视野,2.8148,1.665,1.8214,1.3348,6.7143,1.0131,1.4138,0.907,0.3333,0.8023
是非,4.8214,1.6342,2.6786,1.765,6.2069,1.5897,2.069,1.5337,-0.2667,0.7849
适当,4.8148,1.4421,1.7143,1.243,6.6071,0.956,2.3103,1.5143,0.4667,0.9371
适度,4.5185,1.626,2.0714,1.4889,6.75,0.7993,2.4483,1.882,0.7333,0.9803
首领,1.7778,1.1209,2,1.4402,6.6786,0.9049,1.5517,1.298,0.5667,0.9714
受贿,2.7778,1.5275,4.1071,1.969,6.3571,1.2536,2.8621,1.6631,-2.2667,0.6915
受骗,2.7778,1.5021,4.5357,2.1341,6.4643,1.3189,3.7586,2.0117,-1.7667,1.0726
梳理,3.6667,1.8397,2.1071,1.5236,6.3571,1.2828,1.4138,0.6823,0.1,0.803
舒畅,4.4444,1.5771,4,2.1602,6.6429,0.9114,5.2759,1.6453,1.7333,0.9803
舒服,3.7778,1.7614,3.4286,1.894,6.9286,0.2623,4.6207,1.9164,1.9,0.9595
舒坦,3.6667,1.7974,3.1786,1.5647,6.6071,1.0306,4.4138,1.9552,2.0333,0.8503
疏忽,3.5926,1.5995,3.25,1.5546,6.6071,0.786,3.1379,1.7469,-1.2333,0.7739
蔬菜,1.3704,0.8835,1.6071,0.8751,7,0,1.2414,0.511,0.7667,1.2229
树林,1.2222,0.6405,1.5357,1.0357,6.8571,0.5245,1.1724,0.6017,0.3,0.8367
衰弱,4.1111,1.6251,3.9286,1.7832,6.6071,0.9165,3.8621,2.1502,-1.6,0.9322
衰退,3.8889,1.8257,4.4643,1.7739,5.9643,1.5271,3.7931,1.897,-1.9,0.803
爽快,4.037,1.5807,4.4643,1.7947,6.5357,1.3189,5,1.7113,1.9,0.8449
爽朗,4.2222,1.5021,4.1786,2.0377,6.2143,1.4996,4.7241,1.6453,1.9,1.0619
顺利,4.6786,1.7008,3.5357,1.7101,6.8621,0.4411,3.8966,2.0239,1.8333,1.2341
顺心,4.4286,1.7728,2.8929,1.4231,6.5862,1.0862,4.5862,1.7631,1.7,0.9523
说谎,3.1852,1.7549,4.4643,1.6439,6.9286,0.2623,3.4138,1.8616,-1.5,1.0086
丝绸,1.4643,1.2905,1.2857,0.5345,6.8621,0.3509,1.069,0.3714,0.4667,0.6288
思念,4.9286,1.4639,3.8929,1.7071,6.7586,0.6356,4.8966,1.9883,0.8333,0.9499
思维,5.2963,2.0156,2,1.2472,6.5357,1.2013,1.5862,0.9826,0.6,0.8137
思绪,5.5357,1.5026,2.1071,1.5236,6.4138,1.3501,2,1.3887,0.2,0.7144
搜索,3.3929,1.8123,1.7857,1.3432,6.7586,0.6356,1.5172,1.1533,0.2667,0.7849
搜寻,3.0741,1.5915,1.8571,1.2084,6.8571,0.4484,1.6207,1.2932,0.2,0.7611
素质,4.4444,1.6013,2.2857,1.6069,6.6071,1.1001,1.9655,1.4264,0.6,1.1626
损害,4.4074,1.6234,4.25,1.7976,6.8214,0.4756,3.3793,1.8208,-1.6333,0.8087
损坏,3.5,1.9341,3.8214,1.8268,6.7241,0.649,3.1379,1.7672,-1.3667,1.0334
损失,3.6429,1.8502,3.7143,1.8024,6.5172,1.0563,2.7586,1.9758,-1.3,0.9523
索赔,3.1111,1.6946,3.4643,1.9528,6.0357,1.5982,3.1379,1.6845,-1.3,0.8367
拓宽,4.3571,1.5685,2.2143,1.3432,6.7931,0.4913,1.7931,1.2923,1.2333,0.9714
贪婪,4.3333,1.5191,4.1786,1.8268,6.5714,0.9595,5.069,1.8309,-1.9667,1.2172
贪污,2.6667,1.5933,4.0714,1.9423,6.25,1.4044,3.8276,1.9652,-2.1333,0.7303
谈判,2.7857,1.5241,2.6429,1.6825,6.6552,1.1734,1.8276,1.2268,0.2,0.8052
坦诚,4.7037,1.5888,3.7857,1.6183,6.6071,1.1001,4.3103,1.9292,2.1,0.8847
坦率,3.8519,1.7255,3.5357,1.8951,6.4286,1.2301,4.5517,1.8436,1.6,1.3025
坦然,4.5714,1.5499,3.1786,1.8268,6.4828,1.2711,4,2.22,1.4333,1.2229
叹气,2.5357,1.5749,4.4643,1.6663,6.6552,0.8975,4.6552,1.5417,-0.9,1.1552
探险,3.5556,1.8257,3.7857,2.0612,6.7143,0.5998,2.6897,1.7547,0.4333,1.1943
逃避,3.5357,1.7101,3.6429,1.7473,6.6207,0.9788,3.5862,1.8807,-1.6,0.8137
逃走,2.7407,1.534,3.75,2.2215,6.8571,0.4484,2.7241,1.7299,-0.8667,1.2243
讨厌,3.8519,1.8954,5.1786,1.9447,6.8571,0.4484,5.8276,1.9285,-1.6667,1.0283
特定,4.6071,1.7286,1.9643,1.3467,6.6897,0.7608,1.8276,1.416,0.3333,0.7581
特殊,4.963,1.315,2.6071,1.7709,6.8929,0.4163,2.1034,1.2055,0.1667,0.6477
疼痛,3.1481,1.7911,4.8571,1.9572,6.8214,0.4756,4.7931,1.7603,-1.6,1.1626
提高,4.8214,1.6789,2.7857,1.6183,6.8621,0.4411,2.2414,1.845,1.5,0.861
提交,3.037,1.6752,1.9643,1.6212,6.8214,0.6696,1.3103,0.8495,0.4,0.8137
提升,4.037,1.7205,2.75,1.6471,6.6786,1.0905,2.7241,1.8879,1.7,0.7944
提醒,3.75,1.7769,2.3214,1.7225,6.7586,0.5766,2.1034,1.5889,0.3,0.7944
体罚,2.1111,1.4763,4.2143,2.025,6.1786,1.2488,3.4138,1.7427,-1.8667,0.7761
体贴,3.9259,1.6854,3.2143,1.6183,6.7857,0.4179,4.3103,1.8343,1.8667,0.8996
体验,4.6071,1.4489,1.7143,1.0491,6.6552,0.8567,1.6552,1.3958,0.5333,0.9371
天堂,3.7407,2.1767,3.0357,1.8152,6.8571,0.5245,2.8966,1.655,1.2,1.2429
恬静,4.25,1.7769,2.7143,1.3294,5.6552,1.6961,3.8621,1.8072,1.4333,1.0063
甜美,4.037,1.8704,3.3214,1.8669,6.75,0.967,4.2414,1.8833,1.9333,1.0483
挑剔,4.3929,1.4742,4,1.9052,6.4483,1.2417,3.6552,1.7582,-1.1667,1.1167
挑衅,4.0741,1.6854,5.7143,1.4365,5.8929,1.5715,4.7931,1.3464,-1.8667,0.9732
挑战,3.4074,1.6469,2.9286,2.0354,6.6071,1.1001,2.4828,1.4046,0.5667,1.0726
铁路,1.25,0.6455,1.4643,0.8812,6.8276,0.6584,1.2069,0.6199,0.4,0.7701
停止,3,1.9807,2.2857,1.6069,6.7143,1.1819,1.8966,1.5889,-0.3,0.7944
同意,3.4074,1.6234,2.9643,1.6212,7,0,3.5517,2.0974,1.2667,1.0148
童话,2.8929,1.9117,2.8571,1.8402,6.6552,1.0098,2.2759,1.7091,1.0667,0.9803
痛苦,4.6667,1.6871,5.9643,1.3467,6.6429,0.731,6.3448,1.1425,-2,0.9826
投降,3.037,1.7205,3.9643,1.9338,6.6786,1.2488,3.5517,1.8629,-1.3333,1.0613
透明,3.1852,1.7982,1.75,1.1746,6.75,1.1426,1.7931,1.3464,0.2333,0.504
突击,3.6071,1.5477,3.0714,1.8645,6.5172,1.2989,2.0345,1.4756,-0.2333,1.1043
团聚,3.25,2.0115,4,1.8856,6.6897,0.8906,3.5172,1.8826,1.5,1.3065
推荐,3.8929,1.8326,2.2857,1.4872,6.8276,0.4682,2.3793,1.6348,1.3667,1.4259
吞噬,4.3214,1.8064,4.2857,1.9024,6.2069,1.3985,2.6897,1.8147,-1.4667,1.0417
拖欠,3.4643,1.8754,3.2143,1.5719,6.3103,1.3655,3.1034,2.0761,-1.3333,0.6609
拖延,4.2143,1.7713,3.3214,1.6114,6.4828,1.1533,3.1379,1.9589,-1.2,0.8469
脱离,3.5185,1.6495,3.0714,2.0715,6.6786,0.7228,2.3103,1.8343,-0.6,1.07
妥善,4.3571,1.3393,2.7143,1.5836,6.4138,1.2106,3.0345,1.8024,1.2667,0.9072
挖掘,3.6786,1.847,1.8929,1.37,6.7586,0.6356,1.6552,1.2328,0.3333,1.0613
完备,4.6429,1.6151,1.8214,1.3068,6.3448,1.1109,2.1724,1.6918,1.1,0.9595
完结,3.3704,1.7353,1.8571,1.4584,6.6071,0.786,1.5172,0.9111,0.2,0.9965
完美,4.7037,1.6598,3.8929,1.969,6.9286,0.2623,4.2069,1.9889,2.3667,0.9643
挽救,3.7778,1.8257,4.3214,1.7008,6.5714,1.2301,3.2759,1.8106,1.0667,1.2576
晚会,2,1.3868,1.9643,1.2317,6.5714,0.9595,1.931,1.5102,0.9333,1.0807
惋惜,4.3929,1.6852,4.5357,1.7947,6.4138,1.0528,5.5862,1.5928,-0.8333,1.4641
妄想,4.7857,1.6183,4.4286,1.9327,6.3793,1.2932,4.2069,1.634,-1.4,0.8137
旺盛,3.75,1.8782,4.0357,1.9528,6.3793,1.2932,3.931,1.9627,1.8333,0.8339
危机,3.9259,1.6854,5.1429,1.8402,6.3929,1.5477,3.8276,1.8911,-1.7333,0.7849
危险,3.5556,1.7831,4.7143,2.3548,6.9286,0.2623,4,2.0354,-1.8333,0.7466
威慑,4.2963,1.5644,4.5,1.972,5.9286,1.4639,4.2069,1.6983,-0.5333,1.432
威武,4.5185,1.2821,3.4286,2.0079,6.2857,1.384,3.5517,1.8045,1.2,1.2972
威胁,3.8519,1.5616,4.8929,1.8123,6.5714,0.9974,4.6552,1.6749,-1.9,0.8847
威严,4.5556,1.4233,3.6071,1.7071,6.6429,0.8698,3.3103,1.9839,0.5667,1.2229
微妙,4.963,1.5059,3.1071,1.6852,6.3929,1.2573,2.8276,1.9099,0.2667,0.9444
微笑,1.7037,1.2954,4.0357,1.7739,6.9286,0.378,5.0345,1.4756,2.0333,0.8503
违反,3.6786,1.765,4,2.0367,6.6552,1.0098,2.7931,1.8004,-1.4667,1.008
违章,2.5926,1.6701,3.25,1.8584,6.3571,1.4198,2.931,1.8885,-1.6333,0.9279
围观,2.7778,1.5021,2.6429,1.6603,6.2857,1.7182,1.9655,1.4011,-0.1,0.712
维持,4.4286,1.5499,1.8214,1.1239,6.6897,0.8064,1.931,1.4125,0.7333,0.8683
维护,3.8519,1.6102,2.2143,1.4747,6.4286,1.4254,2.4483,1.7846,0.9,1.0289
伟大,4.7407,1.8727,3.6071,2.1661,6.8214,0.6118,4.0345,1.9545,2.4333,0.8976
伪装,3.8519,1.9749,3.1429,1.919,6.5,1.262,2.6552,1.8181,-1.0667,1.0483
委屈,4.1111,1.8257,4.9643,1.9338,6.5714,1.2889,6.3793,0.9788,-1.3667,0.9643
委婉,4.4286,1.4764,3.0357,1.3467,6.5172,1.2136,3.3103,1.7949,0.4667,1.1059
萎缩,3.963,1.7863,4.1429,1.8199,6.0357,1.7101,3.5862,2.0962,-1.7,0.7022
畏惧,4.2593,1.5834,5.4286,1.3992,6.8214,0.4756,5.7931,1.612,-1.6333,0.8087
慰问,3.7778,1.6251,2.9286,1.5379,6.25,1.5062,3.3448,1.6317,1.2333,1.04
温暖,4.5185,1.718,4.2857,1.843,6.7857,0.4987,4.7931,1.5671,2.0333,1.1885
文静,4.1071,1.6179,2.6071,1.7917,6.6552,1.1425,3.1724,1.6918,1.3333,1.1244
文学,3.5556,2.0631,2,1.7213,6.7143,1.0491,1.5517,1.378,0.7667,1.0063
文雅,4.0741,1.7958,2.6429,1.7473,6.1071,1.4489,3.5517,2.1644,1.7,1.0875
闻名,3.4815,1.6495,2.5714,1.62,6.6429,0.9894,3.4483,1.6815,1.5,1.1371
紊乱,4.8214,1.3348,4.0357,1.7947,5.6897,1.8728,3.6207,1.9164,-1.3333,0.9589
稳固,4.3929,1.4991,1.8929,1.0659,6.7931,0.6199,2.3448,1.6317,1.2,0.8867
无聊,4.5926,1.5995,2.75,1.7132,6.8214,0.4756,4.3103,2.4943,-0.9667,0.8087
无能,3.6667,1.5689,3.4643,1.9145,6.5714,1.0338,3.8621,1.6631,-1.5333,0.7303
无情,4.963,1.4802,3.8929,1.9117,6.3929,1.3968,5.4828,1.6609,-1.7333,1.1725
武功,2.2963,1.6128,2.3929,1.931,6.6786,0.863,1.4828,1.0896,0.5,1.0086
武器,1.4444,1.0127,2.6786,1.9255,6.5,1.3744,2.2414,1.6181,-0.4667,1.4077
武装,2.7037,1.6598,2.75,1.993,6.5357,1.2317,2.0345,1.4996,-0.2667,0.9444
侮辱,3.9259,1.6624,5.6786,1.7438,6.3929,1.2573,5.4138,1.5702,-2.2333,1.3309
误导,3.9259,1.4917,3.2143,1.9693,6.4643,1.2615,3.2759,1.6881,-1.3667,0.9643
误会,3.6296,1.7353,2.9643,1.7101,6.7143,1.0131,2.7241,1.6668,-1,1.0171
喜爱,4.3333,1.7097,4.9643,2.0635,6.75,0.5853,5.9655,1.6143,2.1333,0.8193
喜剧,2.5926,1.7815,3.4643,1.8951,6.5,1.3744,4.1724,1.56,1.8333,1.1472
喜乐,3.8889,1.8467,4.9286,1.9231,6.5,1.1706,6.1724,1.4655,2.3667,0.7649
喜悦,4.2963,1.7055,4.7857,1.7921,6.8929,0.4163,6.6552,0.8975,2.4333,0.7279
系统,3.1786,1.9062,1.6786,1.3892,6.7241,0.9598,1.069,0.2579,0.1667,0.6477
细菌,2.2963,1.8359,1.9643,1.2013,6.7143,0.5998,1.6552,1.4947,-0.9333,1.0148
娴熟,4.1071,1.8726,3,1.4907,6.4828,1.2136,2.7586,1.786,1.4,1.1326
险恶,4.7037,1.5644,5.4286,1.5499,6.3929,1.0659,4.5517,1.7645,-2.3,0.6513
现代,3.037,1.7205,1.4286,0.8357,6.6786,0.9049,1.3103,0.7608,0.2,0.4842
现实,3.4643,1.7317,1.7857,1.0666,6.8966,0.3099,1.7241,1.1306,0.4333,0.9353
限制,4.2593,1.5088,3.5357,1.8754,6.8571,0.5909,2.8621,2.1167,-1.0667,0.7397
乡亲,2,1.6172,1.8214,1.188,6.5714,1.1362,1.6552,0.9364,0.7667,1.0726
详尽,4.3704,1.7791,2.3929,1.3149,6.3214,1.0905,2.2069,1.6557,1.0333,0.8503
想法,5.3704,1.7791,1.5,0.6939,6.7143,0.5998,1.4138,0.9826,0.5,0.861
象征,4.3704,1.5968,2.0357,1.3739,6.6071,0.786,1.5517,1.378,0.2667,0.7397
消沉,4.3704,1.6904,4.6071,1.6631,6.5357,0.9993,6.1379,1.3289,-1.9667,0.5561
消防,1.8889,1.1875,2.0714,1.5136,6.75,0.7005,1.5172,1.1219,0.5333,1.1666
消极,4.7037,1.6598,4.6071,1.8923,6.75,0.5853,5.8276,1.6705,-1.8667,1.0417
消灭,3.5556,1.8674,3.6071,2.0063,6.75,0.7993,3.2414,1.9758,-1.2333,1.4065
消遣,3.9259,1.4392,2.6786,1.5167,5.7143,1.7817,2.5517,1.4537,-0.5333,1.2521
嚣张,4.037,1.5807,4.7857,1.833,6.1786,1.5647,4.8621,1.9589,-1.5333,1.008
孝顺,3.9286,1.8243,3.1071,1.5715,6.931,0.2579,3.8966,2.2256,1.7333,1.0483
校园,1.2857,0.81,1.8571,1.4328,6.9655,0.1857,1.6207,1.1469,0.9333,1.0483
笑话,2.6429,1.8097,3.5,1.6443,6.6552,1.2328,3.3448,1.895,0.0667,1.4606
笑脸,1.6667,1.2089,3.7143,1.9787,6.8929,0.4163,5.2759,1.4116,2.1,0.7589
笑容,1.7778,1.3681,4.4286,1.7518,6.7857,1.1339,5.069,1.5102,2.0333,0.8899
效益,4,1.6555,2.3214,1.5167,6.5862,1.1186,2.4483,1.7645,1.2,0.9613
协调,4.2963,1.5644,2.3214,1.4415,6.6786,0.9833,2.3103,1.628,1.0333,0.8899
协助,3.7037,1.5888,2.5,1.5986,6.75,0.7005,2.3103,1.4664,1.0667,1.0483
协作,3.9643,1.5749,1.9286,1.3032,6.6207,0.7752,2,1.4142,1.1,0.9595
写实,3.7407,2.0114,2.3214,1.5647,5.9643,1.7317,1.6552,1.1109,0.3,0.8367
心情,4.5185,2.0451,1.7143,1.0491,6.8929,0.4163,1.931,1.6242,0.4,0.9685
心脏,1.4286,1.069,1.4643,0.7445,6.8276,0.5391,1.3103,1.1681,0.3,0.7022
欣赏,3.8571,1.9382,3.9286,2.0171,6.8621,0.3509,4.5172,1.9387,2.1667,0.6477
欣慰,4.4074,1.7815,4.7143,1.8024,6.7143,0.7127,5.7931,1.5897,1.9,0.9229
欣喜,3.8519,1.8544,4.8929,1.8527,6.8214,0.4756,6.5517,0.9482,2.3,0.9879
新闻,1.9259,1.5915,1.6429,0.9894,7,0,1.3448,1.0782,0.2333,0.6261
新颖,4.8148,1.4421,2.9286,1.6762,6.1071,1.2573,3.069,1.6676,1.6667,1.1244
信赖,4.3214,1.492,3.7143,1.9217,6.6897,0.6603,4.3448,2.1091,1.9333,0.9803
信任,4.4815,1.6022,3.5714,1.7305,6.8214,0.4756,4.3103,1.628,2.3667,0.7649
信心,4.5926,2.005,3.6786,1.9824,6.8571,0.4484,4.1724,2.019,1.7333,1.3113
行径,3.2857,1.7817,1.9643,1.4525,5.5172,1.7034,1.6552,0.9738,0,0.871
行踪,3.1071,1.8726,2.25,1.6015,6.7931,0.4913,1.6552,1.1734,-0.2333,0.8976
形象,3.6667,1.6172,2.0357,1.6663,6.8929,0.315,1.8276,1.3381,0.2,0.6103
兴奋,3.8889,2.0064,5.25,2.0115,6.9286,0.2623,6.2414,1.5037,2.1,1.1847
兴旺,4.2963,1.4627,4.4643,1.8951,6.4643,1.2013,4.5172,2.0463,2.3333,0.7112
性命,2.75,1.8584,2.7857,2.0066,6.6897,0.8064,1.4483,0.9851,0.6333,1.129
性质,5.3571,1.7043,1.7857,1.3154,6.6897,1.0387,1.2759,0.5914,0.1667,0.7466
凶狠,4.037,1.7646,5.3214,1.6789,6.6786,0.863,5.2759,1.7091,-2.0667,1.3374
凶险,4.2963,1.5144,5.2143,1.6411,6.1786,1.5882,4.4828,1.7652,-2.1,0.7589
雄伟,4.2593,1.6312,3.8571,2.2063,6.25,1.4305,3.7586,2.0642,1.8333,0.8743
休息,2.6667,1.3587,1.9286,1.2745,6.8214,0.6118,2.2759,1.5788,1.1667,1.0199
修养,4.8571,1.4328,2.4286,1.7305,6.4828,1.0896,2.4483,1.4537,1.0667,1.2015
羞愧,4,1.6871,5.0357,2.0089,6.7143,0.9759,5.931,1.3345,-1.6,0.8137
羞辱,3.9259,1.5671,5.1786,1.5409,6.2143,1.2869,5.5862,1.2106,-2.3333,1.1547
虚构,4.7857,1.4996,2.9286,1.8445,6.3793,1.2932,2.2069,1.612,-0.6667,0.9589
虚假,4.0741,1.6155,4.3214,1.8867,6.4286,1.0338,4.3103,1.8343,-1.9333,0.7397
虚荣,4.2857,1.9024,4.5714,1.7305,6.3103,1.3914,3.931,1.8113,-1.5667,1.1351
虚弱,3.8571,1.919,3.5357,1.8556,6.7586,0.6895,3.5172,1.7652,-1.6333,0.7184
虚伪,4.6296,1.6675,4.2143,1.833,6.5714,0.8357,4.8276,1.814,-2.2667,0.6915
许诺,4.2222,1.5275,2.8929,1.6179,6.8214,0.39,2.5862,1.8616,1.0667,1.0148
叙述,3.2222,1.8879,1.4286,0.9201,6.7143,0.6587,1.3448,0.8975,0.0667,0.6915
悬崖,1.7037,1.2654,3.2857,1.9974,6.5,1.4272,2.0345,1.5232,-0.8333,1.1472
选拔,2.9259,1.7304,1.8214,1.2488,6.4286,1.2301,1.8276,1.3905,0.5667,0.8172
学问,4.6786,1.7008,1.9286,1.1198,6.6552,1.1109,1.5517,1.2417,1.2333,0.9714
雪山,1.4815,1.1222,2.1786,2.0737,6.5714,1.1362,1.2414,0.9508,0.4,0.5632
寻觅,3.6071,1.6631,2.4643,1.6439,6.4483,0.9482,2.1724,1.4655,0.2667,0.6915
驯养,3.4286,1.894,2.9643,1.7739,5.931,1.5796,2.3448,1.5874,-0.4,1.2205
压力,4.8571,1.88,4.8214,1.6342,6.7931,0.4913,3.8276,2.2846,-1.3667,1.0334
压迫,4.4643,1.7529,3.9643,1.9528,6.5517,0.8275,4.4483,1.9381,-1.7333,0.8683
压抑,5.1111,1.281,5.1786,1.5167,6.5,1.0715,6,1.3093,-1.8,0.9613
押韵,3.2963,1.8148,2,1.633,6.3214,1.492,1.5862,1.1807,0.7,0.9879
衙门,1.6667,1.2089,1.6429,1.1616,5.3214,1.9255,1.3793,0.7752,-0.0667,0.8277
雅致,4.5926,1.7378,2.9286,1.6981,5.7143,1.7397,4.2069,1.8004,1.8,0.9613
严谨,4.3214,1.5882,2.9643,1.3467,6.6552,0.8567,3.9655,1.6793,1.1667,0.8339
严肃,3.9643,1.7101,3.6071,1.6179,6.5172,1.3528,4.5172,1.8052,-0.1,1.0619
颜色,2.2143,1.6856,1.7857,1.2869,6.8966,0.3099,1.5862,1.0183,0.3,0.7497
演唱,2.3704,1.5968,1.8929,1.6179,6.7857,0.5681,1.4828,1.0563,0.6,0.7701
演出,1.8214,1.2188,1.5714,0.9974,6.7931,0.4913,1.4483,1.2126,0.6333,0.8087
演说,2.5714,1.7305,2.5714,1.8545,6.4828,1.3528,1.5862,1.3233,0.1333,0.9371
演绎,3.8519,1.7255,1.7143,1.1501,6.2143,1.3973,1.4483,0.7831,0.2333,0.7279
厌恶,3.963,2.0844,5.3929,1.8123,6.7143,0.8545,6.5517,0.8696,-2.0667,1.2299
厌烦,4.4444,1.281,5.0714,1.7623,6.8214,0.4756,6.069,1.3345,-1.9667,0.8503
谣言,3.4444,1.7172,4.25,1.7976,6.5714,1.069,3.5862,1.8996,-1.7,0.6513
摇摆,3,2.0191,2.2857,1.4872,6.4643,1.3739,2.1379,1.6845,-0.3,0.7022
要害,4,1.7847,3.4643,1.8152,6.3448,1.4947,2.1034,1.4478,-0.6667,1.1842
要闻,2.8519,1.5368,2,1.3878,6.1071,1.37,1.6897,1.0725,0.3333,0.6609
野蛮,4.1786,1.467,3.9643,1.7947,6.5172,1.1533,3.7586,1.6617,-1.6,0.9322
业绩,3.25,1.7976,1.8214,1.2188,6.4483,1.4289,1.6552,1.2614,0.5667,1.04
依赖,4.5714,1.3992,3.7143,1.6297,6.8621,0.3509,3.4828,1.9571,-0.3667,1.2452
移民,2.25,1.1426,1.75,1.1746,6.6897,0.8906,1.5172,1.1533,0.1667,0.7466
遗留,3.4074,1.7155,2.5,1.7105,6.6786,0.7228,2.2069,1.5897,-0.2333,0.8172
遗弃,3.7407,1.5834,4.6071,2.0788,6.6071,0.7373,4.2069,1.5897,-2,1.0828
遗址,1.8519,1.167,1.9643,1.2013,6.4643,1.2013,1.6552,1.1425,-0.2667,0.7397
疑虑,4.1852,1.6181,4.4643,1.4006,6.75,0.7005,4.7931,1.8589,-1.2,0.9248
疑问,3.5926,1.5995,3.6786,1.7008,6.7857,0.5681,3.6207,2.2743,-0.5667,0.8172
艺术,4.8571,1.9382,1.9643,1.4778,6.7241,0.649,1.5862,1.3233,0.8,1.1567
议论,3.0357,1.5749,2.2857,1.384,6.7586,0.6356,2.0345,1.4996,-0.2,0.8867
意念,5.4815,1.5534,2.4286,1.5258,6.2143,1.6183,1.7931,1.3464,0.6333,0.9643
阴暗,4.1481,1.6339,4.1429,1.88,6.4643,1.4006,4.1724,1.9285,-1.9667,0.6687
阴沉,4.4815,1.8886,4,2.2933,6,1.5635,5,1.4639,-1.8333,0.7466
阴影,3.2593,1.9134,3.5714,1.9894,6.6429,0.9114,2.5862,1.7631,-1.3,0.9523
殷切,4.4643,1.4778,4.3571,1.6603,5.5862,1.6801,4.8966,1.6332,1.2,0.9965
引诱,4.1111,1.6718,3.6786,1.847,6.2857,1.243,2.8966,1.52,-1,0.9097
隐患,4.0741,1.5424,3.8929,1.9877,6.1429,1.5084,3.1034,2.0414,-1.5667,0.8976
隐瞒,4.1429,1.5803,3.25,1.9173,6.4828,1.1219,3.3103,1.7342,-1.2667,0.9072
隐私,3.6071,1.9117,2.6071,1.8123,6.5862,0.907,2,1.2817,-0.4333,0.8172
应酬,2.4074,1.7815,2.8929,1.8326,6.4643,1.4778,1.7241,1.4116,-0.3333,0.8841
英雄,2.6667,1.9415,3.75,1.9365,7,0,3.7241,1.9802,1.8,1.3995
迎接,3.1786,1.6567,2.1071,1.3427,6.6207,1.2368,2.4138,1.3763,0.9333,0.8683
拥抱,2.2222,1.5771,3.3929,1.8726,6.8571,0.5909,3.5517,1.7846,1.7667,0.8172
拥戴,3.7143,1.7608,3.0714,1.5618,6.3793,1.1153,3.3448,1.895,1.5,1.1671
拥挤,2.7407,1.7452,3.3571,1.6825,6.9286,0.2623,2.3103,1.628,-1,0.7878
拥有,3.9286,1.7198,2.3571,1.8502,6.6897,1.0037,2.069,1.1628,1.0667,0.8683
雍容,4.3333,1.6408,2.75,1.6245,4.6429,1.9854,3.3103,1.8343,1.1667,1.3412
臃肿,3.6296,1.713,2.8571,1.7578,5.3929,1.9117,2.931,1.8309,-1.2,0.9613
永恒,5.7037,1.3816,2.75,2.0299,6.5357,1.1049,2.2069,1.6983,1.1667,1.5105
勇敢,4.5556,1.7831,4.5,1.6443,6.8571,0.3563,4.9655,1.2672,2.2333,1.0726
用功,4.1786,1.7008,3,1.5154,6.6552,0.8975,2.3793,1.5216,1.5667,1.0726
优点,4.2222,1.8046,3.3214,1.9447,6.7857,0.9567,3.4483,1.9926,2.1,0.8449
优厚,4.3704,1.5479,3.5357,1.7529,6.3214,1.188,3.7586,2.1323,1.9333,0.7397
优美,4.037,1.7205,3.3929,1.7709,6.6071,1.2573,4.2414,1.7659,2.0667,0.7849
优势,4.1786,1.6114,3.3571,1.8301,6.8966,0.3099,3.1034,1.9702,1.8333,0.9855
优秀,4.4444,2.0064,3.5357,1.9145,6.8571,0.4484,4.5172,1.8443,2.1667,1.1472
优雅,4.5556,1.9081,3.2857,1.9024,6.5714,0.9974,3.8276,1.6705,2.1,0.7589
优异,4.6667,1.8397,3.5,1.9907,6.3214,1.4415,4.3103,2.1564,2.2333,0.8172
忧愁,4.3333,1.6408,5.1786,1.8064,6.6429,0.6215,6,1.4142,-1.8,0.7144
忧虑,4.4286,1.5736,5.1071,1.6852,6.5862,1.1186,6.2414,1.1849,-1.5,0.9002
忧郁,4.5185,1.8475,5.1786,1.7438,6.6429,0.8698,6.2759,1.0986,-1.8667,0.8193
幽暗,4.0357,1.9528,3.7143,1.6069,6.3103,1.1983,3.3448,2.0049,-1.3667,1.0981
幽默,3.7778,1.7172,4.0714,1.6085,6.7857,0.5681,4.8966,1.4963,1.8333,0.7915
幽雅,4.5,1.9907,3.3571,1.8502,5.7586,1.9022,3.4483,1.7235,1.4667,1.0417
犹豫,3.963,1.9706,3.5,1.7951,6.7143,0.6587,4.5172,1.8636,-0.7333,0.9444
油画,1.7778,1.45,1.9643,1.5512,6.8929,0.315,1.3448,1.0098,0.4667,1.0417
游览,3.1429,1.8402,1.8571,1.353,6.6207,0.9788,1.8966,1.6332,0.5,0.6297
游戏,1.5926,1.1184,2.1786,1.6114,6.8929,0.4163,1.931,1.602,0.5333,0.7761
游行,2.3214,1.492,2.3214,1.4415,6.7931,0.4913,1.6552,1.3437,0.1,1.0619
友好,4.037,1.8498000000000001,3.4643,1.8355,6.75,0.7005,5.069,1.9073,1.9667,0.8503
友谊,3.6296,1.7574,3.0714,1.8842,6.6429,1.2237,2.9655,1.4011,1.9333,1.2576
有趣,4.0714,1.8645,3.9643,1.7739,6.8621,0.4411,4.6897,1.8536,1.9333,0.6397
愉快,3.2963,2.1089,5.2143,1.8127,6.9286,0.2623,6.3103,1.1371,2.2667,1.1121
愉悦,3.963,1.7646,5.0357,1.3189,6.7143,0.7127,6.5172,0.7847,2.6667,0.6065
郁闷,4.5357,1.5271,4.9286,1.5618,6.4483,1.2417,6.2069,1.2923,-1.7,0.9154
预报,3.2143,1.729,2,1.4142,6.7586,0.6895,1.7241,1.7091,0.3333,0.8841
预期,4.2963,1.4888,1.4643,0.8381,6.6071,0.8317,1.5862,1.0862,0.4667,1.0417
遇难,2.4815,1.4243,5.2143,1.833,6.2143,1.3705,4.2069,1.8201,-1.7667,1.5241
渊博,4.963,1.8077,2.6429,1.6151,6.2857,1.3012,3.1034,1.8583,1.9,1.0939
园林,1.7407,1.2888,1.7143,1.243,6.4643,1.1701,1.3793,0.9029,0.5667,0.7739
原则,4.3214,2.0377,1.7857,1.3705,6.8621,0.3509,1.5862,0.9456,0.4333,0.7739
怨恨,4.2222,1.5525,5.3214,1.8268,6.6429,0.8698,6.2414,1.2146,-2.4,0.7701
约见,3.1111,1.5771,1.9643,1.2013,6.25,1.3229,1.8621,1.5289,0.6,0.855
杂乱,3.8929,1.6179,3,1.7847,6.7931,0.675,3.2069,1.8396,-1.3667,0.9994
赞美,3.7037,2.0721,5.1786,2.001,6.75,0.7005,5.6207,1.4979,2.4333,0.6261
赞赏,3.4444,1.6486,4.9643,1.9338,6.6786,0.6696,6.069,1.2516,2.1,1.0619
赞叹,3.6786,1.9636,4.8214,1.9062,6.7241,0.5276,5.6552,1.37,1.9667,1.0334
赞许,4.1111,1.7831,4.4643,1.7739,6.6429,0.9114,5.5862,1.3763,2.0333,0.9279
赞扬,3.4444,1.8046,5.0714,1.6539,6.8214,0.548,5.7586,1.123,2.2,0.9248
早熟,4,1.8659,2.5,1.6443,6.3448,1.2894,2.3103,1.6059,-0.2333,0.8976
责备,3.8889,1.9081,4.3571,1.7473,6.6071,1.1969,5.1379,1.5521,-1.4667,1.0417
责罚,3.0741,1.7958,4.3571,2.004,6.6786,0.7724,3.7931,1.8589,-1.5667,1.1651
责令,3.4815,1.6726,4.0714,1.6762,5.6786,1.8268,3.2759,1.7299,-0.9,0.9229
责任,4.5185,1.578,2.7143,1.843,6.8214,0.9449,2.2414,1.683,0.9333,1.0483
增强,4.25,1.7769,2.9286,1.6539,6.7586,0.6895,2.3448,1.5417,1.1333,0.9371
增添,4.1429,1.6265,1.8571,1.1127,6.5517,1.2702,1.8966,1.2348,0.9,0.8449
憎恶,4.3704,1.9245,6.0357,1.138,6.0357,1.3189,6.5862,0.7328,-2.5,0.6297
憎恨,4.2963,1.6828,5.8929,1.1655,6.3214,1.3068,6.4483,0.9482,-2.1667,1.2888
诈骗,2.6667,1.5191,4.6071,2.0965,6.6071,1.2274,4.069,1.646,-2.0333,1.2172
炸弹,2.25,2.1191,3.75,2.3194,6.7931,0.9403,1.931,1.4375,-1.2,1.2149
炸药,1.7857,1.5241,3.8214,2.2452,6.5172,1.2427,2.069,1.8309,-0.9,1.269
债务,2.4815,1.6022,3.5357,1.9717,6.7143,1.0131,2.7241,1.9802,-1.8333,0.9129
展开,3.7778,1.9081,1.7143,0.9759,6.6071,0.7373,1.3448,0.8567,0.4,0.855
展现,4,1.7321,1.75,1.1746,6.3571,1.2237,1.5862,1.1186,0.5333,0.8193
占据,2.8889,1.6486,2.75,2.066,6.4286,1.1031,2.069,1.3345,-0.3333,0.8023
战友,1.6296,1.2136,3.0357,1.7947,6.3571,1.496,2.6552,1.7983,1.0333,1.2172
战争,2.1071,1.8123,4.1786,2.1612,6.7931,0.6199,2.5862,2.0962,-1.2,1.6274
长期,4.3333,1.7974,1.25,0.5853,6.8214,0.548,1.4138,0.8245,0.2667,0.9444
障碍,3.1481,1.5861,3.6071,2.0788,6.5,1,3,1.8516,-1.3333,0.7581
招待,3.3571,1.9286,2,1.4657,6.7931,0.4913,1.7241,1.1618,0.4667,0.9371
招揽,4.1481,1.703,2.1786,1.6114,5.9643,1.4778,1.8621,1.4072,0.6333,0.9994
召唤,4,1.6997,2.75,1.8584,6.5517,1.3519,1.4483,0.8696,0.6,0.9685
照常,4.1111,1.8467,1.75,1.1426,6.4286,1.2301,1.6207,1.2075,0.4,0.724
照顾,3.6786,1.8268,2.5,1.5516,6.6897,0.7123,2.7241,1.7908,0.9333,1.3629
遮掩,3.3704,1.9245,2.3571,1.6603,6.1071,1.4489,2.9655,1.742,-0.8,1.0954
折磨,3.963,1.6048,5.2143,1.6635,6.4643,1.1049,4.5862,1.8423,-2,0.9469
珍爱,3.9259,1.5424,4.1786,1.9062,6.5714,0.8789,5.3103,1.5835,2.0333,0.8087
珍贵,4.3571,1.6151,4.0357,1.6884,6.7931,0.5593,4.0345,1.7624,1.8333,1.0199
真相,4.1481,1.8335,2.4286,1.6872,6.9286,0.378,1.4138,0.9456,0.7333,0.9803
真心,4.6296,1.6904,3.6429,1.7892,6.3571,1.4457,4.3793,1.5905,2.0667,1.1427
真挚,4.1852,1.52,3.6429,1.3113,6.5,0.9623,5,1.7525,2.3667,0.6687
振奋,4.4444,1.5771,5.1429,1.7995,6.6786,0.9449,5.7931,1.3196,2,0.6433
争吵,2.6429,1.7473,4.8571,1.7152,6.8276,0.4682,4.5172,1.8826,-1.4333,1.1043
争夺,3.6071,1.8923,3.9286,2.2596,6.6897,0.8495,3.3448,1.6749,-0.9667,0.9643
征求,3.7037,1.7055,2.6429,1.8701,6.5714,1.2301,1.7931,1.2065,0.4,0.855
拯救,3.7778,1.8257,4.1071,1.9877,6.4643,1.0357,2.7931,1.9343,1.4667,1.1059
整齐,3.5357,1.6212,1.75,1.0046,6.7241,0.751,2.3448,1.5874,1.2667,0.7397
整体,3.8571,1.9947,1.8929,1.5236,6.7586,0.7863,1.3793,1.2368,0.3333,0.8442
正规,4.2222,1.281,1.9643,1.2905,6.6429,1.0261,2.3448,1.895,1.1667,0.9855
正气,4.8519,1.5616,3.6429,2.0766,6.1786,1.5647,4.0345,2.0613,1.9667,0.8899
正视,4.2593,1.4302,2.5,1.4782,6.5,1.0715,2.6207,1.7406,1.2,1.0954
正义,5.037,1.6286,3.8214,2.0194,6.6429,0.731,4.3448,1.7784,2.5,0.6823
正直,4.2963,1.5396,3.3571,1.8502,6.3571,1.4198,4.2414,1.7041,2.2,1.1265
正宗,4.4643,1.7529,2,1.3608,6.4483,1.0885,1.8966,1.52,1.2667,0.9444
政策,2.3704,1.8428,1.5714,0.9595,6.8929,0.315,1.4483,1.1828,0.2,0.7144
支持,3.6296,1.5479,2.6786,1.8268,6.8571,0.4484,4.069,2.069,1.7667,1.2229
支配,3.5185,1.4243,2.2143,1.6183,6.5357,1.138,2.1379,1.274,-0.2333,0.9353
支援,2.9259,1.4917,2.6786,1.7008,6.5357,1.3467,2.6207,1.6128,1.2,1.2972
知己,2.6667,1.9807,3.5714,2.1157,6.5,1.2323,2.9655,1.6579,2.2,0.8867
执拗,4.4444,1.5525,4.7143,1.6297,5.3571,1.6603,4.7931,1.8589,-1.0667,1.0148
直观,4.6296,1.6207,1.9286,1.3313,6.6071,0.994,1.9655,1.149,0.7,0.8367
直接,3.7037,1.9378,1.9286,1.2451,6.75,0.6455,1.7931,1.2358,0.6,0.8944
直率,4.2963,1.7279,3.8214,1.847,6.2857,1.6966,4.5172,1.4789,1.5667,0.8584
指责,3.037,1.5313,4.6786,1.8268,6.7143,0.8545,4.7931,1.6557,-1.4333,1.0726
制止,3.6296,1.6207,3.1429,1.88,6.5,1.2323,2.6207,1.8208,-0.4,0.9322
质量,3.2593,1.4569,1.6071,1.2274,6.8571,0.4484,1.3448,0.814,0.5333,0.8604
质疑,4,1.7097,4.9286,1.4123000000000001,6.6071,1.1001,4.2414,1.8642,-1.1667,1.0199
秩序,3.2593,1.7887,1.9643,1.5026,6.4643,1.3189,1.8276,1.441,0.5,0.9377
窒息,2.5926,1.693,5.2143,1.8127,6.3214,1.2781,4.3793,1.8787,-1.9,0.803
智慧,4.5185,1.8475,2.8214,1.6567,7,0,3.931,1.8885,2.3667,0.6687
智力,3.8214,1.9447,1.7857,1.1974,6.7586,0.6356,1.6897,1.2846,0.8667,1.008
忠实,4.3333,1.7974,3.6071,1.7071,6.5357,1.1701,4.4483,1.9009,1.9333,0.8683
忠心,4.5926,1.5753,4,2.0184,6.3571,1.0616,4.5517,1.9926,2.0333,1.1885
咒骂,3.4444,1.9081,5.4643,1.7317,5.8214,1.6342,5.7586,1.3271,-2.5,0.6823
皱眉,1.9259,1.6391,3.75,1.8979,6.75,0.5853,4.1379,1.8463,-1.0333,0.7649
嘱咐,2.8148,1.6879,2.0357,1.4778,6.6071,0.8317,2.069,1.2798,0.5,0.82
祝福,3.4815,1.9089,3.8929,2.0246,6.75,0.5853,5.2414,1.6181,2.3667,0.7649
祝愿,4.4643,1.9904,3.8214,2.1782,6.8966,0.3099,4.4138,1.8423,1.7333,1.1121
专家,2,1.3009,1.7857,1.3432,6.8929,0.315,1.5862,1.1501,0.7,1.236
庄严,4.4643,1.4268,4,1.6777,6.4828,1.2989,3.4828,1.8052,1.2333,1.04
壮丽,4.3704,1.6675,3.9643,1.9528,6.1429,1.2683,4.1724,1.754,2.0667,0.7849
追查,3.2222,1.5525,2.5714,1.4764,5.8571,1.6934,1.6897,1.1053,0.0667,0.8277
追究,4,1.5933,2.9643,1.7947,6.2857,1.5836,2.6552,1.6317,-0.7333,1.1121
追求,3.5926,2.043,2.1429,1.2084,6.6429,0.78,3.2069,1.897,1.2667,1.0148
坠毁,2.4074,1.5257,4.7857,2.1834,6.0714,1.5379,3.1379,1.7055,-2.2333,0.9714
捉弄,3.6786,1.6342,3.7143,1.6069,6.5862,0.907,3.5172,1.6823,-1.1333,1.0743
灼热,4.0357,1.9528,4.8571,1.6491,5.6552,1.6317,3.8966,2.0414,0.0667,1.4368
卓越,4.5185,1.5285,3.7857,1.7921,6.6071,0.994,4.3793,1.8596,2.1,0.9229
卓著,4.7407,1.483,3.6071,1.7917,4.6786,1.9447,4.5172,1.7242,1.9333,1.0483
资深,5.037,1.6286,2.7857,1.7503,6.3929,1.3968,2.931,1.9073,1.3,1.3684
自卑,4.2963,1.5396,5.0714,1.6085,6.6071,0.9165,5.5172,1.5725,-1.7,0.9879
自负,4.3214,1.765,4.0714,1.6762,6.5862,0.907,5.2759,1.0986,-1.5667,0.6789
自豪,4.2963,1.8148,4.6429,1.9093,6.7143,0.5998,5.6897,1.7135,2,1.0171
自如,4.4074,1.6469,3,1.5635,5.6429,1.9854,2.8966,1.6764,1.5,1.2526
自私,3.963,1.8704,3.6071,2.0609,6.8929,0.315,4.4828,1.9571,-1.8667,1.008
自卫,3.4643,1.9145,3.2857,1.843,6.3793,1.1776,2.5862,1.615,0.4,1.2484
自信,4.4444,2.0444,4.3929,1.9501,6.9643,0.189,4.7586,2.1656,2.3667,0.6687
总理,1.2857,0.6587,1.5357,0.9222,6.5862,1.0528,1.2414,0.9508,0.6667,0.9942
总统,1.6296,1.3629,1.9643,1.5271,6.8571,0.3563,1.3103,0.8495,0.3333,1.0283
足球,1.6667,1.6172,1.8214,1.4156,6.9643,0.189,1.3793,0.82,0.3667,1.0662
阻挠,3.6296,1.6443,3.6786,1.9824,6.2857,1.1501,3.8966,1.655,-1.6,0.7701
组成,3.2222,1.396,1.5714,1.1031,6.8214,0.4756,1.2069,0.9403,0.1667,0.8743
祖先,2.3704,1.5229,2.2143,1.7713,6.7857,0.7868,1.4483,0.9097,0.4,0.9322
祖宗,2.4444,1.8257,2.4286,1.7936,6.75,0.8444,2.2069,1.6557,0.0667,0.9072
罪恶,3.963,1.8498000000000001,4.6071,1.9117,6.6071,0.8751,4.9655,1.7624,-2.4,0.7701
罪犯,1.8148,1.5698,4.4643,2.1166,6.5714,1.2599,3.3448,1.7983,-2.2333,0.9714
罪名,2.8889,1.948,3.9286,2.1069,6.3571,1.2828,3.1379,1.9406,-1.8667,0.8604
尊敬,4.1852,1.5941,4.0714,1.8645,6.8929,0.4163,4.7586,1.64,1.8,0.9248
尊重,4.3704,1.6207,3.6429,1.9093,6.9643,0.189,4.5862,1.8031,1.7,0.8367
遵守,4,1.7541,2.0714,1.3313,6.8214,0.4756,1.931,1.6242,0.9333,0.9444
