word_portuguese,imagine_mean,concrete_mean
aborrecimento,2.85,2.32
afeição,2.52,2.02
agonia,2.6,2.12
água,6.23,6
alegria,3.38,2.2
alicate,6.06,6.62
amor,3.06,1.7
ananás,6.48,6.78
ansiedade,2.63,2.06
antitoxina,1.9,4.9
ar,3.77,3.94
aranha,6.52,6.62
árbitro,5.94,5.84
arca,5.85,6.46
arco,5.65,5.86
arte,3.58,2.44
asilo,4.15,5.02
assunto,2.1,2.72
autocarro,6.6,6.66
aventura,3.08,2.7
avestruz,6.46,6.72
avião,6.69,6.64
banana,6.69,6.8
banco,6,6.22
barril,6.08,6.66
barulho,3.33,4.14
bebida,5.54,5.82
bênção,2.71,2.1
besouro,5.15,6.42
bicicleta,6.67,6.68
biombo,4.92,6.3
bisonte,5.42,6.5
bivaque,1.69,4.5
blusa,6.38,6.56
bondade,2.58,2.18
cabelo,6.56,6.46
cabide,6.19,6.7
cabra,6.46,6.7
cadeado,5.96,6.58
cadeirão,6.13,6.24
caderno,6.5,6.62
camada,2.71,4.12
camelo,6.42,6.64
camião,6.46,6.52
candeeiro,6.42,6.56
caneta,6.81,6.68
canguru,6.48,6.72
cão,6.85,6.76
caos,2.88,2.46
cardo,3.42,5.64
carro,6.83,6.64
casa,6.5,6.26
casca,5.38,6.16
cavalo,6.77,6.68
cebola,6.44,6.78
cenoura,6.56,6.86
cérebro,5.75,5.32
cereja,6.63,6.8
cesto,6.12,6.56
cêu,5.83,4.16
charme,3.1,2.38
chave,6.6,6.72
chávena,6.17,6.76
ciume,2.62,1.9
cloreto,2.52,4.92
coelho,6.71,6.72
cólera,2.62,2.54
colher,6.56,6.62
combóio,6.62,6.58
confiança,2.37,2.08
conforto,3.37,2.74
contentamento,2.92,2.42
copo,6.56,6.62
cor,4,3.88
coruja,6.19,6.66
corvo,6.21,6.72
costas,5.38,6.06
criador,3.17,2.88
crocodilo,6.48,6.7
delirio,2.38,2.08
demónio,3.73,2.54
deusa,3.27,2.12
devoção,2.35,2
dia,4.08,4.54
diabo,4.54,2.1
disposição,2.04,2.16
disputa,2.69,2.82
diversão,3.79,2.78
dragão,6,4.9
dromedário,4.73,6.1
elefante,6.6,6.8
empório,1.88,3.88
encefalo,4.5,5.42
envelope,6.42,6.58
escaravelho,6.06,6.6
escova,6.19,6.56
escravo,5.02,4.76
escritório,5.29,5.82
espanto,3.06,2.28
espargo,5.23,6.5
espectro,3.37,3.58
esperança,2.6,1.7
esquilo,6.6,6.76
estante,6.04,6.58
estilo,2.6,2.46
faca,6.58,6.82
fantasma,4.69,2.8
felicidade,3.23,1.72
feriado,2.81,3.62
fogo,6.21,5.88
foguetão,5.92,6.44
frase,3.17,3.9
freira,5.98,5.64
gado,5.77,5.94
galinha,6.67,6.78
gato,6.87,6.72
gazela,5.75,6.66
gelo,5.96,6.08
girafa,6.6,6.76
glória,2.87,1.86
gorila,6.42,6.62
gratidão,2.54,1.92
grossista,2.4,3.7
grupo,4.17,4.32
guerra,4.73,2.98
helicóptero,6.13,6.58
hierarquia,2.63,3.08
história,3.13,3.14
homem,5.94,4.98
hostilidade,2.13,2.5
humor,2.87,2.2
late,5.73,6.46
insolencia,1.94,2.44
interesse,2.54,2.12
jaguar,5.75,6.2
jardim,6.02,5.84
jovialidade,2.75,2.76
juiz,5.62,5.28
justiça,2.71,1.8
lado,2.48,3.54
lamina,5.9,6.64
laranja,6.62,6.82
lealdade,2.35,1.84
leão,6.6,6.62
liberdade,3.08,1.64
lince,5.65,6.62
lobo,6.06,6.7
loja,5.5,5.9
lucro,2.48,3.64
lugar,3.12,3.74
maçã,6.87,6.78
macaco,6.62,6.8
machado,6.19,6.74
mala,6.08,6.66
malandro,3.33,3.38
máquina,5.35,6.18
mar,6.46,5.58
marido,4.42,4.8
martelo,6.5,6.8
medo,2.88,1.82
melão,6.52,6.78
memória,2.21,2.42
mesa,6.48,6.76
miséria,3.63,2.56
mocho,6.06,6.7
morango,6.63,6.76
morte,3.54,3.26
mosca,6.5,6.66
moscardo,4.62,6.22
motorizada,6.1,6.58
mulher,5.92,5.5
mundo,5.31,3.56
namoro,3.58,3.06
nariz,6.52,6.58
natal,5.08,3.34
neve,6.04,6.24
nome,2.83,3.58
obediência,2.71,2.26
obsessão,2.23,2.14
ódio,2.35,1.84
onça,5.15,6.28
oração,3.15,2.54
orgulho,2.71,1.92
ovelha,6.69,6.76
pai,6.17,5.18
paixão,3.12,1.86
palavra,3.81,3.68
pânico,3.23,2.2
pato,6.56,6.7
pavão,6.35,6.76
paz,2.94,1.94
pedaço,3.73,4.2
pente,6.58,6.74
perú,6.35,6.78
pesar,2.81,3.4
piano,6.31,6.78
pincel,6.37,6.62
pinguim,6.38,6.7
pintassilgo,5.38,6.69
ponte,6.38,6.26
prazer,2.9,2.08
prisão,5.63,5.36
profissão,3.13,4.18
progresso,2.44,2.62
rapaz,6.04,5.69
raquete,6.44,6.8
rato,6.48,6.72
regador,6.23,6.62
regra,2.42,2.98
religião,2.92,2.1
relógio,6.6,6.6
rinoceronte,6.35,6.62
rio,6.06,5.94
roupeiro,6.06,6.54
sapo,6.5,6.76
sardine,6.33,6.7
saudade,2.81,1.84
segurança,2.94,2.28
selo,6.33,6.54
serra,5.83,6.02
sobretaxa,1.6,3.4
sofa,6.56,6.62
solo,4.62,5.92
sopa,6.19,6.28
sótão,5.46,6.12
tapete,6.25,6.58
tartaruga,6.69,6.8
tatu,4.5,5.84
tesoura,6.54,6.76
tigre,6.46,6.76
tolerância,2.42,1.88
tomate,6.73,6.76
torradeira,6.42,6.82
touro,6.56,6.68
tragédia,3.19,2.38
trenó,6.08,6.6
trotinete,5.96,6.58
urso,6.65,6.64
uvas,6.62,6.8
vaca,6.58,6.76
vaidade,3,2.2
vale,4.31,5.22
valentia,2.42,2.24
valor,2.27,2.1
vaso,6.29,6.66
vela,6.15,6.36
vento,4.31,4.88
vergonha,2.63,2.06
vontade,2.23,2
zebra,6.54,6.72
