"timestamp","lab_id","participant_code","language"
"2026-09-01 10:08:07","Remote","7ARA6YSV","English"
"2026-09-01 17:10:54","UNT","6UGAHWJL","English"
"2026-09-02 08:48:49","Remote","0CSIV1MF","English"
"2026-09-03 18:11:38","Remote","LTBINF9G","English"
"2026-09-03 21:18:23","MSU","H4YXH1TI","English"
"2026-09-04 05:40:48","MSU","3QH34HIP","English"
"2026-09-05 15:24:36","Remote","7DWM6UPR","English"
"2026-09-06 18:47:27","UNT","66DMKLUI","English"
"2026-09-06 19:17:52","MSU","3W2MVJE3","English"
"2026-09-07 01:43:37","UNT","BU4OVQ6E","English"
"2026-09-07 12:09:26","MSU","Z5IE6SS7","English"
"2026-09-07 12:22:51","Remote","NAQR8ZG9","English"
"2026-09-07 22:20:46","UNT","A1G4RQJR","English"
"2026-09-08 01:28:17","UNT","AN20UOAS","English"
"2026-09-08 14:06:26","MSU","E57WN9JJ","English"
"2026-09-08 16:19:48","Remote","WQD17ZYZ","English"
"2026-09-09 11:00:17","MSU","KNZBSXTP","English"
"2026-09-10 05:24:05","UNT","KXKH10JO","English"
"2026-09-10 11:24:30","MSU","I9K9S2A8","English"
"2026-09-10 19:53:54","Remote","MY1PCMU6","English"
"2026-09-11 00:10:56","UNT","I0TZ7MX6","English"
"2026-09-11 19:35:40","Remote","0OL90F1R","English"
"2026-09-11 22:02:37","MSU","XOD6XHOD","English"
"2026-09-12 12:30:59","MSU","KD3KUG0V","English"
"2026-09-12 12:35:16","Remote","9V9PT5EU","English"
"2026-09-12 13:53:53","MSU","N9KII456","English"
"2026-09-12 16:21:10","PsySciAcc-Partner1","DWAX102C","English"
"2026-09-13 09:13:25","Remote","PQCROZWN","English"
"2026-09-13 15:26:11","Remote","M1UKT79P","English"
"2026-09-14 05:29:18","Remote","Y0VR95UP","English"
"2026-09-14 11:47:36","MSU","AAZJDDC6","English"
"2026-09-14 14:06:10","PsySciAcc-Partner1","R4LIXSS4","English"
"2026-09-14 23:06:30","PsySciAcc-Partner1","G16JVTQZ","English"
"2026-09-15 07:59:12","Remote","Q6X07O6V","English"
"2026-09-15 14:49:26","Remote","1RNJAHZR","English"
"2026-09-15 18:13:19","MSU","D91Y2BPD","English"
"2026-09-16 00:56:12","MSU","GBH1WU77","English"
"2026-09-17 19:49:01","Remote","LU5DYD9B","English"
"2026-09-18 00:21:06","UNT","CVBQIHCM","English"
"2026-09-18 13:27:39","Remote","UGEP1M3C","English"
"2026-09-19 07:59:26","MSU","ZESGP2AB","English"
"2026-09-19 18:08:47","PsySciAcc-Partner1","7715IDYG","English"
"2026-09-19 20:32:12","Remote","Y9GZTGAR","English"
"2026-09-20 00:09:36","MSU","N5RW2YH9","English"
"2026-09-20 06:54:19","Remote","A3N8GL7Z","English"
"2026-09-20 15:34:27","MSU","V81827N1","English"
"2026-09-21 05:34:55","PsySciAcc-Partner1","GALGQLG1","English"
