"session","created","current_position","general_instructions","w01_prompt","w01_use_01","w01_use_02","w01_use_03","w01_use_04","w01_use_05","w01_more","w02_prompt","w02_use_01","w02_use_02","w02_use_03","w02_use_04","w02_use_05","w02_more","w03_prompt","w03_use_01","w03_use_02","w03_use_03","w03_use_04","w03_use_05","w03_more","w03_use_06","w03_use_07","w03_use_08","w03_use_09","w03_use_10","w04_prompt","w04_use_01","w04_use_02","w04_use_03","w04_use_04","w04_use_05","w04_more","w05_prompt","w05_use_01","w05_use_02","w05_use_03","w05_use_04","w05_use_05","w05_more","w05_use_06","w05_use_07","w05_use_08","w05_use_09","w05_use_10","w06_prompt","w06_use_01","w06_use_02","w06_use_03","w06_use_04","w06_use_05","w06_more","w06_use_06","w06_use_07","w06_use_08","w06_use_09","w06_use_10","w07_prompt","w07_use_01","w07_use_02","w07_use_03","w07_use_04","w07_use_05","w07_more","w07_use_06","w07_use_07","w07_use_08","w07_use_09","w07_use_10","w08_prompt","w08_use_01","w08_use_02","w08_use_03","w08_use_04","w08_use_05","w08_more","w09_prompt","w09_use_01","w09_use_02","w09_use_03","w09_use_04","w09_use_05","w09_more","w10_prompt","w10_use_01","w10_use_02","w10_use_03","w10_use_04","w10_use_05","w10_more","w10_use_06","w10_use_07","w10_use_08","w10_use_09","w10_use_10","w02_use_06","w02_use_07","w02_use_08","w02_use_09","w02_use_10","w04_use_06","w04_use_07","w04_use_08","w04_use_09","w04_use_10","w08_use_06","w08_use_07","w08_use_08","w08_use_09","w08_use_10","w01_use_06","w01_use_07","w01_use_08","w01_use_09","w01_use_10","w09_use_06","w09_use_07","w09_use_08","w09_use_09","w09_use_10"
"WERLbHrisM97Sa8njspLxo48hq1D6V8RsVCSTTGotC7HiHvIiUCrNVOlUHbScfKy","2026-09-23 09:06:00",10,1,1,"wave","calligraphy",NA,NA,NA,1,1,"slosh","reel","hardwork","wrap",NA,1,1,"pets","tailgate","outlet","paralyze","asdf",2,"wee","classify","accept","effect",NA,1,"powder","synchronize","intensify",NA,NA,1,1,"jostle","handcuffs","checkup","hull","Im not Sure",2,"recycle","accuracy","Not Sure",NA,NA,1,"i don't know ","throw at"," no idea","showdown","sway",2,"plug","pp","horrify",NA,NA,1,"realize","sustain","boyfriend","cork","mentor",2,"curate","pardon",NA,NA,NA,1,"take out anger","wtf is this","wtf is this",NA,NA,1,1,"confetti","i don't know what that is	","perceive","governent","stroller",1,1,"nudge","career","combat","upgrad","dagger",2,"reward","manifest","NOT SURE WHAT THIS IS	",NA,NA,NA,NA,NA,NA,NA,NA,NA,NA,NA,NA,NA,NA,NA,NA,NA,NA,NA,NA,NA,NA,NA,NA,NA,NA,NA
"lzZBcD4N5WdlEJp4FXc4WDU0QXXMUZa3saiMJqn8EsCLw7dkUMjuSISR0HfCREb4","2026-09-23 09:11:00",10,1,1,"n/a","affair",NA,NA,NA,1,1,"bracelet","follower","polarize","insight","title",2,1,"cheap","recharge","rally","table","convenience",2,".",NA,NA,NA,NA,1,"uncover","stink","roofing","suave","paperwork",2,1,"flower pot","bowling","collaborate",NA,NA,1,NA,NA,NA,NA,NA,1,"cough","sunshine","overcome","preach",NA,1,NA,NA,NA,NA,NA,1,"idk ","toaster","confetti","asdf","na",2,"memory","makeshift","push-up","return",NA,1,"microwave","crease","trash","cool","sink",2,1,"information","spectate",NA,NA,NA,1,1," i dont know","theft","taper","ovbserve","	im not sure",1,NA,NA,NA,NA,NA,"frame","rinse","vow","string","worry","maim","potion","watch",NA,NA,"imagination",NA,NA,NA,NA,NA,NA,NA,NA,NA,NA,NA,NA,NA,NA
"OQxE9L7Mw12SKUcq9pZmmo3FxWc2uCuUHaraGy5sZW9vGR9PSug2a5hMNwjVlA5c","2026-09-23 09:16:00",10,1,1,"flash","assist","sugar","ambassador","backdrop",2,1,"review","megaphone","laminate","pickle",NA,1,1,"shotgun","unhinge",NA,NA,NA,1,NA,NA,NA,NA,NA,1,"stub toe","redefine",NA,NA,NA,1,1,"","attend","	IM NOT SURE","thicken","darts",2,"?","I DONT KNOW",NA,NA,NA,1,"weight loss","trainspotter","rash","prep",NA,1,NA,NA,NA,NA,NA,1,"skin routine","i'm not sure	","nip","lever","impale",1,NA,NA,NA,NA,NA,1,"mix","landmark","glance","camouflage",NA,1,1,"hurdle","imbib","consume","na","nicotine",2,1,"illusion","probe",NA,NA,NA,1,NA,NA,NA,NA,NA,NA,NA,NA,NA,NA,NA,NA,NA,NA,NA,NA,NA,NA,NA,NA,"wait",NA,NA,NA,NA,"reference","heighten","instil","stub","invertebrate"
"VsSi9vBmSPfWlt7NRbLMin20fVJgh5EyxhB0M3tiDqMhDEh6ip526THZdwm0Gup1","2026-09-23 09:21:00",10,1,1,"food","asdf","deter","paper mache","frown",2,1,"gamble","confront","brainstorm","adore","accommodate",2,1,"n/a","remae","isp","cushion",NA,1,NA,NA,NA,NA,NA,1,"n/a","lawncare",NA,NA,NA,1,1,"decay","scam","relieve",NA,NA,1,NA,NA,NA,NA,NA,1,"cat toy","runway","suffocate","lust","rise",1,NA,NA,NA,NA,NA,1,"hear","asdfgh",NA,NA,NA,1,NA,NA,NA,NA,NA,1,"relive","satire",NA,NA,NA,1,1,"ring","creep","asdf","shrug",NA,1,1,"rain collector","climate change","disperse",NA,NA,1,NA,NA,NA,NA,NA," IM NOT SURE","rescue","hul ahoop","reincarnate","shed",NA,NA,NA,NA,NA,NA,NA,NA,NA,NA,"quiz","responsibility","honey","oks","mark",NA,NA,NA,NA,NA
"1rQGGdmkluNiDXwCZmvMMjeDbNuEovZX9qG1U4NeMzFi5e2GsTSOsUHnaqrIz503","2026-09-23 09:26:00",10,1,1,"sex","??","dock","blotch","issue",1,1,"wate",".","hockey","zzz","message",2,1,"gallp","bargain","clear","tap","finance",1,NA,NA,NA,NA,NA,1,"degrade","jiggle","row","rle","ballast",2,1,"shut out","crinkle","dust","compose","safe",2,"earring",NA,NA,NA,NA,1,"pike","visitation","flood","hold together","propell",2,"rumble","No Idea ",NA,NA,NA,1,"court","I DONT KNOW","tithe",NA,NA,1,NA,NA,NA,NA,NA,1,"inhal","service","stood","spot","soar",1,1,"clear","lock","griddle","commerce",NA,1,1,"recreation","tailor","bowl","fiancee",NA,1,NA,NA,NA,NA,NA,"stir","set off","alcohol",NA,NA," NO CLUE ",NA,NA,NA,NA,NA,NA,NA,NA,NA,NA,NA,NA,NA,NA,NA,NA,NA,NA,NA
"g4JaB1MgPE1r4qjranCAuVoa3se9LFY4Hw7KnJj9jwqdBHzKOMXyzPkYnLVzXN3b","2026-09-23 09:31:00",10,1,1," i Don't Know","sooth",NA,NA,NA,1,1,"reuse","lace","no idea what this is",NA,NA,1,1,"quizz","affix","crinkle","compute",NA,1,NA,NA,NA,NA,NA,1,"herb","hayride","forge",NA,NA,1,1,"yodel","refurnish",NA,NA,NA,1,NA,NA,NA,NA,NA,1,"readjust","crnige","devote","roommate",NA,1,NA,NA,NA,NA,NA,1,"money","unclip",NA,NA,NA,1,NA,NA,NA,NA,NA,1,"no clue	","rewrite","seed",NA,NA,1,1,"scream","strike","DON'T KNOW WHAT THIS IS",NA,NA,1,1,"fresh","distill","park car","soup",NA,1,NA,NA,NA,NA,NA,NA,NA,NA,NA,NA,NA,NA,NA,NA,NA,NA,NA,NA,NA,NA,NA,NA,NA,NA,NA,NA,NA,NA,NA,NA
"sxZt1pXLM7kUV1KxULkPh8B0LAjLRoiJMkJRsCZ73YaImMKyBOOpLKcmQuG6iNZP","2026-09-23 09:36:00",10,1,1,"gas mask","freeze","yearn","not sure	","income",1,1,"tidy","pass"," i Dont Knwo ","tumble",NA,1,1,"jab","strangle","asdf",NA,NA,1,NA,NA,NA,NA,NA,1,"poop","remedy","relationship","detect",NA,1,1,"-","miss",NA,NA,NA,1,NA,NA,NA,NA,NA,1,"shine","alert","guidance","i don't know",NA,1,NA,NA,NA,NA,NA,1,"homecom","revenue","quizz","round up",NA,1,NA,NA,NA,NA,NA,1,"promotion","journal",NA,NA,NA,1,1,"quieting","total","yacht","accompany","clench",2,1,"entertain","hush","chug",NA,NA,1,NA,NA,NA,NA,NA,NA,NA,NA,NA,NA,NA,NA,NA,NA,NA,NA,NA,NA,NA,NA,NA,NA,NA,NA,NA,"realx","chisel","courage",NA,NA
"A8tz7HX3m2x4GAoKlJAZ1XfBrXKxo5dGxhoV1dKkNdDkugAvJvRJp9tFe33unNJk","2026-09-23 09:41:00",10,1,1,"return","worrie","earn","mirror",NA,1,1,"	no idea","obtain","genocide","cluck","trigger",1,1,"invite","saucepan","friendship",NA,NA,1,NA,NA,NA,NA,NA,1,"slip","renovate",NA,NA,NA,1,1,"auction","generate","sky dive","dread",NA,1,NA,NA,NA,NA,NA,1,"ride","lessen burden","escape","fame","sun bathe",1,NA,NA,NA,NA,NA,1," i Don't Know What that is","infrastructure",NA,NA,NA,1,NA,NA,NA,NA,NA,1,"basket","simmer","lament",NA,NA,1,1,"cruise","defecate","oversee","nothing","toll",2,1,"secret code","dish","n/a","lol",NA,1,NA,NA,NA,NA,NA,NA,NA,NA,NA,NA,NA,NA,NA,NA,NA,NA,NA,NA,NA,NA,NA,NA,NA,NA,NA,"reference",NA,NA,NA,NA
"iiEF3G6d0Zwa6x3NPBYACZUcLOZpqLcroUzNwnZmTBRu5KQktL3KH9QJT3QpUY37","2026-09-23 09:46:00",10,1,1,"cocktail","constrain","energy",NA,NA,1,1,"potty","desire","pluck","hoover","feast",2,1,"fantisize","proceed","motive","manage money","assault",2,"shock","attract","ebfriend","launch",NA,1,"entertainre","trip","tent",NA,NA,1,1,"insert"," no idea what this is","dilate","motivate","seaweed",2,"host","love","crimp","burnish","flower pot",1,"launch","complement","drift",NA,NA,1,NA,NA,NA,NA,NA,1,"primp","toast","husband","	I DONT KNOW","ferment",2,"map","spice","administrate",NA,NA,1,"birdfeed","hceap","sustain","crack","cheat",2,1,"NO IDEA WHAT THIS IS","stack"," ","ignite","receptacle",2,1,"supress","map","voyage","burgle","situp",2,"render",NA,NA,NA,NA,"log","shuffle","pick up",NA,NA,NA,NA,NA,NA,NA,"recover","fragrance","star","stretch","lubricat",NA,NA,NA,NA,NA,"dont know "," no clue","conclude","chess","movie"
"yLAv948rJF5uUpOa1azj6ddWWLX7U3KcGrE4Zl3iQSXxsNsEg2B3M4KSURKG8jYP","2026-09-23 09:51:00",10,1,1,"screen","self-esteem","loop","repot","archery",1,1,"placemat","mssage","replay","breahte","seafaring",2,1,"reinvigorate","sister",NA,NA,NA,1,NA,NA,NA,NA,NA,1,"mine","rollerskate","treat","wedge",NA,1,1,"arouse","express","melt","irritate","flush",2,"emoji","smell",NA,NA,NA,1,"betray","splash",NA,NA,NA,1,NA,NA,NA,NA,NA,1,"knock","furrow","practice",NA,NA,1,NA,NA,NA,NA,NA,1,"i Don't Know","walking stick","song",NA,NA,1,1,"door stop","skateboard","foster","sop","piggyback",1,1,"memorial","decompress","","extension","airplane",2,"strive","blow away",NA,NA,NA,"magic trick","confess","run away"," No Clue","office",NA,NA,NA,NA,NA,NA,NA,NA,NA,NA,NA,NA,NA,NA,NA,NA,NA,NA,NA,NA
"v7tq2P9zqG6N3xAH4o8GvO1YBrnWjahz5rdJByCbpdgbhBPOwT65OuHZHKYl1uFR","2026-09-23 09:56:00",10,1,1,"gratitude","network","disinfect",NA,NA,1,1,"drug","munch",NA,NA,NA,1,1,"move","butter","wire","haggle","ari",1,NA,NA,NA,NA,NA,1,"	i Don't Know","clothes","zzz","lecture","tape",2,1,"cartoon","warm-up","pawn","leadership","quack",2,"door","uery","sympathize",NA,NA,1,"blend","barge","plead","blowup",NA,1,NA,NA,NA,NA,NA,1,"sleep","upgrade","stimulate","dupe",NA,1,NA,NA,NA,NA,NA,1,"wall ball","salt","lunch",NA,NA,1,1,"diversify","excitement","i Don't Know What that is ",NA,NA,1,1,"hew","not sure	","DONT KNOW	","flee",NA,1,NA,NA,NA,NA,NA,NA,NA,NA,NA,NA,"assert","fresh","bathe","sun bathe","paint",NA,NA,NA,NA,NA,NA,NA,NA,NA,NA,NA,NA,NA,NA,NA
"d6NyWdJP1bcvb4qi8hcmuNgepBmDczes1g8QpCTab6HT2HBFidygOyOYJg6MzUXt","2026-09-23 10:01:00",10,1,1,"decoy","ice","house","water",NA,1,1,"renovate","manage money","wreck","supress",NA,1,1,"Not Sure	","illuminate"," im not sure ","foreplay",NA,1,NA,NA,NA,NA,NA,1,"invite","potteyr","medical use","cull",NA,1,1,"na","discredit","water","press button","stre",1,NA,NA,NA,NA,NA,1,"hitchhike","amputate",NA,NA,NA,1,NA,NA,NA,NA,NA,1,"select","shift","peanut butter","eare","caeg",1,NA,NA,NA,NA,NA,1,"smuggle","guidance",NA,NA,NA,1,1,"tansport","smart","hunt","give",NA,1,1,"vacuum","i Don't Know ","secrecy",NA,NA,1,NA,NA,NA,NA,NA,NA,NA,NA,NA,NA,NA,NA,NA,NA,NA,NA,NA,NA,NA,NA,NA,NA,NA,NA,NA,NA,NA,NA,NA,NA
"garnFORYQ61r3wCyh826JKL8aDnIglWYXHz7MSvIQBIC8H32nBUgalgql6gZBzlN","2026-09-23 10:06:00",10,1,1,"inflame","misplace",NA,NA,NA,1,1,"sprout","exfoliate","peal",NA,NA,1,1,"comb","drench","bale","snwman","define",1,NA,NA,NA,NA,NA,1,"park car","comput","employ","beautify","shove",2,1,"speech","sick","twist","dispatch","quit",1,NA,NA,NA,NA,NA,1,"operate","rcycle","follower","rearrange","interrogate",2,"bomb"," no clue ","shave","eyeing","salt",1,"lunch","spear","return",NA,NA,1,NA,NA,NA,NA,NA,1,"make","cool off","climate change",NA,NA,1,1,"merriment","sunshine","slave","disable","wash",1,1,"bypass","destory","remake","muse","sleigh",2," i Dont Know ","clarity","sandwich","pass",NA,NA,NA,NA,NA,NA,"window","dissect","scub","trail mix",NA,NA,NA,NA,NA,NA,NA,NA,NA,NA,NA,NA,NA,NA,NA,NA
"i7gzsiwaaH625g2xHgXMPfOfI6R9h8LKxyKgcR3DppkfqTpYxlpaGNFv4AOTf78v","2026-09-23 10:11:00",10,1,1,"persuade","swallow",NA,NA,NA,1,1,"sutur"," I DONT KNWO"," ","flex","lightning rod",2,1,"nurture","salute","mat","loot"," NO IDEA",2,"fantasy football","annote","petition","boot","saucepan",1,"exfoliate","zzz","defend","open",NA,1,1,"singer","desert","ejaculate","trauma","hand",2,"appreciate"," i Don't Know ","contribute","building","honor",1,"stab","square","transfusion","hook","bakset",1,NA,NA,NA,NA,NA,1,"dig up","transition",NA,NA,NA,1,NA,NA,NA,NA,NA,1,"involve"," i Dont Know","applause","screech",NA,1,1,"wind","check up",NA,NA,NA,1,1,"advocat","bash",NA,NA,NA,1,NA,NA,NA,NA,NA,"append","layout","birdwatcher",NA,NA,NA,NA,NA,NA,NA,NA,NA,NA,NA,NA,NA,NA,NA,NA,NA,NA,NA,NA,NA,NA
"wKTNXd6bXFAL8q4qqOh2llgWoCGmV4nmEB8h4ybNDi4oesm36R1MtrSdkxNsLMnC","2026-09-23 10:16:00",10,1,1,"bluff","bestow","hardwork","bale","upcycle",2,1,"image","sheer","honor","tanning","tabulate",1,1,"develop","career","ram","trophy","mate",2,"sermon",NA,NA,NA,NA,1,"blacken","injure","combine","breakdown",NA,1,1,"drench","figure","follow",NA,NA,1,NA,NA,NA,NA,NA,1,"don't know what this is ","asdfgh","persecute","small","feedback",2,"loop",NA,NA,NA,NA,1,"drench","update","advisor",NA,NA,1,NA,NA,NA,NA,NA,1,"forehead","designe","personalize","mascot","??",2,1,"na","glare","attack",NA,NA,1,1,"stub","toilet paper",NA,NA,NA,1,NA,NA,NA,NA,NA,NA,NA,NA,NA,NA,NA,NA,NA,NA,NA,"sleep on",NA,NA,NA,NA,"safety net","bedding","flat",NA,NA,NA,NA,NA,NA,NA
"GoSFbC6zIahLMncIpKDjoQ5dleIxSC8jVVFIn9Km4i5Y1NIhpLJUPrByLuQc21a6","2026-09-23 10:21:00",10,1,1,"pass down","scribble","glare","oral sex",NA,1,1,"lighter","scrap paper",NA,NA,NA,1,1,"lecture","bus",NA,NA,NA,1,NA,NA,NA,NA,NA,1," IM NOT SURE ","reecd",NA,NA,NA,1,1,"stake","healthcare","adore","enclose","lead",2,"hot","regret","solo","list",NA,1,"event","sin",NA,NA,NA,1,NA,NA,NA,NA,NA,1,"machin","follower",NA,NA,NA,1,NA,NA,NA,NA,NA,1,"collage","remedy","camouflage",NA,NA,1,1,"whip","lay",NA,NA,NA,1,1,"sedate","ban","discriminate","purify","projectile",2,"sunburn","incriminate","put out",NA,NA,NA,NA,NA,NA,NA,NA,NA,NA,NA,NA,NA,NA,NA,NA,NA,NA,NA,NA,NA,NA,NA,NA,NA,NA,NA
"sBacIiuSQV6IuSUPRTFQmqG3UmmTN9xKph2xv2OOURpgUNOKXSQsxnE8Saex7WkV","2026-09-23 10:26:00",10,1,1,"worship","IDK","sermon","confiscate",NA,1,1,"experience","solidify"," DON'T KNOW WHAT THIS IS ",NA,NA,1,1,"interview","goalpost","I DONT KNOW"," I DONT KNWO ",NA,1,NA,NA,NA,NA,NA,1,"replace","spritz","lack","squeeze","I DONT KNOW ",1,1,"purebreed","defense",NA,NA,NA,1,NA,NA,NA,NA,NA,1,"wtf is this","prayer","clutter","Im not Sure	","roleplay",2,"shake","compress","retrain",NA,NA,1,"transcribe","interview","reconcile","puzzle","	i Don't Know",2,"can","No Clue ","purr",NA,NA,1,"lesah","sail",NA,NA,NA,1,1,"elt","lasso","	i Don't Know","respiration","dont know",2,1,"eye shadow","rollerblad","lack","no comment","wet",2,"born","swinn","	NO IDEA WHAT THIS IS",NA,NA,NA,NA,NA,NA,NA,NA,NA,NA,NA,NA,NA,NA,NA,NA,NA,NA,NA,NA,NA,NA,"breatge","sicken","curl",NA,NA
"kO56Jn0idpJWnDDMSRMIU9DECzlitjq3w7Z1s2KfSCMDE6YZiy9U0xnv6wljxLlh","2026-09-23 10:31:00",10,1,1,"sense","book","fun","eliminate",NA,1,1,"tong","state","scarecrow head","rearrange","hover",1,1,"tennis","tailgate","zzz","ticket","crop",2,"illusion",NA,NA,NA,NA,1,"turn up","??","require","teammate","energize",2,1,"parachute","mean",NA,NA,NA,1,NA,NA,NA,NA,NA,1,"enrich","origami","rewrite","?","boom",1,NA,NA,NA,NA,NA,1,"ingredient","customize",NA,NA,NA,1,NA,NA,NA,NA,NA,1,"regurgitate","DONT KNOW ","ingest","action","compute",1,1,"service","referent","n/a","hull","ornamental",2,1,"compleemnt","blood pressure","tumble","crush","candy",2,"safe","loosen","endanger",NA,NA,NA,NA,NA,NA,NA,"realx"," NO CLUE",NA,NA,NA,NA,NA,NA,NA,NA,NA,NA,NA,NA,NA," dont know ",NA,NA,NA,NA
"LSuU7j19LztOjJyzbaQVC813k4Xs1HHJRzjUOC3xGQR21Jg71xWUBLSqxxfwF8n3","2026-09-23 10:36:00",10,1,1,"drumm","rid","frack"," i Don't Know What that is",NA,1,1,"cereal","survival","ford",NA,NA,1,1,"leisure","asdf","hope","drag","stand",2,"IM NOT SURE ","impression","rehab","enact",NA,1,"put together","tap dance","placemat","xerox","defrost",2,1,"disarm","browse",NA,NA,NA,1,NA,NA,NA,NA,NA,1,"thing","hot","cocktail","assist","defecate",1,NA,NA,NA,NA,NA,1,"refurbish","discriminate",NA,NA,NA,1,NA,NA,NA,NA,NA,1,"banter","attend","publish","hoop","?",1,1,"clean","tinder","hanger","cloth","blow away",1,1,"withdraw","stab","game",NA,NA,1,NA,NA,NA,NA,NA,NA,NA,NA,NA,NA,"muscle",NA,NA,NA,NA,NA,NA,NA,NA,NA,NA,NA,NA,NA,NA,NA,NA,NA,NA,NA
"YReDSBupRsykKwPjPFxhEKJ9WrWhRKquBSvqA45zIjX2ea9uVVVtSygOIdC1LG2h","2026-09-23 10:41:00",10,1,1," No Idea What this is","pasteurize","Don't Know What this is	","no comment","revolve",2,1,"distract","cosplay","select",NA,NA,1,1,"crimp","instrument","turn over","liquid","edit",1,NA,NA,NA,NA,NA,1,"ejaculate","procrastinate","hype",NA,NA,1,1,"model","infuse","hop","coin","cringe",2,"incubate","publicize","beep","expression",NA,1,"trot","silence","??",NA,NA,1,NA,NA,NA,NA,NA,1,"labor","leaves","state","cash out","lock up",1,NA,NA,NA,NA,NA,1,"doorstop","javelin","toboggan","dilut",NA,1,1,"procrastinate","comprehend","smack","swat","flower",1,1,"group","accost","","furnish",NA,1,NA,NA,NA,NA,NA,NA,NA,NA,NA,NA,NA,NA,NA,NA,NA,NA,NA,NA,NA,NA,"i Dont Knwo ","invest","hail","loop","folk",NA,NA,NA,NA,NA
"HgQcnYS7bLBLsGHsEWYXm89MfSMSM8NNKgbmYc1Ws5lXQCnjE1r1xFC1VARqczsu","2026-09-23 10:46:00",10,1,1,"prepare","horrify",NA,NA,NA,1,1,"outfit","wtf is this","party","drip","suture",2,1,"luxury","dehydrate","putt","discharge","commerce",2,"calculate","register",NA,NA,NA,1,"leak","support","vandalize",NA,NA,1,1,"accord","switch","share","link","learn",2,"mark","?","zoom","other","around",1,"ell","asdfgh","categorize","I'M NOT SURE ","brace",2,"passage","right",NA,NA,NA,1,"","wig","grind","confin","life",2,"podcast","party","clog",NA,NA,1,"pleate","no idea ","chess","tutor","quill",2,1,"roam","classify","source","antivenom","scuff",1,1,"squint","teeth",NA,NA,NA,1,NA,NA,NA,NA,NA,"fist bump",NA,NA,NA,NA,NA,NA,NA,NA,NA,"hula hoop",NA,NA,NA,NA,NA,NA,NA,NA,NA,NA,NA,NA,NA,NA
"DN6wJxt2qT1Np5PlWQiffYY3Uj2fhio8LP2BS98Ht1WUs0dFRBairReZaXoTmHEP","2026-09-23 10:51:00",10,1,1,"coerce","quack","na","plan","skewer",1,1,"stick on","visibility","flap",NA,NA,1,1,"asdfgh","plug",NA,NA,NA,1,NA,NA,NA,NA,NA,1,"genocide","crack","sun visor","throw up","drain",1,1,"immortalize","put down","shower","argue","noise cancellation",1,NA,NA,NA,NA,NA,1,"dopamine","	i Don't Know What that is","commission","lol","applause",2,"sculp","ladder","prosecute","burnish",NA,1,"idenfity","turn off","prey",NA,NA,1,NA,NA,NA,NA,NA,1,"screen","cuff","wed","beautiful","revenue",1,1,"javelin","bore","ford",NA,NA,1,1,"pay","scrunchie","	NO IDEA","haul",NA,1,NA,NA,NA,NA,NA,NA,NA,NA,NA,NA,NA,NA,NA,NA,NA,NA,NA,NA,NA,NA,NA,NA,NA,NA,NA,NA,NA,NA,NA,NA
"o5DMFT7lEisuLPj9cmVBQLnIxZkz0iM23cfDJOL9HqvghxE6MFdH5AfsRQ9r0D2j","2026-09-23 10:56:00",10,1,1,"chlorinate","wrench","bang","lathe","host",2,1,"moore","warm-up",".","refund",NA,1,1,"self-pleasure","reap","twist","hammock",NA,1,NA,NA,NA,NA,NA,1,"litigate","recite","reserve","float","astroid",1,1,"hula hoop","intimidate",NA,NA,NA,1,NA,NA,NA,NA,NA,1,"suicide","tribute","define","hull","No Clue ",2,"blackmail","spend","judge","underwear",NA,1,"restart","fix wobble",NA,NA,NA,1,NA,NA,NA,NA,NA,1,"pikc","co-habitate","retreat","call out","sturdy",2,1,"hoop","notepad","dangle","asdf","greet",2,1,"itch","challenge","?","gamble",NA,1,NA,NA,NA,NA,NA,NA,NA,NA,NA,NA,NA,NA,NA,NA,NA,".","road",NA,NA,NA,"reuse","refurbish","	DON'T KNOW WHAT THIS IS","ferment",NA,"torture","swim","take up space",NA,NA
"FibKe5OYiPqz2UUn75mURehUDCnnAmvduGjCpCkj9jFTXR7BfZxkaHsHG0ZZQtwF","2026-09-23 11:01:00",10,1,1,"decontaminat","chance",NA,NA,NA,1,1,"assort","paddleboard","locate","screw driver",NA,1,1,"spellcheck","alarm clock","bathroom","satisfaction","water ski",1,NA,NA,NA,NA,NA,1,"garden","medicate","trail",NA,NA,1,1,"applaud","resist","elevte",NA,NA,1,NA,NA,NA,NA,NA,1,"fantasy football","idea",NA,NA,NA,1,NA,NA,NA,NA,NA,1,"watch"," I DON'T KNOW WHAT THAT IS ","design","electricity",NA,1,NA,NA,NA,NA,NA,1,"hover","","redo","mindfulness","transcrib",2,1,"rak","offer","prosecute",NA,NA,1,1,"demonstrate","sculp","aid","murder","upgrad",1,NA,NA,NA,NA,NA,NA,NA,NA,NA,NA,NA,NA,NA,NA,NA,"garden","slay","snowball fight",NA,NA,NA,NA,NA,NA,NA,NA,NA,NA,NA,NA
"50X4V7q3Et1XAYfAEDSwioMfQS8YbRUtzDW2SFCVjvd0kNGpkiwqdWUnTkiNNE80","2026-09-23 11:06:00",10,1,1,"assess","whistle",NA,NA,NA,1,1,"fire starter","petition","radiate","spatula","prune",1,1,"impregnat","compost",NA,NA,NA,1,NA,NA,NA,NA,NA,1,"ship","ste pon","deodorize","asdf",NA,1,1,"asdf","spill on","aroma","disagree","invoke",2,"echo","transplant",NA,NA,NA,1,"notch"," i Don't Know What that is ",NA,NA,NA,1,NA,NA,NA,NA,NA,1,"fan","crutch","timer","scatter","regulate",1,NA,NA,NA,NA,NA,1,"deep throat"," I DONT KNWO","raft",NA,NA,1,1,"convenience","spool","dispatch","wal","-",1,1,"pee","segregate","truck","bedding","mute",2,"establish","space travel","impale",NA,NA,NA,NA,NA,NA,NA,NA,NA,NA,NA,NA,NA,NA,NA,NA,NA,NA,NA,NA,NA,NA,NA,NA,NA,NA,NA
