"session","created","current_position","w01_prompt","w01_use_01","w01_use_02","w01_use_03","w01_use_04","w01_use_05","w01_more","w02_prompt","w02_use_01","w02_use_02","w02_use_03","w02_use_04","w02_use_05","w02_more","w03_prompt","w03_use_01","w03_use_02","w03_use_03","w03_use_04","w03_use_05","w03_more","w04_prompt","w04_use_01","w04_use_02","w04_use_03","w04_use_04","w04_use_05","w04_more","w05_prompt","w05_use_01","w05_use_02","w05_use_03","w05_use_04","w05_use_05","w05_more","w05_use_06","w05_use_07","w05_use_08","w05_use_09","w05_use_10","w06_prompt","w06_use_01","w06_use_02","w06_use_03","w06_use_04","w06_use_05","w06_more","w07_prompt","w07_use_01","w07_use_02","w07_use_03","w07_use_04","w07_use_05","w07_more","w07_use_06","w07_use_07","w07_use_08","w07_use_09","w07_use_10","w08_prompt","w08_use_01","w08_use_02","w08_use_03","w08_use_04","w08_use_05","w08_more","w09_prompt","w09_use_01","w09_use_02","w09_use_03","w09_use_04","w09_use_05","w09_more","w10_prompt","w10_use_01","w10_use_02","w10_use_03","w10_use_04","w10_use_05","w10_more","w03_use_06","w03_use_07","w03_use_08","w03_use_09","w03_use_10","w06_use_06","w06_use_07","w06_use_08","w06_use_09","w06_use_10","w10_use_06","w10_use_07","w10_use_08","w10_use_09","w10_use_10","w01_use_06","w01_use_07","w01_use_08","w01_use_09","w01_use_10","w04_use_06","w04_use_07","w04_use_08","w04_use_09","w04_use_10","w08_use_06","w08_use_07","w08_use_08","w08_use_09","w08_use_10","w02_use_06","w02_use_07","w02_use_08","w02_use_09","w02_use_10","w09_use_06","w09_use_07","w09_use_08","w09_use_09","w09_use_10"
"WERLbHrisM97Sa8njspLxo48hq1D6V8RsVCSTTGotC7HiHvIiUCrNVOlUHbScfKy","2026-09-23 09:08:00",10,1,"socialize","shr","UNFAMILIAR WITH WORD","transcribe",NA,1,1,"costruct","plant","canoe",NA,NA,1,1,"sip","food-fight","service","zzz","swear",1,1,"clickbait","emphasize",NA,NA,NA,1,1,"tumble","plait"," i Don't Know","inseminate","intake",2,"note","chase",NA,NA,NA,1,"clout","imprint","No Clue	",NA,NA,1,1,"climb","wig","advisor","gloat","spray",2,"assort",NA,NA,NA,NA,1,"run company","gnaw","write","exploit",NA,1,1,"tanning","adjust","render",NA,NA,1,1,"frolic","romance",".","agenda","loathe",1,NA,NA,NA,NA,NA,NA,NA,NA,NA,NA,NA,NA,NA,NA,NA,NA,NA,NA,NA,NA,NA,NA,NA,NA,NA,NA,NA,NA,NA,NA,NA,NA,NA,NA,NA,NA,NA,NA,NA,NA
"lzZBcD4N5WdlEJp4FXc4WDU0QXXMUZa3saiMJqn8EsCLw7dkUMjuSISR0HfCREb4","2026-09-23 09:13:00",10,1,"mend","jaywalk",NA,NA,NA,1,1,"braide","compare",NA,NA,NA,1,1,"calm","juggle","screw","bagel","drip",2,1,"accomplish","outfit","guilt","commune",NA,1,1,"stroller","inhale","usurp","carry out","please",1,NA,NA,NA,NA,NA,1,"struggle","no comment","number","devoure"," dont know ",2,1,"refridgerat","washer","Unfamiliar with Word	"," i Dont Know",NA,1,NA,NA,NA,NA,NA,1,"give away","poo",NA,NA,NA,1,1,"moist","appriase","no idea what this is","tenderize","checkup",1,1,"lol","shae","ship","ice","smck",2," No Idea","scab","arouse",NA,NA,"intimidate","?","reassure",NA,NA,"Im not Sure","wrench","mark","stream","brother",NA,NA,NA,NA,NA,NA,NA,NA,NA,NA,NA,NA,NA,NA,NA,NA,NA,NA,NA,NA,NA,NA,NA,NA,NA
"OQxE9L7Mw12SKUcq9pZmmo3FxWc2uCuUHaraGy5sZW9vGR9PSug2a5hMNwjVlA5c","2026-09-23 09:18:00",10,1,"rob","fort","ice pack","taunt","-",2,1,"retrace","diffuse","snowball fight","replace",NA,1,1,"konw","creep","shell","ground","asdf",2,1,"circus act","quill","measurement","landmark","binn",2,1,"believe","nostalgia","ascend","trot",NA,1,NA,NA,NA,NA,NA,1,"aromatherapy","tear down","nest","no comment","dance",2,1,"startle","augment","buzz","panic",NA,1,NA,NA,NA,NA,NA,1,"shower cap","underwater","gross out","study","expression",1,1,"shred","strap","attain",NA,NA,1,1,"tumble","ovbserve","stability",NA,NA,1,"format","dredge","duel",NA,NA,".",NA,NA,NA,NA,NA,NA,NA,NA,NA,"hook","I'm not Sure	","renew",NA,NA,"trauma","lol","hamburger",NA,NA,NA,NA,NA,NA,NA,NA,NA,NA,NA,NA,NA,NA,NA,NA,NA
"VsSi9vBmSPfWlt7NRbLMin20fVJgh5EyxhB0M3tiDqMhDEh6ip526THZdwm0Gup1","2026-09-23 09:23:00",10,1,"gate","aroma","forehead","labor",NA,1,1,"	unfamiliar with word","license","acknowledge",NA,NA,1,1,"puppet","wheel","don't know what this is ","upgrade"," I'm not Sure",1,1,"lwo","promotion","handstnd","thigh",NA,1,1,"build","discomfort","asdfgh",NA,NA,1,NA,NA,NA,NA,NA,1,"clink","shift",NA,NA,NA,1,1,"pull-up","no idea ","achery","dilute","moo",1,NA,NA,NA,NA,NA,1,"amuse","cue","unfamiliar with word ","i don't know what that is","shout",2,1,"asdf","deprive","sue","alcohol",NA,1,1,"sham","immolate","spin","grievance","nothing",1,NA,NA,NA,NA,NA,NA,NA,NA,NA,NA,NA,NA,NA,NA,NA,NA,NA,NA,NA,NA,NA,NA,NA,NA,NA,"plaster","no idea what this is","sour","cart","dispose",NA,NA,NA,NA,NA,NA,NA,NA,NA,NA
"1rQGGdmkluNiDXwCZmvMMjeDbNuEovZX9qG1U4NeMzFi5e2GsTSOsUHnaqrIz503","2026-09-23 09:28:00",10,1,"sing","brunch","tether","relax","braid",2,1," i Dont Knwo","kettle","I'M NOT SURE ",NA,NA,1,1,"orgasm","battle",NA,NA,NA,1,1,"paraglide"," not sure what this is","pickling","rear","dgi",2,1,"graffit","outfit","attire","textur",NA,1,NA,NA,NA,NA,NA,1,"No Idea","scrutinize","swipe","reduce stress",NA,1,1,"herb","treasur","snipe","bulk","explicit",2,"tarp",NA,NA,NA,NA,1,"eat","secret passage","number","outreach","embroider",1,1,"mud","skill","snipe","lease",NA,1,1,"eye exam","pin",NA,NA,NA,1,NA,NA,NA,NA,NA,NA,NA,NA,NA,NA,NA,NA,NA,NA,NA,"culture","puree","polo","ingest",NA,"father","bike","despise","ride",NA,NA,NA,NA,NA,NA,NA,NA,NA,NA,NA,NA,NA,NA,NA,NA
"g4JaB1MgPE1r4qjranCAuVoa3se9LFY4Hw7KnJj9jwqdBHzKOMXyzPkYnLVzXN3b","2026-09-23 09:33:00",10,1,"readjust","fist-pump","perform","hurl","potty train",2,1,"airplane","replant","usgar","assort","pottery",2,1,"quilt","laugh","contain","but","disassemble",1,1,"canoe","stub","dream","stub",NA,1,1,"tell","shove","rtoubleshoot","accomplice",NA,1,NA,NA,NA,NA,NA,1,"zzz","plumb","nauseate","donate","alternate",2,1," I DONT KNOW","stink","hire","high",NA,1,NA,NA,NA,NA,NA,1,"corral","self-esteem","rag","ensure","action",2,1,"siphon","thanksgive","thrive","paralyze","grievance",1,1,"pacify","sunbathe","dizyz","wobble","leverage",1,NA,NA,NA,NA,NA,"set up",NA,NA,NA,NA,NA,NA,NA,NA,NA," DONT KNOW ","jiggle",NA,NA,NA,NA,NA,NA,NA,NA,"responsibility",NA,NA,NA,NA,"tug-of-war","refuel","noise","spell",NA,NA,NA,NA,NA,NA
"sxZt1pXLM7kUV1KxULkPh8B0LAjLRoiJMkJRsCZ73YaImMKyBOOpLKcmQuG6iNZP","2026-09-23 09:38:00",10,1,"fluid","gargle","armor",NA,NA,1,1,"saucepan","scout",NA,NA,NA,1,1,"don't know what this is	","asdfgh","hoover","sleep","gel",1,1,"abg","direct","bat",NA,NA,1,1,"trauma","I'm not Sure","buckle","exist","refract",2,"rod","braide","fund","slick","saddle",1,"unravel","modesty","google","sew",NA,1,1,"DONT KNOW ","oven mitt","critique",NA,NA,1,NA,NA,NA,NA,NA,1,"archaeology","stalk","process","plant","parasailing",2,1,"mince","frightene","sift","oven mitt","deal",2,1,"ice pick","glasses","roll in","slip on"," IDK",1,NA,NA,NA,NA,NA,NA,NA,NA,NA,NA,NA,NA,NA,NA,NA,NA,NA,NA,NA,NA,NA,NA,NA,NA,NA,"contribute","herb","deodorize","instert",NA,NA,NA,NA,NA,NA,"business",NA,NA,NA,NA
"A8tz7HX3m2x4GAoKlJAZ1XfBrXKxo5dGxhoV1dKkNdDkugAvJvRJp9tFe33unNJk","2026-09-23 09:43:00",10,1,"bedroom","stroll","deposit","flap","colonoscopy",1,1,"splashed","frolic","christen","descend",NA,1,1,"unravel","suction","refridgerate","assemble",NA,1,1,"extinguish"," I DON'T KNOW",NA,NA,NA,1,1,"family","explode","drizzle","asdf",NA,1,NA,NA,NA,NA,NA,1,"-","cocnlude","puere","woodworking","sketchbook",1,1,"launder","leadership","impress","communion"," I DONT KNOW ",2,"asdfgh","turn in","soil",NA,NA,1,"asdf","forget","i Don't Know ",NA,NA,1,1,"career"," No Clue ","shut out","I DON'T KNOW WHAT THAT IS","unthaw",2,1,"shatter","sun bathe","errand","sleeve","	UNFAMILIAR WITH WORD",1,NA,NA,NA,NA,NA,NA,NA,NA,NA,NA,NA,NA,NA,NA,NA,NA,NA,NA,NA,NA,NA,NA,NA,NA,NA,NA,NA,NA,NA,NA,NA,NA,NA,NA,NA,"decease","stoke","plunge","schdule",NA
"iiEF3G6d0Zwa6x3NPBYACZUcLOZpqLcroUzNwnZmTBRu5KQktL3KH9QJT3QpUY37","2026-09-23 09:48:00",10,1,"hair clip","kid","control infection",NA,NA,1,1,"advertise","reinvigorate","rebuild"," IDK ","card",1,1," ","scream","drill",NA,NA,1,1,"	IM NOT SURE","swish","lop",NA,NA,1,1,"accomplice","ose","tone","hair tie","quiet",1,NA,NA,NA,NA,NA,1,"skirt","income","aesthetic",NA,NA,1,1,"storage","hair cut","refurbish","oil","send away",2,"soccer",NA,NA,NA,NA,1,"no comment","fellowship","foundation","no comment",NA,1,1,"screech","spar","enemy","peace","sprinkle",2,1,"lessen","secure","film","infer","glaze",2,NA,NA,NA,NA,NA,NA,NA,NA,NA,NA,"turn on",NA,NA,NA,NA,NA,NA,NA,NA,NA,NA,NA,NA,NA,NA,NA,NA,NA,NA,NA,NA,NA,NA,NA,NA,"expert"," I DON'T KNOW WHAT THAT IS",NA,NA,NA
"yLAv948rJF5uUpOa1azj6ddWWLX7U3KcGrE4Zl3iQSXxsNsEg2B3M4KSURKG8jYP","2026-09-23 09:53:00",10,1,"invade","zzz","chance","	NOT SURE WHAT THIS IS",NA,1,1,"semaphore","do","subscribe","keepin",NA,1,1,"speech","erection","lather","diary",NA,1,1,"slither","quote","blotch",NA,NA,1,1,"reduce stress","testify","snowangel",NA,NA,1,NA,NA,NA,NA,NA,1,"showdown","i don't know ","","crab",NA,1,1,"snowball","prop","sugar","nut","asdf",1,NA,NA,NA,NA,NA,1,"update","asphyxiate",NA,NA,NA,1,1,"flag","rumor","season","vase","frost",2,1,"swinn","zzz","noodle","griddle",NA,1,NA,NA,NA,NA,NA,NA,NA,NA,NA,NA,NA,NA,NA,NA,NA,NA,NA,NA,NA,NA,NA,NA,NA,NA,NA,NA,NA,NA,NA,NA,NA,NA,NA,NA,NA,"beautify",NA,NA,NA,NA
"v7tq2P9zqG6N3xAH4o8GvO1YBrnWjahz5rdJByCbpdgbhBPOwT65OuHZHKYl1uFR","2026-09-23 09:58:00",10,1,"sermon","algebra","lessen","soak","i Dont Know	",1,1,"plough","nothing",NA,NA,NA,1,1,"urinate","breakup",NA,NA,NA,1,1,"UNFAMILIAR WITH WORD","photoshop","lemonade","basketball","interact",2,1,"hate","grind","	Idk","grievance","graph",2,"acquire",NA,NA,NA,NA,1,"alternate","point","salivate",NA,NA,1,1,"write","cash","deserve",NA,NA,1,NA,NA,NA,NA,NA,1,"grievance","posture",NA,NA,NA,1,1,"sail","cash","alter","perfume",NA,1,1,"hands free","ostracise","spill",NA,NA,1,NA,NA,NA,NA,NA,NA,NA,NA,NA,NA,NA,NA,NA,NA,NA,NA,NA,NA,NA,NA,"door stop","urinate","jump","?","thanksgive",NA,NA,NA,NA,NA,NA,NA,NA,NA,NA,NA,NA,NA,NA,NA
"d6NyWdJP1bcvb4qi8hcmuNgepBmDczes1g8QpCTab6HT2HBFidygOyOYJg6MzUXt","2026-09-23 10:03:00",10,1,"set up","catch","n/a","tutor","defrost",2,1," No Clue ","resistance","asdfgh"," ","tissue",2,1,"c;lean","contract",NA,NA,NA,1,1,"refridgerat","interview","paperwork","	im not sure","rehabilitate",2,1,"n/a","shinning","lay out","insult","show off",2,"binn","brainstorm","steam",NA,NA,1,"strum","put together","flip",NA,NA,1,1,"activity","deflate","saddle",NA,NA,1,NA,NA,NA,NA,NA,1,"potty train","device","pike","take up space","poo",1,1,"birdwatch","indulge","need","privacy","amaze",2,1,"intensify","coach","press button"," NOT SURE ",NA,1,NA,NA,NA,NA,NA,NA,NA,NA,NA,NA,NA,NA,NA,NA,NA,"dump","deal","snack","archery","fix","warmer","brake","ilk","thigh","nothing",NA,NA,NA,NA,NA,"shade","hate","repot",NA,NA,"estimate","camoflage","shacke",NA,NA
"garnFORYQ61r3wCyh826JKL8aDnIglWYXHz7MSvIQBIC8H32nBUgalgql6gZBzlN","2026-09-23 10:08:00",10,1,"berate"," i dont know","jam","remake","oxygenate",2,1,"drown","incite",NA,NA,NA,1,1,"howl"," No Clue","synchronize","memorize","perch",1,1,"horde","loud","laundry","bit","petition",1,1,"howl","milk","venom","skate","rude",2,"i don't know what that is	","put together","patrol","raid","jayawlk",1,"alter","digest","sicken","employ",NA,1,1,"vent","diagnose","cup","spank","hallucinate",1,NA,NA,NA,NA,NA,1,"liquidate","ach","disclose","mourn","cricket",2,1,"fore","effect","wed","color","hydrate",2,1," ","debate","wack",NA,NA,1,NA,NA,NA,NA,NA,NA,NA,NA,NA,NA,NA,NA,NA,NA,NA,"rewound","demonstrate","get lost","include",NA,NA,NA,NA,NA,NA,"block noise","brother","tighten","quiet","permission",NA,NA,NA,NA,NA,"overwhelm",NA,NA,NA,NA
"i7gzsiwaaH625g2xHgXMPfOfI6R9h8LKxyKgcR3DppkfqTpYxlpaGNFv4AOTf78v","2026-09-23 10:13:00",10,1,"multitask","suckle","I DON'T KNOW ","lighte","chest bump",1,1,"sword"," Dont Know ",NA,NA,NA,1,1,"revive","receive",NA,NA,NA,1,1,"report","twitch","excercise","i Dont Knwo	",NA,1,1,"construction"," ","trace","upload","yardstick",1,NA,NA,NA,NA,NA,1,"flammable","wtf is this","exite","catch up",NA,1,1,"air","advocate","secrecy","peruse","masturbat",2,"critique","holiday","render",NA,NA,1,"hear","barbecue","sickness","nai","lesson",2,1,"trick","re","instruct","refresh","lands",2,1,"photoshop","speculate"," ","gag",NA,1,NA,NA,NA,NA,NA,NA,NA,NA,NA,NA,NA,NA,NA,NA,NA,NA,NA,NA,NA,NA,NA,NA,NA,NA,NA,"expire","shr","stress relief","na",NA,NA,NA,NA,NA,NA,"occupy","scribble","appoint",NA,NA
"wKTNXd6bXFAL8q4qqOh2llgWoCGmV4nmEB8h4ybNDi4oesm36R1MtrSdkxNsLMnC","2026-09-23 10:18:00",10,1,"turn on","roast","refinish","fabric",NA,1,1,"mobile","smear","blanch","treehouse","roe play",2,1,"employ"," NO CLUE","click","machin",NA,1,1,"frighten","errand","tugge","bring","lol",2,1,"conserve","refurbish","asdfgh","w","stick",2,"jump start"," I DONT KNWO",NA,NA,NA,1,"show off","location","bask","pillow",NA,1,1,"bench","entertainer","spill on","stationary","accomplice",2,"protest","iritate","wakeboard",NA,NA,1,"vanish","guacaole","pucker","office","cat bed",2,1,"mouth","i Dont Knwo ","reuse","no comment","train",2,1,"upgrad","asdf","ach","reverse","fast forward",2,NA,NA,NA,NA,NA,NA,NA,NA,NA,NA,"cool off","ignit","lunch","reconnect",NA,NA,NA,NA,NA,NA,"mention"," i'm not sure ","saftey",NA,NA,"flatten","rid","floss","hinge","spectate","worrie","swat","target","treehouse","bubble bath","aide","case","slam","sit on","resistance"
"GoSFbC6zIahLMncIpKDjoQ5dleIxSC8jVVFIn9Km4i5Y1NIhpLJUPrByLuQc21a6","2026-09-23 10:23:00",10,1,"gas mask","bank"," ",NA,NA,1,1,"hair tie","yardstick",NA,NA,NA,1,1,"snowangel","thrift","swing","tape",NA,1,1,"playpen","croak","package"," Don't Know What this is",NA,1,1,"leaky","bike"," i dont knwo","honeymoon",NA,1,NA,NA,NA,NA,NA,1,"birdfeeder","swab","microphone","	DONT KNOW","purpose",1,1,"position","whiten"," Unfamiliar with Word","amuse",NA,1,NA,NA,NA,NA,NA,1,"weed","??","exclaim","trick or treat",NA,1,1,"no comment","field goal","paraglide"," no clue","sermon",1,1,"put away","fuel","dump out","parent","scream",2,NA,NA,NA,NA,NA,NA,NA,NA,NA,NA,"drive","pull-up",NA,NA,NA,NA,NA,NA,NA,NA,NA,NA,NA,NA,NA,NA,NA,NA,NA,NA,NA,NA,NA,NA,NA,NA,NA,NA,NA,NA
"sBacIiuSQV6IuSUPRTFQmqG3UmmTN9xKph2xv2OOURpgUNOKXSQsxnE8Saex7WkV","2026-09-23 10:28:00",10,1,"examine","persecute","build up",NA,NA,1,1,"price","??","pick up","conversation","hardwork",1,1,"rejoin","pop pimple","drift","reside","spectat",2,1,"","i Don't Know What that is	","temperature","refine","paddle board",2,1,"fod","fist"," I'M NOT SURE",NA,NA,1,NA,NA,NA,NA,NA,1,"cope","tune",NA,NA,NA,1,1,"reciprocate","free","step in","bathroom",NA,1,NA,NA,NA,NA,NA,1,"but"," No Clue ","authority","force","-",2,1,"shape","incite","mutilate"," no idea what this is ",NA,1,1,"i dont knwo","deisgn",NA,NA,NA,1,"let go","control","scout","accessorize",NA,NA,NA,NA,NA,NA,NA,NA,NA,NA,NA,NA,NA,NA,NA,NA,"cope","tigthen",NA,NA,NA,"provoke","operate",NA,NA,NA,NA,NA,NA,NA,NA,NA,NA,NA,NA,NA
"kO56Jn0idpJWnDDMSRMIU9DECzlitjq3w7Z1s2KfSCMDE6YZiy9U0xnv6wljxLlh","2026-09-23 10:33:00",10,1,"complement","critique",NA,NA,NA,1,1,"syrup","dunk",NA,NA,NA,1,1,"measure","orient",NA,NA,NA,1,1,"obey","siphon","NO IDEA","nutrition","sovlent",1,1,"","syrup","rest","photo","sit on",1,NA,NA,NA,NA,NA,1,"stock","purpose","role play",NA,NA,1,1,"refridgerat","state","recuperate","cup holder","bet",2,"i dont know	","believe",NA,NA,NA,1,"justify","tablecloth","hem","indulge","photographing",1,1,"engineer","flurry",NA,NA,NA,1,1,"plait","bin","harass",NA,NA,1,NA,NA,NA,NA,NA,NA,NA,NA,NA,NA,NA,NA,NA,NA,NA,NA,NA,NA,NA,NA,NA,NA,NA,NA,NA,NA,NA,NA,NA,NA,NA,NA,NA,NA,NA,NA,NA,NA,NA,NA
"LSuU7j19LztOjJyzbaQVC813k4Xs1HHJRzjUOC3xGQR21Jg71xWUBLSqxxfwF8n3","2026-09-23 10:38:00",10,1,"whitle","stick up","compresse","office","light fixture",1,1,"mood","checkup",NA,NA,NA,1,1,"attendant","scarf","manscape",NA,NA,1,1,"startle","?",NA,NA,NA,1,1,"rever","fatten","snatch","leave",NA,1,NA,NA,NA,NA,NA,1,"alleviate","immolate","dance",NA,NA,1,1,"waste","memorial",NA,NA,NA,1,NA,NA,NA,NA,NA,1,"feast","paseurize","therapy","strategy","??",2,1,"accost","forake","rewrite"," ","accompany",1,1,"meow","homicide","dewrinkle","tighten",NA,1,NA,NA,NA,NA,NA,NA,NA,NA,NA,NA,NA,NA,NA,NA,NA,NA,NA,NA,NA,NA,NA,NA,NA,NA,NA," I DON'T KNOW WHAT THAT IS ","mindfulness","widen","poncho","announcement",NA,NA,NA,NA,NA,NA,NA,NA,NA,NA
"YReDSBupRsykKwPjPFxhEKJ9WrWhRKquBSvqA45zIjX2ea9uVVVtSygOIdC1LG2h","2026-09-23 10:43:00",10,1,"barrele","breatge","communion","worshipe",NA,1,1,"descend","pour","disinfect","graffiti","culture",2,1,"shovel","caffeine",NA,NA,NA,1,1,"sell","government","cleanse","I'M NOT SURE","join",2,1,"whisper","cork","saucepan","sunshine","rollerskate",2,"line up","intoxicate",NA,NA,NA,1,"coordinate","chastise","warm up","laundry","luck",2,1,"barricade","slaughter",NA,NA,NA,1,NA,NA,NA,NA,NA,1,"socialize"," No Idea What this is","slave","evoke","dispatch",2,1,"contraception","cat bed","scout","hit","-",2,1,"deactivate","gather","appease","ease",NA,1,NA,NA,NA,NA,NA,"annihilate","link","umbrella","comfortable",NA,NA,NA,NA,NA,NA,NA,NA,NA,NA,NA,"mitigate","moisturizer","note","ski",NA,"ohllow"," Idk ","maintain","sleeping mat",NA,"refill","raffle","run","combine",NA,"smother","personalize","fake","hoist","evoke"
"HgQcnYS7bLBLsGHsEWYXm89MfSMSM8NNKgbmYc1Ws5lXQCnjE1r1xFC1VARqczsu","2026-09-23 10:48:00",10,1,"apply","merriment","exhibit","dock","origami",2,1,"rehabilitat","recover","breakdown"," i'm not sure ","lol",1,1,"rant","tug",NA,NA,NA,1,1,"torture","meet","asdfgh","light fixture","appeal",2,1,"rule","open","pleate","stain",NA,1,NA,NA,NA,NA,NA,1,"rag","no comment","IM NOT SURE","sip",NA,1,1,"tighten","headrest","break",NA,NA,1,NA,NA,NA,NA,NA,1,"refuse","understand","","I'M NOT SURE	","bathing suit",2,1,"compete","frisbee","nourish","dedicate","baseball",2,1,"routine","reced","meeting","pave",NA,1,NA,NA,NA,NA,NA,NA,NA,NA,NA,NA,NA,NA,NA,NA,NA,"knowledge","tick","antiseptic","asdfgh",NA,"sleeping mat","hula hoop","considerate","gather",NA,"compensate","measure","butcher","derive",NA,NA,NA,NA,NA,NA,"lament","dilute",NA,NA,NA
"DN6wJxt2qT1Np5PlWQiffYY3Uj2fhio8LP2BS98Ht1WUs0dFRBairReZaXoTmHEP","2026-09-23 10:53:00",10,1,"smores","conduct","dig up","sugar",NA,1,1,"image","dinn","teeth","convince","nominate",2,1,"baton","square","hand","scurry","dirty",1,1,"ote","torture","unclip",NA,NA,1,1,"pest control","shell","redecorate","model","luck",1,NA,NA,NA,NA,NA,1,"chastise","knock over","flirt","tithe","terminate",1,1,"oxygenate","blow away","socalize",NA,NA,1,NA,NA,NA,NA,NA,1,"rejoin","kind",NA,NA,NA,1,1,"unknot","	DON'T KNOW WHAT THIS IS",NA,NA,NA,1,1,"bread","memorialize","na","evaporate",NA,1,NA,NA,NA,NA,NA,NA,NA,NA,NA,NA,NA,NA,NA,NA,NA,NA,NA,NA,NA,NA,NA,NA,NA,NA,NA,NA,NA,NA,NA,NA,"caregive",NA,NA,NA,NA,NA,NA,NA,NA,NA
"o5DMFT7lEisuLPj9cmVBQLnIxZkz0iM23cfDJOL9HqvghxE6MFdH5AfsRQ9r0D2j","2026-09-23 10:58:00",10,1,"aerate","lol","lol","generate","tranquilize",1,1,"	DONT KNOW","detect",NA,NA,NA,1,1,"approve","retrace","lube","?","hockey puck",2,1,"no idea ","lip balm","habitat","asdf","sandwich",2,1,"endanger","mess up","activity","caffeinate","put down",1,NA,NA,NA,NA,NA,1,"reveal","milkshake",NA,NA,NA,1,1,"toll","torch","provoke","ram",NA,1,NA,NA,NA,NA,NA,1,"plan","apologize","roast","half","don't know what this is",1,1,"reinvigorate","manicure",NA,NA,NA,1,1,"rewound","soap","hurdle","sit in","shower",2,"asdfgh",NA,NA,NA,NA,NA,NA,NA,NA,NA,"unearth",NA,NA,NA,NA,NA,NA,NA,NA,NA,"progress","crochet","doze",NA,NA,NA,NA,NA,NA,NA,NA,NA,NA,NA,NA,NA,NA,NA,NA,NA
"FibKe5OYiPqz2UUn75mURehUDCnnAmvduGjCpCkj9jFTXR7BfZxkaHsHG0ZZQtwF","2026-09-23 11:03:00",10,1,"detain","sheath","holler","make","wrestle",1,1,"karaoke","steam","present","self-degradation","memorial",2,1,"host","therapy","break fall","statement","zzz",1,1,"mistake","rude","ind","unfamiliar with word	","free",2,1,"shatter","slosh","holler","mistreat","howl",1,NA,NA,NA,NA,NA,1,"chisel","sunbathe","st up",NA,NA,1,1,"snake","account",NA,NA,NA,1,NA,NA,NA,NA,NA,1,"rebuild","represent","-",NA,NA,1,1,"clog"," not sure what this is ","surgery",NA,NA,1,1,"heighten","attain","approve","zip",NA,1,NA,NA,NA,NA,NA,NA,NA,NA,NA,NA,NA,NA,NA,NA,NA,NA,NA,NA,NA,NA,"income","sneak","concoct","constrict","UNFAMILIAR WITH WORD	",NA,NA,NA,NA,NA,"dribble","dopamine",NA,NA,NA,NA,NA,NA,NA,NA
"50X4V7q3Et1XAYfAEDSwioMfQS8YbRUtzDW2SFCVjvd0kNGpkiwqdWUnTkiNNE80","2026-09-23 11:08:00",10,1,"reced","suite","sustain","impose","-",1,1,"??","reduce stress",NA,NA,NA,1,1,"wellbeing","Not Sure What this is	",NA,NA,NA,1,1,"match","endanger","detach","manipulat",NA,1,1,"negate","undress","loose",NA,NA,1,NA,NA,NA,NA,NA,1," ","plug in","pay respect","pullup","lecture",2,1,"diminish","renovate","exhibit",NA,NA,1,NA,NA,NA,NA,NA,1,"shrink","satisfy","let go","anchor","I DONT KNOW ",1,1,"prescrib","amputate",NA,NA,NA,1,1,"confess","consult","starr","funnel"," i dont know",2,NA,NA,NA,NA,NA,"knock over","nurture","promise","",NA,"mouth","pucker","nothing","lesson",NA,NA,NA,NA,NA,NA,NA,NA,NA,NA,NA,NA,NA,NA,NA,NA,NA,NA,NA,NA,NA,NA,NA,NA,NA,NA
