"cue","n_total","needs_norming"
"abdomen",33,"No"
"absinthe",26,"Yes"
"accessory",32,"No"
"accordion",27,"Yes"
"accountant",28,"Yes"
"acne",29,"Yes"
"acorn",38,"No"
"acrobat",26,"Yes"
"actor",28,"Yes"
"actress",32,"No"
"acupuncture",35,"No"
"adapter",30,"No"
"addict",31,"No"
"adult",28,"Yes"
"advisor",35,"No"
"afro",30,"No"
"aftershave",28,"Yes"
"aircraft",26,"Yes"
"airman",28,"Yes"
"airplane",28,"Yes"
"album",35,"No"
"alcohol",28,"Yes"
"ale",27,"Yes"
"alfalfa",27,"Yes"
"algae",30,"No"
"almond",31,"No"
"altar",27,"Yes"
"altarpiece",28,"Yes"
"aluminum",30,"No"
"ambulance",27,"Yes"
"ammunition",51,"No"
"amphibian",32,"No"
"amulet",33,"No"
"anchor",25,"Yes"
"anchovy",26,"Yes"
"animal",38,"No"
"ankle",25,"Yes"
"anklet",38,"No"
"announcer",25,"Yes"
"ant",29,"Yes"
"antenna",36,"No"
"antennae",29,"Yes"
"antibiotics",30,"No"
"antihistamine",34,"No"
"antique",58,"No"
"antiseptics",31,"No"
"anus",34,"No"
"apartment",65,"No"
"apparatus",35,"No"
"apparel",30,"No"
"appendage",28,"Yes"
"appetizer",27,"Yes"
"apple",28,"Yes"
"appliance",37,"No"
"applicator",26,"Yes"
"appraiser",33,"No"
"apprentice",33,"No"
"apricot",37,"No"
"apron",38,"No"
"aquarium",28,"Yes"
"arachnid",30,"No"
"archives",26,"Yes"
"arm",35,"No"
"armband",30,"No"
"armoire",27,"Yes"
"armor",30,"No"
"armpit",26,"Yes"
"arrow",29,"Yes"
"arrowhead",26,"Yes"
"artichoke",27,"Yes"
"artifact",35,"No"
"artist",26,"Yes"
"ash",69,"No"
"ashcan",31,"No"
"ashtray",32,"No"
"asparagus",28,"Yes"
"ass",32,"No"
"assassin",27,"Yes"
"assemblyman",29,"Yes"
"asshole",33,"No"
"astronaut",29,"Yes"
"athlete",25,"Yes"
"atlas",26,"Yes"
"attendant",25,"Yes"
"attire",29,"Yes"
"attorney",32,"No"
"auditorium",31,"No"
"aunt",33,"No"
"author",30,"No"
"auto",34,"No"
"automobile",26,"Yes"
"automotive",27,"Yes"
"avocado",30,"No"
"awning",28,"Yes"
"axe",97,"No"
"axle",33,"No"
"azalea",28,"Yes"
"babe",28,"Yes"
"baby",28,"Yes"
"backboard",29,"Yes"
"backbone",34,"No"
"backdoor",26,"Yes"
"backgammon",28,"Yes"
"backpack",28,"Yes"
"backscratcher",26,"Yes"
"bacon",27,"Yes"
"badge",30,"No"
"badminton",26,"Yes"
"bag",24,"Yes"
"baggage",30,"No"
"bagpipe",50,"No"
"bait",26,"Yes"
"baklava",29,"Yes"
"balcony",35,"No"
"ball",33,"No"
"ballerina",28,"Yes"
"balloon",34,"No"
"balloonist",27,"Yes"
"ballot",27,"Yes"
"ballplayer",28,"Yes"
"balm",33,"No"
"bamboo",27,"Yes"
"banana",25,"Yes"
"band",27,"Yes"
"bandage",29,"Yes"
"bangle",33,"No"
"banister",27,"Yes"
"banjo",29,"Yes"
"bank",25,"Yes"
"bankbook",26,"Yes"
"banknote",29,"Yes"
"banquet",30,"No"
"barbecue",26,"Yes"
"barber",34,"No"
"barkeep",25,"Yes"
"barley",26,"Yes"
"barman",29,"Yes"
"barn",27,"Yes"
"barnacle",28,"Yes"
"barrel",26,"Yes"
"barrette",26,"Yes"
"barricade",35,"No"
"bartender",39,"No"
"baseball",35,"No"
"baseboard",27,"Yes"
"basement",28,"Yes"
"basil",27,"Yes"
"basin",29,"Yes"
"basket",27,"Yes"
"basketball",28,"Yes"
"bass",36,"No"
"bassinet",25,"Yes"
"bat",39,"No"
"bath",27,"Yes"
"bathe",33,"No"
"bathroom",38,"No"
"bathtub",28,"Yes"
"baton",26,"Yes"
"battery",27,"Yes"
"battleship",30,"No"
"bayonet",27,"Yes"
"bazooka",29,"Yes"
"beach",27,"Yes"
"beachwear",27,"Yes"
"bead",34,"No"
"beagle",33,"No"
"beaker",28,"Yes"
"beanstalk",36,"No"
"beard",33,"No"
"beautician",30,"No"
"bed",26,"Yes"
"bedclothes",24,"Yes"
"bedpost",26,"Yes"
"bedroom",33,"No"
"bedspread",39,"No"
"beef",32,"No"
"beefcake",34,"No"
"beefsteak",27,"Yes"
"beer",37,"No"
"beet",33,"No"
"beetle",26,"Yes"
"beggar",27,"Yes"
"bell",29,"Yes"
"bellboy",29,"Yes"
"bellflower",32,"No"
"bellman",29,"Yes"
"belly",32,"No"
"belongings",29,"Yes"
"belt",36,"No"
"bench",29,"Yes"
"beret",27,"Yes"
"berry",36,"No"
"beverage",34,"No"
"bib",27,"Yes"
"bible",38,"No"
"bicep",34,"No"
"bicycle",25,"Yes"
"bifocals",52,"No"
"bike",29,"Yes"
"bill",27,"Yes"
"billfold",31,"No"
"billiards",31,"No"
"bin",35,"No"
"binoculars",37,"No"
"biologist",30,"No"
"bird",34,"No"
"birdbath",27,"Yes"
"birdseed",34,"No"
"birthmark",28,"Yes"
"biscuit",31,"No"
"bistro",26,"Yes"
"blackberry",34,"No"
"blackboard",29,"Yes"
"blackhead",46,"No"
"blade",38,"No"
"blanket",27,"Yes"
"blazer",33,"No"
"bleach",28,"Yes"
"bleacher",36,"No"
"blender",27,"Yes"
"blindfold",33,"No"
"blister",32,"No"
"block",32,"No"
"bloke",25,"Yes"
"blood",31,"No"
"bloodhound",36,"No"
"bloomers",29,"Yes"
"blouse",32,"No"
"blower",28,"Yes"
"blowgun",27,"Yes"
"blowtorch",27,"Yes"
"blueberry",29,"Yes"
"bluefish",27,"Yes"
"blueprint",25,"Yes"
"boa",32,"No"
"board",27,"Yes"
"boardinghouse",26,"Yes"
"boat",25,"Yes"
"boathouse",33,"No"
"boatman",27,"Yes"
"bobsleigh",29,"Yes"
"bodice",26,"Yes"
"body",28,"Yes"
"bodybuilder",30,"No"
"bodyguard",27,"Yes"
"bolt",33,"No"
"bomb",28,"Yes"
"bonbon",29,"Yes"
"bondsman",29,"Yes"
"bone",34,"No"
"bong",29,"Yes"
"bonnet",27,"Yes"
"book",31,"No"
"bookbinder",26,"Yes"
"bookcase",29,"Yes"
"bookend",28,"Yes"
"bookkeeper",28,"Yes"
"booklet",27,"Yes"
"bookmark",27,"Yes"
"bookmarker",29,"Yes"
"bookseller",28,"Yes"
"bookshelf",27,"Yes"
"boomerang",27,"Yes"
"boot",48,"No"
"booth",34,"No"
"bootlace",36,"No"
"booze",28,"Yes"
"bosom",30,"No"
"bottle",28,"Yes"
"boulder",35,"No"
"bouquet",36,"No"
"bourbon",27,"Yes"
"boutique",26,"Yes"
"bowl",27,"Yes"
"bowling",29,"Yes"
"box",28,"Yes"
"boxer",27,"Yes"
"boy",33,"No"
"boyfriend",37,"No"
"bra",51,"No"
"brace",24,"Yes"
"bracelet",28,"Yes"
"braid",35,"No"
"branch",26,"Yes"
"brandy",26,"Yes"
"brass",34,"No"
"bratwurst",28,"Yes"
"bread",29,"Yes"
"breadbasket",31,"No"
"breakfast",24,"Yes"
"breastbone",34,"No"
"breastplate",27,"Yes"
"breasts",59,"No"
"breeches",27,"Yes"
"brick",30,"No"
"bricklayer",27,"Yes"
"brickwork",35,"No"
"bridegroom",33,"No"
"bridesmaid",28,"Yes"
"bridge",27,"Yes"
"briefcase",28,"Yes"
"briefs",29,"Yes"
"brisket",25,"Yes"
"broach",33,"No"
"broccoli",38,"No"
"brochure",30,"No"
"broiler",28,"Yes"
"broker",27,"Yes"
"brooch",26,"Yes"
"broom",39,"No"
"broomstick",29,"Yes"
"broth",36,"No"
"brother",34,"No"
"brow",26,"Yes"
"brush",50,"No"
"bubble",27,"Yes"
"buck",26,"Yes"
"bucket",30,"No"
"buckle",37,"No"
"buckwheat",29,"Yes"
"buddy",31,"No"
"buffalo",37,"No"
"buffet",25,"Yes"
"bug",36,"No"
"bugle",30,"No"
"builder",29,"Yes"
"building",28,"Yes"
"bulb",39,"No"
"bulldozer",28,"Yes"
"bullet",32,"No"
"bullfighter",25,"Yes"
"bullfrog",29,"Yes"
"bully",37,"No"
"bum",31,"No"
"bun",31,"No"
"bunion",26,"Yes"
"bunk",27,"Yes"
"bunkhouse",34,"No"
"bunkmate",35,"No"
"bunny",28,"Yes"
"buoy",34,"No"
"burger",27,"Yes"
"burglar",27,"Yes"
"burlap",29,"Yes"
"bus",28,"Yes"
"bush",27,"Yes"
"businessman",26,"Yes"
"businesswoman",34,"No"
"busman",29,"Yes"
"butcher",26,"Yes"
"butt",35,"No"
"butter",38,"No"
"buttercup",28,"Yes"
"buttermilk",36,"No"
"butterscotch",27,"Yes"
"buttocks",55,"No"
"button",28,"Yes"
"buttonhole",27,"Yes"
"buttonhook",27,"Yes"
"bystander",31,"No"
"cab",31,"No"
"cabbage",31,"No"
"cabdriver",29,"Yes"
"cabin",36,"No"
"cabinet",35,"No"
"cable",32,"No"
"cactus",53,"No"
"caddy",25,"Yes"
"cadet",30,"No"
"cadillac",30,"No"
"cafe",26,"Yes"
"cafeteria",28,"Yes"
"cage",30,"No"
"cake",29,"Yes"
"calculator",32,"No"
"calender",29,"Yes"
"calf",55,"No"
"calipers",26,"Yes"
"camel",28,"Yes"
"camera",29,"Yes"
"camisole",27,"Yes"
"can",27,"Yes"
"candidate",28,"Yes"
"candle",32,"No"
"candlestick",26,"Yes"
"candy",27,"Yes"
"cane",32,"No"
"canine",30,"No"
"cannabis",26,"Yes"
"cannonball",27,"Yes"
"canoe",27,"Yes"
"cantaloupe",26,"Yes"
"canteen",37,"No"
"canvas",65,"No"
"cap",27,"Yes"
"cape",54,"No"
"capsule",28,"Yes"
"captain",31,"No"
"car",25,"Yes"
"caramel",26,"Yes"
"card",24,"Yes"
"cardboard",27,"Yes"
"cardigan",30,"No"
"caretaker",33,"No"
"carnival",39,"No"
"carp",26,"Yes"
"carpenter",29,"Yes"
"carpet",63,"No"
"carport",26,"Yes"
"carriage",33,"No"
"carrot",25,"Yes"
"cart",35,"No"
"carton",25,"Yes"
"cartridge",29,"Yes"
"case",33,"No"
"caseworker",33,"No"
"cash",25,"Yes"
"cashier",29,"Yes"
"cashmere",33,"No"
"casket",30,"No"
"casserole",35,"No"
"cassette",30,"No"
"castle",29,"Yes"
"cat",29,"Yes"
"catalogue",27,"Yes"
"catapult",29,"Yes"
"caterpillar",30,"No"
"catfish",37,"No"
"cathedral",33,"No"
"catnip",26,"Yes"
"cattle",34,"No"
"catwalk",29,"Yes"
"cauldron",28,"Yes"
"cauliflower",29,"Yes"
"caviar",35,"No"
"cayenne",28,"Yes"
"cedar",32,"No"
"celery",33,"No"
"cellar",36,"No"
"cello",25,"Yes"
"cellophane",33,"No"
"cement",27,"Yes"
"cent",31,"No"
"centipede",26,"Yes"
"ceramic",34,"No"
"ceramics",27,"Yes"
"cereal",26,"Yes"
"certificate",35,"No"
"chain",27,"Yes"
"chair",39,"No"
"chairman",32,"No"
"chairperson",25,"Yes"
"chairwoman",33,"No"
"chalet",25,"Yes"
"chalice",29,"Yes"
"chalk",27,"Yes"
"chambermaid",30,"No"
"champagne",36,"No"
"chapel",31,"No"
"chaplain",32,"No"
"charcoal",28,"Yes"
"chart",36,"No"
"chauffeur",25,"Yes"
"checkbook",35,"No"
"checkerboard",28,"Yes"
"checklist",32,"No"
"cheddar",25,"Yes"
"cheek",26,"Yes"
"cheekbone",25,"Yes"
"cheerleader",28,"Yes"
"cheese",33,"No"
"cheeseburger",30,"No"
"cheesecake",32,"No"
"cheesecloth",27,"Yes"
"chef",27,"Yes"
"chemicals",32,"No"
"cherry",35,"No"
"chessboard",32,"No"
"chest",38,"No"
"chestnut",27,"Yes"
"chevy",28,"Yes"
"chick",34,"No"
"chicken",26,"Yes"
"chickenfeed",33,"No"
"chihuahua",28,"Yes"
"child",31,"No"
"childbirth",35,"No"
"children",29,"Yes"
"chili",33,"No"
"chimney",27,"Yes"
"chimpanzee",29,"Yes"
"chin",29,"Yes"
"chinaware",35,"No"
"chinchilla",33,"No"
"chip",26,"Yes"
"chiropractor",24,"Yes"
"chisel",25,"Yes"
"chocolate",26,"Yes"
"chopsticks",56,"No"
"choreographer",28,"Yes"
"chow",28,"Yes"
"chowder",26,"Yes"
"chronograph",24,"Yes"
"chronometer",29,"Yes"
"chrysanthemum",29,"Yes"
"cider",31,"No"
"cigar",27,"Yes"
"cigarette",26,"Yes"
"citrus",33,"No"
"clam",25,"Yes"
"clamp",26,"Yes"
"clamshell",27,"Yes"
"clarinet",34,"No"
"classmate",26,"Yes"
"claw",29,"Yes"
"clay",30,"No"
"cleat",30,"No"
"cleavage",27,"Yes"
"cleavers",28,"Yes"
"clergy",25,"Yes"
"clerk",30,"No"
"client",31,"No"
"cliff",32,"No"
"clip",54,"No"
"clipboard",26,"Yes"
"clipper",28,"Yes"
"clitoris",33,"No"
"cloak",25,"Yes"
"clock",28,"Yes"
"closet",39,"No"
"cloth",26,"Yes"
"clothes",49,"No"
"clothesline",28,"Yes"
"clothespin",31,"No"
"clove",28,"Yes"
"clover",39,"No"
"cloverleaf",35,"No"
"club",36,"No"
"clubhouse",34,"No"
"coachman",28,"Yes"
"coal",33,"No"
"coaster",29,"Yes"
"coat",27,"Yes"
"cobblestone",26,"Yes"
"cobweb",35,"No"
"cocaine",32,"No"
"cock",30,"No"
"cockatoo",36,"No"
"cocktail",30,"No"
"cocoa",33,"No"
"coconut",28,"Yes"
"cod",26,"Yes"
"coffee",28,"Yes"
"coffeepot",28,"Yes"
"coffin",28,"Yes"
"coin",32,"No"
"coke",36,"No"
"cola",24,"Yes"
"colander",25,"Yes"
"coleslaw",30,"No"
"collar",34,"No"
"collarbone",29,"Yes"
"colleague",27,"Yes"
"collie",31,"No"
"cologne",37,"No"
"colt",27,"Yes"
"comb",36,"No"
"comforter",38,"No"
"comic",35,"No"
"committeewoman",26,"Yes"
"commode",31,"No"
"companion",27,"Yes"
"compass",64,"No"
"compost",34,"No"
"compressor",34,"No"
"computer",27,"Yes"
"concert",28,"Yes"
"conch",27,"Yes"
"concrete",28,"Yes"
"condiment",38,"No"
"conditioner",31,"No"
"condom",36,"No"
"condominium",29,"Yes"
"conductor",32,"No"
"cone",26,"Yes"
"confetti",36,"No"
"congresswoman",28,"Yes"
"container",30,"No"
"contraceptive",26,"Yes"
"controller",35,"No"
"cookbook",30,"No"
"cookhouse",27,"Yes"
"cookie",28,"Yes"
"cooler",29,"Yes"
"cop",28,"Yes"
"copier",33,"No"
"copilot",28,"Yes"
"copper",32,"No"
"copybook",32,"No"
"cord",31,"No"
"corduroy",26,"Yes"
"cork",30,"No"
"corkscrew",26,"Yes"
"corn",36,"No"
"cornbread",35,"No"
"cornfield",42,"No"
"cornflakes",29,"Yes"
"cornflower",27,"Yes"
"cornmeal",25,"Yes"
"cornstarch",30,"No"
"corridor",28,"Yes"
"corsage",26,"Yes"
"corset",30,"No"
"corvette",38,"No"
"cosmetics",29,"Yes"
"costume",35,"No"
"costumer",27,"Yes"
"cottage",27,"Yes"
"cotton",31,"No"
"couch",29,"Yes"
"council",27,"Yes"
"councilman",27,"Yes"
"councilwoman",30,"No"
"counselor",26,"Yes"
"countrywoman",28,"Yes"
"coupon",27,"Yes"
"courtyard",27,"Yes"
"cousin",30,"No"
"coverall",33,"No"
"cow",38,"No"
"cowhide",28,"Yes"
"cowskin",31,"No"
"crab",27,"Yes"
"crabgrass",25,"Yes"
"cracker",64,"No"
"cradle",39,"No"
"craftsman",33,"No"
"cranberry",25,"Yes"
"crane",26,"Yes"
"crap",32,"No"
"crate",28,"Yes"
"crawfish",33,"No"
"crayfish",26,"Yes"
"crayon",34,"No"
"cream",38,"No"
"creamer",37,"No"
"creature",28,"Yes"
"creek",28,"Yes"
"crepe",34,"No"
"crewman",26,"Yes"
"crib",26,"Yes"
"cricket",27,"Yes"
"crisps",37,"No"
"critter",36,"No"
"crocodile",26,"Yes"
"croissant",30,"No"
"crop",27,"Yes"
"croquet",33,"No"
"croquette",26,"Yes"
"cross",35,"No"
"crossbar",35,"No"
"crossbow",26,"Yes"
"crosswalk",32,"No"
"crossword",34,"No"
"crotch",31,"No"
"crouton",28,"Yes"
"crowbar",34,"No"
"crown",30,"No"
"crucifix",32,"No"
"cruiser",29,"Yes"
"crumb",33,"No"
"crumpet",32,"No"
"crust",37,"No"
"crutch",30,"No"
"crypt",31,"No"
"crystal",35,"No"
"cube",31,"No"
"cubical",31,"No"
"cucumber",25,"Yes"
"cuff",25,"Yes"
"cuisine",35,"No"
"cup",27,"Yes"
"cupboard",27,"Yes"
"curb",33,"No"
"curd",28,"Yes"
"curler",31,"No"
"curry",26,"Yes"
"curtain",35,"No"
"cushion",34,"No"
"custard",29,"Yes"
"custodian",26,"Yes"
"customer",27,"Yes"
"cuticle",33,"No"
"cutlery",28,"Yes"
"cutlet",28,"Yes"
"cuttlefish",28,"Yes"
"cymbal",31,"No"
"cymbals",28,"Yes"
"dachshund",27,"Yes"
"dad",55,"No"
"daffodil",26,"Yes"
"dagger",58,"No"
"daiquiri",34,"No"
"dairy",36,"No"
"daisy",34,"No"
"damsel",31,"No"
"dance",37,"No"
"dancer",32,"No"
"dandelion",26,"Yes"
"dandruff",34,"No"
"darkroom",32,"No"
"dart",37,"No"
"dartboard",32,"No"
"daughter",39,"No"
"daybed",27,"Yes"
"debris",32,"No"
"deck",27,"Yes"
"decor",33,"No"
"deer",25,"Yes"
"deerskin",37,"No"
"defendant",31,"No"
"delicatessen",28,"Yes"
"deliverer",31,"No"
"deliveryman",27,"Yes"
"democrat",28,"Yes"
"den",24,"Yes"
"denim",63,"No"
"dentist",34,"No"
"deodorant",25,"Yes"
"dermatologist",29,"Yes"
"derriere",28,"Yes"
"desert",34,"No"
"desk",27,"Yes"
"dessert",36,"No"
"detergent",32,"No"
"detonator",25,"Yes"
"device",36,"No"
"diagram",27,"Yes"
"diamond",26,"Yes"
"diaper",30,"No"
"diaphragm",27,"Yes"
"dice",30,"No"
"dictionary",28,"Yes"
"dietician",34,"No"
"dildo",32,"No"
"dime",35,"No"
"diner",35,"No"
"dinner",31,"No"
"dinnerware",29,"Yes"
"dip",28,"Yes"
"diploma",31,"No"
"dipper",27,"Yes"
"dipstick",30,"No"
"dirt",37,"No"
"dish",28,"Yes"
"dishwasher",29,"Yes"
"dishwater",25,"Yes"
"dispenser",28,"Yes"
"dividers",25,"Yes"
"divorcee",33,"No"
"dock",37,"No"
"doctor",30,"No"
"document",29,"Yes"
"dog",31,"No"
"dogcatcher",36,"No"
"doghouse",32,"No"
"doll",33,"No"
"dollar",36,"No"
"dollhouse",27,"Yes"
"dolphin",27,"Yes"
"dominoes",49,"No"
"donkey",26,"Yes"
"donut",37,"No"
"door",29,"Yes"
"doorbell",35,"No"
"doorframe",27,"Yes"
"doorknob",26,"Yes"
"doorknocker",33,"No"
"doorman",27,"Yes"
"doornail",26,"Yes"
"doorstep",32,"No"
"doorstop",27,"Yes"
"dorm",29,"Yes"
"dormitory",28,"Yes"
"douche",28,"Yes"
"dough",30,"No"
"doughnut",27,"Yes"
"dove",27,"Yes"
"drain",34,"No"
"drainpipe",37,"No"
"drapery",25,"Yes"
"drawers",35,"No"
"drawing",32,"No"
"drawstring",25,"Yes"
"dress",25,"Yes"
"dresser",25,"Yes"
"dressing",38,"No"
"dressmaker",27,"Yes"
"driftwood",29,"Yes"
"drill",26,"Yes"
"drink",25,"Yes"
"driver",28,"Yes"
"drone",26,"Yes"
"drug",31,"No"
"drugstore",31,"No"
"drum",27,"Yes"
"drumstick",31,"No"
"dryer",30,"No"
"drywall",34,"No"
"duck",30,"No"
"duckling",27,"Yes"
"duckweed",26,"Yes"
"ductwork",26,"Yes"
"dude",37,"No"
"duffel",28,"Yes"
"dumbbell",34,"No"
"dumbwaiter",26,"Yes"
"dumpling",25,"Yes"
"dust",29,"Yes"
"dustbin",29,"Yes"
"duster",27,"Yes"
"dwarf",28,"Yes"
"dwelling",28,"Yes"
"dye",33,"No"
"dynamite",33,"No"
"ear",30,"No"
"earmuff",26,"Yes"
"earphone",33,"No"
"earpiece",39,"No"
"earplug",33,"No"
"earplugs",29,"Yes"
"earring",30,"No"
"earth",30,"No"
"earthworm",25,"Yes"
"earwax",30,"No"
"easel",31,"No"
"eclair",27,"Yes"
"ecologist",27,"Yes"
"edibles",35,"No"
"editor",28,"Yes"
"educator",26,"Yes"
"eel",32,"No"
"egg",30,"No"
"eggbeater",33,"No"
"eggplant",28,"Yes"
"eggshell",35,"No"
"elbow",31,"No"
"electrician",25,"Yes"
"electrocardiogram",33,"No"
"electronics",35,"No"
"elephant",43,"No"
"elevator",27,"Yes"
"employee",26,"Yes"
"employer",26,"Yes"
"enamel",29,"Yes"
"encyclopedia",38,"No"
"enemy",29,"Yes"
"engine",33,"No"
"engineer",28,"Yes"
"entertainer",27,"Yes"
"entomologist",26,"Yes"
"entree",30,"No"
"envelope",37,"No"
"environment",38,"No"
"environmentalist",27,"Yes"
"epidermis",37,"No"
"equipment",28,"Yes"
"eraser",36,"No"
"erection",31,"No"
"escalator",28,"Yes"
"espresso",29,"Yes"
"essay",27,"Yes"
"evergreen",31,"No"
"examiner",26,"Yes"
"excavator",26,"Yes"
"executioner",27,"Yes"
"extinguisher",37,"No"
"eye",31,"No"
"eyeball",29,"Yes"
"eyebath",30,"No"
"eyedrop",34,"No"
"eyeglass",24,"Yes"
"eyeglasses",29,"Yes"
"eyelash",35,"No"
"eyelid",33,"No"
"eyepiece",33,"No"
"eyewash",27,"Yes"
"fabric",33,"No"
"face",27,"Yes"
"factory",35,"No"
"fairground",33,"No"
"family",36,"No"
"fan",35,"No"
"farm",30,"No"
"farmer",26,"Yes"
"farmhand",34,"No"
"farmhouse",25,"Yes"
"fastener",28,"Yes"
"father",38,"No"
"faucet",28,"Yes"
"fauna",35,"No"
"fawn",26,"Yes"
"feast",32,"No"
"feather",27,"Yes"
"featherbed",27,"Yes"
"fedora",37,"No"
"feline",27,"Yes"
"female",29,"Yes"
"femur",29,"Yes"
"fence",41,"No"
"fern",32,"No"
"ferret",29,"Yes"
"ferryboat",25,"Yes"
"fertilizer",28,"Yes"
"festival",30,"No"
"fiancee",27,"Yes"
"fiddle",35,"No"
"fig",27,"Yes"
"figurine",33,"No"
"file",25,"Yes"
"fillet",29,"Yes"
"film",34,"No"
"finger",34,"No"
"fingerboard",27,"Yes"
"fingernail",27,"Yes"
"fingerprint",35,"No"
"fingertip",26,"Yes"
"fir",29,"Yes"
"firearm",32,"No"
"firecracker",26,"Yes"
"fireplace",31,"No"
"firewood",31,"No"
"firstborn",35,"No"
"fish",30,"No"
"fishbone",30,"No"
"fisherman",34,"No"
"fishpond",30,"No"
"fist",24,"Yes"
"fixture",30,"No"
"flag",29,"Yes"
"flagpole",37,"No"
"flamethrower",25,"Yes"
"flannel",57,"No"
"flapjack",30,"No"
"flashbulb",31,"No"
"flashlight",38,"No"
"flask",33,"No"
"flatiron",34,"No"
"flaxseed",27,"Yes"
"fleece",33,"No"
"flesh",33,"No"
"floor",29,"Yes"
"floorboard",35,"No"
"flooring",32,"No"
"florist",26,"Yes"
"floss",26,"Yes"
"flounder",29,"Yes"
"flour",28,"Yes"
"flower",39,"No"
"flowerbed",34,"No"
"flowerpot",37,"No"
"fluid",38,"No"
"flute",36,"No"
"flycatcher",25,"Yes"
"flypaper",25,"Yes"
"flyswatter",27,"Yes"
"foghorn",35,"No"
"folder",35,"No"
"foliage",29,"Yes"
"fondue",36,"No"
"food",35,"No"
"foodstuff",26,"Yes"
"foot",25,"Yes"
"football",27,"Yes"
"footballer",32,"No"
"footbath",33,"No"
"footboard",27,"Yes"
"footbridge",28,"Yes"
"footpad",28,"Yes"
"footpath",26,"Yes"
"footplate",32,"No"
"footstool",37,"No"
"footwear",26,"Yes"
"forceps",32,"No"
"ford",26,"Yes"
"forearm",27,"Yes"
"forefinger",27,"Yes"
"forehead",32,"No"
"forest",24,"Yes"
"fork",27,"Yes"
"forklift",40,"No"
"fossil",38,"No"
"fountain",36,"No"
"fountainhead",30,"No"
"foxhound",34,"No"
"frame",28,"Yes"
"frankfurter",25,"Yes"
"freezer",25,"Yes"
"fridge",37,"No"
"friend",28,"Yes"
"frog",28,"Yes"
"frosting",27,"Yes"
"fruit",30,"No"
"fruitcake",26,"Yes"
"fryer",28,"Yes"
"fudge",25,"Yes"
"fungus",33,"No"
"funnel",34,"No"
"furnace",35,"No"
"furnishings",26,"Yes"
"furniture",25,"Yes"
"gadget",28,"Yes"
"gambler",33,"No"
"game",38,"No"
"gangster",27,"Yes"
"garage",31,"No"
"garb",25,"Yes"
"garbage",28,"Yes"
"garden",36,"No"
"gardener",36,"No"
"garland",28,"Yes"
"garlic",27,"Yes"
"garment",26,"Yes"
"garnets",26,"Yes"
"gasket",26,"Yes"
"gate",36,"No"
"gatehouse",31,"No"
"gatekeeper",27,"Yes"
"gauze",34,"No"
"gavel",29,"Yes"
"gazebo",29,"Yes"
"gear",38,"No"
"gearbox",27,"Yes"
"gem",35,"No"
"generator",31,"No"
"genitals",98,"No"
"gentleman",27,"Yes"
"geranium",28,"Yes"
"germ",36,"No"
"giblets",30,"No"
"gift",36,"No"
"gin",27,"Yes"
"ginger",32,"No"
"gingerbread",30,"No"
"gingersnap",27,"Yes"
"girdle",25,"Yes"
"girl",25,"Yes"
"girlfriend",30,"No"
"glass",30,"No"
"glassblower",33,"No"
"glasses",24,"Yes"
"glassware",37,"No"
"glider",28,"Yes"
"glitter",27,"Yes"
"globe",27,"Yes"
"glue",39,"No"
"glycerine",27,"Yes"
"goalkeeper",28,"Yes"
"goalpost",30,"No"
"goat",36,"No"
"goatee",34,"No"
"goatskin",33,"No"
"goblet",28,"Yes"
"goddaughter",27,"Yes"
"godfather",27,"Yes"
"godmother",30,"No"
"godparent",29,"Yes"
"goggles",52,"No"
"gold",36,"No"
"goldfish",34,"No"
"goldsmith",34,"No"
"golf",26,"Yes"
"golfer",35,"No"
"gondola",28,"Yes"
"goose",27,"Yes"
"gooseberry",30,"No"
"goulash",28,"Yes"
"gourd",29,"Yes"
"gown",29,"Yes"
"grandchild",36,"No"
"granddaughter",29,"Yes"
"grandfather",26,"Yes"
"grandma",26,"Yes"
"grandnephew",25,"Yes"
"grandniece",33,"No"
"grandpa",28,"Yes"
"grandparent",38,"No"
"grandson",31,"No"
"granite",37,"No"
"granny",36,"No"
"grape",29,"Yes"
"grapefruit",28,"Yes"
"grapevine",31,"No"
"graphite",28,"Yes"
"grass",33,"No"
"grasshopper",33,"No"
"grater",28,"Yes"
"grave",29,"Yes"
"gravel",34,"No"
"gravestone",26,"Yes"
"graveyard",36,"No"
"gravy",37,"No"
"grease",29,"Yes"
"greenery",38,"No"
"greenhouse",26,"Yes"
"greens",29,"Yes"
"grenade",25,"Yes"
"greyhound",28,"Yes"
"griddle",35,"No"
"grill",27,"Yes"
"grits",31,"No"
"groceries",50,"No"
"groom",29,"Yes"
"ground",26,"Yes"
"groundsman",28,"Yes"
"guard",27,"Yes"
"guardhouse",25,"Yes"
"guardrail",26,"Yes"
"guardsman",28,"Yes"
"guest",29,"Yes"
"guesthouse",27,"Yes"
"guestroom",29,"Yes"
"guidebook",26,"Yes"
"guillotine",27,"Yes"
"guitar",33,"No"
"guitarist",26,"Yes"
"gum",34,"No"
"gumbo",26,"Yes"
"gumdrop",28,"Yes"
"gun",29,"Yes"
"gunfighter",28,"Yes"
"gunnysack",25,"Yes"
"gunpowder",29,"Yes"
"guy",30,"No"
"gym",24,"Yes"
"gymnasium",29,"Yes"
"gymnast",27,"Yes"
"gynecologist",26,"Yes"
"gyroscope",31,"No"
"hailstone",36,"No"
"hair",27,"Yes"
"hairbrush",38,"No"
"hairdo",27,"Yes"
"hairdresser",27,"Yes"
"hairline",28,"Yes"
"hairnet",35,"No"
"hairpiece",34,"No"
"hairpin",30,"No"
"hairstyle",34,"No"
"hairstylist",27,"Yes"
"hall",25,"Yes"
"hallway",27,"Yes"
"ham",30,"No"
"hamburger",28,"Yes"
"hammer",24,"Yes"
"hammock",38,"No"
"hamper",28,"Yes"
"hamster",39,"No"
"hamstring",29,"Yes"
"hand",24,"Yes"
"handbag",36,"No"
"handball",27,"Yes"
"handbook",26,"Yes"
"handbrake",28,"Yes"
"handcart",27,"Yes"
"handclap",26,"Yes"
"handclasp",37,"No"
"handgun",27,"Yes"
"handhold",25,"Yes"
"handkerchief",36,"No"
"handle",39,"No"
"handlebar",29,"Yes"
"handrail",28,"Yes"
"handsaw",28,"Yes"
"handshake",35,"No"
"handwork",27,"Yes"
"hanger",27,"Yes"
"hangnail",30,"No"
"hanky",25,"Yes"
"hardcover",28,"Yes"
"hardware",28,"Yes"
"hardwood",27,"Yes"
"harmonica",32,"No"
"harness",28,"Yes"
"harp",27,"Yes"
"harpist",33,"No"
"harpsichord",29,"Yes"
"harvest",35,"No"
"hat",28,"Yes"
"hatband",25,"Yes"
"hatchback",26,"Yes"
"hatchet",34,"No"
"haystack",34,"No"
"head",36,"No"
"headboard",26,"Yes"
"headdress",35,"No"
"headgear",26,"Yes"
"headlight",31,"No"
"headmistress",28,"Yes"
"headphones",27,"Yes"
"headpiece",29,"Yes"
"headrest",36,"No"
"heads",29,"Yes"
"headset",26,"Yes"
"hearse",30,"No"
"hedgehog",26,"Yes"
"heel",36,"No"
"helicopter",27,"Yes"
"helmet",30,"No"
"hen",29,"Yes"
"herb",30,"No"
"herbivore",31,"No"
"heroin",32,"No"
"hibachi",33,"No"
"hibiscus",27,"Yes"
"hickory",28,"Yes"
"hiker",27,"Yes"
"hill",25,"Yes"
"him",25,"Yes"
"hinge",31,"No"
"hip",35,"No"
"hippie",27,"Yes"
"hitchhiker",31,"No"
"hoe",28,"Yes"
"hog",32,"No"
"holder",31,"No"
"holding",26,"Yes"
"holster",33,"No"
"home",27,"Yes"
"homemaker",28,"Yes"
"homework",25,"Yes"
"honey",35,"No"
"honeycomb",25,"Yes"
"honeydew",31,"No"
"honeysuckle",29,"Yes"
"hood",27,"Yes"
"hook",29,"Yes"
"hookah",26,"Yes"
"hookers",28,"Yes"
"hoop",30,"No"
"horn",33,"No"
"horse",28,"Yes"
"horsefly",33,"No"
"horseman",27,"Yes"
"horseradish",26,"Yes"
"horseshoe",36,"No"
"horsewhip",32,"No"
"hose",33,"No"
"hostel",28,"Yes"
"hostess",25,"Yes"
"hotel",27,"Yes"
"hotplate",28,"Yes"
"hound",27,"Yes"
"hourglass",34,"No"
"house",36,"No"
"houseboat",35,"No"
"houseboy",25,"Yes"
"housecoat",31,"No"
"housefly",25,"Yes"
"housekeeper",36,"No"
"housemaid",28,"Yes"
"housewife",28,"Yes"
"hubcap",30,"No"
"hug",27,"Yes"
"human",25,"Yes"
"hurdle",34,"No"
"husband",27,"Yes"
"husk",26,"Yes"
"husky",29,"Yes"
"hut",37,"No"
"hutch",30,"No"
"hypnotist",29,"Yes"
"ice",31,"No"
"iceboat",25,"Yes"
"icebox",27,"Yes"
"icepick",27,"Yes"
"icing",33,"No"
"igloo",25,"Yes"
"iguana",28,"Yes"
"illustrator",31,"No"
"incubator",36,"No"
"infant",28,"Yes"
"ingredients",48,"No"
"ink",37,"No"
"insect",34,"No"
"insole",31,"No"
"inspector",33,"No"
"instructor",32,"No"
"instrument",26,"Yes"
"insulin",26,"Yes"
"intercom",35,"No"
"intern",31,"No"
"interviewer",33,"No"
"inventor",30,"No"
"investigator",30,"No"
"iron",27,"Yes"
"item",25,"Yes"
"jacket",27,"Yes"
"jaguar",32,"No"
"jam",29,"Yes"
"jar",28,"Yes"
"jasmine",27,"Yes"
"javelin",26,"Yes"
"jaw",38,"No"
"jawbreaker",28,"Yes"
"jeans",58,"No"
"jeep",26,"Yes"
"jelly",26,"Yes"
"jersey",29,"Yes"
"jet",40,"No"
"jewel",29,"Yes"
"jeweler",40,"No"
"jewelry",27,"Yes"
"jockstrap",27,"Yes"
"jogger",32,"No"
"joint",30,"No"
"journal",33,"No"
"journalist",27,"Yes"
"joystick",33,"No"
"juice",33,"No"
"jukebox",26,"Yes"
"jumper",27,"Yes"
"junk",26,"Yes"
"jurist",31,"No"
"juror",31,"No"
"kale",26,"Yes"
"kaleidoscope",35,"No"
"kazoo",32,"No"
"kebab",27,"Yes"
"keepsake",34,"No"
"keg",25,"Yes"
"kelp",28,"Yes"
"kerchief",25,"Yes"
"kernel",27,"Yes"
"ketchup",39,"No"
"kettle",28,"Yes"
"kettledrum",31,"No"
"key",29,"Yes"
"keyboard",29,"Yes"
"keyhole",31,"No"
"kid",53,"No"
"kidney",25,"Yes"
"kiln",29,"Yes"
"kilt",29,"Yes"
"kindle",25,"Yes"
"kindling",30,"No"
"kiss",54,"No"
"kit",37,"No"
"kitchen",30,"No"
"kitchenette",26,"Yes"
"kite",25,"Yes"
"kitten",26,"Yes"
"kitty",35,"No"
"kiwi",33,"No"
"kleenex",28,"Yes"
"knapsack",26,"Yes"
"knee",28,"Yes"
"kneecap",36,"No"
"knickers",32,"No"
"knitting",29,"Yes"
"knob",27,"Yes"
"knot",29,"Yes"
"knuckle",53,"No"
"kumquat",25,"Yes"
"label",37,"No"
"laboratory",28,"Yes"
"labrador",37,"No"
"lace",28,"Yes"
"lad",27,"Yes"
"ladder",33,"No"
"ladle",28,"Yes"
"lady",28,"Yes"
"ladybug",26,"Yes"
"lager",26,"Yes"
"lake",35,"No"
"lamb",34,"No"
"lambskin",32,"No"
"lamp",26,"Yes"
"lamplight",38,"No"
"lamplighter",25,"Yes"
"lampshade",31,"No"
"lance",29,"Yes"
"land",35,"No"
"landlady",26,"Yes"
"landscape",30,"No"
"lantern",30,"No"
"lanyard",30,"No"
"lapdog",32,"No"
"larvae",30,"No"
"laryngoscope",26,"Yes"
"lasso",32,"No"
"latch",35,"No"
"latex",36,"No"
"latrine",25,"Yes"
"laundry",25,"Yes"
"lavatory",26,"Yes"
"lawn",27,"Yes"
"lawyer",33,"No"
"laxative",33,"No"
"leaf",61,"No"
"leaflet",29,"Yes"
"leash",26,"Yes"
"leather",31,"No"
"ledge",35,"No"
"ledger",28,"Yes"
"leech",27,"Yes"
"leftovers",33,"No"
"leg",28,"Yes"
"leggings",26,"Yes"
"lei",32,"No"
"lemon",28,"Yes"
"lemonade",28,"Yes"
"lens",30,"No"
"leopard",30,"No"
"leotard",29,"Yes"
"letter",34,"No"
"letterbox",26,"Yes"
"lettuce",29,"Yes"
"lever",25,"Yes"
"library",26,"Yes"
"lice",26,"Yes"
"licence",29,"Yes"
"lid",40,"No"
"lifeboat",29,"Yes"
"lifebuoy",26,"Yes"
"lifeguard",26,"Yes"
"lighthouse",26,"Yes"
"lilac",34,"No"
"lily",53,"No"
"limb",30,"No"
"lime",55,"No"
"limeade",25,"Yes"
"limestone",33,"No"
"limousine",27,"Yes"
"linen",33,"No"
"lingerie",37,"No"
"linoleum",27,"Yes"
"lint",37,"No"
"lip",33,"No"
"lipstick",35,"No"
"liqueur",34,"No"
"liquid",32,"No"
"liquor",27,"Yes"
"litter",34,"No"
"livestock",27,"Yes"
"lizard",30,"No"
"llama",35,"No"
"loaf",33,"No"
"lobbyist",34,"No"
"lobe",29,"Yes"
"lobster",28,"Yes"
"lock",27,"Yes"
"locker",32,"No"
"locket",39,"No"
"locksmith",35,"No"
"lodge",33,"No"
"lodging",33,"No"
"log",28,"Yes"
"logbook",38,"No"
"loin",31,"No"
"loincloth",31,"No"
"lollipop",25,"Yes"
"longbow",33,"No"
"loo",27,"Yes"
"lotion",38,"No"
"loudspeaker",26,"Yes"
"lounge",30,"No"
"lounger",29,"Yes"
"lovebird",27,"Yes"
"lozenge",26,"Yes"
"lubricant",28,"Yes"
"lubrication",28,"Yes"
"luggage",33,"No"
"lumber",35,"No"
"lump",28,"Yes"
"lunch",27,"Yes"
"lunchroom",27,"Yes"
"lyre",29,"Yes"
"macaroni",28,"Yes"
"macaroon",37,"No"
"mace",26,"Yes"
"machete",60,"No"
"machine",28,"Yes"
"machinery",35,"No"
"magazine",35,"No"
"maggot",26,"Yes"
"magician",34,"No"
"magnet",28,"Yes"
"magnolia",27,"Yes"
"maid",37,"No"
"maiden",26,"Yes"
"maidservant",30,"No"
"mail",33,"No"
"mailbag",37,"No"
"maize",33,"No"
"makeup",37,"No"
"male",32,"No"
"mall",37,"No"
"mallard",24,"Yes"
"mallet",28,"Yes"
"mammal",33,"No"
"man",34,"No"
"mandolin",29,"Yes"
"mango",33,"No"
"manhole",33,"No"
"manicure",35,"No"
"manicurist",27,"Yes"
"mannequin",35,"No"
"mansion",59,"No"
"mantel",26,"Yes"
"mantelpiece",28,"Yes"
"mantle",30,"No"
"manure",26,"Yes"
"manuscript",26,"Yes"
"map",28,"Yes"
"maple",34,"No"
"marble",34,"No"
"marbles",27,"Yes"
"margarine",26,"Yes"
"marigold",28,"Yes"
"marijuana",38,"No"
"marionette",27,"Yes"
"marketeer",30,"No"
"marksman",28,"Yes"
"marmalade",35,"No"
"marshmallow",38,"No"
"mascara",26,"Yes"
"mascot",28,"Yes"
"mask",25,"Yes"
"masseuse",56,"No"
"mat",33,"No"
"match",26,"Yes"
"matchbox",29,"Yes"
"matchstick",35,"No"
"mathematician",28,"Yes"
"mattress",27,"Yes"
"mayonnaise",68,"No"
"mayor",31,"No"
"me",29,"Yes"
"meadow",30,"No"
"meal",27,"Yes"
"meat",25,"Yes"
"medal",32,"No"
"medallion",26,"Yes"
"medic",60,"No"
"medicine",60,"No"
"megaphone",27,"Yes"
"melon",32,"No"
"memo",37,"No"
"memorabilia",28,"Yes"
"men",26,"Yes"
"mentor",34,"No"
"menu",35,"No"
"merchandise",27,"Yes"
"merchant",31,"No"
"merchantman",32,"No"
"metal",30,"No"
"metalworker",25,"Yes"
"meteorologist",27,"Yes"
"mice",28,"Yes"
"microphone",28,"Yes"
"microscope",28,"Yes"
"microwave",27,"Yes"
"midget",26,"Yes"
"midwife",32,"No"
"milk",27,"Yes"
"milkshake",30,"No"
"mincemeat",28,"Yes"
"minister",37,"No"
"mink",33,"No"
"minnow",26,"Yes"
"mint",33,"No"
"mirror",26,"Yes"
"mistletoe",34,"No"
"mistress",33,"No"
"mitt",36,"No"
"mitten",27,"Yes"
"mixer",37,"No"
"moccasin",26,"Yes"
"model",27,"Yes"
"molasses",35,"No"
"mommy",26,"Yes"
"money",29,"Yes"
"moneybags",39,"No"
"mongoose",32,"No"
"monk",39,"No"
"monument",28,"Yes"
"moonshine",28,"Yes"
"mop",26,"Yes"
"morsel",33,"No"
"mortician",30,"No"
"mosquito",31,"No"
"moss",25,"Yes"
"motel",31,"No"
"moth",25,"Yes"
"mothball",30,"No"
"mother",24,"Yes"
"motor",30,"No"
"motorbike",26,"Yes"
"motorboat",34,"No"
"motorcycle",32,"No"
"motorcyclist",25,"Yes"
"motorist",36,"No"
"mountain",26,"Yes"
"mountainside",26,"Yes"
"mouse",27,"Yes"
"mousetrap",25,"Yes"
"mousse",28,"Yes"
"moustache",28,"Yes"
"mouth",26,"Yes"
"mouthpiece",28,"Yes"
"mouthwash",27,"Yes"
"mucus",57,"No"
"mud",25,"Yes"
"muffin",30,"No"
"muffler",30,"No"
"mug",27,"Yes"
"mulberry",29,"Yes"
"mulch",30,"No"
"mule",26,"Yes"
"mullet",60,"No"
"mum",29,"Yes"
"munitions",30,"No"
"muscle",39,"No"
"museum",28,"Yes"
"mushroom",26,"Yes"
"musician",31,"No"
"musket",30,"No"
"mustache",26,"Yes"
"mustard",38,"No"
"mutt",34,"No"
"mutton",27,"Yes"
"muzzle",33,"No"
"myself",29,"Yes"
"nail",25,"Yes"
"nameplate",26,"Yes"
"nanny",31,"No"
"napkin",27,"Yes"
"narcotics",37,"No"
"neck",36,"No"
"neckband",31,"No"
"neckerchief",28,"Yes"
"necklace",37,"No"
"necktie",33,"No"
"neckwear",34,"No"
"nectar",36,"No"
"needle",60,"No"
"needlepoint",24,"Yes"
"needlework",26,"Yes"
"negligee",26,"Yes"
"nephew",29,"Yes"
"net",25,"Yes"
"nettle",25,"Yes"
"neurologist",34,"No"
"newlyweds",32,"No"
"newsagent",27,"Yes"
"newsboy",25,"Yes"
"newscaster",29,"Yes"
"newsletter",36,"No"
"newsman",35,"No"
"newspaper",39,"No"
"newspaperman",36,"No"
"newsprint",27,"Yes"
"newsstand",29,"Yes"
"newt",32,"No"
"nickel",35,"No"
"nightcaps",33,"No"
"nightclub",28,"Yes"
"nightdress",26,"Yes"
"nightgown",25,"Yes"
"nightie",25,"Yes"
"nightlight",29,"Yes"
"nightshirt",27,"Yes"
"nipple",26,"Yes"
"noodle",55,"No"
"noose",26,"Yes"
"nose",26,"Yes"
"nostril",35,"No"
"note",34,"No"
"notepaper",26,"Yes"
"novel",28,"Yes"
"nugget",27,"Yes"
"nun",27,"Yes"
"nurse",37,"No"
"nursemaid",27,"Yes"
"nursery",27,"Yes"
"nut",36,"No"
"nutcracker",59,"No"
"nutmeg",28,"Yes"
"nutshell",28,"Yes"
"nylon",38,"No"
"oar",26,"Yes"
"oat",37,"No"
"object",28,"Yes"
"obstetrician",29,"Yes"
"ocean",27,"Yes"
"oceanographer",27,"Yes"
"offspring",35,"No"
"oilcan",34,"No"
"oilcloth",28,"Yes"
"ointment",30,"No"
"okra",26,"Yes"
"olive",29,"Yes"
"omelet",57,"No"
"onion",32,"No"
"opal",29,"Yes"
"ophthalmologist",26,"Yes"
"opium",31,"No"
"optician",27,"Yes"
"orange",34,"No"
"orchard",30,"No"
"orchid",28,"Yes"
"ore",26,"Yes"
"oregano",35,"No"
"organ",28,"Yes"
"organism",26,"Yes"
"orgy",26,"Yes"
"ornament",34,"No"
"orphan",34,"No"
"orthodontist",25,"Yes"
"ottoman",27,"Yes"
"outfielder",26,"Yes"
"outfit",34,"No"
"outhouse",31,"No"
"outlet",32,"No"
"oven",24,"Yes"
"overcoat",37,"No"
"oxtail",30,"No"
"oyster",25,"Yes"
"pacemaker",32,"No"
"pacifier",32,"No"
"package",28,"Yes"
"packaging",29,"Yes"
"packet",32,"No"
"pad",33,"No"
"padding",28,"Yes"
"paddle",27,"Yes"
"padlock",26,"Yes"
"page",31,"No"
"pail",28,"Yes"
"painkiller",29,"Yes"
"paint",26,"Yes"
"paintbox",28,"Yes"
"paintbrush",27,"Yes"
"pajamas",61,"No"
"pal",34,"No"
"pallet",26,"Yes"
"palm",29,"Yes"
"pamphlet",28,"Yes"
"pan",37,"No"
"panhandler",37,"No"
"pantaloons",28,"Yes"
"panties",29,"Yes"
"pantry",32,"No"
"pants",27,"Yes"
"paper",36,"No"
"paperback",34,"No"
"paperhanger",29,"Yes"
"paperweight",27,"Yes"
"paprika",31,"No"
"parachute",26,"Yes"
"parachutist",27,"Yes"
"parakeet",31,"No"
"paraphernalia",28,"Yes"
"paratrooper",27,"Yes"
"parcel",27,"Yes"
"parchment",27,"Yes"
"parent",27,"Yes"
"parka",31,"No"
"parsley",28,"Yes"
"parsnip",26,"Yes"
"partner",38,"No"
"passenger",30,"No"
"passionflower",27,"Yes"
"passport",27,"Yes"
"pasta",29,"Yes"
"pastrami",26,"Yes"
"pastry",30,"No"
"path",34,"No"
"patrolman",35,"No"
"paw",27,"Yes"
"pea",33,"No"
"peach",27,"Yes"
"peacock",32,"No"
"peanut",34,"No"
"peanuts",31,"No"
"pear",26,"Yes"
"pearl",25,"Yes"
"peashooter",28,"Yes"
"pebble",29,"Yes"
"pecan",27,"Yes"
"pedal",31,"No"
"pedestal",31,"No"
"pedestrian",26,"Yes"
"pedicurist",32,"No"
"pedometer",25,"Yes"
"peel",25,"Yes"
"peelings",34,"No"
"peephole",24,"Yes"
"peg",25,"Yes"
"pegboard",30,"No"
"pellet",28,"Yes"
"pelvis",28,"Yes"
"pen",27,"Yes"
"pencil",37,"No"
"pendant",32,"No"
"penknife",30,"No"
"pennant",26,"Yes"
"penny",37,"No"
"penthouse",28,"Yes"
"peony",27,"Yes"
"people",33,"No"
"pepper",36,"No"
"peppercorn",34,"No"
"peppermint",26,"Yes"
"pepperoni",29,"Yes"
"perfume",36,"No"
"periscope",27,"Yes"
"peroxide",27,"Yes"
"person",34,"No"
"perspiration",28,"Yes"
"pet",39,"No"
"petal",26,"Yes"
"phalanges",27,"Yes"
"pharmacist",37,"No"
"pharmacy",30,"No"
"phone",26,"Yes"
"phonograph",30,"No"
"photocopier",27,"Yes"
"photocopy",28,"Yes"
"photograph",26,"Yes"
"physician",33,"No"
"physiologist",27,"Yes"
"piano",27,"Yes"
"piccolo",34,"No"
"pickaxe",26,"Yes"
"pickle",33,"No"
"picnicker",26,"Yes"
"picture",26,"Yes"
"picture frame",30,"No"
"pie",39,"No"
"piercing",36,"No"
"pig",29,"Yes"
"piglet",26,"Yes"
"pigtail",35,"No"
"pike",27,"Yes"
"pilaf",26,"Yes"
"pill",32,"No"
"pillar",36,"No"
"pillow",28,"Yes"
"pillowcase",33,"No"
"pilot",28,"Yes"
"pimento",26,"Yes"
"pimple",34,"No"
"pin",25,"Yes"
"pinball",28,"Yes"
"pincushion",32,"No"
"pine",34,"No"
"pineapple",32,"No"
"pinecone",37,"No"
"pinewood",27,"Yes"
"pinkie",34,"No"
"pinwheel",35,"No"
"pipe",26,"Yes"
"pistachio",39,"No"
"pistol",27,"Yes"
"pitcher",28,"Yes"
"pitchfork",26,"Yes"
"pizza",28,"Yes"
"placard",28,"Yes"
"placenta",29,"Yes"
"plaintiff",37,"No"
"plane",37,"No"
"plank",27,"Yes"
"planner",27,"Yes"
"plant",28,"Yes"
"plantain",27,"Yes"
"planter",26,"Yes"
"plaque",29,"Yes"
"plaster",28,"Yes"
"plastic",57,"No"
"plate",31,"No"
"platform",30,"No"
"platter",29,"Yes"
"player",35,"No"
"playground",34,"No"
"playhouse",28,"Yes"
"playroom",34,"No"
"playsuit",29,"Yes"
"plaything",27,"Yes"
"playwright",26,"Yes"
"plexiglas",27,"Yes"
"pliers",36,"No"
"plow",34,"No"
"plug",29,"Yes"
"plum",28,"Yes"
"plumber",30,"No"
"plywood",32,"No"
"pocket",24,"Yes"
"pocketbook",30,"No"
"pocketknife",36,"No"
"podiatrist",30,"No"
"poet",29,"Yes"
"poinsettia",31,"No"
"poker",31,"No"
"pole",31,"No"
"police",35,"No"
"policeman",30,"No"
"policewoman",34,"No"
"politician",28,"Yes"
"polyester",35,"No"
"pomegranate",34,"No"
"pompom",34,"No"
"poncho",39,"No"
"pond",26,"Yes"
"pony",28,"Yes"
"pooch",27,"Yes"
"poodle",27,"Yes"
"pool",34,"No"
"poop",26,"Yes"
"popcorn",38,"No"
"porch",36,"No"
"pork",26,"Yes"
"porridge",37,"No"
"portfolio",38,"No"
"portrait",28,"Yes"
"postage",34,"No"
"postcard",28,"Yes"
"poster",32,"No"
"postman",34,"No"
"postmaster",29,"Yes"
"pot",38,"No"
"potato",32,"No"
"potboiler",25,"Yes"
"potpourri",25,"Yes"
"pottery",28,"Yes"
"potty",26,"Yes"
"pouch",25,"Yes"
"poultry",29,"Yes"
"powder",33,"No"
"powderpuff",31,"No"
"powerboat",35,"No"
"practitioner",27,"Yes"
"prankster",28,"Yes"
"preschooler",29,"Yes"
"present",26,"Yes"
"pretzel",25,"Yes"
"priest",25,"Yes"
"primate",43,"No"
"primrose",33,"No"
"printout",27,"Yes"
"prisoner",32,"No"
"prize",29,"Yes"
"produce",29,"Yes"
"programmer",28,"Yes"
"projector",29,"Yes"
"proofreader",35,"No"
"prop",56,"No"
"propeller",31,"No"
"proprietor",27,"Yes"
"prosecutor",30,"No"
"prosthesis",28,"Yes"
"prostitute",25,"Yes"
"protester",26,"Yes"
"protractor",26,"Yes"
"prune",26,"Yes"
"pub",34,"No"
"publication",28,"Yes"
"publisher",26,"Yes"
"puck",32,"No"
"pudding",33,"No"
"puddle",27,"Yes"
"pug",27,"Yes"
"puke",31,"No"
"pulley",32,"No"
"pullover",32,"No"
"pulp",25,"Yes"
"pumice",27,"Yes"
"pump",36,"No"
"pumpernickel",27,"Yes"
"pumpkin",25,"Yes"
"punchbowl",27,"Yes"
"punter",26,"Yes"
"pup",30,"No"
"pupil",26,"Yes"
"puppet",33,"No"
"puppy",34,"No"
"purse",31,"No"
"pushcart",32,"No"
"putty",29,"Yes"
"puzzle",30,"No"
"quadriceps",31,"No"
"quarter",35,"No"
"quarterback",26,"Yes"
"quarters",27,"Yes"
"questionnaire",30,"No"
"quiche",25,"Yes"
"quill",29,"Yes"
"quilt",27,"Yes"
"rabbit",24,"Yes"
"racehorse",35,"No"
"rack",34,"No"
"racket",29,"Yes"
"radiator",26,"Yes"
"radio",27,"Yes"
"radiologist",34,"No"
"radish",33,"No"
"raft",31,"No"
"rag",40,"No"
"rail",27,"Yes"
"railroad",27,"Yes"
"rain",56,"No"
"raincoat",36,"No"
"raindrop",31,"No"
"rainwater",29,"Yes"
"raisin",34,"No"
"rake",34,"No"
"ramp",37,"No"
"rancher",27,"Yes"
"raspberry",27,"Yes"
"rat",31,"No"
"rattle",26,"Yes"
"razor",35,"No"
"receipt",72,"No"
"receptacle",26,"Yes"
"receptionist",27,"Yes"
"record",25,"Yes"
"recorder",28,"Yes"
"recruiter",32,"No"
"rectum",34,"No"
"reefer",25,"Yes"
"refrigerator",28,"Yes"
"reindeer",33,"No"
"remote",36,"No"
"repairer",35,"No"
"reptile",27,"Yes"
"residence",37,"No"
"respirator",26,"Yes"
"restaurant",26,"Yes"
"retriever",25,"Yes"
"revolver",30,"No"
"rhinestone",33,"No"
"rhubarb",28,"Yes"
"rib",28,"Yes"
"ribbon",26,"Yes"
"rice",25,"Yes"
"rifle",29,"Yes"
"rind",28,"Yes"
"ring",28,"Yes"
"rink",35,"No"
"river",29,"Yes"
"riverbank",27,"Yes"
"riverboat",28,"Yes"
"roach",33,"No"
"road",30,"No"
"roadway",33,"No"
"roast",34,"No"
"robber",28,"Yes"
"robe",26,"Yes"
"robot",30,"No"
"rock",28,"Yes"
"rocker",28,"Yes"
"rod",29,"Yes"
"rodent",28,"Yes"
"roll",30,"No"
"rook",31,"No"
"roommate",38,"No"
"roosters",28,"Yes"
"root",28,"Yes"
"rope",28,"Yes"
"rosary",38,"No"
"rose",28,"Yes"
"rosebush",24,"Yes"
"rosemary",25,"Yes"
"rosewater",26,"Yes"
"rotisserie",34,"No"
"rowboat",27,"Yes"
"rubber",28,"Yes"
"rubbish",27,"Yes"
"ruby",35,"No"
"rucksack",28,"Yes"
"rug",26,"Yes"
"ruler",24,"Yes"
"rum",28,"Yes"
"runner",32,"No"
"rye",28,"Yes"
"sack",26,"Yes"
"sackcloth",25,"Yes"
"saddle",34,"No"
"saddlebag",28,"Yes"
"saffron",28,"Yes"
"sage",36,"No"
"sailboat",26,"Yes"
"sailcloth",27,"Yes"
"salad",40,"No"
"salamander",24,"Yes"
"salesgirl",33,"No"
"saleslady",28,"Yes"
"salesman",34,"No"
"saleswoman",35,"No"
"salmon",28,"Yes"
"saloon",26,"Yes"
"salt",39,"No"
"saltshaker",33,"No"
"saltwater",32,"No"
"salve",26,"Yes"
"sand",27,"Yes"
"sandalwood",28,"Yes"
"sandbag",29,"Yes"
"sandbank",32,"No"
"sandbox",29,"Yes"
"sandcastle",28,"Yes"
"sandpaper",28,"Yes"
"sandwich",27,"Yes"
"sangria",27,"Yes"
"sapling",25,"Yes"
"sapphire",30,"No"
"sardine",36,"No"
"sarong",28,"Yes"
"sash",34,"No"
"satchel",29,"Yes"
"satin",33,"No"
"sauce",34,"No"
"saucepan",27,"Yes"
"sauerkraut",26,"Yes"
"sauna",37,"No"
"sausage",28,"Yes"
"saw",26,"Yes"
"sawdust",27,"Yes"
"sawhorse",26,"Yes"
"saxophone",49,"No"
"scab",26,"Yes"
"scale",34,"No"
"scallion",27,"Yes"
"scallop",24,"Yes"
"scalp",25,"Yes"
"scalpel",31,"No"
"scanner",27,"Yes"
"scapula",26,"Yes"
"scar",37,"No"
"scarecrow",25,"Yes"
"scarf",28,"Yes"
"school",27,"Yes"
"schoolboy",31,"No"
"schoolgirl",29,"Yes"
"schoolhouse",30,"No"
"schoolwork",28,"Yes"
"scientist",34,"No"
"scissors",60,"No"
"scoop",35,"No"
"scooter",27,"Yes"
"scorecard",39,"No"
"scorpion",32,"No"
"scotch",31,"No"
"scrapbook",28,"Yes"
"scraper",30,"No"
"scratches",34,"No"
"screen",27,"Yes"
"screw",32,"No"
"screwdriver",31,"No"
"scribbling",27,"Yes"
"script",24,"Yes"
"scrotum",28,"Yes"
"scrubber",32,"No"
"sculpture",32,"No"
"scythe",26,"Yes"
"sea",27,"Yes"
"seam",28,"Yes"
"seamstress",26,"Yes"
"seaplane",25,"Yes"
"searchlight",27,"Yes"
"seashore",31,"No"
"seasoning",30,"No"
"seat",53,"No"
"seawater",25,"Yes"
"seaweed",27,"Yes"
"secretary",37,"No"
"sedan",30,"No"
"sedative",35,"No"
"seed",36,"No"
"seedling",30,"No"
"semen",27,"Yes"
"senorita",34,"No"
"sequin",26,"Yes"
"servant",30,"No"
"serviceman",25,"Yes"
"sesame",26,"Yes"
"sex",28,"Yes"
"shack",33,"No"
"shaker",33,"No"
"shallot",25,"Yes"
"shampoo",30,"No"
"shamrock",26,"Yes"
"shank",27,"Yes"
"sharpener",30,"No"
"shavings",60,"No"
"shawl",24,"Yes"
"shed",25,"Yes"
"sheep",36,"No"
"sheepdog",28,"Yes"
"sheepskin",31,"No"
"sheet",26,"Yes"
"shelf",36,"No"
"shell",30,"No"
"shellfish",27,"Yes"
"shelter",32,"No"
"shelving",24,"Yes"
"sherbet",26,"Yes"
"shield",27,"Yes"
"shin",27,"Yes"
"shinbone",24,"Yes"
"shingle",53,"No"
"ship",26,"Yes"
"shipman",27,"Yes"
"shipmate",31,"No"
"shirt",32,"No"
"shirtsleeve",28,"Yes"
"shirttail",32,"No"
"shoe",28,"Yes"
"shoehorn",27,"Yes"
"shoelace",34,"No"
"shoestring",31,"No"
"shopkeeper",25,"Yes"
"shopper",28,"Yes"
"shore",37,"No"
"shortbread",36,"No"
"shortcake",37,"No"
"shorts",33,"No"
"shot",33,"No"
"shotgun",26,"Yes"
"shoulder",27,"Yes"
"shovel",31,"No"
"shower",37,"No"
"showerhead",35,"No"
"shrimp",26,"Yes"
"shrine",26,"Yes"
"shrub",67,"No"
"shuffleboard",26,"Yes"
"shutter",26,"Yes"
"shuttle",34,"No"
"sibling",27,"Yes"
"sideboard",27,"Yes"
"sideburns",26,"Yes"
"sidecar",27,"Yes"
"sidewalk",36,"No"
"sifter",33,"No"
"sign",35,"No"
"signpost",37,"No"
"silk",34,"No"
"silkworm",28,"Yes"
"silverware",25,"Yes"
"singer",36,"No"
"sink",39,"No"
"sirloin",29,"Yes"
"sister",29,"Yes"
"skate",32,"No"
"skateboard",28,"Yes"
"skateboarder",35,"No"
"skeleton",28,"Yes"
"sketch",27,"Yes"
"sketchbook",61,"No"
"skewer",27,"Yes"
"ski",30,"No"
"skillet",34,"No"
"skin",37,"No"
"skirt",26,"Yes"
"skittles",57,"No"
"skullcap",27,"Yes"
"slacks",32,"No"
"slaw",27,"Yes"
"sled",39,"No"
"sledge",28,"Yes"
"sledgehammer",30,"No"
"sleeve",28,"Yes"
"sleigh",28,"Yes"
"slide",32,"No"
"slime",31,"No"
"sling",39,"No"
"slingshot",26,"Yes"
"slipcover",30,"No"
"slipknot",26,"Yes"
"slipper",25,"Yes"
"slug",31,"No"
"slush",29,"Yes"
"slut",28,"Yes"
"smock",31,"No"
"smooch",27,"Yes"
"smoothie",27,"Yes"
"smuggler",30,"No"
"snack",25,"Yes"
"snail",37,"No"
"sneaker",35,"No"
"snorkel",24,"Yes"
"snot",32,"No"
"snow",27,"Yes"
"snowball",32,"No"
"snowdrift",29,"Yes"
"snowfall",35,"No"
"snowflake",30,"No"
"snowman",26,"Yes"
"snowshoe",26,"Yes"
"soap",35,"No"
"soccer",32,"No"
"sock",30,"No"
"socket",25,"Yes"
"soda",24,"Yes"
"sofa",32,"No"
"softball",33,"No"
"soil",36,"No"
"soldier",26,"Yes"
"soles",34,"No"
"sombrero",30,"No"
"someone",35,"No"
"son",27,"Yes"
"songbook",36,"No"
"souffle",29,"Yes"
"soup",25,"Yes"
"sourdough",34,"No"
"southerner",31,"No"
"soy",25,"Yes"
"soybean",25,"Yes"
"spacesuit",28,"Yes"
"spade",29,"Yes"
"spareribs",30,"No"
"spatula",36,"No"
"speakers",25,"Yes"
"spear",39,"No"
"spectacles",25,"Yes"
"spectroscope",25,"Yes"
"speedboat",31,"No"
"spices",54,"No"
"spider",25,"Yes"
"spike",29,"Yes"
"spinach",29,"Yes"
"spine",28,"Yes"
"spit",33,"No"
"splint",26,"Yes"
"splinter",27,"Yes"
"spokesman",27,"Yes"
"sponge",24,"Yes"
"spool",29,"Yes"
"spoon",34,"No"
"sportswoman",27,"Yes"
"sportswriter",33,"No"
"spout",26,"Yes"
"sprayer",27,"Yes"
"spreader",29,"Yes"
"sprinkler",31,"No"
"sprinter",36,"No"
"spyglass",29,"Yes"
"squash",27,"Yes"
"squeegee",25,"Yes"
"squirrel",31,"No"
"stableman",28,"Yes"
"staff",31,"No"
"stage",27,"Yes"
"stagecoach",29,"Yes"
"staircase",31,"No"
"stairs",52,"No"
"stairwell",37,"No"
"stake",34,"No"
"stall",33,"No"
"stallion",37,"No"
"stamp",34,"No"
"staple",31,"No"
"stapler",32,"No"
"starch",28,"Yes"
"stationary",45,"No"
"statue",33,"No"
"statuette",25,"Yes"
"steak",29,"Yes"
"steamboat",32,"No"
"steel",25,"Yes"
"steelworker",33,"No"
"stem",28,"Yes"
"stencil",25,"Yes"
"step",31,"No"
"stepbrother",28,"Yes"
"stepchild",33,"No"
"stepdaughter",35,"No"
"stepfather",29,"Yes"
"stepladder",33,"No"
"stepson",28,"Yes"
"stereo",40,"No"
"steroids",28,"Yes"
"stethoscope",35,"No"
"stewardess",27,"Yes"
"stick",33,"No"
"stilt",27,"Yes"
"stirrer",31,"No"
"stirrup",31,"No"
"stitching",26,"Yes"
"stockbroker",31,"No"
"stocking",28,"Yes"
"stockings",35,"No"
"stomach",27,"Yes"
"stomp",28,"Yes"
"stone",36,"No"
"stoneware",25,"Yes"
"stool",26,"Yes"
"stoop",29,"Yes"
"stopwatch",38,"No"
"store",33,"No"
"storehouse",26,"Yes"
"storekeeper",28,"Yes"
"storeroom",33,"No"
"storybook",29,"Yes"
"stove",33,"No"
"straightedge",31,"No"
"strainer",32,"No"
"straitjacket",37,"No"
"strap",25,"Yes"
"straw",32,"No"
"strawberry",28,"Yes"
"stream",36,"No"
"street",26,"Yes"
"streetcar",33,"No"
"streets",30,"No"
"streetwalker",30,"No"
"stretcher",36,"No"
"string",63,"No"
"stroller",27,"Yes"
"strongbox",27,"Yes"
"strudel",27,"Yes"
"student",25,"Yes"
"stuff",33,"No"
"submarine",25,"Yes"
"substance",26,"Yes"
"subway",36,"No"
"suds",28,"Yes"
"suede",27,"Yes"
"sugar",29,"Yes"
"sugarcane",27,"Yes"
"suit",28,"Yes"
"suitcase",38,"No"
"summerhouse",35,"No"
"sundae",28,"Yes"
"sundeck",28,"Yes"
"sunflower",28,"Yes"
"sunglasses",25,"Yes"
"sunroof",25,"Yes"
"supermarket",28,"Yes"
"supervisor",29,"Yes"
"supper",29,"Yes"
"surfboard",30,"No"
"surgeon",31,"No"
"surveyor",30,"No"
"sushi",39,"No"
"suspenders",72,"No"
"suture",30,"No"
"swab",28,"Yes"
"swamp",34,"No"
"swan",27,"Yes"
"sweatband",28,"Yes"
"sweater",29,"Yes"
"sweatshirt",27,"Yes"
"sweetener",33,"No"
"swimsuit",28,"Yes"
"swing",31,"No"
"switchblade",29,"Yes"
"switchboard",27,"Yes"
"sword",35,"No"
"syringe",51,"No"
"syrup",36,"No"
"tabasco",32,"No"
"table",26,"Yes"
"tablecloth",27,"Yes"
"tablespoon",28,"Yes"
"tablet",26,"Yes"
"tableware",27,"Yes"
"tabloid",28,"Yes"
"taco",26,"Yes"
"taffy",36,"No"
"tag",27,"Yes"
"tailcoat",27,"Yes"
"taillight",28,"Yes"
"tailor",31,"No"
"talisman",31,"No"
"tambourine",33,"No"
"tampon",36,"No"
"tangerine",28,"Yes"
"tank",36,"No"
"tape",34,"No"
"tapestry",27,"Yes"
"tapioca",31,"No"
"tar",33,"No"
"tartar",29,"Yes"
"tattoo",35,"No"
"tavern",27,"Yes"
"taxi",36,"No"
"taxpayer",31,"No"
"tea",27,"Yes"
"teabag",30,"No"
"teacher",28,"Yes"
"teacup",27,"Yes"
"teahouse",26,"Yes"
"teakettle",27,"Yes"
"teakwood",27,"Yes"
"teammate",24,"Yes"
"teapot",29,"Yes"
"tear",29,"Yes"
"teardrop",32,"No"
"tearoom",27,"Yes"
"teaspoon",29,"Yes"
"teaspoonful",37,"No"
"technician",27,"Yes"
"teenager",32,"No"
"teeth",33,"No"
"telescope",32,"No"
"television",26,"Yes"
"temple",26,"Yes"
"tenant",30,"No"
"tenderloin",29,"Yes"
"tent",33,"No"
"tepee",36,"No"
"termite",36,"No"
"terrace",26,"Yes"
"terrier",34,"No"
"terrycloth",32,"No"
"testes",28,"Yes"
"testicle",25,"Yes"
"textile",26,"Yes"
"theatergoer",31,"No"
"theologian",31,"No"
"therapist",27,"Yes"
"thermometer",27,"Yes"
"thermos",25,"Yes"
"thermostat",24,"Yes"
"thesaurus",26,"Yes"
"thigh",31,"No"
"thimble",28,"Yes"
"thong",33,"No"
"thorn",28,"Yes"
"thread",30,"No"
"throat",37,"No"
"throne",28,"Yes"
"thumb",32,"No"
"thumbnail",27,"Yes"
"thumbscrew",28,"Yes"
"thumbtack",26,"Yes"
"thyme",28,"Yes"
"ticket",33,"No"
"tickler",25,"Yes"
"tie",34,"No"
"tightrope",36,"No"
"tights",34,"No"
"tile",30,"No"
"tiller",37,"No"
"timber",30,"No"
"timepiece",25,"Yes"
"tin",34,"No"
"tinderbox",24,"Yes"
"tinfoil",36,"No"
"tinplate",34,"No"
"tinsel",27,"Yes"
"tire",24,"Yes"
"tissue",26,"Yes"
"toast",29,"Yes"
"toaster",25,"Yes"
"toastmaster",28,"Yes"
"tobacco",38,"No"
"toboggan",33,"No"
"toddler",35,"No"
"toe",28,"Yes"
"toffee",40,"No"
"tofu",33,"No"
"toga",27,"Yes"
"toilet",35,"No"
"toiletry",29,"Yes"
"token",29,"Yes"
"tomahawk",28,"Yes"
"tomato",26,"Yes"
"tomb",39,"No"
"tombstone",33,"No"
"tongs",55,"No"
"tongue",38,"No"
"tonic",37,"No"
"tool",25,"Yes"
"tooth",37,"No"
"toothbrush",28,"Yes"
"toothpaste",27,"Yes"
"toothpick",25,"Yes"
"topsoil",29,"Yes"
"torch",27,"Yes"
"torchlight",31,"No"
"torso",27,"Yes"
"tortilla",36,"No"
"tortoise",36,"No"
"tote",38,"No"
"toupee",27,"Yes"
"tourist",26,"Yes"
"tourniquet",27,"Yes"
"towel",24,"Yes"
"tower",36,"No"
"townsfolk",59,"No"
"toy",29,"Yes"
"track",27,"Yes"
"tracksuit",33,"No"
"tractor",27,"Yes"
"tradesman",27,"Yes"
"trailer",27,"Yes"
"train",35,"No"
"trainee",26,"Yes"
"trainer",28,"Yes"
"trampoline",26,"Yes"
"tranquilizer",60,"No"
"trap",27,"Yes"
"trapeze",27,"Yes"
"trash",27,"Yes"
"trashcan",28,"Yes"
"traveler",68,"No"
"tray",32,"No"
"treadmill",30,"No"
"treasure",39,"No"
"treat",27,"Yes"
"tree",38,"No"
"trench",31,"No"
"triceps",29,"Yes"
"tricycle",36,"No"
"trigger",37,"No"
"trinket",29,"Yes"
"tripod",25,"Yes"
"trolley",29,"Yes"
"trombone",38,"No"
"trophy",25,"Yes"
"trousers",34,"No"
"trout",27,"Yes"
"truck",55,"No"
"trumpet",34,"No"
"trunk",25,"Yes"
"tub",37,"No"
"tuba",32,"No"
"tube",30,"No"
"tubing",25,"Yes"
"tugboat",33,"No"
"tulip",27,"Yes"
"tumbler",27,"Yes"
"tummy",39,"No"
"tuna",29,"Yes"
"tunic",27,"Yes"
"turban",31,"No"
"turf",28,"Yes"
"turkey",25,"Yes"
"turnip",29,"Yes"
"turntable",29,"Yes"
"turtle",25,"Yes"
"turtleneck",29,"Yes"
"tutor",24,"Yes"
"tutu",26,"Yes"
"tuxedo",35,"No"
"tweezer",26,"Yes"
"twig",37,"No"
"twine",35,"No"
"typewriter",28,"Yes"
"ukulele",26,"Yes"
"umbrella",29,"Yes"
"uncle",32,"No"
"underclothes",53,"No"
"undercoat",25,"Yes"
"undershirt",34,"No"
"underwear",88,"No"
"uniform",27,"Yes"
"upholstery",34,"No"
"urinal",32,"No"
"urn",26,"Yes"
"vaccine",24,"Yes"
"vacuum",27,"Yes"
"vagina",59,"No"
"valet",31,"No"
"valve",26,"Yes"
"van",38,"No"
"vanilla",29,"Yes"
"vase",39,"No"
"vaseline",27,"Yes"
"veal",26,"Yes"
"vegetable",32,"No"
"vegetation",27,"Yes"
"vehicle",26,"Yes"
"veil",26,"Yes"
"vein",34,"No"
"velvet",33,"No"
"vendor",38,"No"
"ventilator",27,"Yes"
"vermicelli",27,"Yes"
"vermouth",27,"Yes"
"vessel",29,"Yes"
"vest",33,"No"
"veterinarian",25,"Yes"
"vibrator",25,"Yes"
"videotape",26,"Yes"
"viewfinder",38,"No"
"village",38,"No"
"villager",27,"Yes"
"vinaigrette",31,"No"
"vine",33,"No"
"vinegar",31,"No"
"vinyl",31,"No"
"viola",26,"Yes"
"violin",28,"Yes"
"violinist",28,"Yes"
"virgin",34,"No"
"visor",29,"Yes"
"vitamins",72,"No"
"vocalist",24,"Yes"
"vodka",38,"No"
"volleyball",26,"Yes"
"vomit",26,"Yes"
"voter",24,"Yes"
"vulva",27,"Yes"
"wafer",38,"No"
"waffle",28,"Yes"
"wagon",36,"No"
"waist",26,"Yes"
"waistband",29,"Yes"
"waistcoat",32,"No"
"waiter",37,"No"
"waitress",26,"Yes"
"walker",36,"No"
"wall",29,"Yes"
"wallboard",27,"Yes"
"wallet",35,"No"
"wallpaper",36,"No"
"walnut",28,"Yes"
"walrus",27,"Yes"
"wand",34,"No"
"warden",35,"No"
"wart",27,"Yes"
"washbasin",25,"Yes"
"washboard",26,"Yes"
"washbowl",35,"No"
"washcloth",34,"No"
"washer",37,"No"
"washerwoman",26,"Yes"
"washroom",27,"Yes"
"washstand",31,"No"
"waste",30,"No"
"wastebasket",26,"Yes"
"watch",38,"No"
"watchband",24,"Yes"
"watchdog",30,"No"
"watchmaker",37,"No"
"water",25,"Yes"
"watercress",27,"Yes"
"watermelon",37,"No"
"wax",25,"Yes"
"waxwork",24,"Yes"
"weapon",62,"No"
"weatherman",24,"Yes"
"web",34,"No"
"weed",24,"Yes"
"wench",27,"Yes"
"wheat",27,"Yes"
"wheel",27,"Yes"
"wheelbarrow",29,"Yes"
"wheelchair",27,"Yes"
"wheelhouse",27,"Yes"
"whip",31,"No"
"whirlpool",25,"Yes"
"whisk",29,"Yes"
"whiskers",59,"No"
"whiskey",60,"No"
"whistle",30,"No"
"wife",27,"Yes"
"wig",26,"Yes"
"wigmaker",25,"Yes"
"wildcat",30,"No"
"wildlife",28,"Yes"
"winch",25,"Yes"
"windbreaker",26,"Yes"
"window",24,"Yes"
"windowpane",27,"Yes"
"windowsill",31,"No"
"windshield",28,"Yes"
"windsock",27,"Yes"
"wine",32,"No"
"wineglass",28,"Yes"
"wing",33,"No"
"wingman",29,"Yes"
"wiper",27,"Yes"
"wiring",33,"No"
"wishbone",28,"Yes"
"wolfhound",28,"Yes"
"woman",36,"No"
"wood",25,"Yes"
"woodblock",34,"No"
"woodcarver",25,"Yes"
"woodcraft",31,"No"
"woodcutter",27,"Yes"
"woodpecker",29,"Yes"
"woodpile",26,"Yes"
"woods",30,"No"
"woodshed",33,"No"
"woodwind",28,"Yes"
"woodwork",33,"No"
"wool",32,"No"
"workbench",27,"Yes"
"workbook",36,"No"
"worker",32,"No"
"workroom",27,"Yes"
"worksheet",27,"Yes"
"workshop",27,"Yes"
"worm",36,"No"
"wound",61,"No"
"wrapper",31,"No"
"wreath",27,"Yes"
"wrench",27,"Yes"
"wrestler",28,"Yes"
"wrist",28,"Yes"
"wristband",28,"Yes"
"wristlet",29,"Yes"
"wristwatch",27,"Yes"
"xylophone",28,"Yes"
"yacht",32,"No"
"yachtsman",25,"Yes"
"yam",34,"No"
"yardstick",31,"No"
"yarn",29,"Yes"
"yearbook",36,"No"
"yoga",39,"No"
"yogurt",26,"Yes"
"yolk",25,"Yes"
"you",26,"Yes"
"yourself",28,"Yes"
"zipper",28,"Yes"
"zucchini",31,"No"
"antelope",0,"Yes"
"barracuda",0,"Yes"
"blackbird",0,"Yes"
"boots",0,"Yes"
"cobra",0,"Yes"
"eagle",0,"Yes"
"parrot",0,"Yes"
"penguin",0,"Yes"
"penis",0,"Yes"
"porcupine",0,"Yes"
"rattlesnake",0,"Yes"
"seagull",0,"Yes"
"snake",0,"Yes"
"spaghetti",0,"Yes"
"toad",0,"Yes"
"whisky",0,"Yes"
"bluebird",0,"Yes"
"bluejay",0,"Yes"
"chipmunk",0,"Yes"
"fox",0,"Yes"
"glove",0,"Yes"
"gorilla",0,"Yes"
"moose",0,"Yes"
"rafter",0,"Yes"
"serpent",0,"Yes"
"alligator",0,"Yes"
"anvil",0,"Yes"
"bumblebee",0,"Yes"
"caboose",0,"Yes"
"cave",0,"Yes"
"chimp",0,"Yes"
"cockroach",0,"Yes"
"coyote",0,"Yes"
"crawlspace",0,"Yes"
"hornet",0,"Yes"
"hummingbird",0,"Yes"
"island",0,"Yes"
"kerosene",0,"Yes"
"lion",0,"Yes"
"mayo",0,"Yes"
"muskrat",0,"Yes"
"needles",0,"Yes"
"noodles",0,"Yes"
"pelican",0,"Yes"
"pyramid",0,"Yes"
"python",0,"Yes"
"redwood",0,"Yes"
"tail",0,"Yes"
"wasp",0,"Yes"
"whale",0,"Yes"
"anaconda",0,"Yes"
"bagpipes",0,"Yes"
"beehive",0,"Yes"
"bobcat",0,"Yes"
"butterfly",0,"Yes"
"cemetery",0,"Yes"
"chopstick",0,"Yes"
"churchyard",0,"Yes"
"coliseum",0,"Yes"
"crackers",0,"Yes"
"crow",0,"Yes"
"elk",0,"Yes"
"emerald",0,"Yes"
"groundhog",0,"Yes"
"gunshot",0,"Yes"
"hawk",0,"Yes"
"hippo",0,"Yes"
"hippopotamus",0,"Yes"
"jellyfish",0,"Yes"
"office",0,"Yes"
"opossum",0,"Yes"
"owl",0,"Yes"
"panther",0,"Yes"
"rainfall",0,"Yes"
"shark",0,"Yes"
"stair",0,"Yes"
"tapeworm",0,"Yes"
"text",0,"Yes"
"ashes",0,"Yes"
"baboon",0,"Yes"
"caribou",0,"Yes"
"limes",0,"Yes"
"mast",0,"Yes"
"moonstone",0,"Yes"
"rosewood",0,"Yes"
"theater",0,"Yes"
"waterbird",0,"Yes"
"armadillo",0,"Yes"
"ax",0,"Yes"
"church",0,"Yes"
"clown",0,"Yes"
"falcon",0,"Yes"
"monkey",0,"Yes"
"moon",0,"Yes"
"rhino",0,"Yes"
"scissor",0,"Yes"
"scoreboard",0,"Yes"
"starfish",0,"Yes"
"waterfall",0,"Yes"
"anthill",0,"Yes"
"breast",0,"Yes"
"corpse",0,"Yes"
"drawbridge",0,"Yes"
"flea",0,"Yes"
"graves",0,"Yes"
"mackerel",0,"Yes"
"patio",0,"Yes"
"racetrack",0,"Yes"
"seahorse",0,"Yes"
"shrubbery",0,"Yes"
"snout",0,"Yes"
"swordfish",0,"Yes"
"trucks",0,"Yes"
"underpants",0,"Yes"
"bear",0,"Yes"
"bee",0,"Yes"
"candelabra",0,"Yes"
"dam",0,"Yes"
"gardenia",0,"Yes"
"guppy",0,"Yes"
"hare",0,"Yes"
"hemlock",0,"Yes"
"lard",0,"Yes"
"motorway",0,"Yes"
"sickle",0,"Yes"
"skunk",0,"Yes"
"stovepipe",0,"Yes"
"airport",0,"Yes"
"dinosaur",0,"Yes"
"knuckles",0,"Yes"
"shoreline",0,"Yes"
"anteater",0,"Yes"
"asteroid",0,"Yes"
"cornea",0,"Yes"
"courthouse",0,"Yes"
"farmland",0,"Yes"
"fireworks",0,"Yes"
"honeybee",0,"Yes"
"kangaroo",0,"Yes"
"neckline",0,"Yes"
"otter",0,"Yes"
"ox",0,"Yes"
"pawnshop",0,"Yes"
"peninsula",0,"Yes"
"pollen",0,"Yes"
"rainstorm",0,"Yes"
"raven",0,"Yes"
"sketchpad",0,"Yes"
"snowstorm",0,"Yes"
"sunlamp",0,"Yes"
"turpentine",0,"Yes"
"zebra",0,"Yes"
"ammo",0,"Yes"
"bull",0,"Yes"
"catsup",0,"Yes"
"ceiling",0,"Yes"
"foam",0,"Yes"
"gargoyle",0,"Yes"
"gutter",0,"Yes"
"hemp",0,"Yes"
"landmine",0,"Yes"
"marsh",0,"Yes"
"mold",0,"Yes"
"pajama",0,"Yes"
"raceway",0,"Yes"
"sparrow",0,"Yes"
"sunfish",0,"Yes"
"bookshop",0,"Yes"
"cyclist",0,"Yes"
"gator",0,"Yes"
"sealskin",0,"Yes"
"tumbleweed",0,"Yes"
"asphalt",0,"Yes"
"billboard",0,"Yes"
"bonfire",0,"Yes"
"cocoon",0,"Yes"
"dragonfly",0,"Yes"
"ferry",0,"Yes"
"gnat",0,"Yes"
"hive",0,"Yes"
"jail",0,"Yes"
"missile",0,"Yes"
"picnic",0,"Yes"
"platypus",0,"Yes"
"scaffolding",0,"Yes"
"slaughterhouse",0,"Yes"
"sloth",0,"Yes"
"sphinx",0,"Yes"
"sun",0,"Yes"
"tarantula",0,"Yes"
"thunderstorm",0,"Yes"
"yoke",0,"Yes"
"alley",0,"Yes"
"cougar",0,"Yes"
"crossbeam",0,"Yes"
"flagstone",0,"Yes"
"gladiator",0,"Yes"
"grate",0,"Yes"
"lava",0,"Yes"
"lung",0,"Yes"
"oak",0,"Yes"
"sperm",0,"Yes"
"streetlight",0,"Yes"
"toadstool",0,"Yes"
"tunnel",0,"Yes"
"welder",0,"Yes"
"yard",0,"Yes"
"albatross",0,"Yes"
"alpaca",0,"Yes"
"bay",0,"Yes"
"capes",0,"Yes"
"flamingo",0,"Yes"
"hole",0,"Yes"
"macaw",0,"Yes"
"orangutan",0,"Yes"
"piston",0,"Yes"
"rump",0,"Yes"
"teleprompter",0,"Yes"
"tweed",0,"Yes"
"waterspout",0,"Yes"
"zoo",0,"Yes"
"banner",0,"Yes"
"boar",0,"Yes"
"coalmine",0,"Yes"
"fortress",0,"Yes"
"grain",0,"Yes"
"locust",0,"Yes"
"officer",0,"Yes"
"prairie",0,"Yes"
"sit",0,"Yes"
"spacecraft",0,"Yes"
"talon",0,"Yes"
"vineyard",0,"Yes"
"amplifier",0,"Yes"
"ape",0,"Yes"
"barnyard",0,"Yes"
"beanpole",0,"Yes"
"blackheads",0,"Yes"
"breadfruit",0,"Yes"
"brickyard",0,"Yes"
"bucktooth",0,"Yes"
"bunker",0,"Yes"
"buttock",0,"Yes"
"cannon",0,"Yes"
"chandelier",0,"Yes"
"city",0,"Yes"
"cob",0,"Yes"
"emu",0,"Yes"
"firebomb",0,"Yes"
"knight",0,"Yes"
"orchestra",0,"Yes"
"pancreas",0,"Yes"
"roof",0,"Yes"
"room",0,"Yes"
"saucer",0,"Yes"
"shipyard",0,"Yes"
"skylight",0,"Yes"
"somersault",0,"Yes"
"stadium",0,"Yes"
"steamroller",0,"Yes"
"syringes",0,"Yes"
"villa",0,"Yes"
"wolf",0,"Yes"
"woodworm",0,"Yes"
"barrack",0,"Yes"
"boardwalk",0,"Yes"
"garter",0,"Yes"
"gramophone",0,"Yes"
"hillside",0,"Yes"
"incinerator",0,"Yes"
"leaves",0,"Yes"
"parenthesis",0,"Yes"
"pasture",0,"Yes"
"skydiver",0,"Yes"
"sleet",0,"Yes"
"speedometer",0,"Yes"
"stripper",0,"Yes"
"stump",0,"Yes"
"eucalyptus",0,"Yes"
"haircut",0,"Yes"
"koala",0,"Yes"
"lilly",0,"Yes"
"nutcrackers",0,"Yes"
"sharkskin",0,"Yes"
"silverfish",0,"Yes"
"blimp",0,"Yes"
"classroom",0,"Yes"
"fin",0,"Yes"
"gecko",0,"Yes"
"grove",0,"Yes"
"hydrant",0,"Yes"
"ivory",0,"Yes"
"ladybird",0,"Yes"
"packhorse",0,"Yes"
"piranha",0,"Yes"
"rectangle",0,"Yes"
"schoolmaster",0,"Yes"
"skyscraper",0,"Yes"
"spud",0,"Yes"
"tusk",0,"Yes"
"headstand",0,"Yes"
"horsehair",0,"Yes"
"lumberjack",0,"Yes"
"mockingbird",0,"Yes"
"monastery",0,"Yes"
"panda",0,"Yes"
"pheasant",0,"Yes"
"quicksand",0,"Yes"
"reservoir",0,"Yes"
"rhinoceros",0,"Yes"
"rooster",0,"Yes"
"skating",0,"Yes"
"strings",0,"Yes"
"windpipe",0,"Yes"
"arcade",0,"Yes"
"buzzard",0,"Yes"
"dome",0,"Yes"
"duct",0,"Yes"
"intestines",0,"Yes"
"milkmaid",0,"Yes"
"nightstick",0,"Yes"
"omelette",0,"Yes"
"park",0,"Yes"
"pentagram",0,"Yes"
"persimmon",0,"Yes"
"sandstone",0,"Yes"
"sawmill",0,"Yes"
"steeple",0,"Yes"
"weasel",0,"Yes"
"bearskin",0,"Yes"
"boulevard",0,"Yes"
"bruise",0,"Yes"
"clergyman",0,"Yes"
"copperhead",0,"Yes"
"crankshaft",0,"Yes"
"dingo",0,"Yes"
"giraffe",0,"Yes"
"highschool",0,"Yes"
"kennel",0,"Yes"
"mane",0,"Yes"
"piss",0,"Yes"
"possum",0,"Yes"
"prong",0,"Yes"
"ranch",0,"Yes"
"rocket",0,"Yes"
"salon",0,"Yes"
"satellite",0,"Yes"
"smokestack",0,"Yes"
"surfer",0,"Yes"
"tassel",0,"Yes"
"vulture",0,"Yes"
"anchorman",0,"Yes"
"bulletin",0,"Yes"
"daggers",0,"Yes"
"fort",0,"Yes"
"gazelle",0,"Yes"
"mill",0,"Yes"
"mullets",0,"Yes"
"mummy",0,"Yes"
"princess",0,"Yes"
"quartz",0,"Yes"
"rudder",0,"Yes"
"slap",0,"Yes"
"stork",0,"Yes"
"stripe",0,"Yes"
"sunbather",0,"Yes"
"tonsil",0,"Yes"
"valley",0,"Yes"
"yeast",0,"Yes"
"apartments",0,"Yes"
"cartilage",0,"Yes"
"frankincense",0,"Yes"
"kingfisher",0,"Yes"
"monorail",0,"Yes"
"navel",0,"Yes"
"ostrich",0,"Yes"
"pigeon",0,"Yes"
"pope",0,"Yes"
"roadblock",0,"Yes"
"shaft",0,"Yes"
"silt",0,"Yes"
"squid",0,"Yes"
"sweat",0,"Yes"
"uterus",0,"Yes"
"whey",0,"Yes"
"airfield",0,"Yes"
"army",0,"Yes"
"ballroom",0,"Yes"
"breadboard",0,"Yes"
"campground",0,"Yes"
"cheetah",0,"Yes"
"glacier",0,"Yes"
"gong",0,"Yes"
"gunsmith",0,"Yes"
"heliport",0,"Yes"
"lobby",0,"Yes"
"manor",0,"Yes"
"market",0,"Yes"
"meter",0,"Yes"
"patch",0,"Yes"
"preacher",0,"Yes"
"reed",0,"Yes"
"reef",0,"Yes"
"ripcord",0,"Yes"
"sergeant",0,"Yes"
"snakebite",0,"Yes"
"spaniel",0,"Yes"
"spearmint",0,"Yes"
"spleen",0,"Yes"
"storm",0,"Yes"
"swordsman",0,"Yes"
"whisker",0,"Yes"
"bald",0,"Yes"
"blowfish",0,"Yes"
"cogwheel",0,"Yes"
"crevasse",0,"Yes"
"dewdrop",0,"Yes"
"genitalia",0,"Yes"
"humpback",0,"Yes"
"jean",0,"Yes"
"lab",0,"Yes"
"mastiff",0,"Yes"
"measles",0,"Yes"
"moat",0,"Yes"
"pendulum",0,"Yes"
"petroleum",0,"Yes"
"poppy",0,"Yes"
"riverbed",0,"Yes"
"star",0,"Yes"
"sternum",0,"Yes"
"sunrise",0,"Yes"
"tollgate",0,"Yes"
"ulcer",0,"Yes"
"viper",0,"Yes"
"watermill",0,"Yes"
"wick",0,"Yes"
"airstrip",0,"Yes"
"axes",0,"Yes"
"beaver",0,"Yes"
"bison",0,"Yes"
"blizzard",0,"Yes"
"bullring",0,"Yes"
"canal",0,"Yes"
"chameleon",0,"Yes"
"fire",0,"Yes"
"gallstone",0,"Yes"
"geyser",0,"Yes"
"herring",0,"Yes"
"liver",0,"Yes"
"petticoat",0,"Yes"
"pipeline",0,"Yes"
"pit",0,"Yes"
"prison",0,"Yes"
"rupee",0,"Yes"
"saloonkeeper",0,"Yes"
"snapshot",0,"Yes"
"sparkler",0,"Yes"
"whetstone",0,"Yes"
"ark",0,"Yes"
"bloodstain",0,"Yes"
"brushes",0,"Yes"
"catacomb",0,"Yes"
"comet",0,"Yes"
"crossroads",0,"Yes"
"cub",0,"Yes"
"drawer",0,"Yes"
"ferryman",0,"Yes"
"flock",0,"Yes"
"floodlight",0,"Yes"
"gopher",0,"Yes"
"harpoon",0,"Yes"
"laundryman",0,"Yes"
"pagoda",0,"Yes"
"passageway",0,"Yes"
"raccoon",0,"Yes"
"rifleman",0,"Yes"
"shepherd",0,"Yes"
"smack",0,"Yes"
"spa",0,"Yes"
"traffic",0,"Yes"
"waterfront",0,"Yes"
"barge",0,"Yes"
"boardroom",0,"Yes"
"buzzer",0,"Yes"
"calves",0,"Yes"
"colon",0,"Yes"
"dozen",0,"Yes"
"fog",0,"Yes"
"graph",0,"Yes"
"hailstorm",0,"Yes"
"hymen",0,"Yes"
"jackrabbit",0,"Yes"
"jungle",0,"Yes"
"landlord",0,"Yes"
"lane",0,"Yes"
"manatee",0,"Yes"
"mural",0,"Yes"
"nudist",0,"Yes"
"plankton",0,"Yes"
"toucan",0,"Yes"
"comma",0,"Yes"
"flywheel",0,"Yes"
"mike",0,"Yes"
"orphanage",0,"Yes"
"quail",0,"Yes"
"rattail",0,"Yes"
"scabbard",0,"Yes"
"tortoiseshell",0,"Yes"
"university",0,"Yes"
"yak",0,"Yes"
"brassiere",0,"Yes"
"campus",0,"Yes"
"cylinder",0,"Yes"
"dung",0,"Yes"
"flint",0,"Yes"
"fly",0,"Yes"
"freckles",0,"Yes"
"handmaiden",0,"Yes"
"inn",0,"Yes"
"jester",0,"Yes"
"jury",0,"Yes"
"molehill",0,"Yes"
"neighbor",0,"Yes"
"rabbi",0,"Yes"
"ratchet",0,"Yes"
"sachet",0,"Yes"
"sagebrush",0,"Yes"
"sax",0,"Yes"
"schoolmate",0,"Yes"
"schoolroom",0,"Yes"
"siding",0,"Yes"
"sprout",0,"Yes"
"tit",0,"Yes"
"town",0,"Yes"
"vertebrae",0,"Yes"
"beast",0,"Yes"
"bungalow",0,"Yes"
"butler",0,"Yes"
"cameraman",0,"Yes"
"canary",0,"Yes"
"cartwheel",0,"Yes"
"courtroom",0,"Yes"
"cowgirl",0,"Yes"
"dent",0,"Yes"
"embroidery",0,"Yes"
"gallbladder",0,"Yes"
"machetes",0,"Yes"
"mound",0,"Yes"
"oscilloscope",0,"Yes"
"paperwork",0,"Yes"
"pod",0,"Yes"
"sandstorm",0,"Yes"
"seal",0,"Yes"
"shaving",0,"Yes"
"shipbuilding",0,"Yes"
"spotlight",0,"Yes"
"steamship",0,"Yes"
"stonecutter",0,"Yes"
"telegram",0,"Yes"
"aqueduct",0,"Yes"
"cargo",0,"Yes"
"cervix",0,"Yes"
"college",0,"Yes"
"firework",0,"Yes"
"fizz",0,"Yes"
"flintstone",0,"Yes"
"flood",0,"Yes"
"gaslight",0,"Yes"
"hum",0,"Yes"
"morgue",0,"Yes"
"nod",0,"Yes"
"paleontologist",0,"Yes"
"pier",0,"Yes"
"pleat",0,"Yes"
"prawn",0,"Yes"
"rash",0,"Yes"
"rickshaw",0,"Yes"
"rim",0,"Yes"
"semicolon",0,"Yes"
"shipbuilder",0,"Yes"
"signboard",0,"Yes"
"sod",0,"Yes"
"tyrannosaurus",0,"Yes"
"vault",0,"Yes"
"venom",0,"Yes"
"waterhole",0,"Yes"
"chute",0,"Yes"
"crater",0,"Yes"
"dashboard",0,"Yes"
"formaldehyde",0,"Yes"
"kids",0,"Yes"
"liverwurst",0,"Yes"
"mainsail",0,"Yes"
"pound",0,"Yes"
"ravine",0,"Yes"
"robin",0,"Yes"
"sandpiper",0,"Yes"
"stockroom",0,"Yes"
"sunspot",0,"Yes"
"thyroid",0,"Yes"
"tribesman",0,"Yes"
"turtledove",0,"Yes"
"wooden",0,"Yes"
"butternut",0,"Yes"
"collage",0,"Yes"
"grassland",0,"Yes"
"meteorite",0,"Yes"
"sandbar",0,"Yes"
"sheik",0,"Yes"
"sleeveless",0,"Yes"
"wharf",0,"Yes"
"whorehouse",0,"Yes"
"arch",0,"Yes"
"aspen",0,"Yes"
"bobtail",0,"Yes"
"chamber",0,"Yes"
"domino",0,"Yes"
"filter",0,"Yes"
"gnome",0,"Yes"
"graphics",0,"Yes"
"handwriting",0,"Yes"
"hurricane",0,"Yes"
"jockey",0,"Yes"
"lightning",0,"Yes"
"movie",0,"Yes"
"pavilion",0,"Yes"
"pinstripe",0,"Yes"
"pregnant",0,"Yes"
"propane",0,"Yes"
"refinery",0,"Yes"
"sail",0,"Yes"
"senator",0,"Yes"
"sharpshooter",0,"Yes"
"sieve",0,"Yes"
"sill",0,"Yes"
"songbird",0,"Yes"
"stain",0,"Yes"
"tee",0,"Yes"
"telegraph",0,"Yes"
"turbine",0,"Yes"
"windscreen",0,"Yes"
"congressman",0,"Yes"
"entrails",0,"Yes"
"groin",0,"Yes"
"helmeted",0,"Yes"
"hookworm",0,"Yes"
"hovercraft",0,"Yes"
"hula",0,"Yes"
"longshoreman",0,"Yes"
"lungfish",0,"Yes"
"meetinghouse",0,"Yes"
"planet",0,"Yes"
"plastics",0,"Yes"
"slate",0,"Yes"
"sprocket",0,"Yes"
"stockyard",0,"Yes"
"woodsman",0,"Yes"
"abrasion",0,"Yes"
"afterbirth",0,"Yes"
"aviator",0,"Yes"
"barometer",0,"Yes"
"brunette",0,"Yes"
"cavern",0,"Yes"
"cerebellum",0,"Yes"
"chophouse",0,"Yes"
"cove",0,"Yes"
"firebird",0,"Yes"
"flannels",0,"Yes"
"handstand",0,"Yes"
"harbor",0,"Yes"
"hyena",0,"Yes"
"malt",0,"Yes"
"mildew",0,"Yes"
"monogram",0,"Yes"
"palace",0,"Yes"
"quart",0,"Yes"
"seaport",0,"Yes"
"shrapnel",0,"Yes"
"silhouette",0,"Yes"
"speedway",0,"Yes"
"spur",0,"Yes"
"sunburn",0,"Yes"
"surf",0,"Yes"
"tick",0,"Yes"
"traveller",0,"Yes"
"biophysicist",0,"Yes"
"bolero",0,"Yes"
"canon",0,"Yes"
"chickenpox",0,"Yes"
"choirboy",0,"Yes"
"coil",0,"Yes"
"crematory",0,"Yes"
"freckle",0,"Yes"
"frost",0,"Yes"
"longhorn",0,"Yes"
"lumberyard",0,"Yes"
"manger",0,"Yes"
"mountaintop",0,"Yes"
"oilman",0,"Yes"
"pile",0,"Yes"
"rubble",0,"Yes"
"site",0,"Yes"
"stonemason",0,"Yes"
"thorax",0,"Yes"
"trumpeter",0,"Yes"
"tumor",0,"Yes"
"vent",0,"Yes"
"auctioneer",0,"Yes"
"billiard",0,"Yes"
"blindfolded",0,"Yes"
"boxing",0,"Yes"
"campsite",0,"Yes"
"cut",0,"Yes"
"dockyard",0,"Yes"
"footman",0,"Yes"
"fuse",0,"Yes"
"grid",0,"Yes"
"housetops",0,"Yes"
"infirmary",0,"Yes"
"intestine",0,"Yes"
"marsupial",0,"Yes"
"pigtailed",0,"Yes"
"planetarium",0,"Yes"
"ram",0,"Yes"
"spokeswoman",0,"Yes"
"typhoon",0,"Yes"
"vet",0,"Yes"
"watermark",0,"Yes"
"wave",0,"Yes"
"allspice",0,"Yes"
"antifreeze",0,"Yes"
"battlefield",0,"Yes"
"bayou",0,"Yes"
"cinder",0,"Yes"
"cloud",0,"Yes"
"coastline",0,"Yes"
"constable",0,"Yes"
"corral",0,"Yes"
"dike",0,"Yes"
"fender",0,"Yes"
"hedge",0,"Yes"
"iris",0,"Yes"
"logger",0,"Yes"
"midshipman",0,"Yes"
"mosque",0,"Yes"
"newsroom",0,"Yes"
"parade",0,"Yes"
"pesticide",0,"Yes"
"scorekeeper",0,"Yes"
"seismograph",0,"Yes"
"shadow",0,"Yes"
"shoemaker",0,"Yes"
"showroom",0,"Yes"
"sphincter",0,"Yes"
"spice",0,"Yes"
"sunset",0,"Yes"
"suspender",0,"Yes"
"synagogue",0,"Yes"
"tidewater",0,"Yes"
"undercarriage",0,"Yes"
"venus",0,"Yes"
"veranda",0,"Yes"
"weep",0,"Yes"
"attic",0,"Yes"
"bowel",0,"Yes"
"calfskin",0,"Yes"
"cobbler",0,"Yes"
"crack",0,"Yes"
"medication",0,"Yes"
"spades",0,"Yes"
"tornado",0,"Yes"
"abacus",0,"Yes"
"asbestos",0,"Yes"
"barb",0,"Yes"
"bark",0,"Yes"
"blonde",0,"Yes"
"brontosaurus",0,"Yes"
"bullfight",0,"Yes"
"carpetbag",0,"Yes"
"crest",0,"Yes"
"crowd",0,"Yes"
"diarrhea",0,"Yes"
"digit",0,"Yes"
"dunk",0,"Yes"
"explosion",0,"Yes"
"fat",0,"Yes"
"fishery",0,"Yes"
"foyer",0,"Yes"
"hairless",0,"Yes"
"heart",0,"Yes"
"hexagon",0,"Yes"
"honk",0,"Yes"
"horseshit",0,"Yes"
"inkwell",0,"Yes"
"jump",0,"Yes"
"kissing",0,"Yes"
"knitter",0,"Yes"
"lick",0,"Yes"
"mortuary",0,"Yes"
"night",0,"Yes"
"peddler",0,"Yes"
"permafrost",0,"Yes"
"pus",0,"Yes"
"quilting",0,"Yes"
"receipts",0,"Yes"
"rust",0,"Yes"
"saxophonist",0,"Yes"
"sewage",0,"Yes"
"sextuplet",0,"Yes"
"silver",0,"Yes"
"skylark",0,"Yes"
"snapper",0,"Yes"
"sturgeon",0,"Yes"
"thundercloud",0,"Yes"
"towline",0,"Yes"
"triangle",0,"Yes"
"waltz",0,"Yes"
"whitehead",0,"Yes"
"mist",0,"Yes"
"backroom",0,"Yes"
"bailiff",0,"Yes"
"batman",0,"Yes"
"cacti",0,"Yes"
"chlorine",0,"Yes"
"chrome",0,"Yes"
"ditch",0,"Yes"
"drape",0,"Yes"
"fiber",0,"Yes"
"flare",0,"Yes"
"flares",0,"Yes"
"hangar",0,"Yes"
"hosiery",0,"Yes"
"icehouse",0,"Yes"
"infielder",0,"Yes"
"lagoon",0,"Yes"
"larynx",0,"Yes"
"laser",0,"Yes"
"line",0,"Yes"
"loom",0,"Yes"
"loot",0,"Yes"
"lynx",0,"Yes"
"mime",0,"Yes"
"morphine",0,"Yes"
"muscleman",0,"Yes"
"naked",0,"Yes"
"painted",0,"Yes"
"plantation",0,"Yes"
"primates",0,"Yes"
"rattler",0,"Yes"
"ringworm",0,"Yes"
"sheriff",0,"Yes"
"smile",0,"Yes"
"smudge",0,"Yes"
"snowdrop",0,"Yes"
"spray",0,"Yes"
"stateroom",0,"Yes"
"steam",0,"Yes"
"swine",0,"Yes"
"tack",0,"Yes"
"tip",0,"Yes"
"topsail",0,"Yes"
"trident",0,"Yes"
"whitetail",0,"Yes"
"woofer",0,"Yes"
"abscess",0,"Yes"
"artery",0,"Yes"
"backdrop",0,"Yes"
"bladder",0,"Yes"
"bran",0,"Yes"
"brig",0,"Yes"
"brown",0,"Yes"
"brushfire",0,"Yes"
"bud",0,"Yes"
"butterfat",0,"Yes"
"cadaver",0,"Yes"
"candlelight",0,"Yes"
"casebook",0,"Yes"
"chop",0,"Yes"
"cloakroom",0,"Yes"
"column",0,"Yes"
"countryside",0,"Yes"
"crying",0,"Yes"
"cyclone",0,"Yes"
"droppings",0,"Yes"
"exam",0,"Yes"
"goalie",0,"Yes"
"grindstone",0,"Yes"
"hairy",0,"Yes"
"hopscotch",0,"Yes"
"marrow",0,"Yes"
"monsoon",0,"Yes"
"mortar",0,"Yes"
"newsreel",0,"Yes"
"observatory",0,"Yes"
"planking",0,"Yes"
"plastering",0,"Yes"
"platoon",0,"Yes"
"potbelly",0,"Yes"
"ridge",0,"Yes"
"saline",0,"Yes"
"salute",0,"Yes"
"sarcophagus",0,"Yes"
"satinwood",0,"Yes"
"schnapps",0,"Yes"
"sheath",0,"Yes"
"shipment",0,"Yes"
"sinkhole",0,"Yes"
"sonogram",0,"Yes"
"spaceship",0,"Yes"
"spectrometer",0,"Yes"
"sycamore",0,"Yes"
"undergarment",0,"Yes"
"vermin",0,"Yes"
"vitamin",0,"Yes"
"wigwam",0,"Yes"
"alarm",0,"Yes"
"bronze",0,"Yes"
"crawling",0,"Yes"
"farmyard",0,"Yes"
"filmstrip",0,"Yes"
"medics",0,"Yes"
"nudge",0,"Yes"
"prism",0,"Yes"
"shingles",0,"Yes"
"sorcerer",0,"Yes"
"tendon",0,"Yes"
"ad",0,"Yes"
"backstroke",0,"Yes"
"bedrock",0,"Yes"
"bile",0,"Yes"
"birth",0,"Yes"
"carcass",0,"Yes"
"cavalryman",0,"Yes"
"clubfoot",0,"Yes"
"cobalt",0,"Yes"
"condor",0,"Yes"
"coop",0,"Yes"
"cosmonaut",0,"Yes"
"dawn",0,"Yes"
"dune",0,"Yes"
"firebox",0,"Yes"
"hatch",0,"Yes"
"lectern",0,"Yes"
"mansions",0,"Yes"
"metalwork",0,"Yes"
"nightingale",0,"Yes"
"retina",0,"Yes"
"sewer",0,"Yes"
"shilling",0,"Yes"
"song",0,"Yes"
"starlet",0,"Yes"
"stockade",0,"Yes"
"tentacle",0,"Yes"
"trail",0,"Yes"
"turbojet",0,"Yes"
"urinate",0,"Yes"
"vasectomy",0,"Yes"
"wet",0,"Yes"
"whalebone",0,"Yes"
"wreckage",0,"Yes"
"yawn",0,"Yes"
"airliner",0,"Yes"
"archaeologist",0,"Yes"
"bomber",0,"Yes"
"bucketful",0,"Yes"
"chiffon",0,"Yes"
"coastguard",0,"Yes"
"cottontail",0,"Yes"
"crease",0,"Yes"
"dean",0,"Yes"
"droplet",0,"Yes"
"gizzard",0,"Yes"
"gypsy",0,"Yes"
"ironwork",0,"Yes"
"jowl",0,"Yes"
"maze",0,"Yes"
"paste",0,"Yes"
"pentagon",0,"Yes"
"queen",0,"Yes"
"riot",0,"Yes"
"seafront",0,"Yes"
"siren",0,"Yes"
"sixpence",0,"Yes"
"sky",0,"Yes"
"sunlight",0,"Yes"
"vertebra",0,"Yes"
"almanac",0,"Yes"
"ammonia",0,"Yes"
"anthrax",0,"Yes"
"bite",0,"Yes"
"bluebook",0,"Yes"
"cell",0,"Yes"
"circle",0,"Yes"
"eat",0,"Yes"
"fencer",0,"Yes"
"flattop",0,"Yes"
"follicle",0,"Yes"
"gallery",0,"Yes"
"insecticide",0,"Yes"
"nape",0,"Yes"
"obsidian",0,"Yes"
"plaza",0,"Yes"
"prince",0,"Yes"
"punching",0,"Yes"
"showgirl",0,"Yes"
"sleep",0,"Yes"
"sphere",0,"Yes"
"sportsman",0,"Yes"
"twister",0,"Yes"
"underbrush",0,"Yes"
"ventriloquist",0,"Yes"
"washing",0,"Yes"
"wormwood",0,"Yes"
"zeppelin",0,"Yes"
"bracket",0,"Yes"
"brook",0,"Yes"
"circus",0,"Yes"
"citizen",0,"Yes"
"clothing",0,"Yes"
"cockfight",0,"Yes"
"crematorium",0,"Yes"
"crevice",0,"Yes"
"engraver",0,"Yes"
"excrement",0,"Yes"
"firelight",0,"Yes"
"floodgate",0,"Yes"
"gang",0,"Yes"
"gauntlet",0,"Yes"
"hem",0,"Yes"
"lioness",0,"Yes"
"list",0,"Yes"
"locked",0,"Yes"
"lumberman",0,"Yes"
"minefield",0,"Yes"
"moneylender",0,"Yes"
"moonlight",0,"Yes"
"nosebleed",0,"Yes"
"ocelot",0,"Yes"
"octagon",0,"Yes"
"oxcart",0,"Yes"
"parkway",0,"Yes"
"penicillin",0,"Yes"
"pharaoh",0,"Yes"
"pilgrim",0,"Yes"
"pint",0,"Yes"
"polo",0,"Yes"
"quiz",0,"Yes"
"signature",0,"Yes"
"spoonful",0,"Yes"
"sulfur",0,"Yes"
"swim",0,"Yes"
"tennis",0,"Yes"
"typewriting",0,"Yes"
"watchtower",0,"Yes"
"waterfowl",0,"Yes"
"waterwheel",0,"Yes"
"welt",0,"Yes"
"wizard",0,"Yes"
"appendectomy",0,"Yes"
"bellhop",0,"Yes"
"blowpipe",0,"Yes"
"cuckoo",0,"Yes"
"freighter",0,"Yes"
"glasshouse",0,"Yes"
"goggle",0,"Yes"
"headless",0,"Yes"
"hermaphrodite",0,"Yes"
"paratroops",0,"Yes"
"seaman",0,"Yes"
"skiing",0,"Yes"
"solid",0,"Yes"
"tang",0,"Yes"
"albino",0,"Yes"
"beaded",0,"Yes"
"biographer",0,"Yes"
"blond",0,"Yes"
"blush",0,"Yes"
"brunch",0,"Yes"
"clasp",0,"Yes"
"crossroad",0,"Yes"
"curly",0,"Yes"
"curve",0,"Yes"
"distillery",0,"Yes"
"dropkick",0,"Yes"
"flagstaff",0,"Yes"
"flutist",0,"Yes"
"geologist",0,"Yes"
"glycerin",0,"Yes"
"gristle",0,"Yes"
"horseback",0,"Yes"
"hunter",0,"Yes"
"kickoff",0,"Yes"
"knit",0,"Yes"
"lettering",0,"Yes"
"lining",0,"Yes"
"mesh",0,"Yes"
"mole",0,"Yes"
"mountaineer",0,"Yes"
"nightcap",0,"Yes"
"nights",0,"Yes"
"paintwork",0,"Yes"
"paneling",0,"Yes"
"port",0,"Yes"
"screenplay",0,"Yes"
"shelve",0,"Yes"
"soapy",0,"Yes"
"splashing",0,"Yes"
"sting",0,"Yes"
"turquoise",0,"Yes"
"typist",0,"Yes"
"windstorm",0,"Yes"
"alehouse",0,"Yes"
"bleed",0,"Yes"
"brownstone",0,"Yes"
"chime",0,"Yes"
"coral",0,"Yes"
"gashes",0,"Yes"
"librarian",0,"Yes"
"magnifier",0,"Yes"
"president",0,"Yes"
"sewing",0,"Yes"
"steed",0,"Yes"
"tapping",0,"Yes"
"tong",0,"Yes"
"warlord",0,"Yes"
"waterline",0,"Yes"
"waterway",0,"Yes"
"zinc",0,"Yes"
"blink",0,"Yes"
"boiling",0,"Yes"
"chateau",0,"Yes"
"cleric",0,"Yes"
"downtown",0,"Yes"
"dragon",0,"Yes"
"earnings",0,"Yes"
"gash",0,"Yes"
"headstone",0,"Yes"
"jackal",0,"Yes"
"lithograph",0,"Yes"
"masseur",0,"Yes"
"molding",0,"Yes"
"nighthawk",0,"Yes"
"percolator",0,"Yes"
"punch",0,"Yes"
"quartet",0,"Yes"
"scriptwriter",0,"Yes"
"skipper",0,"Yes"
"snore",0,"Yes"
"sparks",0,"Yes"
"stag",0,"Yes"
"talker",0,"Yes"
"beacon",0,"Yes"
"blacksmith",0,"Yes"
"cataract",0,"Yes"
"centrifuge",0,"Yes"
"curl",0,"Yes"
"dew",0,"Yes"
"doorkeeper",0,"Yes"
"flooding",0,"Yes"
"foothill",0,"Yes"
"glycerol",0,"Yes"
"goblin",0,"Yes"
"harem",0,"Yes"
"hearth",0,"Yes"
"heron",0,"Yes"
"jade",0,"Yes"
"kneeling",0,"Yes"
"lesion",0,"Yes"
"lighting",0,"Yes"
"looter",0,"Yes"
"mariner",0,"Yes"
"millimeter",0,"Yes"
"oriole",0,"Yes"
"pant",0,"Yes"
"potion",0,"Yes"
