"cue","n_previous"
"abdomen",33
"absinthe",26
"accessory",32
"accordion",27
"accountant",28
"acne",29
"acorn",38
"acrobat",26
"actor",28
"actress",32
"acupuncture",35
"adapter",30
"addict",31
"adult",28
"advisor",35
"afro",30
"aftershave",28
"aircraft",26
"airman",28
"airplane",28
"album",35
"alcohol",28
"ale",27
"alfalfa",27
"algae",30
"almond",31
"altar",27
"altarpiece",28
"aluminum",30
"ambulance",27
"ammunition",51
"amphibian",32
"amulet",33
"anchor",25
"anchovy",26
"animal",38
"ankle",25
"anklet",38
"announcer",25
"ant",29
"antenna",36
"antennae",29
"antibiotics",30
"antihistamine",34
"antique",58
"antiseptics",31
"anus",34
"apartment",65
"apparatus",35
"apparel",30
"appendage",28
"appetizer",27
"apple",28
"appliance",37
"applicator",26
"appraiser",33
"apprentice",33
"apricot",37
"apron",38
"aquarium",28
"arachnid",30
"archives",26
"arm",35
"armband",30
"armoire",27
"armor",30
"armpit",26
"arrow",29
"arrowhead",26
"artichoke",27
"artifact",35
"artist",26
"ash",69
"ashcan",31
"ashtray",32
"asparagus",28
"ass",32
"assassin",27
"assemblyman",29
"asshole",33
"astronaut",29
"athlete",25
"atlas",26
"attendant",25
"attire",29
"attorney",32
"auditorium",31
"aunt",33
"author",30
"auto",34
"automobile",26
"automotive",27
"avocado",30
"awning",28
"axe",97
"axle",33
"azalea",28
"babe",28
"baby",28
"backboard",29
"backbone",34
"backdoor",26
"backgammon",28
"backpack",28
"backscratcher",26
"bacon",27
"badge",30
"badminton",26
"bag",24
"baggage",30
"bagpipe",50
"bait",26
"baklava",29
"balcony",35
"ball",33
"ballerina",28
"balloon",34
"balloonist",27
"ballot",27
"ballplayer",28
"balm",33
"bamboo",27
"banana",25
"band",27
"bandage",29
"bangle",33
"banister",27
"banjo",29
"bank",25
"bankbook",26
"banknote",29
"banquet",30
"barbecue",26
"barber",34
"barkeep",25
"barley",26
"barman",29
"barn",27
"barnacle",28
"barrel",26
"barrette",26
"barricade",35
"bartender",39
"baseball",35
"baseboard",27
"basement",28
"basil",27
"basin",29
"basket",27
"basketball",28
"bass",36
"bassinet",25
"bat",39
"bath",27
"bathe",33
"bathroom",38
"bathtub",28
"baton",26
"battery",27
"battleship",30
"bayonet",27
"bazooka",29
"beach",27
"beachwear",27
"bead",34
"beagle",33
"beaker",28
"beanstalk",36
"beard",33
"beautician",30
"bed",26
"bedclothes",24
"bedpost",26
"bedroom",33
"bedspread",39
"beef",32
"beefcake",34
"beefsteak",27
"beer",37
"beet",33
"beetle",26
"beggar",27
"bell",29
"bellboy",29
"bellflower",32
"bellman",29
"belly",32
"belongings",29
"belt",36
"bench",29
"beret",27
"berry",36
"beverage",34
"bib",27
"bible",38
"bicep",34
"bicycle",25
"bifocals",52
"bike",29
"bill",27
"billfold",31
"billiards",31
"bin",35
"binoculars",37
"biologist",30
"bird",34
"birdbath",27
"birdseed",34
"birthmark",28
"biscuit",31
"bistro",26
"blackberry",34
"blackboard",29
"blackhead",46
"blade",38
"blanket",27
"blazer",33
"bleach",28
"bleacher",36
"blender",27
"blindfold",33
"blister",32
"block",32
"bloke",25
"blood",31
"bloodhound",36
"bloomers",29
"blouse",32
"blower",28
"blowgun",27
"blowtorch",27
"blueberry",29
"bluefish",27
"blueprint",25
"boa",32
"board",27
"boardinghouse",26
"boat",25
"boathouse",33
"boatman",27
"bobsleigh",29
"bodice",26
"body",28
"bodybuilder",30
"bodyguard",27
"bolt",33
"bomb",28
"bonbon",29
"bondsman",29
"bone",34
"bong",29
"bonnet",27
"book",31
"bookbinder",26
"bookcase",29
"bookend",28
"bookkeeper",28
"booklet",27
"bookmark",27
"bookmarker",29
"bookseller",28
"bookshelf",27
"boomerang",27
"boot",48
"booth",34
"bootlace",36
"booze",28
"bosom",30
"bottle",28
"boulder",35
"bouquet",36
"bourbon",27
"boutique",26
"bowl",27
"bowling",29
"box",28
"boxer",27
"boy",33
"boyfriend",37
"bra",51
"brace",24
"bracelet",28
"braid",35
"branch",26
"brandy",26
"brass",34
"bratwurst",28
"bread",29
"breadbasket",31
"breakfast",24
"breastbone",34
"breastplate",27
"breasts",59
"breeches",27
"brick",30
"bricklayer",27
"brickwork",35
"bridegroom",33
"bridesmaid",28
"bridge",27
"briefcase",28
"briefs",29
"brisket",25
"broach",33
"broccoli",38
"brochure",30
"broiler",28
"broker",27
"brooch",26
"broom",39
"broomstick",29
"broth",36
"brother",34
"brow",26
"brush",50
"bubble",27
"buck",26
"bucket",30
"buckle",37
"buckwheat",29
"buddy",31
"buffalo",37
"buffet",25
"bug",36
"bugle",30
"builder",29
"building",28
"bulb",39
"bulldozer",28
"bullet",32
"bullfighter",25
"bullfrog",29
"bully",37
"bum",31
"bun",31
"bunion",26
"bunk",27
"bunkhouse",34
"bunkmate",35
"bunny",28
"buoy",34
"burger",27
"burglar",27
"burlap",29
"bus",28
"bush",27
"businessman",26
"businesswoman",34
"busman",29
"butcher",26
"butt",35
"butter",38
"buttercup",28
"buttermilk",36
"butterscotch",27
"buttocks",55
"button",28
"buttonhole",27
"buttonhook",27
"bystander",31
"cab",31
"cabbage",31
"cabdriver",29
"cabin",36
"cabinet",35
"cable",32
"cactus",53
"caddy",25
"cadet",30
"cadillac",30
"cafe",26
"cafeteria",28
"cage",30
"cake",29
"calculator",32
"calender",29
"calf",55
"calipers",26
"camel",28
"camera",29
"camisole",27
"can",27
"candidate",28
"candle",32
"candlestick",26
"candy",27
"cane",32
"canine",30
"cannabis",26
"cannonball",27
"canoe",27
"cantaloupe",26
"canteen",37
"canvas",65
"cap",27
"cape",54
"capsule",28
"captain",31
"car",25
"caramel",26
"card",24
"cardboard",27
"cardigan",30
"caretaker",33
"carnival",39
"carp",26
"carpenter",29
"carpet",63
"carport",26
"carriage",33
"carrot",25
"cart",35
"carton",25
"cartridge",29
"case",33
"caseworker",33
"cash",25
"cashier",29
"cashmere",33
"casket",30
"casserole",35
"cassette",30
"castle",29
"cat",29
"catalogue",27
"catapult",29
"caterpillar",30
"catfish",37
"cathedral",33
"catnip",26
"cattle",34
"catwalk",29
"cauldron",28
"cauliflower",29
"caviar",35
"cayenne",28
"cedar",32
"celery",33
"cellar",36
"cello",25
"cellophane",33
"cement",27
"cent",31
"centipede",26
"ceramic",34
"ceramics",27
"cereal",26
"certificate",35
"chain",27
"chair",39
"chairman",32
"chairperson",25
"chairwoman",33
"chalet",25
"chalice",29
"chalk",27
"chambermaid",30
"champagne",36
"chapel",31
"chaplain",32
"charcoal",28
"chart",36
"chauffeur",25
"checkbook",35
"checkerboard",28
"checklist",32
"cheddar",25
"cheek",26
"cheekbone",25
"cheerleader",28
"cheese",33
"cheeseburger",30
"cheesecake",32
"cheesecloth",27
"chef",27
"chemicals",32
"cherry",35
"chessboard",32
"chest",38
"chestnut",27
"chevy",28
"chick",34
"chicken",26
"chickenfeed",33
"chihuahua",28
"child",31
"childbirth",35
"children",29
"chili",33
"chimney",27
"chimpanzee",29
"chin",29
"chinaware",35
"chinchilla",33
"chip",26
"chiropractor",24
"chisel",25
"chocolate",26
"chopsticks",56
"choreographer",28
"chow",28
"chowder",26
"chronograph",24
"chronometer",29
"chrysanthemum",29
"cider",31
"cigar",27
"cigarette",26
"citrus",33
"clam",25
"clamp",26
"clamshell",27
"clarinet",34
"classmate",26
"claw",29
"clay",30
"cleat",30
"cleavage",27
"cleavers",28
"clergy",25
"clerk",30
"client",31
"cliff",32
"clip",54
"clipboard",26
"clipper",28
"clitoris",33
"cloak",25
"clock",28
"closet",39
"cloth",26
"clothes",49
"clothesline",28
"clothespin",31
"clove",28
"clover",39
"cloverleaf",35
"club",36
"clubhouse",34
"coachman",28
"coal",33
"coaster",29
"coat",27
"cobblestone",26
"cobweb",35
"cocaine",32
"cock",30
"cockatoo",36
"cocktail",30
"cocoa",33
"coconut",28
"cod",26
"coffee",28
"coffeepot",28
"coffin",28
"coin",32
"coke",36
"cola",24
"colander",25
"coleslaw",30
"collar",34
"collarbone",29
"colleague",27
"collie",31
"cologne",37
"colt",27
"comb",36
"comforter",38
"comic",35
"committeewoman",26
"commode",31
"companion",27
"compass",64
"compost",34
"compressor",34
"computer",27
"concert",28
"conch",27
"concrete",28
"condiment",38
"conditioner",31
"condom",36
"condominium",29
"conductor",32
"cone",26
"confetti",36
"congresswoman",28
"container",30
"contraceptive",26
"controller",35
"cookbook",30
"cookhouse",27
"cookie",28
"cooler",29
"cop",28
"copier",33
"copilot",28
"copper",32
"copybook",32
"cord",31
"corduroy",26
"cork",30
"corkscrew",26
"corn",36
"cornbread",35
"cornfield",42
"cornflakes",29
"cornflower",27
"cornmeal",25
"cornstarch",30
"corridor",28
"corsage",26
"corset",30
"corvette",38
"cosmetics",29
"costume",35
"costumer",27
"cottage",27
"cotton",31
"couch",29
"council",27
"councilman",27
"councilwoman",30
"counselor",26
"countrywoman",28
"coupon",27
"courtyard",27
"cousin",30
"coverall",33
"cow",38
"cowhide",28
"cowskin",31
"crab",27
"crabgrass",25
"cracker",64
"cradle",39
"craftsman",33
"cranberry",25
"crane",26
"crap",32
"crate",28
"crawfish",33
"crayfish",26
"crayon",34
"cream",38
"creamer",37
"creature",28
"creek",28
"crepe",34
"crewman",26
"crib",26
"cricket",27
"crisps",37
"critter",36
"crocodile",26
"croissant",30
"crop",27
"croquet",33
"croquette",26
"cross",35
"crossbar",35
"crossbow",26
"crosswalk",32
"crossword",34
"crotch",31
"crouton",28
"crowbar",34
"crown",30
"crucifix",32
"cruiser",29
"crumb",33
"crumpet",32
"crust",37
"crutch",30
"crypt",31
"crystal",35
"cube",31
"cubical",31
"cucumber",25
"cuff",25
"cuisine",35
"cup",27
"cupboard",27
"curb",33
"curd",28
"curler",31
"curry",26
"curtain",35
"cushion",34
"custard",29
"custodian",26
"customer",27
"cuticle",33
"cutlery",28
"cutlet",28
"cuttlefish",28
"cymbal",31
"cymbals",28
"dachshund",27
"dad",55
"daffodil",26
"dagger",58
"daiquiri",34
"dairy",36
"daisy",34
"damsel",31
"dance",37
"dancer",32
"dandelion",26
"dandruff",34
"darkroom",32
"dart",37
"dartboard",32
"daughter",39
"daybed",27
"debris",32
"deck",27
"decor",33
"deer",25
"deerskin",37
"defendant",31
"delicatessen",28
"deliverer",31
"deliveryman",27
"democrat",28
"den",24
"denim",63
"dentist",34
"deodorant",25
"dermatologist",29
"derriere",28
"desert",34
"desk",27
"dessert",36
"detergent",32
"detonator",25
"device",36
"diagram",27
"diamond",26
"diaper",30
"diaphragm",27
"dice",30
"dictionary",28
"dietician",34
"dildo",32
"dime",35
"diner",35
"dinner",31
"dinnerware",29
"dip",28
"diploma",31
"dipper",27
"dipstick",30
"dirt",37
"dish",28
"dishwasher",29
"dishwater",25
"dispenser",28
"dividers",25
"divorcee",33
"dock",37
"doctor",30
"document",29
"dog",31
"dogcatcher",36
"doghouse",32
"doll",33
"dollar",36
"dollhouse",27
"dolphin",27
"dominoes",49
"donkey",26
"donut",37
"door",29
"doorbell",35
"doorframe",27
"doorknob",26
"doorknocker",33
"doorman",27
"doornail",26
"doorstep",32
"doorstop",27
"dorm",29
"dormitory",28
"douche",28
"dough",30
"doughnut",27
"dove",27
"drain",34
"drainpipe",37
"drapery",25
"drawers",35
"drawing",32
"drawstring",25
"dress",25
"dresser",25
"dressing",38
"dressmaker",27
"driftwood",29
"drill",26
"drink",25
"driver",28
"drone",26
"drug",31
"drugstore",31
"drum",27
"drumstick",31
"dryer",30
"drywall",34
"duck",30
"duckling",27
"duckweed",26
"ductwork",26
"dude",37
"duffel",28
"dumbbell",34
"dumbwaiter",26
"dumpling",25
"dust",29
"dustbin",29
"duster",27
"dwarf",28
"dwelling",28
"dye",33
"dynamite",33
"ear",30
"earmuff",26
"earphone",33
"earpiece",39
"earplug",33
"earplugs",29
"earring",30
"earth",30
"earthworm",25
"earwax",30
"easel",31
"eclair",27
"ecologist",27
"edibles",35
"editor",28
"educator",26
"eel",32
"egg",30
"eggbeater",33
"eggplant",28
"eggshell",35
"elbow",31
"electrician",25
"electrocardiogram",33
"electronics",35
"elephant",43
"elevator",27
"employee",26
"employer",26
"enamel",29
"encyclopedia",38
"enemy",29
"engine",33
"engineer",28
"entertainer",27
"entomologist",26
"entree",30
"envelope",37
"environment",38
"environmentalist",27
"epidermis",37
"equipment",28
"eraser",36
"erection",31
"escalator",28
"espresso",29
"essay",27
"evergreen",31
"examiner",26
"excavator",26
"executioner",27
"extinguisher",37
"eye",31
"eyeball",29
"eyebath",30
"eyedrop",34
"eyeglass",24
"eyeglasses",29
"eyelash",35
"eyelid",33
"eyepiece",33
"eyewash",27
"fabric",33
"face",27
"factory",35
"fairground",33
"family",36
"fan",35
"farm",30
"farmer",26
"farmhand",34
"farmhouse",25
"fastener",28
"father",38
"faucet",28
"fauna",35
"fawn",26
"feast",32
"feather",27
"featherbed",27
"fedora",37
"feline",27
"female",29
"femur",29
"fence",41
"fern",32
"ferret",29
"ferryboat",25
"fertilizer",28
"festival",30
"fiancee",27
"fiddle",35
"fig",27
"figurine",33
"file",25
"fillet",29
"film",34
"finger",34
"fingerboard",27
"fingernail",27
"fingerprint",35
"fingertip",26
"fir",29
"firearm",32
"firecracker",26
"fireplace",31
"firewood",31
"firstborn",35
"fish",30
"fishbone",30
"fisherman",34
"fishpond",30
"fist",24
"fixture",30
"flag",29
"flagpole",37
"flamethrower",25
"flannel",57
"flapjack",30
"flashbulb",31
"flashlight",38
"flask",33
"flatiron",34
"flaxseed",27
"fleece",33
"flesh",33
"floor",29
"floorboard",35
"flooring",32
"florist",26
"floss",26
"flounder",29
"flour",28
"flower",39
"flowerbed",34
"flowerpot",37
"fluid",38
"flute",36
"flycatcher",25
"flypaper",25
"flyswatter",27
"foghorn",35
"folder",35
"foliage",29
"fondue",36
"food",35
"foodstuff",26
"foot",25
"football",27
"footballer",32
"footbath",33
"footboard",27
"footbridge",28
"footpad",28
"footpath",26
"footplate",32
"footstool",37
"footwear",26
"forceps",32
"ford",26
"forearm",27
"forefinger",27
"forehead",32
"forest",24
"fork",27
"forklift",40
"fossil",38
"fountain",36
"fountainhead",30
"foxhound",34
"frame",28
"frankfurter",25
"freezer",25
"fridge",37
"friend",28
"frog",28
"frosting",27
"fruit",30
"fruitcake",26
"fryer",28
"fudge",25
"fungus",33
"funnel",34
"furnace",35
"furnishings",26
"furniture",25
"gadget",28
"gambler",33
"game",38
"gangster",27
"garage",31
"garb",25
"garbage",28
"garden",36
"gardener",36
"garland",28
"garlic",27
"garment",26
"garnets",26
"gasket",26
"gate",36
"gatehouse",31
"gatekeeper",27
"gauze",34
"gavel",29
"gazebo",29
"gear",38
"gearbox",27
"gem",35
"generator",31
"genitals",98
"gentleman",27
"geranium",28
"germ",36
"giblets",30
"gift",36
"gin",27
"ginger",32
"gingerbread",30
"gingersnap",27
"girdle",25
"girl",25
"girlfriend",30
"glass",30
"glassblower",33
"glasses",24
"glassware",37
"glider",28
"glitter",27
"globe",27
"glue",39
"glycerine",27
"goalkeeper",28
"goalpost",30
"goat",36
"goatee",34
"goatskin",33
"goblet",28
"goddaughter",27
"godfather",27
"godmother",30
"godparent",29
"goggles",52
"gold",36
"goldfish",34
"goldsmith",34
"golf",26
"golfer",35
"gondola",28
"goose",27
"gooseberry",30
"goulash",28
"gourd",29
"gown",29
"grandchild",36
"granddaughter",29
"grandfather",26
"grandma",26
"grandnephew",25
"grandniece",33
"grandpa",28
"grandparent",38
"grandson",31
"granite",37
"granny",36
"grape",29
"grapefruit",28
"grapevine",31
"graphite",28
"grass",33
"grasshopper",33
"grater",28
"grave",29
"gravel",34
"gravestone",26
"graveyard",36
"gravy",37
"grease",29
"greenery",38
"greenhouse",26
"greens",29
"grenade",25
"greyhound",28
"griddle",35
"grill",27
"grits",31
"groceries",50
"groom",29
"ground",26
"groundsman",28
"guard",27
"guardhouse",25
"guardrail",26
"guardsman",28
"guest",29
"guesthouse",27
"guestroom",29
"guidebook",26
"guillotine",27
"guitar",33
"guitarist",26
"gum",34
"gumbo",26
"gumdrop",28
"gun",29
"gunfighter",28
"gunnysack",25
"gunpowder",29
"guy",30
"gym",24
"gymnasium",29
"gymnast",27
"gynecologist",26
"gyroscope",31
"hailstone",36
"hair",27
"hairbrush",38
"hairdo",27
"hairdresser",27
"hairline",28
"hairnet",35
"hairpiece",34
"hairpin",30
"hairstyle",34
"hairstylist",27
"hall",25
"hallway",27
"ham",30
"hamburger",28
"hammer",24
"hammock",38
"hamper",28
"hamster",39
"hamstring",29
"hand",24
"handbag",36
"handball",27
"handbook",26
"handbrake",28
"handcart",27
"handclap",26
"handclasp",37
"handgun",27
"handhold",25
"handkerchief",36
"handle",39
"handlebar",29
"handrail",28
"handsaw",28
"handshake",35
"handwork",27
"hanger",27
"hangnail",30
"hanky",25
"hardcover",28
"hardware",28
"hardwood",27
"harmonica",32
"harness",28
"harp",27
"harpist",33
"harpsichord",29
"harvest",35
"hat",28
"hatband",25
"hatchback",26
"hatchet",34
"haystack",34
"head",36
"headboard",26
"headdress",35
"headgear",26
"headlight",31
"headmistress",28
"headphones",27
"headpiece",29
"headrest",36
"heads",29
"headset",26
"hearse",30
"hedgehog",26
"heel",36
"helicopter",27
"helmet",30
"hen",29
"herb",30
"herbivore",31
"heroin",32
"hibachi",33
"hibiscus",27
"hickory",28
"hiker",27
"hill",25
"him",25
"hinge",31
"hip",35
"hippie",27
"hitchhiker",31
"hoe",28
"hog",32
"holder",31
"holding",26
"holster",33
"home",27
"homemaker",28
"homework",25
"honey",35
"honeycomb",25
"honeydew",31
"honeysuckle",29
"hood",27
"hook",29
"hookah",26
"hookers",28
"hoop",30
"horn",33
"horse",28
"horsefly",33
"horseman",27
"horseradish",26
"horseshoe",36
"horsewhip",32
"hose",33
"hostel",28
"hostess",25
"hotel",27
"hotplate",28
"hound",27
"hourglass",34
"house",36
"houseboat",35
"houseboy",25
"housecoat",31
"housefly",25
"housekeeper",36
"housemaid",28
"housewife",28
"hubcap",30
"hug",27
"human",25
"hurdle",34
"husband",27
"husk",26
"husky",29
"hut",37
"hutch",30
"hypnotist",29
"ice",31
"iceboat",25
"icebox",27
"icepick",27
"icing",33
"igloo",25
"iguana",28
"illustrator",31
"incubator",36
"infant",28
"ingredients",48
"ink",37
"insect",34
"insole",31
"inspector",33
"instructor",32
"instrument",26
"insulin",26
"intercom",35
"intern",31
"interviewer",33
"inventor",30
"investigator",30
"iron",27
"item",25
"jacket",27
"jaguar",32
"jam",29
"jar",28
"jasmine",27
"javelin",26
"jaw",38
"jawbreaker",28
"jeans",58
"jeep",26
"jelly",26
"jersey",29
"jet",40
"jewel",29
"jeweler",40
"jewelry",27
"jockstrap",27
"jogger",32
"joint",30
"journal",33
"journalist",27
"joystick",33
"juice",33
"jukebox",26
"jumper",27
"junk",26
"jurist",31
"juror",31
"kale",26
"kaleidoscope",35
"kazoo",32
"kebab",27
"keepsake",34
"keg",25
"kelp",28
"kerchief",25
"kernel",27
"ketchup",39
"kettle",28
"kettledrum",31
"key",29
"keyboard",29
"keyhole",31
"kid",53
"kidney",25
"kiln",29
"kilt",29
"kindle",25
"kindling",30
"kiss",54
"kit",37
"kitchen",30
"kitchenette",26
"kite",25
"kitten",26
"kitty",35
"kiwi",33
"kleenex",28
"knapsack",26
"knee",28
"kneecap",36
"knickers",32
"knitting",29
"knob",27
"knot",29
"knuckle",53
"kumquat",25
"label",37
"laboratory",28
"labrador",37
"lace",28
"lad",27
"ladder",33
"ladle",28
"lady",28
"ladybug",26
"lager",26
"lake",35
"lamb",34
"lambskin",32
"lamp",26
"lamplight",38
"lamplighter",25
"lampshade",31
"lance",29
"land",35
"landlady",26
"landscape",30
"lantern",30
"lanyard",30
"lapdog",32
"larvae",30
"laryngoscope",26
"lasso",32
"latch",35
"latex",36
"latrine",25
"laundry",25
"lavatory",26
"lawn",27
"lawyer",33
"laxative",33
"leaf",61
"leaflet",29
"leash",26
"leather",31
"ledge",35
"ledger",28
"leech",27
"leftovers",33
"leg",28
"leggings",26
"lei",32
"lemon",28
"lemonade",28
"lens",30
"leopard",30
"leotard",29
"letter",34
"letterbox",26
"lettuce",29
"lever",25
"library",26
"lice",26
"licence",29
"lid",40
"lifeboat",29
"lifebuoy",26
"lifeguard",26
"lighthouse",26
"lilac",34
"lily",53
"limb",30
"lime",55
"limeade",25
"limestone",33
"limousine",27
"linen",33
"lingerie",37
"linoleum",27
"lint",37
"lip",33
"lipstick",35
"liqueur",34
"liquid",32
"liquor",27
"litter",34
"livestock",27
"lizard",30
"llama",35
"loaf",33
"lobbyist",34
"lobe",29
"lobster",28
"lock",27
"locker",32
"locket",39
"locksmith",35
"lodge",33
"lodging",33
"log",28
"logbook",38
"loin",31
"loincloth",31
"lollipop",25
"longbow",33
"loo",27
"lotion",38
"loudspeaker",26
"lounge",30
"lounger",29
"lovebird",27
"lozenge",26
"lubricant",28
"lubrication",28
"luggage",33
"lumber",35
"lump",28
"lunch",27
"lunchroom",27
"lyre",29
"macaroni",28
"macaroon",37
"mace",26
"machete",60
"machine",28
"machinery",35
"magazine",35
"maggot",26
"magician",34
"magnet",28
"magnolia",27
"maid",37
"maiden",26
"maidservant",30
"mail",33
"mailbag",37
"maize",33
"makeup",37
"male",32
"mall",37
"mallard",24
"mallet",28
"mammal",33
"man",34
"mandolin",29
"mango",33
"manhole",33
"manicure",35
"manicurist",27
"mannequin",35
"mansion",59
"mantel",26
"mantelpiece",28
"mantle",30
"manure",26
"manuscript",26
"map",28
"maple",34
"marble",34
"marbles",27
"margarine",26
"marigold",28
"marijuana",38
"marionette",27
"marketeer",30
"marksman",28
"marmalade",35
"marshmallow",38
"mascara",26
"mascot",28
"mask",25
"masseuse",56
"mat",33
"match",26
"matchbox",29
"matchstick",35
"mathematician",28
"mattress",27
"mayonnaise",68
"mayor",31
"me",29
"meadow",30
"meal",27
"meat",25
"medal",32
"medallion",26
"medic",60
"medicine",60
"megaphone",27
"melon",32
"memo",37
"memorabilia",28
"men",26
"mentor",34
"menu",35
"merchandise",27
"merchant",31
"merchantman",32
"metal",30
"metalworker",25
"meteorologist",27
"mice",28
"microphone",28
"microscope",28
"microwave",27
"midget",26
"midwife",32
"milk",27
"milkshake",30
"mincemeat",28
"minister",37
"mink",33
"minnow",26
"mint",33
"mirror",26
"mistletoe",34
"mistress",33
"mitt",36
"mitten",27
"mixer",37
"moccasin",26
"model",27
"molasses",35
"mommy",26
"money",29
"moneybags",39
"mongoose",32
"monk",39
"monument",28
"moonshine",28
"mop",26
"morsel",33
"mortician",30
"mosquito",31
"moss",25
"motel",31
"moth",25
"mothball",30
"mother",24
"motor",30
"motorbike",26
"motorboat",34
"motorcycle",32
"motorcyclist",25
"motorist",36
"mountain",26
"mountainside",26
"mouse",27
"mousetrap",25
"mousse",28
"moustache",28
"mouth",26
"mouthpiece",28
"mouthwash",27
"mucus",57
"mud",25
"muffin",30
"muffler",30
"mug",27
"mulberry",29
"mulch",30
"mule",26
"mullet",60
"mum",29
"munitions",30
"muscle",39
"museum",28
"mushroom",26
"musician",31
"musket",30
"mustache",26
"mustard",38
"mutt",34
"mutton",27
"muzzle",33
"myself",29
"nail",25
"nameplate",26
"nanny",31
"napkin",27
"narcotics",37
"neck",36
"neckband",31
"neckerchief",28
"necklace",37
"necktie",33
"neckwear",34
"nectar",36
"needle",60
"needlepoint",24
"needlework",26
"negligee",26
"nephew",29
"net",25
"nettle",25
"neurologist",34
"newlyweds",32
"newsagent",27
"newsboy",25
"newscaster",29
"newsletter",36
"newsman",35
"newspaper",39
"newspaperman",36
"newsprint",27
"newsstand",29
"newt",32
"nickel",35
"nightcaps",33
"nightclub",28
"nightdress",26
"nightgown",25
"nightie",25
"nightlight",29
"nightshirt",27
"nipple",26
"noodle",55
"noose",26
"nose",26
"nostril",35
"note",34
"notepaper",26
"novel",28
"nugget",27
"nun",27
"nurse",37
"nursemaid",27
"nursery",27
"nut",36
"nutcracker",59
"nutmeg",28
"nutshell",28
"nylon",38
"oar",26
"oat",37
"object",28
"obstetrician",29
"ocean",27
"oceanographer",27
"offspring",35
"oilcan",34
"oilcloth",28
"ointment",30
"okra",26
"olive",29
"omelet",57
"onion",32
"opal",29
"ophthalmologist",26
"opium",31
"optician",27
"orange",34
"orchard",30
"orchid",28
"ore",26
"oregano",35
"organ",28
"organism",26
"orgy",26
"ornament",34
"orphan",34
"orthodontist",25
"ottoman",27
"outfielder",26
"outfit",34
"outhouse",31
"outlet",32
"oven",24
"overcoat",37
"oxtail",30
"oyster",25
"pacemaker",32
"pacifier",32
"package",28
"packaging",29
"packet",32
"pad",33
"padding",28
"paddle",27
"padlock",26
"page",31
"pail",28
"painkiller",29
"paint",26
"paintbox",28
"paintbrush",27
"pajamas",61
"pal",34
"pallet",26
"palm",29
"pamphlet",28
"pan",37
"panhandler",37
"pantaloons",28
"panties",29
"pantry",32
"pants",27
"paper",36
"paperback",34
"paperhanger",29
"paperweight",27
"paprika",31
"parachute",26
"parachutist",27
"parakeet",31
"paraphernalia",28
"paratrooper",27
"parcel",27
"parchment",27
"parent",27
"parka",31
"parsley",28
"parsnip",26
"partner",38
"passenger",30
"passionflower",27
"passport",27
"pasta",29
"pastrami",26
"pastry",30
"path",34
"patrolman",35
"paw",27
"pea",33
"peach",27
"peacock",32
"peanut",34
"peanuts",31
"pear",26
"pearl",25
"peashooter",28
"pebble",29
"pecan",27
"pedal",31
"pedestal",31
"pedestrian",26
"pedicurist",32
"pedometer",25
"peel",25
"peelings",34
"peephole",24
"peg",25
"pegboard",30
"pellet",28
"pelvis",28
"pen",27
"pencil",37
"pendant",32
"penknife",30
"pennant",26
"penny",37
"penthouse",28
"peony",27
"people",33
"pepper",36
"peppercorn",34
"peppermint",26
"pepperoni",29
"perfume",36
"periscope",27
"peroxide",27
"person",34
"perspiration",28
"pet",39
"petal",26
"phalanges",27
"pharmacist",37
"pharmacy",30
"phone",26
"phonograph",30
"photocopier",27
"photocopy",28
"photograph",26
"physician",33
"physiologist",27
"piano",27
"piccolo",34
"pickaxe",26
"pickle",33
"picnicker",26
"picture",26
"picture frame",30
"pie",39
"piercing",36
"pig",29
"piglet",26
"pigtail",35
"pike",27
"pilaf",26
"pill",32
"pillar",36
"pillow",28
"pillowcase",33
"pilot",28
"pimento",26
"pimple",34
"pin",25
"pinball",28
"pincushion",32
"pine",34
"pineapple",32
"pinecone",37
"pinewood",27
"pinkie",34
"pinwheel",35
"pipe",26
"pistachio",39
"pistol",27
"pitcher",28
"pitchfork",26
"pizza",28
"placard",28
"placenta",29
"plaintiff",37
"plane",37
"plank",27
"planner",27
"plant",28
"plantain",27
"planter",26
"plaque",29
"plaster",28
"plastic",57
"plate",31
"platform",30
"platter",29
"player",35
"playground",34
"playhouse",28
"playroom",34
"playsuit",29
"plaything",27
"playwright",26
"plexiglas",27
"pliers",36
"plow",34
"plug",29
"plum",28
"plumber",30
"plywood",32
"pocket",24
"pocketbook",30
"pocketknife",36
"podiatrist",30
"poet",29
"poinsettia",31
"poker",31
"pole",31
"police",35
"policeman",30
"policewoman",34
"politician",28
"polyester",35
"pomegranate",34
"pompom",34
"poncho",39
"pond",26
"pony",28
"pooch",27
"poodle",27
"pool",34
"poop",26
"popcorn",38
"porch",36
"pork",26
"porridge",37
"portfolio",38
"portrait",28
"postage",34
"postcard",28
"poster",32
"postman",34
"postmaster",29
"pot",38
"potato",32
"potboiler",25
"potpourri",25
"pottery",28
"potty",26
"pouch",25
"poultry",29
"powder",33
"powderpuff",31
"powerboat",35
"practitioner",27
"prankster",28
"preschooler",29
"present",26
"pretzel",25
"priest",25
"primate",43
"primrose",33
"printout",27
"prisoner",32
"prize",29
"produce",29
"programmer",28
"projector",29
"proofreader",35
"prop",56
"propeller",31
"proprietor",27
"prosecutor",30
"prosthesis",28
"prostitute",25
"protester",26
"protractor",26
"prune",26
"pub",34
"publication",28
"publisher",26
"puck",32
"pudding",33
"puddle",27
"pug",27
"puke",31
"pulley",32
"pullover",32
"pulp",25
"pumice",27
"pump",36
"pumpernickel",27
"pumpkin",25
"punchbowl",27
"punter",26
"pup",30
"pupil",26
"puppet",33
"puppy",34
"purse",31
"pushcart",32
"putty",29
"puzzle",30
"quadriceps",31
"quarter",35
"quarterback",26
"quarters",27
"questionnaire",30
"quiche",25
"quill",29
"quilt",27
"rabbit",24
"racehorse",35
"rack",34
"racket",29
"radiator",26
"radio",27
"radiologist",34
"radish",33
"raft",31
"rag",40
"rail",27
"railroad",27
"rain",56
"raincoat",36
"raindrop",31
"rainwater",29
"raisin",34
"rake",34
"ramp",37
"rancher",27
"raspberry",27
"rat",31
"rattle",26
"razor",35
"receipt",72
"receptacle",26
"receptionist",27
"record",25
"recorder",28
"recruiter",32
"rectum",34
"reefer",25
"refrigerator",28
"reindeer",33
"remote",36
"repairer",35
"reptile",27
"residence",37
"respirator",26
"restaurant",26
"retriever",25
"revolver",30
"rhinestone",33
"rhubarb",28
"rib",28
"ribbon",26
"rice",25
"rifle",29
"rind",28
"ring",28
"rink",35
"river",29
"riverbank",27
"riverboat",28
"roach",33
"road",30
"roadway",33
"roast",34
"robber",28
"robe",26
"robot",30
"rock",28
"rocker",28
"rod",29
"rodent",28
"roll",30
"rook",31
"roommate",38
"roosters",28
"root",28
"rope",28
"rosary",38
"rose",28
"rosebush",24
"rosemary",25
"rosewater",26
"rotisserie",34
"rowboat",27
"rubber",28
"rubbish",27
"ruby",35
"rucksack",28
"rug",26
"ruler",24
"rum",28
"runner",32
"rye",28
"sack",26
"sackcloth",25
"saddle",34
"saddlebag",28
"saffron",28
"sage",36
"sailboat",26
"sailcloth",27
"salad",40
"salamander",24
"salesgirl",33
"saleslady",28
"salesman",34
"saleswoman",35
"salmon",28
"saloon",26
"salt",39
"saltshaker",33
"saltwater",32
"salve",26
"sand",27
"sandalwood",28
"sandbag",29
"sandbank",32
"sandbox",29
"sandcastle",28
"sandpaper",28
"sandwich",27
"sangria",27
"sapling",25
"sapphire",30
"sardine",36
"sarong",28
"sash",34
"satchel",29
"satin",33
"sauce",34
"saucepan",27
"sauerkraut",26
"sauna",37
"sausage",28
"saw",26
"sawdust",27
"sawhorse",26
"saxophone",49
"scab",26
"scale",34
"scallion",27
"scallop",24
"scalp",25
"scalpel",31
"scanner",27
"scapula",26
"scar",37
"scarecrow",25
"scarf",28
"school",27
"schoolboy",31
"schoolgirl",29
"schoolhouse",30
"schoolwork",28
"scientist",34
"scissors",60
"scoop",35
"scooter",27
"scorecard",39
"scorpion",32
"scotch",31
"scrapbook",28
"scraper",30
"scratches",34
"screen",27
"screw",32
"screwdriver",31
"scribbling",27
"script",24
"scrotum",28
"scrubber",32
"sculpture",32
"scythe",26
"sea",27
"seam",28
"seamstress",26
"seaplane",25
"searchlight",27
"seashore",31
"seasoning",30
"seat",53
"seawater",25
"seaweed",27
"secretary",37
"sedan",30
"sedative",35
"seed",36
"seedling",30
"semen",27
"senorita",34
"sequin",26
"servant",30
"serviceman",25
"sesame",26
"sex",28
"shack",33
"shaker",33
"shallot",25
"shampoo",30
"shamrock",26
"shank",27
"sharpener",30
"shavings",60
"shawl",24
"shed",25
"sheep",36
"sheepdog",28
"sheepskin",31
"sheet",26
"shelf",36
"shell",30
"shellfish",27
"shelter",32
"shelving",24
"sherbet",26
"shield",27
"shin",27
"shinbone",24
"shingle",53
"ship",26
"shipman",27
"shipmate",31
"shirt",32
"shirtsleeve",28
"shirttail",32
"shoe",28
"shoehorn",27
"shoelace",34
"shoestring",31
"shopkeeper",25
"shopper",28
"shore",37
"shortbread",36
"shortcake",37
"shorts",33
"shot",33
"shotgun",26
"shoulder",27
"shovel",31
"shower",37
"showerhead",35
"shrimp",26
"shrine",26
"shrub",67
"shuffleboard",26
"shutter",26
"shuttle",34
"sibling",27
"sideboard",27
"sideburns",26
"sidecar",27
"sidewalk",36
"sifter",33
"sign",35
"signpost",37
"silk",34
"silkworm",28
"silverware",25
"singer",36
"sink",39
"sirloin",29
"sister",29
"skate",32
"skateboard",28
"skateboarder",35
"skeleton",28
"sketch",27
"sketchbook",61
"skewer",27
"ski",30
"skillet",34
"skin",37
"skirt",26
"skittles",57
"skullcap",27
"slacks",32
"slaw",27
"sled",39
"sledge",28
"sledgehammer",30
"sleeve",28
"sleigh",28
"slide",32
"slime",31
"sling",39
"slingshot",26
"slipcover",30
"slipknot",26
"slipper",25
"slug",31
"slush",29
"slut",28
"smock",31
"smooch",27
"smoothie",27
"smuggler",30
"snack",25
"snail",37
"sneaker",35
"snorkel",24
"snot",32
"snow",27
"snowball",32
"snowdrift",29
"snowfall",35
"snowflake",30
"snowman",26
"snowshoe",26
"soap",35
"soccer",32
"sock",30
"socket",25
"soda",24
"sofa",32
"softball",33
"soil",36
"soldier",26
"soles",34
"sombrero",30
"someone",35
"son",27
"songbook",36
"souffle",29
"soup",25
"sourdough",34
"southerner",31
"soy",25
"soybean",25
"spacesuit",28
"spade",29
"spareribs",30
"spatula",36
"speakers",25
"spear",39
"spectacles",25
"spectroscope",25
"speedboat",31
"spices",54
"spider",25
"spike",29
"spinach",29
"spine",28
"spit",33
"splint",26
"splinter",27
"spokesman",27
"sponge",24
"spool",29
"spoon",34
"sportswoman",27
"sportswriter",33
"spout",26
"sprayer",27
"spreader",29
"sprinkler",31
"sprinter",36
"spyglass",29
"squash",27
"squeegee",25
"squirrel",31
"stableman",28
"staff",31
"stage",27
"stagecoach",29
"staircase",31
"stairs",52
"stairwell",37
"stake",34
"stall",33
"stallion",37
"stamp",34
"staple",31
"stapler",32
"starch",28
"stationary",45
"statue",33
"statuette",25
"steak",29
"steamboat",32
"steel",25
"steelworker",33
"stem",28
"stencil",25
"step",31
"stepbrother",28
"stepchild",33
"stepdaughter",35
"stepfather",29
"stepladder",33
"stepson",28
"stereo",40
"steroids",28
"stethoscope",35
"stewardess",27
"stick",33
"stilt",27
"stirrer",31
"stirrup",31
"stitching",26
"stockbroker",31
"stocking",28
"stockings",35
"stomach",27
"stomp",28
"stone",36
"stoneware",25
"stool",26
"stoop",29
"stopwatch",38
"store",33
"storehouse",26
"storekeeper",28
"storeroom",33
"storybook",29
"stove",33
"straightedge",31
"strainer",32
"straitjacket",37
"strap",25
"straw",32
"strawberry",28
"stream",36
"street",26
"streetcar",33
"streets",30
"streetwalker",30
"stretcher",36
"string",63
"stroller",27
"strongbox",27
"strudel",27
"student",25
"stuff",33
"submarine",25
"substance",26
"subway",36
"suds",28
"suede",27
"sugar",29
"sugarcane",27
"suit",28
"suitcase",38
"summerhouse",35
"sundae",28
"sundeck",28
"sunflower",28
"sunglasses",25
"sunroof",25
"supermarket",28
"supervisor",29
"supper",29
"surfboard",30
"surgeon",31
"surveyor",30
"sushi",39
"suspenders",72
"suture",30
"swab",28
"swamp",34
"swan",27
"sweatband",28
"sweater",29
"sweatshirt",27
"sweetener",33
"swimsuit",28
"swing",31
"switchblade",29
"switchboard",27
"sword",35
"syringe",51
"syrup",36
"tabasco",32
"table",26
"tablecloth",27
"tablespoon",28
"tablet",26
"tableware",27
"tabloid",28
"taco",26
"taffy",36
"tag",27
"tailcoat",27
"taillight",28
"tailor",31
"talisman",31
"tambourine",33
"tampon",36
"tangerine",28
"tank",36
"tape",34
"tapestry",27
"tapioca",31
"tar",33
"tartar",29
"tattoo",35
"tavern",27
"taxi",36
"taxpayer",31
"tea",27
"teabag",30
"teacher",28
"teacup",27
"teahouse",26
"teakettle",27
"teakwood",27
"teammate",24
"teapot",29
"tear",29
"teardrop",32
"tearoom",27
"teaspoon",29
"teaspoonful",37
"technician",27
"teenager",32
"teeth",33
"telescope",32
"television",26
"temple",26
"tenant",30
"tenderloin",29
"tent",33
"tepee",36
"termite",36
"terrace",26
"terrier",34
"terrycloth",32
"testes",28
"testicle",25
"textile",26
"theatergoer",31
"theologian",31
"therapist",27
"thermometer",27
"thermos",25
"thermostat",24
"thesaurus",26
"thigh",31
"thimble",28
"thong",33
"thorn",28
"thread",30
"throat",37
"throne",28
"thumb",32
"thumbnail",27
"thumbscrew",28
"thumbtack",26
"thyme",28
"ticket",33
"tickler",25
"tie",34
"tightrope",36
"tights",34
"tile",30
"tiller",37
"timber",30
"timepiece",25
"tin",34
"tinderbox",24
"tinfoil",36
"tinplate",34
"tinsel",27
"tire",24
"tissue",26
"toast",29
"toaster",25
"toastmaster",28
"tobacco",38
"toboggan",33
"toddler",35
"toe",28
"toffee",40
"tofu",33
"toga",27
"toilet",35
"toiletry",29
"token",29
"tomahawk",28
"tomato",26
"tomb",39
"tombstone",33
"tongs",55
"tongue",38
"tonic",37
"tool",25
"tooth",37
"toothbrush",28
"toothpaste",27
"toothpick",25
"topsoil",29
"torch",27
"torchlight",31
"torso",27
"tortilla",36
"tortoise",36
"tote",38
"toupee",27
"tourist",26
"tourniquet",27
"towel",24
"tower",36
"townsfolk",59
"toy",29
"track",27
"tracksuit",33
"tractor",27
"tradesman",27
"trailer",27
"train",35
"trainee",26
"trainer",28
"trampoline",26
"tranquilizer",60
"trap",27
"trapeze",27
"trash",27
"trashcan",28
"traveler",68
"tray",32
"treadmill",30
"treasure",39
"treat",27
"tree",38
"trench",31
"triceps",29
"tricycle",36
"trigger",37
"trinket",29
"tripod",25
"trolley",29
"trombone",38
"trophy",25
"trousers",34
"trout",27
"truck",55
"trumpet",34
"trunk",25
"tub",37
"tuba",32
"tube",30
"tubing",25
"tugboat",33
"tulip",27
"tumbler",27
"tummy",39
"tuna",29
"tunic",27
"turban",31
"turf",28
"turkey",25
"turnip",29
"turntable",29
"turtle",25
"turtleneck",29
"tutor",24
"tutu",26
"tuxedo",35
"tweezer",26
"twig",37
"twine",35
"typewriter",28
"ukulele",26
"umbrella",29
"uncle",32
"underclothes",53
"undercoat",25
"undershirt",34
"underwear",88
"uniform",27
"upholstery",34
"urinal",32
"urn",26
"vaccine",24
"vacuum",27
"vagina",59
"valet",31
"valve",26
"van",38
"vanilla",29
"vase",39
"vaseline",27
"veal",26
"vegetable",32
"vegetation",27
"vehicle",26
"veil",26
"vein",34
"velvet",33
"vendor",38
"ventilator",27
"vermicelli",27
"vermouth",27
"vessel",29
"vest",33
"veterinarian",25
"vibrator",25
"videotape",26
"viewfinder",38
"village",38
"villager",27
"vinaigrette",31
"vine",33
"vinegar",31
"vinyl",31
"viola",26
"violin",28
"violinist",28
"virgin",34
"visor",29
"vitamins",72
"vocalist",24
"vodka",38
"volleyball",26
"vomit",26
"voter",24
"vulva",27
"wafer",38
"waffle",28
"wagon",36
"waist",26
"waistband",29
"waistcoat",32
"waiter",37
"waitress",26
"walker",36
"wall",29
"wallboard",27
"wallet",35
"wallpaper",36
"walnut",28
"walrus",27
"wand",34
"warden",35
"wart",27
"washbasin",25
"washboard",26
"washbowl",35
"washcloth",34
"washer",37
"washerwoman",26
"washroom",27
"washstand",31
"waste",30
"wastebasket",26
"watch",38
"watchband",24
"watchdog",30
"watchmaker",37
"water",25
"watercress",27
"watermelon",37
"wax",25
"waxwork",24
"weapon",62
"weatherman",24
"web",34
"weed",24
"wench",27
"wheat",27
"wheel",27
"wheelbarrow",29
"wheelchair",27
"wheelhouse",27
"whip",31
"whirlpool",25
"whisk",29
"whiskers",59
"whiskey",60
"whistle",30
"wife",27
"wig",26
"wigmaker",25
"wildcat",30
"wildlife",28
"winch",25
"windbreaker",26
"window",24
"windowpane",27
"windowsill",31
"windshield",28
"windsock",27
"wine",32
"wineglass",28
"wing",33
"wingman",29
"wiper",27
"wiring",33
"wishbone",28
"wolfhound",28
"woman",36
"wood",25
"woodblock",34
"woodcarver",25
"woodcraft",31
"woodcutter",27
"woodpecker",29
"woodpile",26
"woods",30
"woodshed",33
"woodwind",28
"woodwork",33
"wool",32
"workbench",27
"workbook",36
"worker",32
"workroom",27
"worksheet",27
"workshop",27
"worm",36
"wound",61
"wrapper",31
"wreath",27
"wrench",27
"wrestler",28
"wrist",28
"wristband",28
"wristlet",29
"wristwatch",27
"xylophone",28
"yacht",32
"yachtsman",25
"yam",34
"yardstick",31
"yarn",29
"yearbook",36
"yoga",39
"yogurt",26
"yolk",25
"you",26
"yourself",28
"zipper",28
"zucchini",31
"antelope",0
"barracuda",0
"blackbird",0
"boots",0
"cobra",0
"eagle",0
"parrot",0
"penguin",0
"penis",0
"porcupine",0
"rattlesnake",0
"seagull",0
"snake",0
"spaghetti",0
"toad",0
"whisky",0
"bluebird",0
"bluejay",0
"chipmunk",0
"fox",0
"glove",0
"gorilla",0
"moose",0
"rafter",0
"serpent",0
"alligator",0
"anvil",0
"bumblebee",0
"caboose",0
"cave",0
"chimp",0
"cockroach",0
"coyote",0
"crawlspace",0
"hornet",0
"hummingbird",0
"island",0
"kerosene",0
"lion",0
"mayo",0
"muskrat",0
"needles",0
"noodles",0
"pelican",0
"pyramid",0
"python",0
"redwood",0
"tail",0
"wasp",0
"whale",0
"anaconda",0
"bagpipes",0
"beehive",0
"bobcat",0
"butterfly",0
"cemetery",0
"chopstick",0
"churchyard",0
"coliseum",0
"crackers",0
"crow",0
"elk",0
"emerald",0
"groundhog",0
"gunshot",0
"hawk",0
"hippo",0
"hippopotamus",0
"jellyfish",0
"office",0
"opossum",0
"owl",0
"panther",0
"rainfall",0
"shark",0
"stair",0
"tapeworm",0
"text",0
"ashes",0
"baboon",0
"caribou",0
"limes",0
"mast",0
"moonstone",0
"rosewood",0
"theater",0
"waterbird",0
"armadillo",0
"ax",0
"church",0
"clown",0
"falcon",0
"monkey",0
"moon",0
"rhino",0
"scissor",0
"scoreboard",0
"starfish",0
"waterfall",0
"anthill",0
"breast",0
"corpse",0
"drawbridge",0
"flea",0
"graves",0
"mackerel",0
"patio",0
"racetrack",0
"seahorse",0
"shrubbery",0
"snout",0
"swordfish",0
"trucks",0
"underpants",0
"bear",0
"bee",0
"candelabra",0
"dam",0
"gardenia",0
"guppy",0
"hare",0
"hemlock",0
"lard",0
"motorway",0
"sickle",0
"skunk",0
"stovepipe",0
"airport",0
"dinosaur",0
"knuckles",0
"shoreline",0
"anteater",0
"asteroid",0
"cornea",0
"courthouse",0
"farmland",0
"fireworks",0
"honeybee",0
"kangaroo",0
"neckline",0
"otter",0
"ox",0
"pawnshop",0
"peninsula",0
"pollen",0
"rainstorm",0
"raven",0
"sketchpad",0
"snowstorm",0
"sunlamp",0
"turpentine",0
"zebra",0
"ammo",0
"bull",0
"catsup",0
"ceiling",0
"foam",0
"gargoyle",0
"gutter",0
"hemp",0
"landmine",0
"marsh",0
"mold",0
"pajama",0
"raceway",0
"sparrow",0
"sunfish",0
"bookshop",0
"cyclist",0
"gator",0
"sealskin",0
"tumbleweed",0
"asphalt",0
"billboard",0
"bonfire",0
"cocoon",0
"dragonfly",0
"ferry",0
"gnat",0
"hive",0
"jail",0
"missile",0
"picnic",0
"platypus",0
"scaffolding",0
"slaughterhouse",0
"sloth",0
"sphinx",0
"sun",0
"tarantula",0
"thunderstorm",0
"yoke",0
"alley",0
"cougar",0
"crossbeam",0
"flagstone",0
"gladiator",0
"grate",0
"lava",0
"lung",0
"oak",0
"sperm",0
"streetlight",0
"toadstool",0
"tunnel",0
"welder",0
"yard",0
"albatross",0
"alpaca",0
"bay",0
"capes",0
"flamingo",0
"hole",0
"macaw",0
"orangutan",0
"piston",0
"rump",0
"teleprompter",0
"tweed",0
"waterspout",0
"zoo",0
"banner",0
"boar",0
"coalmine",0
"fortress",0
"grain",0
"locust",0
"officer",0
"prairie",0
"sit",0
"spacecraft",0
"talon",0
"vineyard",0
"amplifier",0
"ape",0
"barnyard",0
"beanpole",0
"blackheads",0
"breadfruit",0
"brickyard",0
"bucktooth",0
"bunker",0
"buttock",0
"cannon",0
"chandelier",0
"city",0
"cob",0
"emu",0
"firebomb",0
"knight",0
"orchestra",0
"pancreas",0
"roof",0
"room",0
"saucer",0
"shipyard",0
"skylight",0
"somersault",0
"stadium",0
"steamroller",0
"syringes",0
"villa",0
"wolf",0
"woodworm",0
"barrack",0
"boardwalk",0
"garter",0
"gramophone",0
"hillside",0
"incinerator",0
"leaves",0
"parenthesis",0
"pasture",0
"skydiver",0
"sleet",0
"speedometer",0
"stripper",0
"stump",0
"eucalyptus",0
"haircut",0
"koala",0
"lilly",0
"nutcrackers",0
"sharkskin",0
"silverfish",0
"blimp",0
"classroom",0
"fin",0
"gecko",0
"grove",0
"hydrant",0
"ivory",0
"ladybird",0
"packhorse",0
"piranha",0
"rectangle",0
"schoolmaster",0
"skyscraper",0
"spud",0
"tusk",0
"headstand",0
"horsehair",0
"lumberjack",0
"mockingbird",0
"monastery",0
"panda",0
"pheasant",0
"quicksand",0
"reservoir",0
"rhinoceros",0
"rooster",0
"skating",0
"strings",0
"windpipe",0
"arcade",0
"buzzard",0
"dome",0
"duct",0
"intestines",0
"milkmaid",0
"nightstick",0
"omelette",0
"park",0
"pentagram",0
"persimmon",0
"sandstone",0
"sawmill",0
"steeple",0
"weasel",0
"bearskin",0
"boulevard",0
"bruise",0
"clergyman",0
"copperhead",0
"crankshaft",0
"dingo",0
"giraffe",0
"highschool",0
"kennel",0
"mane",0
"piss",0
"possum",0
"prong",0
"ranch",0
"rocket",0
"salon",0
"satellite",0
"smokestack",0
"surfer",0
"tassel",0
"vulture",0
"anchorman",0
"bulletin",0
"daggers",0
"fort",0
"gazelle",0
"mill",0
"mullets",0
"mummy",0
"princess",0
"quartz",0
"rudder",0
"slap",0
"stork",0
"stripe",0
"sunbather",0
"tonsil",0
"valley",0
"yeast",0
"apartments",0
"cartilage",0
"frankincense",0
"kingfisher",0
"monorail",0
"navel",0
"ostrich",0
"pigeon",0
"pope",0
"roadblock",0
"shaft",0
"silt",0
"squid",0
"sweat",0
"uterus",0
"whey",0
"airfield",0
"army",0
"ballroom",0
"breadboard",0
"campground",0
"cheetah",0
"glacier",0
"gong",0
"gunsmith",0
"heliport",0
"lobby",0
"manor",0
"market",0
"meter",0
"patch",0
"preacher",0
"reed",0
"reef",0
"ripcord",0
"sergeant",0
"snakebite",0
"spaniel",0
"spearmint",0
"spleen",0
"storm",0
"swordsman",0
"whisker",0
"bald",0
"blowfish",0
"cogwheel",0
"crevasse",0
"dewdrop",0
"genitalia",0
"humpback",0
"jean",0
"lab",0
"mastiff",0
"measles",0
"moat",0
"pendulum",0
"petroleum",0
"poppy",0
"riverbed",0
"star",0
"sternum",0
"sunrise",0
"tollgate",0
"ulcer",0
"viper",0
"watermill",0
"wick",0
"airstrip",0
"axes",0
"beaver",0
"bison",0
"blizzard",0
"bullring",0
"canal",0
"chameleon",0
"fire",0
"gallstone",0
"geyser",0
"herring",0
"liver",0
"petticoat",0
"pipeline",0
"pit",0
"prison",0
"rupee",0
"saloonkeeper",0
"snapshot",0
"sparkler",0
"whetstone",0
"ark",0
"bloodstain",0
"brushes",0
"catacomb",0
"comet",0
"crossroads",0
"cub",0
"drawer",0
"ferryman",0
"flock",0
"floodlight",0
"gopher",0
"harpoon",0
"laundryman",0
"pagoda",0
"passageway",0
"raccoon",0
"rifleman",0
"shepherd",0
"smack",0
"spa",0
"traffic",0
"waterfront",0
"barge",0
"boardroom",0
"buzzer",0
"calves",0
"colon",0
"dozen",0
"fog",0
"graph",0
"hailstorm",0
"hymen",0
"jackrabbit",0
"jungle",0
"landlord",0
"lane",0
"manatee",0
"mural",0
"nudist",0
"plankton",0
"toucan",0
"comma",0
"flywheel",0
"mike",0
"orphanage",0
"quail",0
"rattail",0
"scabbard",0
"tortoiseshell",0
"university",0
"yak",0
"brassiere",0
"campus",0
"cylinder",0
"dung",0
"flint",0
"fly",0
"freckles",0
"handmaiden",0
"inn",0
"jester",0
"jury",0
"molehill",0
"neighbor",0
"rabbi",0
"ratchet",0
"sachet",0
"sagebrush",0
"sax",0
"schoolmate",0
"schoolroom",0
"siding",0
"sprout",0
"tit",0
"town",0
"vertebrae",0
"beast",0
"bungalow",0
"butler",0
"cameraman",0
"canary",0
"cartwheel",0
"courtroom",0
"cowgirl",0
"dent",0
"embroidery",0
"gallbladder",0
"machetes",0
"mound",0
"oscilloscope",0
"paperwork",0
"pod",0
"sandstorm",0
"seal",0
"shaving",0
"shipbuilding",0
"spotlight",0
"steamship",0
"stonecutter",0
"telegram",0
"aqueduct",0
"cargo",0
"cervix",0
"college",0
"firework",0
"fizz",0
"flintstone",0
"flood",0
"gaslight",0
"hum",0
"morgue",0
"nod",0
"paleontologist",0
"pier",0
"pleat",0
"prawn",0
"rash",0
"rickshaw",0
"rim",0
"semicolon",0
"shipbuilder",0
"signboard",0
"sod",0
"tyrannosaurus",0
"vault",0
"venom",0
"waterhole",0
"chute",0
"crater",0
"dashboard",0
"formaldehyde",0
"kids",0
"liverwurst",0
"mainsail",0
"pound",0
"ravine",0
"robin",0
"sandpiper",0
"stockroom",0
"sunspot",0
"thyroid",0
"tribesman",0
"turtledove",0
"wooden",0
"butternut",0
"collage",0
"grassland",0
"meteorite",0
"sandbar",0
"sheik",0
"sleeveless",0
"wharf",0
"whorehouse",0
"arch",0
"aspen",0
"bobtail",0
"chamber",0
"domino",0
"filter",0
"gnome",0
"graphics",0
"handwriting",0
"hurricane",0
"jockey",0
"lightning",0
"movie",0
"pavilion",0
"pinstripe",0
"pregnant",0
"propane",0
"refinery",0
"sail",0
"senator",0
"sharpshooter",0
"sieve",0
"sill",0
"songbird",0
"stain",0
"tee",0
"telegraph",0
"turbine",0
"windscreen",0
"congressman",0
"entrails",0
"groin",0
"helmeted",0
"hookworm",0
"hovercraft",0
"hula",0
"longshoreman",0
"lungfish",0
"meetinghouse",0
"planet",0
"plastics",0
"slate",0
"sprocket",0
"stockyard",0
"woodsman",0
"abrasion",0
"afterbirth",0
"aviator",0
"barometer",0
"brunette",0
"cavern",0
"cerebellum",0
"chophouse",0
"cove",0
"firebird",0
"flannels",0
"handstand",0
"harbor",0
"hyena",0
"malt",0
"mildew",0
"monogram",0
"palace",0
"quart",0
"seaport",0
"shrapnel",0
"silhouette",0
"speedway",0
"spur",0
"sunburn",0
"surf",0
"tick",0
"traveller",0
"biophysicist",0
"bolero",0
"canon",0
"chickenpox",0
"choirboy",0
"coil",0
"crematory",0
"freckle",0
"frost",0
"longhorn",0
"lumberyard",0
"manger",0
"mountaintop",0
"oilman",0
"pile",0
"rubble",0
"site",0
"stonemason",0
"thorax",0
"trumpeter",0
"tumor",0
"vent",0
"auctioneer",0
"billiard",0
"blindfolded",0
"boxing",0
"campsite",0
"cut",0
"dockyard",0
"footman",0
"fuse",0
"grid",0
"housetops",0
"infirmary",0
"intestine",0
"marsupial",0
"pigtailed",0
"planetarium",0
"ram",0
"spokeswoman",0
"typhoon",0
"vet",0
"watermark",0
"wave",0
"allspice",0
"antifreeze",0
"battlefield",0
"bayou",0
"cinder",0
"cloud",0
"coastline",0
"constable",0
"corral",0
"dike",0
"fender",0
"hedge",0
"iris",0
"logger",0
"midshipman",0
"mosque",0
"newsroom",0
"parade",0
"pesticide",0
"scorekeeper",0
"seismograph",0
"shadow",0
"shoemaker",0
"showroom",0
"sphincter",0
"spice",0
"sunset",0
"suspender",0
"synagogue",0
"tidewater",0
"undercarriage",0
"venus",0
"veranda",0
"weep",0
"attic",0
"bowel",0
"calfskin",0
"cobbler",0
"crack",0
"medication",0
"spades",0
"tornado",0
"abacus",0
"asbestos",0
"barb",0
"bark",0
"blonde",0
"brontosaurus",0
"bullfight",0
"carpetbag",0
"crest",0
"crowd",0
"diarrhea",0
"digit",0
"dunk",0
"explosion",0
"fat",0
"fishery",0
"foyer",0
"hairless",0
"heart",0
"hexagon",0
"honk",0
"horseshit",0
"inkwell",0
"jump",0
"kissing",0
"knitter",0
"lick",0
"mortuary",0
"night",0
"peddler",0
"permafrost",0
"pus",0
"quilting",0
"receipts",0
"rust",0
"saxophonist",0
"sewage",0
"sextuplet",0
"silver",0
"skylark",0
"snapper",0
"sturgeon",0
"thundercloud",0
"towline",0
"triangle",0
"waltz",0
"whitehead",0
"mist",0
"backroom",0
"bailiff",0
"batman",0
"cacti",0
"chlorine",0
"chrome",0
"ditch",0
"drape",0
"fiber",0
"flare",0
"flares",0
"hangar",0
"hosiery",0
"icehouse",0
"infielder",0
"lagoon",0
"larynx",0
"laser",0
"line",0
"loom",0
"loot",0
"lynx",0
"mime",0
"morphine",0
"muscleman",0
"naked",0
"painted",0
"plantation",0
"primates",0
"rattler",0
"ringworm",0
"sheriff",0
"smile",0
"smudge",0
"snowdrop",0
"spray",0
"stateroom",0
"steam",0
"swine",0
"tack",0
"tip",0
"topsail",0
"trident",0
"whitetail",0
"woofer",0
"abscess",0
"artery",0
"backdrop",0
"bladder",0
"bran",0
"brig",0
"brown",0
"brushfire",0
"bud",0
"butterfat",0
"cadaver",0
"candlelight",0
"casebook",0
"chop",0
"cloakroom",0
"column",0
"countryside",0
"crying",0
"cyclone",0
"droppings",0
"exam",0
"goalie",0
"grindstone",0
"hairy",0
"hopscotch",0
"marrow",0
"monsoon",0
"mortar",0
"newsreel",0
"observatory",0
"planking",0
"plastering",0
"platoon",0
"potbelly",0
"ridge",0
"saline",0
"salute",0
"sarcophagus",0
"satinwood",0
"schnapps",0
"sheath",0
"shipment",0
"sinkhole",0
"sonogram",0
"spaceship",0
"spectrometer",0
"sycamore",0
"undergarment",0
"vermin",0
"vitamin",0
"wigwam",0
"alarm",0
"bronze",0
"crawling",0
"farmyard",0
"filmstrip",0
"medics",0
"nudge",0
"prism",0
"shingles",0
"sorcerer",0
"tendon",0
"ad",0
"backstroke",0
"bedrock",0
"bile",0
"birth",0
"carcass",0
"cavalryman",0
"clubfoot",0
"cobalt",0
"condor",0
"coop",0
"cosmonaut",0
"dawn",0
"dune",0
"firebox",0
"hatch",0
"lectern",0
"mansions",0
"metalwork",0
"nightingale",0
"retina",0
"sewer",0
"shilling",0
"song",0
"starlet",0
"stockade",0
"tentacle",0
"trail",0
"turbojet",0
"urinate",0
"vasectomy",0
"wet",0
"whalebone",0
"wreckage",0
"yawn",0
"airliner",0
"archaeologist",0
"bomber",0
"bucketful",0
"chiffon",0
"coastguard",0
"cottontail",0
"crease",0
"dean",0
"droplet",0
"gizzard",0
"gypsy",0
"ironwork",0
"jowl",0
"maze",0
"paste",0
"pentagon",0
"queen",0
"riot",0
"seafront",0
"siren",0
"sixpence",0
"sky",0
"sunlight",0
"vertebra",0
"almanac",0
"ammonia",0
"anthrax",0
"bite",0
"bluebook",0
"cell",0
"circle",0
"eat",0
"fencer",0
"flattop",0
"follicle",0
"gallery",0
"insecticide",0
"nape",0
"obsidian",0
"plaza",0
"prince",0
"punching",0
"showgirl",0
"sleep",0
"sphere",0
"sportsman",0
"twister",0
"underbrush",0
"ventriloquist",0
"washing",0
"wormwood",0
"zeppelin",0
"bracket",0
"brook",0
"circus",0
"citizen",0
"clothing",0
"cockfight",0
"crematorium",0
"crevice",0
"engraver",0
"excrement",0
"firelight",0
"floodgate",0
"gang",0
"gauntlet",0
"hem",0
"lioness",0
"list",0
"locked",0
"lumberman",0
"minefield",0
"moneylender",0
"moonlight",0
"nosebleed",0
"ocelot",0
"octagon",0
"oxcart",0
"parkway",0
"penicillin",0
"pharaoh",0
"pilgrim",0
"pint",0
"polo",0
"quiz",0
"signature",0
"spoonful",0
"sulfur",0
"swim",0
"tennis",0
"typewriting",0
"watchtower",0
"waterfowl",0
"waterwheel",0
"welt",0
"wizard",0
"appendectomy",0
"bellhop",0
"blowpipe",0
"cuckoo",0
"freighter",0
"glasshouse",0
"goggle",0
"headless",0
"hermaphrodite",0
"paratroops",0
"seaman",0
"skiing",0
"solid",0
"tang",0
"albino",0
"beaded",0
"biographer",0
"blond",0
"blush",0
"brunch",0
"clasp",0
"crossroad",0
"curly",0
"curve",0
"distillery",0
"dropkick",0
"flagstaff",0
"flutist",0
"geologist",0
"glycerin",0
"gristle",0
"horseback",0
"hunter",0
"kickoff",0
"knit",0
"lettering",0
"lining",0
"mesh",0
"mole",0
"mountaineer",0
"nightcap",0
"nights",0
"paintwork",0
"paneling",0
"port",0
"screenplay",0
"shelve",0
"soapy",0
"splashing",0
"sting",0
"turquoise",0
"typist",0
"windstorm",0
"alehouse",0
"bleed",0
"brownstone",0
"chime",0
"coral",0
"gashes",0
"librarian",0
"magnifier",0
"president",0
"sewing",0
"steed",0
"tapping",0
"tong",0
"warlord",0
"waterline",0
"waterway",0
"zinc",0
"blink",0
"boiling",0
"chateau",0
"cleric",0
"downtown",0
"dragon",0
"earnings",0
"gash",0
"headstone",0
"jackal",0
"lithograph",0
"masseur",0
"molding",0
"nighthawk",0
"percolator",0
"punch",0
"quartet",0
"scriptwriter",0
"skipper",0
"snore",0
"sparks",0
"stag",0
"talker",0
"beacon",0
"blacksmith",0
"cataract",0
"centrifuge",0
"curl",0
"dew",0
"doorkeeper",0
"flooding",0
"foothill",0
"glycerol",0
"goblin",0
"harem",0
"hearth",0
"heron",0
"jade",0
"kneeling",0
"lesion",0
"lighting",0
"looter",0
"mariner",0
"millimeter",0
"oriole",0
"pant",0
"potion",0
