cues,AFSS,BOI,Concrete,n_previous,needs_norming
abdomen,41,5.434782609,4.7,33,No
absinthe,29,4.590909091,4.3,26,Yes
accessory,34,4.72,4.1,32,No
accordion,26,5.826086957,4.86,27,Yes
accountant,40,4.666666667,4.41,28,Yes
acne,28,4.391304348,4.89,29,Yes
acorn,33,5.28,4.96,38,No
acrobat,31,5.043478261,4.46,26,Yes
actor,32,4.739130435,4.57,28,Yes
actress,46,4.92,4.54,32,No
acupuncture,23,5.285714286,3.83,35,No
adapter,25,4.583333333,3.82,30,No
addict,29,4.391304348,3.14,31,No
adult,39,5.409090909,4.4,28,Yes
advisor,35,4.347826087,4.15,35,No
afro,21,4.52,4.52,30,No
aftershave,23,5.375,4.56,28,Yes
aircraft,31,4.925925926,4.4,26,Yes
airman,35,4.36,4.25,28,Yes
airplane,41,4.625,4.96,28,Yes
album,44,5.791666667,4.69,35,No
alcohol,43,5.833333333,4.76,28,Yes
ale,22,4.962962963,4.65,27,Yes
alfalfa,23,5.045454545,4.69,27,Yes
algae,33,4.458333333,4.93,30,No
almond,33,5.714285714,4.71,31,No
altar,39,4.782608696,4.85,27,Yes
altarpiece,29,4.80952381,4.54,28,Yes
aluminum,36,5.083333333,4.88,30,No
ambulance,25,5,4.81,27,Yes
ammunition,30,4.592592593,4.88,51,No
amphibian,45,4.357142857,3.77,32,No
amulet,26,5.291666667,4,33,No
anchor,42,5.739130435,4.77,25,Yes
anchovy,23,4.428571429,4.96,26,Yes
animal,66,5.958333333,4.61,38,No
ankle,28,5.833333333,4.81,25,Yes
anklet,37,5.708333333,4.75,38,No
announcer,19,4.296296296,4.52,25,Yes
ant,48,4.84,4.86,29,Yes
antenna,41,4.695652174,4.75,36,No
antennae,48,4.538461538,4.85,29,Yes
antibiotics,26,4.956521739,4.45,30,No
antihistamine,29,5.260869565,3.68,34,No
antique,40,4.423076923,3.75,58,No
antiseptics,34,5.041666667,3.96,31,No
anus,33,5.16,4.86,34,No
apartment,39,4.6,4.9,65,No
apparatus,41,4.636363636,3.78,35,No
apparel,49,5.695652174,4.6,30,No
appendage,43,5,4.26,28,Yes
appetizer,33,6.12,4.71,27,Yes
apple,28,6.272727273,5,28,Yes
appliance,43,5.791666667,4.57,37,No
applicator,17,5.185185185,4.26,26,Yes
appraiser,33,4.428571429,3.62,33,No
apprentice,27,4.321428571,3.67,33,No
apricot,40,6.291666667,4.97,37,No
apron,42,5.96,4.87,38,No
aquarium,49,5.782608696,4.77,28,Yes
arachnid,51,4.904761905,4.65,30,No
archives,21,4.333333333,3.93,26,Yes
arm,69,6.47826087,4.96,35,No
armband,34,5.347826087,4.67,30,No
armoire,27,4.904761905,4.52,27,Yes
armor,32,5.333333333,4.76,30,No
armpit,30,5.52,4.8,26,Yes
arrow,38,4.92,4.97,29,Yes
arrowhead,37,4.44,4.7,26,Yes
artichoke,33,5.708333333,4.63,27,Yes
artifact,42,4.416666667,4.5,35,No
artist,36,4.782608696,4.24,26,Yes
ash,26,4.333333333,4.96,69,No
ashcan,24,4.571428571,4.78,31,No
ashtray,30,5.44,4.97,32,No
asparagus,38,5.56,4.96,28,Yes
ass,40,5.304347826,4.67,32,No
assassin,24,4.32,4.43,27,Yes
assemblyman,24,4.72,3.74,29,Yes
asshole,35,4.5,4.08,33,No
astronaut,48,4.357142857,4.75,29,Yes
athlete,43,4.916666667,4.3,25,Yes
atlas,33,5.166666667,4.79,26,Yes
attendant,39,5.083333333,4.44,25,Yes
attire,36,5.086956522,4.47,29,Yes
attorney,30,4.72,4.52,32,No
auditorium,34,4.392857143,4.7,31,No
aunt,35,5.041666667,4.17,33,No
author,44,4.4,4.26,30,No
auto,29,4.391304348,4,34,No
automobile,59,5.64,4.96,26,Yes
automotive,37,4.454545455,4.19,27,Yes
avocado,36,6.24137931,4.89,30,No
awning,33,4.565217391,4.61,28,Yes
axe,34,6.153846154,5,97,No
axle,27,4.904761905,4.5,33,No
azalea,28,5.263157895,4.4,28,Yes
babe,29,4.555555556,3.67,28,Yes
baby,57,6.285714286,5,28,Yes
backboard,33,4.565217391,4.93,29,Yes
backbone,39,4.64,4.19,34,No
backdoor,16,5.2,4.5,26,Yes
backgammon,27,4.869565217,4.47,28,Yes
backpack,32,5.72,4.96,28,Yes
backscratcher,29,5.52,4.58,26,Yes
bacon,33,5.916666667,4.9,27,Yes
badge,43,5.72,4.93,30,No
badminton,22,4.92,4.7,26,Yes
bag,29,6.038461538,4.9,24,Yes
baggage,40,5.965517241,4.43,30,No
bagpipe,32,5.761904762,4.97,50,No
bait,16,4.375,4.45,26,Yes
baklava,34,5.454545455,4.32,29,Yes
balcony,37,4.739130435,4.68,35,No
ball,44,6.608695652,5,33,No
ballerina,34,4.695652174,4.61,28,Yes
balloon,38,5.523809524,4.92,34,No
balloonist,35,4.275862069,4.5,27,Yes
ballot,33,4.434782609,4.73,27,Yes
ballplayer,25,4.56,4.68,28,Yes
balm,18,4.583333333,3.68,33,No
bamboo,49,5.68,4.86,27,Yes
banana,28,6.107142857,5,25,Yes
band,24,4.384615385,4.68,27,Yes
bandage,44,6.304347826,4.85,29,Yes
bangle,30,5.115384615,4.38,33,No
banister,28,5.130434783,4.75,27,Yes
banjo,32,6.291666667,4.9,29,Yes
bank,33,4.72,4.78,25,Yes
bankbook,28,5.363636364,4.81,26,Yes
banknote,29,4.52173913,4.88,29,Yes
banquet,31,4.538461538,4,30,No
barbecue,18,4.833333333,4.52,26,Yes
barber,33,4.958333333,4.59,34,No
barkeep,26,4.260869565,4.22,25,Yes
barley,34,4.541666667,4.59,26,Yes
barman,35,4.818181818,4.46,29,Yes
barn,22,5.173913043,4.79,27,Yes
barnacle,35,4.260869565,4.92,28,Yes
barrel,38,5.304347826,4.86,26,Yes
barrette,32,6,4.12,26,Yes
barricade,38,4.28,4.57,35,No
bartender,42,4.64,4.82,39,No
baseball,45,6.037037037,4.86,35,No
baseboard,26,5.375,4.9,27,Yes
basement,36,4.6,4.89,28,Yes
basil,31,5.916666667,4.76,27,Yes
basin,25,4.818181818,4.63,29,Yes
basket,33,6.391304348,5,27,Yes
basketball,39,6.25,4.97,28,Yes
bass,45,4.37037037,4.31,36,No
bassinet,21,5.375,4.71,25,Yes
bat,52,5.041666667,5,39,No
bath,31,5.964285714,4.85,27,Yes
bathe,25,5.214285714,4.19,33,No
bathroom,42,6,4.52,38,No
bathtub,33,6.565217391,4.92,28,Yes
baton,37,5.913043478,4.64,26,Yes
battery,22,4.8,4.67,27,Yes
battleship,38,4.36,4.81,30,No
bayonet,35,4.916666667,4.77,27,Yes
bazooka,28,5.041666667,4.66,29,Yes
beach,44,5.666666667,4.79,27,Yes
beachwear,25,6.304347826,4.64,27,Yes
bead,25,5.545454545,4.9,34,No
beagle,45,5.2,4.81,33,No
beaker,32,5.416666667,4.72,28,Yes
beanstalk,41,4.5,4.7,36,No
beard,34,5.565217391,4.96,33,No
beautician,36,4.608695652,4.69,30,No
bed,39,6.36,5,26,Yes
bedclothes,36,5.708333333,4.63,24,Yes
bedpost,30,5.346153846,4.79,26,Yes
bedroom,35,5.708333333,4.9,33,No
bedspread,50,6.08,4.85,39,No
beef,35,5.714285714,4.74,32,No
beefcake,34,4.458333333,3.9,34,No
beefsteak,32,5.227272727,4.76,27,Yes
beer,47,5.791666667,4.88,37,No
beet,40,5.32,4.8,33,No
beetle,24,5.166666667,4.83,26,Yes
beggar,26,4.28,4.59,27,Yes
bell,40,5.76,4.96,29,Yes
bellboy,28,4.8,4.39,29,Yes
bellflower,53,4.428571429,4.26,32,No
bellman,32,4.32,4.89,29,Yes
belly,38,5.846153846,4.8,32,No
belongings,35,5.173913043,3.88,29,Yes
belt,40,5.80952381,4.9,36,No
bench,34,6.166666667,4.87,29,Yes
beret,25,5.695652174,4.8,27,Yes
berry,39,5.523809524,4.93,36,No
beverage,51,6.208333333,4.6,34,No
bib,23,5.375,4.79,27,Yes
bible,43,5.826086957,4.61,38,No
bicep,37,5.666666667,4.67,34,No
bicycle,35,6.08,4.89,25,Yes
bifocals,32,5.875,4.64,52,No
bike,55,6.48,5,29,Yes
bill,35,5.111111111,4.68,27,Yes
billfold,19,5.444444444,4.71,31,No
billiards,25,4.925925926,4.61,31,No
bin,28,5.260869565,4.72,35,No
binoculars,42,6.16,5,37,No
biologist,25,4.48,3.96,30,No
bird,38,4.896551724,5,34,No
birdbath,27,4.916666667,4.96,27,Yes
birdseed,25,5.739130435,4.96,34,No
birthmark,22,4.333333333,4.35,28,Yes
biscuit,36,5.964285714,4.9,31,No
bistro,31,4.518518519,4.44,26,Yes
blackberry,36,5.416666667,4.97,34,No
blackboard,26,5.392857143,4.72,29,Yes
blackhead,24,4.739130435,4.71,46,No
blade,39,5.833333333,4.93,38,No
blanket,31,6.56,5,27,Yes
blazer,28,5.652173913,4.79,33,No
bleach,32,5.32,4.74,28,Yes
bleacher,43,5.083333333,4.14,36,No
blender,30,5.739130435,5,27,Yes
blindfold,37,5.125,4.57,33,No
blister,29,5.2,4.71,32,No
block,45,5.413793103,4.48,32,No
bloke,31,4.541666667,3.89,25,Yes
blood,41,5.32,4.86,31,No
bloodhound,44,4.833333333,4.76,36,No
bloomers,41,4.4,4.26,29,Yes
blouse,39,6.47826087,4.96,32,No
blower,24,4.48,4.07,28,Yes
blowgun,37,4.625,4.83,27,Yes
blowtorch,29,5.541666667,4.93,27,Yes
blueberry,34,6,4.96,29,Yes
bluefish,30,4.48,4.79,27,Yes
blueprint,28,4.833333333,4.77,25,Yes
boa,36,4.333333333,4.92,32,No
board,47,4.48,4.57,27,Yes
boardinghouse,25,4.565217391,4.5,26,Yes
boat,49,5.130434783,4.93,25,Yes
boathouse,46,4.52173913,4.78,33,No
boatman,32,4.76,4.73,27,Yes
bobsleigh,28,5.64,4.77,29,Yes
bodice,24,4.80952381,4.78,26,Yes
body,67,6.038461538,4.79,28,Yes
bodybuilder,31,4.958333333,4.43,30,No
bodyguard,28,4.72,4.75,27,Yes
bolt,34,4.925925926,4.67,33,No
bomb,39,4.384615385,4.84,28,Yes
bonbon,30,4.807692308,4.61,29,Yes
bondsman,33,4.416666667,3.79,29,Yes
bone,41,5.259259259,4.9,34,No
bong,20,5.6,4.27,29,Yes
bonnet,29,6.043478261,4.93,27,Yes
book,48,6.47826087,4.9,31,No
bookbinder,18,4.75,4.93,26,Yes
bookcase,18,5.56,4.93,29,Yes
bookend,22,5.291666667,4.32,28,Yes
bookkeeper,45,4.458333333,4.64,28,Yes
booklet,34,5.5,4.72,27,Yes
bookmark,33,5.857142857,4.9,27,Yes
bookmarker,28,4.576923077,4.62,29,Yes
bookseller,22,5,4.43,28,Yes
bookshelf,32,5.727272727,4.93,27,Yes
boomerang,28,5.666666667,4.7,27,Yes
boot,31,6.555555556,4.96,48,No
booth,43,4.92,4.42,34,No
bootlace,32,5.64,4.54,36,No
booze,32,5.84,4.48,28,Yes
bosom,39,5.52,4.63,30,No
bottle,44,5.464285714,4.91,28,Yes
boulder,37,4.958333333,4.67,35,No
bouquet,45,4.909090909,4.74,36,No
bourbon,22,5.173913043,4.93,27,Yes
boutique,22,4.692307692,4.27,26,Yes
bowl,30,6.16,4.87,27,Yes
bowling,34,5,4.56,29,Yes
box,42,6.291666667,4.9,28,Yes
boxer,37,4.608695652,4.63,27,Yes
boy,47,4.962962963,4.76,33,No
boyfriend,56,6.310344828,4.59,37,No
bra,39,6.52173913,4.54,51,No
brace,24,5.04,3.96,24,Yes
bracelet,38,6.5,4.96,28,Yes
braid,33,5.64,4.38,35,No
branch,39,4.821428571,4.9,26,Yes
brandy,26,5.64,4.81,26,Yes
brass,31,4.4,4.7,34,No
bratwurst,30,5.434782609,4.82,28,Yes
bread,35,6.230769231,4.92,29,Yes
breadbasket,36,5.222222222,4,31,No
breakfast,31,6.173913043,4.43,24,Yes
breastbone,32,5.318181818,4.33,34,No
breastplate,23,5.136363636,4.67,27,Yes
breasts,47,6.173913043,5,59,No
breeches,44,4.666666667,4.07,27,Yes
brick,37,5.64,4.83,30,No
bricklayer,32,4.84,4.42,27,Yes
brickwork,41,4.777777778,4.48,35,No
bridegroom,40,4.384615385,4.39,33,No
bridesmaid,29,5.08,4.41,28,Yes
bridge,25,5.52173913,4.97,27,Yes
briefcase,36,6.25,4.86,28,Yes
briefs,23,5.64,4.33,29,Yes
brisket,29,5.291666667,4.61,25,Yes
broach,37,5.041666667,3.74,33,No
broccoli,42,5.04,4.87,38,No
brochure,44,6.2,4.76,30,No
broiler,13,5.25,4.83,28,Yes
broker,47,4.464285714,4.03,27,Yes
brooch,33,5.130434783,4.19,26,Yes
broom,27,6.416666667,4.89,39,No
broomstick,27,6.043478261,4.8,29,Yes
broth,34,5.321428571,4.68,36,No
brother,47,5.043478261,4.43,34,No
brow,33,4.416666667,4.39,26,Yes
brush,28,6.043478261,4.54,50,No
bubble,19,4.64,4.6,27,Yes
buck,27,4.291666667,4.67,26,Yes
bucket,42,6,4.96,30,No
buckle,44,4.846153846,4.71,37,No
buckwheat,27,4.44,4.54,29,Yes
buddy,37,4.916666667,3.48,31,No
buffalo,45,4.692307692,4.83,37,No
buffet,25,5.409090909,4.67,25,Yes
bug,39,5.296296296,5,36,No
bugle,30,4.541666667,4.84,30,No
builder,30,4.826086957,3.97,29,Yes
building,35,5.208333333,4.64,28,Yes
bulb,40,5.391304348,4.93,39,No
bulldozer,41,4.565217391,4.9,28,Yes
bullet,33,5.772727273,4.83,32,No
bullfighter,22,4.6,4.7,25,Yes
bullfrog,41,4.884615385,4.9,29,Yes
bully,37,4.857142857,3.92,37,No
bum,35,4.346153846,4.21,31,No
bun,25,5.916666667,4.88,31,No
bunion,32,4.36,4.64,26,Yes
bunk,28,4.260869565,4.3,27,Yes
bunkhouse,36,4.625,4.37,34,No
bunkmate,37,4.458333333,4,35,No
bunny,35,4.5,4.97,28,Yes
buoy,33,5.125,4.57,34,No
burger,31,6.111111111,4.93,27,Yes
burglar,20,4.260869565,4.44,27,Yes
burlap,26,5.333333333,4.78,29,Yes
bus,38,5.192307692,4.9,28,Yes
bush,28,4.8,4.9,27,Yes
businessman,37,5.25,4.47,26,Yes
businesswoman,45,5.08,4.35,34,No
busman,35,4.68,3.91,29,Yes
butcher,27,4.739130435,4.65,26,Yes
butt,49,5.652173913,4.75,35,No
butter,40,6.217391304,4.9,38,No
buttercup,34,5.48,4.71,28,Yes
buttermilk,25,4.826086957,4.68,36,No
butterscotch,22,4.769230769,4.58,27,Yes
buttocks,26,6.434782609,4.83,55,No
button,38,6.153846154,4.96,28,Yes
buttonhole,17,5.074074074,4.7,27,Yes
buttonhook,31,4.45,4.04,27,Yes
bystander,33,4.791666667,4.17,31,No
cab,32,5.6,4.88,31,No
cabbage,43,5.608695652,4.75,31,No
cabdriver,32,5.12,4.79,29,Yes
cabin,43,4.56,4.92,36,No
cabinet,19,5.64,4.89,35,No
cable,39,4.913043478,4.74,32,No
cactus,35,4.5,5,53,No
caddy,31,4.913043478,4.32,25,Yes
cadet,27,4.291666667,4.21,30,No
cadillac,33,5.12,4.93,30,No
cafe,29,4.772727273,4.96,26,Yes
cafeteria,24,4.8,4.71,28,Yes
cage,31,5.291666667,5,30,No
cake,36,6.086956522,4.81,29,Yes
calculator,36,6.24,4.86,32,No
calender,23,5.84,4.82,29,Yes
calf,30,5.08,4.48,55,No
calipers,21,4.666666667,4.78,26,Yes
camel,38,4.52173913,4.93,28,Yes
camera,27,6.086956522,5,29,Yes
camisole,29,5.476190476,4.81,27,Yes
can,35,4.88,4.55,27,Yes
candidate,35,4.739130435,3.81,28,Yes
candle,30,5.166666667,4.86,32,No
candlestick,20,6,4.93,26,Yes
candy,45,6.4,4.83,27,Yes
cane,45,6.068965517,4.87,32,No
canine,31,5.375,4.71,30,No
cannabis,30,5.666666667,4.69,26,Yes
cannonball,37,4.304347826,4.8,27,Yes
canoe,38,5.818181818,4.86,27,Yes
cantaloupe,42,5.666666667,4.76,26,Yes
canteen,43,5.607142857,4.88,37,No
canvas,42,5.590909091,4.78,65,No
cap,40,5.826086957,4.59,27,Yes
cape,24,5.416666667,4.77,54,No
capsule,25,5.041666667,4.52,28,Yes
captain,27,4.913043478,4.19,31,No
car,53,6.035714286,4.89,25,Yes
caramel,22,5.28,4.73,26,Yes
card,41,5.56,4.9,24,Yes
cardboard,52,5.739130435,4.9,27,Yes
cardigan,36,6.130434783,4.96,30,No
caretaker,37,5.071428571,4.24,33,No
carnival,40,5.125,4.68,39,No
carp,19,4.52173913,4.62,26,Yes
carpenter,26,5.464285714,4.41,29,Yes
carpet,33,6.041666667,4.96,63,No
carport,26,4.28,4.79,26,Yes
carriage,34,5.08,4.86,33,No
carrot,30,6.043478261,5,25,Yes
cart,26,5.4,4.89,35,No
carton,22,5,5,25,Yes
cartridge,24,5.12,4.78,29,Yes
case,30,4.272727273,3.93,33,No
caseworker,37,4.32,4.37,33,No
cash,27,6.36,4.48,25,Yes
cashier,39,4.888888889,4.89,29,Yes
cashmere,35,4.875,4.72,33,No
casket,38,4.714285714,4.86,30,No
casserole,41,5.88,4.87,35,No
cassette,25,5.148148148,4.6,30,No
castle,50,4.307692308,4.96,29,Yes
cat,34,5.913043478,4.86,29,Yes
catalogue,41,5.916666667,4.36,27,Yes
catapult,23,4.84,4.43,29,Yes
caterpillar,29,5.083333333,4.87,30,No
catfish,53,5,4.85,37,No
cathedral,35,4.5,4.86,33,No
catnip,25,4.52,4.68,26,Yes
cattle,42,4.625,4.64,34,No
catwalk,37,4.652173913,4.15,29,Yes
cauldron,24,4.8,4.61,28,Yes
cauliflower,33,5.269230769,5,29,Yes
caviar,35,4.818181818,4.7,35,No
cayenne,35,5.347826087,4.22,28,Yes
cedar,29,4.583333333,4.83,32,No
celery,31,6.086956522,4.8,33,No
cellar,19,4.6,4.68,36,No
cello,33,5.038461538,4.96,25,Yes
cellophane,24,4.703703704,4.54,33,No
cement,39,5.04,4.97,27,Yes
cent,26,5.12,4.19,31,No
centipede,33,5.25,4.79,26,Yes
ceramic,33,4.62962963,4.04,34,No
ceramics,34,5.458333333,4.62,27,Yes
cereal,20,5.958333333,4.83,26,Yes
certificate,58,5.041666667,4.59,35,No
chain,34,5.958333333,4.55,27,Yes
chair,51,6.88,4.58,39,No
chairman,38,4.965517241,4.31,32,No
chairperson,39,4.44,4.58,25,Yes
chairwoman,42,4.347826087,4.41,33,No
chalet,38,4.416666667,4.36,25,Yes
chalice,22,5.208333333,4.83,29,Yes
chalk,31,5.92,4.9,27,Yes
chambermaid,39,4.727272727,4.4,30,No
champagne,33,5.583333333,4.82,36,No
chapel,41,4.52,4.6,31,No
chaplain,39,4.72,4.33,32,No
charcoal,30,4.740740741,4.85,28,Yes
chart,38,4.428571429,4.48,36,No
chauffeur,28,4.84,4.43,25,Yes
checkbook,37,5.666666667,4.97,35,No
checkerboard,27,5.391304348,4.96,28,Yes
checklist,35,4.464285714,4.61,32,No
cheddar,35,5.291666667,4.46,25,Yes
cheek,43,5.481481481,4.83,26,Yes
cheekbone,29,4.88,4.71,25,Yes
cheerleader,21,5.285714286,4.9,28,Yes
cheese,34,6.391304348,4.7,33,No
cheeseburger,41,NA,4.93,30,No
cheesecake,39,6.458333333,4.97,32,No
cheesecloth,29,5.52173913,4.8,27,Yes
chef,54,4.64,4.3,27,Yes
chemicals,47,5.04,4.14,32,No
cherry,39,5.454545455,4.62,35,No
chessboard,32,6.04,4.68,32,No
chest,47,5.851851852,4.93,38,No
chestnut,31,5.555555556,4.7,27,Yes
chevy,32,4.956521739,4.48,28,Yes
chick,28,4.47826087,4.93,34,No
chicken,38,5.5,4.8,26,Yes
chickenfeed,24,4.72,4.78,33,No
chihuahua,47,6.25,4.38,28,Yes
child,42,5.695652174,4.78,31,No
childbirth,29,4.391304348,4.04,35,No
children,25,5.52,4.89,29,Yes
chili,36,5.291666667,4.79,33,No
chimney,17,4.730769231,5,27,Yes
chimpanzee,46,4.260869565,4.96,29,Yes
chin,40,5.884615385,4.89,29,Yes
chinaware,35,5.913043478,4.82,35,No
chinchilla,44,4.925925926,4.72,33,No
chip,37,5.181818182,4.71,26,Yes
chiropractor,23,5.5,4.86,24,Yes
chisel,41,5.333333333,4.63,25,Yes
chocolate,31,6.307692308,4.72,26,Yes
chopsticks,34,6.391304348,5,56,No
choreographer,25,4.826086957,4.23,28,Yes
chow,26,4.642857143,4.47,28,Yes
chowder,32,4.96,4.7,26,Yes
chronograph,25,4.684210526,4.19,24,Yes
chronometer,28,4.5,4.11,29,Yes
chrysanthemum,34,5.727272727,4.57,29,Yes
cider,27,4.958333333,4.97,31,No
cigar,25,5.962962963,4.93,27,Yes
cigarette,28,6.272727273,4.88,26,Yes
citrus,35,4.6,4.21,33,No
clam,40,4.375,4.89,25,Yes
clamp,25,5.36,4.53,26,Yes
clamshell,31,4.347826087,4.82,27,Yes
clarinet,43,5.923076923,4.92,34,No
classmate,38,5.363636364,4.32,26,Yes
claw,33,4.391304348,4.83,29,Yes
clay,34,5.52,4.93,30,No
cleat,29,4.5,4.5,30,No
cleavage,19,4.625,4.64,27,Yes
cleavers,33,5.48,4.56,28,Yes
clergy,40,4.48,4.03,25,Yes
clerk,45,4.68,4.28,30,No
client,41,4.545454545,3.9,31,No
cliff,24,4.64,4.71,32,No
clip,38,4.833333333,4.37,54,No
clipboard,27,5.652173913,4.93,26,Yes
clipper,19,4.923076923,4.3,28,Yes
clitoris,31,6.090909091,4.93,33,No
cloak,33,5.791666667,4.71,25,Yes
clock,33,4.714285714,5,28,Yes
closet,28,4.962962963,4.83,39,No
cloth,30,5.961538462,4.9,26,Yes
clothes,43,6.08,4.76,49,No
clothesline,34,5.333333333,4.86,28,Yes
clothespin,31,5.12,4.41,31,No
clove,29,5.086956522,4.42,28,Yes
clover,49,4.695652174,4.69,39,No
cloverleaf,34,4.565217391,4.86,35,No
club,46,5.458333333,3.78,36,No
clubhouse,44,4.28,4.61,34,No
coachman,42,4.739130435,4.12,28,Yes
coal,33,4.875,4.66,33,No
coaster,28,5.333333333,4.68,29,Yes
coat,24,6.565217391,4.97,27,Yes
cobblestone,25,5.086956522,4.79,26,Yes
cobweb,36,4.916666667,4.92,35,No
cocaine,32,5.913043478,4.52,32,No
cock,40,5.04,4.79,30,No
cockatoo,33,4.666666667,4.73,36,No
cocktail,44,5.481481481,4.4,30,No
cocoa,32,5.625,4.89,33,No
coconut,45,5.64,4.79,28,Yes
cod,22,4.458333333,4.61,26,Yes
coffee,40,5.538461538,4.81,28,Yes
coffeepot,24,6.037037037,4.64,28,Yes
coffin,26,5.52,4.86,28,Yes
coin,44,6.4,4.89,32,No
coke,34,6.2,4.83,36,No
cola,22,5.565217391,4.79,24,Yes
colander,20,6,4.21,25,Yes
coleslaw,29,4.72,4.67,30,No
collar,27,5.12,4.64,34,No
collarbone,18,5.48,4.85,29,Yes
colleague,30,5.724137931,3.79,27,Yes
collie,34,5.730769231,4.77,31,No
cologne,42,5.541666667,4.76,37,No
colt,45,4.916666667,4.96,27,Yes
comb,27,5.923076923,5,36,No
comforter,39,6.16,4.7,38,No
comic,42,4.88,4,35,No
committeewoman,47,4.857142857,4.33,26,Yes
commode,36,5.481481481,4.54,31,No
companion,50,5.739130435,3.75,27,Yes
compass,35,5.538461538,4.66,64,No
compost,27,5.041666667,4.46,34,No
compressor,45,4.5,4.39,34,No
computer,47,6.714285714,4.93,27,Yes
concert,36,4.714285714,4.35,28,Yes
conch,27,4.285714286,4.52,27,Yes
concrete,46,5.166666667,4.59,28,Yes
condiment,46,5.76,4.72,38,No
conditioner,26,5.130434783,4.21,31,No
condom,35,6.346153846,4.87,36,No
condominium,40,4.678571429,4.35,29,Yes
conductor,32,4.75,4.26,32,No
cone,29,4.608695652,4.86,26,Yes
confetti,31,4.76,4.93,36,No
congresswoman,33,4.32,4.48,28,Yes
container,40,5.461538462,4.85,30,No
contraceptive,24,5.391304348,3.89,26,Yes
controller,27,5.458333333,4.33,35,No
cookbook,57,5.68,4.9,30,No
cookhouse,22,4.423076923,4.62,27,Yes
cookie,38,6.5,5,28,Yes
cooler,39,5.625,4.14,29,Yes
cop,47,4.458333333,4.3,28,Yes
copier,21,5.136363636,4.72,33,No
copilot,38,4.791666667,4.59,28,Yes
copper,33,4.833333333,4.52,32,No
copybook,26,5,4.67,32,No
cord,39,6.103448276,4.63,31,No
corduroy,24,5.041666667,4.56,26,Yes
cork,39,5.636363636,4.86,30,No
corkscrew,30,6.04,4.85,26,Yes
corn,41,6,4.96,36,No
cornbread,35,5.16,4.79,35,No
cornfield,41,4.739130435,4.96,42,No
cornflakes,34,5.6,4.82,29,Yes
cornflower,22,4.739130435,4.71,27,Yes
cornmeal,21,5.913043478,4.83,25,Yes
cornstarch,27,5.043478261,4.56,30,No
corridor,41,4.5,4.72,28,Yes
corsage,17,5.782608696,4.38,26,Yes
corset,35,5.44,4.48,30,No
corvette,33,5.875,4.76,38,No
cosmetics,25,5.75,4.72,29,Yes
costume,38,6.28,4.57,35,No
costumer,41,4.434782609,4.04,27,Yes
cottage,30,4.52173913,4.85,27,Yes
cotton,37,5.28,4.97,31,No
couch,31,6.260869565,4.71,29,Yes
council,35,4.321428571,2.73,27,Yes
councilman,37,4.869565217,4.26,27,Yes
councilwoman,36,4.583333333,4.59,30,No
counselor,21,4.375,4.24,26,Yes
countrywoman,46,4.44,4.25,28,Yes
coupon,26,4.821428571,4.79,27,Yes
courtyard,37,4.392857143,4.57,27,Yes
cousin,22,5.375,3.7,30,No
coverall,32,4.739130435,4.36,33,No
cow,35,5.434782609,4.96,38,No
cowhide,33,4.6,4.76,28,Yes
cowskin,26,4.652173913,4.81,31,No
crab,25,4.889189189,4.9,27,Yes
crabgrass,39,4.956521739,4.52,25,Yes
cracker,36,5.24,4.96,64,No
cradle,33,5.652173913,4.93,39,No
craftsman,33,4.833333333,4,33,No
cranberry,26,5.458333333,4.96,25,Yes
crane,28,4.695652174,4.68,26,Yes
crap,25,4.666666667,3.67,32,No
crate,37,5.304347826,4.93,28,Yes
crawfish,33,4.666666667,5,33,No
crayfish,26,5.043478261,4.93,26,Yes
crayon,36,6.36,4.87,34,No
cream,39,5.153846154,4.83,38,No
creamer,22,5.24,4.66,37,No
creature,42,4.833333333,4.07,28,Yes
creek,29,4.52,4.87,28,Yes
crepe,34,5.416666667,4.5,34,No
crewman,37,4.291666667,4.39,26,Yes
crib,24,5.56,4.86,26,Yes
cricket,27,4.653846154,4.77,27,Yes
crisps,34,5.130434783,4.04,37,No
critter,50,4.863636364,4.19,36,No
crocodile,31,4.291666667,4.83,26,Yes
croissant,26,6,4.96,30,No
crop,28,4.833333333,4.24,27,Yes
croquet,23,4.84,4.59,33,No
croquette,25,4.681818182,4.24,26,Yes
cross,26,5,4.44,35,No
crossbar,40,5.043478261,4.57,35,No
crossbow,32,5.541666667,4.77,26,Yes
crosswalk,23,4.714285714,4.62,32,No
crossword,37,4.555555556,4.48,34,No
crotch,20,5.6,4.77,31,No
crouton,28,5.724137931,4.9,28,Yes
crowbar,37,6.25,4.87,34,No
crown,33,6.173913043,4.81,30,No
crucifix,37,5.68,4.45,32,No
cruiser,31,4.304347826,3.78,29,Yes
crumb,28,4.45,4.8,33,No
crumpet,30,5.136363636,4.81,32,No
crust,37,5.125,4.59,37,No
crutch,33,5.8,4.5,30,No
crypt,36,4.541666667,4.75,31,No
crystal,35,4.37037037,4.58,35,No
cube,41,4.75,4.62,31,No
cubical,31,4.36,4.21,31,No
cucumber,26,6.04,4.83,25,Yes
cuff,29,5.333333333,4.61,25,Yes
cuisine,36,4.652173913,3.7,35,No
cup,33,6.043478261,5,27,Yes
cupboard,19,5.782608696,4.79,27,Yes
curb,39,4.72,4.68,33,No
curd,27,4.875,4.19,28,Yes
curler,17,4.454545455,4.13,31,No
curry,21,4.565217391,4.84,26,Yes
curtain,43,5.875,4.82,35,No
cushion,35,5.75,4.68,34,No
custard,30,4.956521739,4.85,29,Yes
custodian,32,4.481481481,4.64,26,Yes
customer,40,5.541666667,3.82,27,Yes
cuticle,28,5.08,4.94,33,No
cutlery,36,5.913043478,4.75,28,Yes
cutlet,27,5.272727273,4.52,28,Yes
cuttlefish,27,4.454545455,4.23,28,Yes
cymbal,37,5.958333333,4.92,31,No
cymbals,41,5.695652174,4.88,28,Yes
dachshund,33,5.125,4.67,27,Yes
dad,35,5.416666667,4.29,55,No
daffodil,32,5.045454545,4.96,26,Yes
dagger,40,5.923076923,4.96,58,No
daiquiri,29,5.454545455,4.62,34,No
dairy,29,4.28,4.45,36,No
daisy,42,5,5,34,No
damsel,20,4.652173913,3.88,31,No
dance,44,4.44,4.32,37,No
dancer,34,5.090909091,4.75,32,No
dandelion,41,5.826086957,5,26,Yes
dandruff,26,4.72,4.79,34,No
darkroom,24,4.416666667,4.45,32,No
dart,43,5.291666667,4.9,37,No
dartboard,34,5.608695652,4.75,32,No
daughter,41,5.192307692,4.79,39,No
daybed,23,5.28,4.41,27,Yes
debris,45,4.75,4.69,32,No
deck,47,5.541666667,4.77,27,Yes
decor,42,4.538461538,3.77,33,No
deer,23,4.416666667,4.86,25,Yes
deerskin,39,4.826086957,4.9,37,No
defendant,25,4.291666667,3.8,31,No
delicatessen,25,4.347826087,4.28,28,Yes
deliverer,31,4.52173913,3.72,31,No
deliveryman,24,4.44,4.23,27,Yes
democrat,19,4.416666667,3.96,28,Yes
den,31,4.333333333,4.57,24,Yes
denim,33,5.416666667,4.77,63,No
dentist,38,5.038461538,4.93,34,No
deodorant,23,6.36,5,25,Yes
dermatologist,37,4.92,4.21,29,Yes
derriere,42,5.5,4.65,28,Yes
desert,29,4.291666667,4.86,34,No
desk,34,6.260869565,4.87,27,Yes
dessert,44,5.695652174,4.93,36,No
detergent,18,5.227272727,4.77,32,No
detonator,28,4.68,4.76,25,Yes
device,74,5.75,3.97,36,No
diagram,35,4.5,4.36,27,Yes
diamond,31,5.304347826,4.89,26,Yes
diaper,31,5.64,4.82,30,No
diaphragm,24,4.269230769,3.93,27,Yes
dice,26,6.192307692,4.86,30,No
dictionary,35,6.04,4.62,28,Yes
dietician,45,4.72,4.14,34,No
dildo,45,6.52173913,4.7,32,No
dime,35,6.083333333,4.85,35,No
diner,31,4.375,4.82,35,No
dinner,44,5.545454545,4.5,31,No
dinnerware,32,5.916666667,4.79,29,Yes
dip,21,4.535714286,4.22,28,Yes
diploma,34,5.96,4.93,31,No
dipper,34,4.909090909,4.21,27,Yes
dipstick,15,5.185185185,3.81,30,No
dirt,47,5.08,4.86,37,No
dish,32,5.8,4.9,28,Yes
dishwasher,29,5.592592593,4.86,29,Yes
dishwater,29,5.2,4.61,25,Yes
dispenser,22,4.708333333,3.84,28,Yes
dividers,23,4.384615385,4.29,25,Yes
divorcee,35,4.5,3.8,33,No
dock,51,4.541666667,4.64,37,No
doctor,52,5.68,4.69,30,No
document,41,4.818181818,4.41,29,Yes
dog,37,6.4,4.85,31,No
dogcatcher,26,4.72,4.35,36,No
doghouse,29,5.076923077,4.79,32,No
doll,48,6.434782609,5,33,No
dollar,35,6.24,4.93,36,No
dollhouse,40,5.826086957,4.86,27,Yes
dolphin,27,4.52,4.96,27,Yes
dominoes,26,5.703703704,4.66,49,No
donkey,40,4.826086957,5,26,Yes
donut,43,NA,4.93,37,No
door,40,6.217391304,4.81,29,Yes
doorbell,31,5.916666667,4.82,35,No
doorframe,34,5.086956522,4.79,27,Yes
doorknob,23,6.518518519,4.97,26,Yes
doorknocker,38,5.52173913,4.7,33,No
doorman,21,4.68,4.79,27,Yes
doornail,30,5.4,4.9,26,Yes
doorstep,40,5.333333333,5,32,No
doorstop,23,5.260869565,4.82,27,Yes
dorm,38,4.32,4.41,29,Yes
dormitory,27,4.821428571,4.64,28,Yes
douche,24,4.652173913,4.13,28,Yes
dough,27,6.086956522,4.79,30,No
doughnut,33,6.260869565,4.96,27,Yes
dove,28,4.333333333,4.88,27,Yes
drain,32,4.291666667,4.61,34,No
drainpipe,37,4.875,4.86,37,No
drapery,29,4.68,4.32,25,Yes
drawers,39,5.869565217,4.96,35,No
drawing,44,4.695652174,4.6,32,No
drawstring,22,5.28,4.74,25,Yes
dress,37,6.16,4.93,25,Yes
dresser,28,5.04,4.96,25,Yes
dressing,33,5.08,4.03,38,No
dressmaker,28,4.875,4.64,27,Yes
driftwood,37,5.416666667,4.88,29,Yes
drill,32,5.739130435,4.4,26,Yes
drink,38,6.074074074,4.76,25,Yes
driver,20,4.565217391,4.71,28,Yes
drone,46,4.291666667,3.93,26,Yes
drug,44,5.375,4.48,31,No
drugstore,25,5.260869565,4.82,31,No
drum,33,5.8,4.96,27,Yes
drumstick,32,5.708333333,4.96,31,No
dryer,30,5.56,4.79,30,No
drywall,40,5.208333333,4.7,34,No
duck,37,5.041666667,4.86,30,No
duckling,29,5.125,4.93,27,Yes
duckweed,32,4.4,4.29,26,Yes
ductwork,25,4.52173913,4.81,26,Yes
dude,49,5,3.93,37,No
duffel,29,4.380952381,4.12,28,Yes
dumbbell,34,5.958333333,4.69,34,No
dumbwaiter,30,4.44,4.55,26,Yes
dumpling,29,4.826086957,4.65,25,Yes
dust,14,4.827586207,4.4,29,Yes
dustbin,36,5.708333333,4.54,29,Yes
duster,17,5.32,4.64,27,Yes
dwarf,25,4.333333333,4.45,28,Yes
dwelling,32,4.857142857,4.14,28,Yes
dye,28,4.52173913,4.58,33,No
dynamite,35,5.260869565,4.68,33,No
ear,27,6.652173913,5,30,No
earmuff,22,6.260869565,4.85,26,Yes
earphone,37,5.52173913,4.74,33,No
earpiece,31,5.76,4.79,39,No
earplug,30,6.111111111,4.82,33,No
earplugs,36,6.541666667,4.9,29,Yes
earring,43,6.428571429,4.96,30,No
earth,37,5.555555556,4.8,30,No
earthworm,34,4.916666667,4.89,25,Yes
earwax,26,5.041666667,4.87,30,No
easel,29,4.72,4.97,31,No
eclair,23,6.166666667,4.75,27,Yes
ecologist,21,4.458333333,3.68,27,Yes
edibles,37,5.428571429,3.86,35,No
editor,28,4.5,4.25,28,Yes
educator,49,5,4,26,Yes
eel,37,4.653846154,4.69,32,No
egg,36,6.068965517,4.97,30,No
eggbeater,27,5.96,4.89,33,No
eggplant,31,5.807692308,4.97,28,Yes
eggshell,27,5.791666667,4.77,35,No
elbow,39,6.458333333,5,31,No
electrician,31,4.625,4.21,25,Yes
electrocardiogram,26,4.347826087,4.16,33,No
electronics,54,5.12,4.37,35,No
elephant,46,4.36,5,43,No
elevator,19,5.486522911,4.79,27,Yes
employee,36,5.045454545,4.1,26,Yes
employer,34,5.291666667,3.81,26,Yes
enamel,24,4.652173913,4.21,29,Yes
encyclopedia,31,6.16,4.79,38,No
enemy,29,4.375,2.83,29,Yes
engine,39,5.333333333,4.86,33,No
engineer,28,5.379310345,4.64,28,Yes
entertainer,29,4.964285714,4.17,27,Yes
entomologist,23,4.583333333,3.88,26,Yes
entree,23,5.28,4.28,30,No
envelope,44,5.64,4.93,37,No
environment,52,4.52173913,3.74,38,No
environmentalist,39,4.482758621,3.72,27,Yes
epidermis,50,5.636363636,4.69,37,No
equipment,51,5.28,4.83,28,Yes
eraser,36,5.791666667,4.74,36,No
erection,33,5.4,4.22,31,No
escalator,16,5.52,5,28,Yes
espresso,31,5.24,4.41,29,Yes
essay,43,4.333333333,3.97,27,Yes
evergreen,33,4.444444444,4,31,No
examiner,38,4.565217391,3.57,26,Yes
excavator,32,4.409090909,4.07,26,Yes
executioner,20,4.44,4.17,27,Yes
extinguisher,37,5.043478261,4.7,37,No
eye,39,5.72,4.9,31,No
eyeball,27,5.555555556,4.92,29,Yes
eyebath,17,4.368421053,3.79,30,No
eyedrop,29,5.48,4.81,34,No
eyeglass,26,5.958333333,4.7,24,Yes
eyeglasses,23,6.28,4.92,29,Yes
eyelash,35,5.423076923,5,35,No
eyelid,28,5.52173913,5,33,No
eyepiece,31,5.8,4.74,33,No
eyewash,23,5.4,4.7,27,Yes
fabric,40,6.08,4.63,33,No
face,49,5.857142857,4.87,27,Yes
factory,29,4.44,4.76,35,No
fairground,43,4.608695652,4.7,33,No
family,44,5.291666667,4.23,36,No
fan,38,5.72,4.71,35,No
farm,39,5.035714286,4.59,30,No
farmer,33,5.08,4.54,26,Yes
farmhand,37,4.4,4.52,34,No
farmhouse,37,5.068965517,4.74,25,Yes
fastener,31,4.347826087,4.1,28,Yes
father,61,6.035714286,4.52,38,No
faucet,19,5.869565217,4.48,28,Yes
fauna,48,5,3.96,35,No
fawn,37,4.535714286,4.3,26,Yes
feast,37,4.384615385,4.3,32,No
feather,38,5.260869565,4.9,27,Yes
featherbed,24,5.434782609,4.69,27,Yes
fedora,32,6.291666667,4.5,37,No
feline,34,5.458333333,4.38,27,Yes
female,33,5.689655172,4.57,29,Yes
femur,23,4.5,4.88,29,Yes
fence,44,5.62962963,4.82,41,No
fern,52,5.005471956,5,32,No
ferret,28,5,4.97,29,Yes
ferryboat,27,5.083333333,4.77,25,Yes
fertilizer,33,5.217391304,4.76,28,Yes
festival,45,4.5,4.33,30,No
fiancee,34,5.652173913,3.86,27,Yes
fiddle,39,6.043478261,4.81,35,No
fig,28,5.083333333,4.97,27,Yes
figurine,42,5.791666667,4.86,33,No
file,28,5.041666667,4.41,25,Yes
fillet,23,4.32,4.75,29,Yes
film,37,4.32,4.71,34,No
finger,54,6,5,34,No
fingerboard,21,5.15,4.35,27,Yes
fingernail,31,5.88,4.93,27,Yes
fingerprint,44,4.291666667,4.96,35,No
fingertip,39,5.928571429,4.93,26,Yes
fir,39,4.272727273,4.58,29,Yes
firearm,42,5.814814815,4.64,32,No
firecracker,34,4.916666667,4.68,26,Yes
fireplace,29,5.458333333,4.68,31,No
firewood,42,5.72,4.93,31,No
firstborn,57,4.518518519,4.04,35,No
fish,45,5.592592593,5,30,No
fishbone,33,5.173913043,4.57,30,No
fisherman,50,4.851851852,4.73,34,No
fishpond,30,4.791666667,4.71,30,No
fist,32,6.08,4.93,24,Yes
fixture,29,5,4.17,30,No
flag,32,5.851851852,4.79,29,Yes
flagpole,36,4.785714286,4.86,37,No
flamethrower,32,4.740740741,4.57,25,Yes
flannel,32,4.869565217,4.43,57,No
flapjack,38,5.2,4.89,30,No
flashbulb,29,4.375,4.75,31,No
flashlight,44,5.869565217,5,38,No
flask,29,5.416666667,4.79,33,No
flatiron,35,5.590909091,4.24,34,No
flaxseed,27,5.037037037,4.46,27,Yes
fleece,28,4.5,4.75,33,No
flesh,43,4.782608696,4.59,33,No
floor,42,5.666666667,4.8,29,Yes
floorboard,51,5.791666667,4.89,35,No
flooring,38,4.565217391,4.43,32,No
florist,38,4.444444444,4.62,26,Yes
floss,27,5.166666667,4.41,26,Yes
flounder,28,4.52173913,3.92,29,Yes
flour,27,5.875,4.97,28,Yes
flower,65,5.916666667,5,39,No
flowerbed,46,5.041666667,4.71,34,No
flowerpot,34,5,4.81,37,No
fluid,60,4.923076923,4.73,38,No
flute,32,5.75,5,36,No
flycatcher,14,5.375,4.61,25,Yes
flypaper,24,5.037037037,4.77,25,Yes
flyswatter,31,5.703703704,5,27,Yes
foghorn,31,4.583333333,4.96,35,No
folder,43,6.260869565,4.93,35,No
foliage,42,4.6,4.67,29,Yes
fondue,27,4.92,4.79,36,No
food,45,6.470350404,4.8,35,No
foodstuff,33,4.846153846,4,26,Yes
foot,36,6,4.9,25,Yes
football,33,6.12,4.73,27,Yes
footballer,42,5.041666667,4.52,32,No
footbath,23,5.090909091,4.46,33,No
footboard,25,5.086956522,4.77,27,Yes
footbridge,41,4.777777778,4.81,28,Yes
footpad,36,5.041666667,4.37,28,Yes
footpath,24,4.592592593,4.79,26,Yes
footplate,27,4.875,4.58,32,No
footstool,29,6.304347826,4.96,37,No
footwear,38,6.434782609,4.66,26,Yes
forceps,34,4.869565217,4.79,32,No
ford,16,4.416666667,4.19,26,Yes
forearm,39,5.782608696,4.69,27,Yes
forefinger,36,5.16,4.64,27,Yes
forehead,38,5.777777778,4.9,32,No
forest,45,4.6,4.76,24,Yes
fork,32,5.6,4.9,27,Yes
forklift,45,5.541666667,4.79,40,No
fossil,49,4.925925926,4.9,38,No
fountain,36,5.208333333,4.77,36,No
fountainhead,31,4.523809524,3.87,30,No
foxhound,33,4.347826087,4.48,34,No
frame,27,4.956521739,4.3,28,Yes
frankfurter,31,5.708333333,4.88,25,Yes
freezer,17,5.260869565,4.87,25,Yes
fridge,31,6.166666667,4.92,37,No
friend,40,5,3.07,28,Yes
frog,35,5.125,5,28,Yes
frosting,27,5,4.86,27,Yes
fruit,41,6,4.81,30,No
fruitcake,28,6,4.62,26,Yes
fryer,22,5.541666667,4.5,28,Yes
fudge,33,5.68,4.89,25,Yes
fungus,46,4.32,4.59,33,No
funnel,26,4.833333333,4.52,34,No
furnace,27,4.68,4.69,35,No
furnishings,23,6.166666667,4.31,26,Yes
furniture,45,6.56,4.89,25,Yes
gadget,48,5.52,4.6,28,Yes
gambler,31,4.416666667,4.03,33,No
game,45,4.518518519,4.5,38,No
gangster,30,4.36,3.93,27,Yes
garage,28,4.96,4.96,31,No
garb,27,4.541666667,4.19,25,Yes
garbage,30,4.96,4.69,28,Yes
garden,47,5.913043478,4.73,36,No
gardener,47,4.958333333,4.5,36,No
garland,24,5.166666667,4.85,28,Yes
garlic,31,6.32,4.89,27,Yes
garment,44,5.826086957,4.78,26,Yes
garnets,21,4.65,4.12,26,Yes
gasket,23,4.846153846,4.44,26,Yes
gate,38,5.956521739,4.96,36,No
gatehouse,42,4.464285714,4.48,31,No
gatekeeper,20,4.44,4.21,27,Yes
gauze,41,5.88,4.62,34,No
gavel,38,4.545454545,4.88,29,Yes
gazebo,37,5.25,4.79,29,Yes
gear,37,4.695652174,4.28,38,No
gearbox,20,5.041666667,4.72,27,Yes
gem,35,5.517241379,4.88,35,No
generator,31,4.47826087,4.23,31,No
genitals,35,6.130434783,4.96,98,No
gentleman,51,4.961538462,3.57,27,Yes
geranium,25,4.695652174,4.76,28,Yes
germ,37,4.333333333,3.89,36,No
giblets,22,4.714285714,4.58,30,No
gift,45,5.380952381,4.56,36,No
gin,43,5.074074074,4.46,27,Yes
ginger,32,5.32,4.92,32,No
gingerbread,28,5.48,4.88,30,No
gingersnap,22,4.703703704,4.76,27,Yes
girdle,25,5.52173913,4.63,25,Yes
girl,33,5.52,4.85,25,Yes
girlfriend,41,5.730769231,4.25,30,No
glass,36,6.12,4.82,30,No
glassblower,25,4.52173913,4.33,33,No
glasses,26,6.541666667,4.9,24,Yes
glassware,34,5.964285714,4.59,37,No
glider,34,4.5,4.32,28,Yes
glitter,27,4.434782609,4.43,27,Yes
globe,33,5.28,4.59,27,Yes
glue,36,5.043478261,4.65,39,No
glycerine,29,4.434782609,4,27,Yes
goalkeeper,26,4.458333333,4.5,28,Yes
goalpost,32,4.84,4.96,30,No
goat,34,4.8,5,36,No
goatee,33,4.375,4.89,34,No
goatskin,21,4.44,4.8,33,No
goblet,30,5.826086957,4.65,28,Yes
goddaughter,27,5.04,3.72,27,Yes
godfather,24,5.043478261,4.14,27,Yes
godmother,36,5.19047619,3.72,30,No
godparent,39,5.260869565,4,29,Yes
goggles,32,6.125,4.93,52,No
gold,57,4.75,4.81,36,No
goldfish,30,4.739130435,4.79,34,No
goldsmith,28,4.375,4.73,34,No
golf,24,4.76,4.52,26,Yes
golfer,28,4.583333333,4.71,35,No
gondola,29,4.916666667,4.92,28,Yes
goose,25,5.260869565,4.81,27,Yes
gooseberry,26,5.041666667,4.7,30,No
goulash,36,4.846153846,4.2,28,Yes
gourd,32,5.208333333,4.86,29,Yes
gown,37,6.36,4.61,29,Yes
grandchild,46,5.24,4.26,36,No
granddaughter,43,5,4.37,29,Yes
grandfather,44,5.833333333,4.86,26,Yes
grandma,29,5.769230769,4.54,26,Yes
grandnephew,39,5.08,4.69,25,Yes
grandniece,34,4.708333333,4.54,33,No
grandpa,47,5.76,4.39,28,Yes
grandparent,56,5.56,4.03,38,No
grandson,40,5.785714286,4.3,31,No
granite,46,4.666666667,5,37,No
granny,30,5.083333333,4.24,36,No
grape,39,6.214285714,5,29,Yes
grapefruit,42,5.96,4.96,28,Yes
grapevine,29,4.869565217,4.69,31,No
graphite,23,4.590909091,4.58,28,Yes
grass,46,5.454545455,4.93,33,No
grasshopper,43,4.753721245,4.91,33,No
grater,18,4.92,4.52,28,Yes
grave,43,4.730769231,4.56,29,Yes
gravel,45,5.461538462,5,34,No
gravestone,28,4.875,4.72,26,Yes
graveyard,38,4.608695652,4.83,36,No
gravy,43,5.333333333,4.97,37,No
grease,34,4.666666667,4.61,29,Yes
greenery,38,4.375,4.34,38,No
greenhouse,33,5.260869565,4.76,26,Yes
greens,32,4.5,4.1,29,Yes
grenade,30,5.2,4.9,25,Yes
greyhound,34,4.636363636,5,28,Yes
griddle,35,5.739130435,4.38,35,No
grill,31,5.72,4.86,27,Yes
grits,25,5.291666667,4.74,31,No
groceries,34,5.962962963,4.74,50,No
groom,35,5,4.54,29,Yes
ground,34,5.875,4.77,26,Yes
groundsman,34,4.333333333,4.19,28,Yes
guard,27,5,4.04,27,Yes
guardhouse,25,4.28,4.67,25,Yes
guardrail,30,4.36,5,26,Yes
guardsman,25,4.481481481,4.64,28,Yes
guest,50,4.857142857,3.83,29,Yes
guesthouse,39,4.913043478,4.53,27,Yes
guestroom,32,4.538461538,4.44,29,Yes
guidebook,48,5.791666667,4.83,26,Yes
guillotine,32,4.52173913,4.64,27,Yes
guitar,37,6.293243243,4.9,33,No
guitarist,33,4.75,4.58,26,Yes
gum,33,6.36,4.89,34,No
gumbo,28,4.619047619,4.39,26,Yes
gumdrop,30,5.875,4.9,28,Yes
gun,34,6.12,4.83,29,Yes
gunfighter,28,4.52,4.34,28,Yes
gunnysack,20,4.666666667,4.52,25,Yes
gunpowder,27,4.96,4.79,29,Yes
guy,58,5.84,4.68,30,No
gym,39,4.958333333,4.83,24,Yes
gymnasium,30,4.464285714,4.81,29,Yes
gymnast,43,5,4.85,27,Yes
gynecologist,38,4.833333333,4.39,26,Yes
gyroscope,22,4.814814815,4.25,31,No
hailstone,36,5,4.57,36,No
hair,53,6.318181818,4.97,27,Yes
hairbrush,38,6.48,4.75,38,No
hairdo,25,5.08,4.07,27,Yes
hairdresser,26,5.384615385,4.79,27,Yes
hairline,30,4.92,4.46,28,Yes
hairnet,26,5.458333333,4.96,35,No
hairpiece,39,5.956521739,4.82,34,No
hairpin,38,6.125,4.83,30,No
hairstyle,50,4.68,3.9,34,No
hairstylist,40,5.041666667,4.79,27,Yes
hall,30,4.346153846,4.67,25,Yes
hallway,27,4.708333333,4.74,27,Yes
ham,44,5.541666667,4.9,30,No
hamburger,37,6.148148148,5,28,Yes
hammer,32,6.173913043,4.77,24,Yes
hammock,43,6.166666667,4.89,38,No
hamper,34,4.4,4.21,28,Yes
hamster,39,5.583333333,4.86,39,No
hamstring,24,5.08,4.72,29,Yes
hand,60,6.44,4.72,24,Yes
handbag,30,6,4.93,36,No
handball,28,5.75,4.48,27,Yes
handbook,41,5.782608696,4.64,26,Yes
handbrake,24,5.083333333,4.69,28,Yes
handcart,21,5.6,4.67,27,Yes
handclap,29,4.434782609,4.28,26,Yes
handclasp,42,4.681818182,4.22,37,No
handgun,34,5.761904762,5,27,Yes
handhold,26,5.045454545,3.91,25,Yes
handkerchief,30,5.72,5,36,No
handle,40,4.958333333,4.57,39,No
handlebar,27,5.384615385,4.76,29,Yes
handrail,33,5.227272727,4.72,28,Yes
handsaw,23,6.076923077,5,28,Yes
handshake,33,5.636363636,4.52,35,No
handwork,31,4.928571429,3.66,27,Yes
hanger,13,5.291666667,4.81,27,Yes
hangnail,28,5.814814815,4.71,30,No
hanky,18,4.481481481,4.76,25,Yes
hardcover,21,4.652173913,4.69,28,Yes
hardware,34,5.52,4.62,28,Yes
hardwood,30,5.076923077,4.4,27,Yes
harmonica,29,6.416666667,4.9,32,No
harness,33,4.4,4.14,28,Yes
harp,31,5.8,4.85,27,Yes
harpist,27,4.304347826,4.08,33,No
harpsichord,38,4.904761905,4.67,29,Yes
harvest,30,4.464285714,4,35,No
hat,33,6.44,4.88,28,Yes
hatband,20,5.16,4.38,25,Yes
hatchback,20,4.818181818,4.48,26,Yes
hatchet,34,5.791666667,4.93,34,No
haystack,49,4.956521739,4.87,34,No
head,44,5.48,4.75,36,No
headboard,27,5.52,4.65,26,Yes
headdress,33,5.541666667,4.71,35,No
headgear,18,5.625,4.83,26,Yes
headlight,26,4.538461538,4.97,31,No
headmistress,34,4.555555556,4.56,28,Yes
headphones,28,6.083333333,4.79,27,Yes
headpiece,32,5.347826087,4.8,29,Yes
headrest,32,5.346153846,4.8,36,No
heads,28,4.28,4.63,29,Yes
headset,33,6,4.83,26,Yes
hearse,34,4.928571429,4.85,30,No
hedgehog,26,5.043478261,4.93,26,Yes
heel,39,4.666666667,4.86,36,No
helicopter,30,5.178571429,4.62,27,Yes
helmet,32,6.111111111,4.92,30,No
hen,29,4.652173913,4.9,29,Yes
herb,33,5.826086957,4.57,30,No
herbivore,25,4.363636364,4.08,31,No
heroin,26,4.423076923,4.57,32,No
hibachi,28,4.666666667,4.14,33,No
hibiscus,33,4.952380952,4.48,27,Yes
hickory,38,4.357142857,4.34,28,Yes
hiker,28,5.260869565,4.53,27,Yes
hill,29,4.535714286,4.93,25,Yes
him,39,4.47826087,3.54,25,Yes
hinge,27,4.333333333,4.57,31,No
hip,51,5.086956522,4.21,35,No
hippie,34,4.56,4.07,27,Yes
hitchhiker,40,4.375,4.83,31,No
hoe,32,5.545454545,4.74,28,Yes
hog,38,4.407407407,4.66,32,No
holder,22,4.28,3.74,31,No
holding,29,4.428571429,3.72,26,Yes
holster,20,4.68,4.59,33,No
home,35,5.434782609,4.11,27,Yes
homemaker,34,5.285714286,4.22,28,Yes
homework,40,5.32,4.5,25,Yes
honey,40,5.434782609,4.88,35,No
honeycomb,39,4.695652174,4.72,25,Yes
honeydew,21,5.444444444,4.86,31,No
honeysuckle,38,5.375,4.48,29,Yes
hood,17,5.44,4.88,27,Yes
hook,32,5,4.79,29,Yes
hookah,23,6.25,4.83,26,Yes
hookers,43,5.08,4.63,28,Yes
hoop,28,5.296296296,4.74,30,No
horn,40,5.291666667,5,33,No
horse,50,5.88,5,28,Yes
horsefly,31,4.32,4.97,33,No
horseman,30,4.28,4.3,27,Yes
horseradish,24,5.24,4.81,26,Yes
horseshoe,33,5.2,5,36,No
horsewhip,31,4.652173913,4.37,32,No
hose,34,5.565217391,4.87,33,No
hostel,41,4.708333333,3.9,28,Yes
hostess,40,5.214285714,4.12,25,Yes
hotel,28,5.695652174,4.93,27,Yes
hotplate,21,5.230769231,4.7,28,Yes
hound,45,4.962962963,4.48,27,Yes
hourglass,31,4.583333333,4.93,34,No
house,50,5.782608696,5,36,No
houseboat,37,4.956521739,4.74,35,No
houseboy,17,4.583333333,4.26,25,Yes
housecoat,24,5.653846154,4.89,31,No
housefly,22,4.541666667,4.96,25,Yes
housekeeper,41,4.458333333,4.36,36,No
housemaid,27,4.84,4.52,28,Yes
housewife,34,5.2,4.43,28,Yes
hubcap,46,4.833333333,5,30,No
hug,34,4.652173913,4.14,27,Yes
human,51,5.666666667,4.93,25,Yes
hurdle,38,4.36,3.97,34,No
husband,48,6.041666667,4.11,27,Yes
husk,26,4.304347826,4.86,26,Yes
husky,29,4.892857143,3.59,29,Yes
hut,33,5.130434783,4.65,37,No
hutch,38,4.708333333,4.31,30,No
hypnotist,29,4.44,4.07,29,Yes
ice,40,5.458333333,4.89,31,No
iceboat,40,4.37037037,4.78,25,Yes
icebox,24,5.181818182,4.71,27,Yes
icepick,28,5.416666667,4.68,27,Yes
icing,29,4.76,4.66,33,No
igloo,34,4.851851852,4.73,25,Yes
iguana,31,5.166666667,4.83,28,Yes
illustrator,26,4.48,3.76,31,No
incubator,33,4.291666667,4.65,36,No
infant,45,6.038461538,4.93,28,Yes
ingredients,30,4.958333333,4.16,48,No
ink,38,5.56,4.56,37,No
insect,44,5.125,4.89,34,No
insole,19,4.454545455,4.11,31,No
inspector,43,4.391304348,4.62,33,No
instructor,32,4.583333333,4.26,32,No
instrument,28,5.739130435,4.27,26,Yes
insulin,16,4.625,4.37,26,Yes
intercom,37,4.695652174,4.67,35,No
intern,50,4.791666667,3.86,31,No
interviewer,38,4.75,4.47,33,No
inventor,25,4.391304348,3.82,30,No
investigator,32,4.888888889,4.37,30,No
iron,36,5.538461538,4.59,27,Yes
item,39,5.739130435,4.41,25,Yes
jacket,32,6.333333333,4.86,27,Yes
jaguar,35,4.826086957,4.9,32,No
jam,36,5.173913043,4.71,29,Yes
jar,25,6.208333333,5,28,Yes
jasmine,36,4.32,4.55,27,Yes
javelin,31,5.833333333,4.9,26,Yes
jaw,40,5.5,4.87,38,No
jawbreaker,27,5.28,4.22,28,Yes
jeans,23,6.44,5,58,No
jeep,22,5.409090909,4.8,26,Yes
jelly,25,5.48,4.93,26,Yes
jersey,30,5.8,4.56,29,Yes
jet,42,5.041666667,4.77,40,No
jewel,29,5.44,4.96,29,Yes
jeweler,30,4.695652174,4.61,40,No
jewelry,24,6.576923077,4.82,27,Yes
jockstrap,15,5.739130435,4.97,27,Yes
jogger,28,5,4.68,32,No
joint,29,4.375,4.37,30,No
journal,49,6,4.63,33,No
journalist,46,4.5,4.04,27,Yes
joystick,19,6.12,4.74,33,No
juice,36,5.739130435,4.89,33,No
jukebox,41,5.8,4.93,26,Yes
jumper,37,4.296296296,4.03,27,Yes
junk,30,4.962962963,3.88,26,Yes
jurist,41,4.380952381,3.96,31,No
juror,37,4.782608696,4.29,31,No
kale,29,5.652173913,4.81,26,Yes
kaleidoscope,32,5.84,4.79,35,No
kazoo,23,5.6,4.85,32,No
kebab,31,5.916666667,4.85,27,Yes
keepsake,34,4.75,3.89,34,No
keg,35,4.962962963,4.75,25,Yes
kelp,26,4.826086957,4.9,28,Yes
kerchief,30,5.666666667,4.85,25,Yes
kernel,24,4.5,4.21,27,Yes
ketchup,23,6.304347826,5,39,No
kettle,24,5.44,4.75,28,Yes
kettledrum,25,4.916666667,4.9,31,No
key,34,6.28,4.89,29,Yes
keyboard,26,6.08,4.93,29,Yes
keyhole,23,5.44,4.63,31,No
kid,37,5.68,4.56,53,No
kidney,27,4.68,4.96,25,Yes
kiln,20,4.304347826,4.82,29,Yes
kilt,28,5.04,4.71,29,Yes
kindle,27,4.4,3.74,25,Yes
kindling,37,4.583333333,3.76,30,No
kiss,24,4.571428571,4.48,54,No
kit,33,4.739130435,4.47,37,No
kitchen,27,5.625,4.97,30,No
kitchenette,22,4.782608696,4.56,26,Yes
kite,27,5.8,5,25,Yes
kitten,32,6.4,4.86,26,Yes
kitty,29,6.043478261,4.97,35,No
kiwi,40,6.08,4.86,33,No
kleenex,28,6.043478261,4.92,28,Yes
knapsack,24,5.84,4.9,26,Yes
knee,27,5.818181818,5,28,Yes
kneecap,48,5.714285714,4.7,36,No
knickers,36,5.5,4.54,32,No
knitting,24,4.304347826,4.14,29,Yes
knob,19,5.888888889,4.75,27,Yes
knot,29,5.76,4.87,29,Yes
knuckle,22,5.76,4.93,53,No
kumquat,35,5.619047619,4.88,25,Yes
label,44,5.375,4.46,37,No
laboratory,24,4.739130435,4.46,28,Yes
labrador,58,5.074074074,4.35,37,No
lace,20,4.869565217,4.85,28,Yes
lad,35,4.36,4.28,27,Yes
ladder,32,6.117567568,5,33,No
ladle,31,4.84,4.9,28,Yes
lady,43,5.32,4.33,28,Yes
ladybug,30,4.875,4.92,26,Yes
lager,28,4.695652174,4.64,26,Yes
lake,36,5.035714286,4.88,35,No
lamb,35,4.444444444,4.97,34,No
lambskin,23,4.416666667,4.72,32,No
lamp,24,6.083333333,4.97,26,Yes
lamplight,44,4.291666667,4.8,38,No
lamplighter,12,4.263157895,4.24,25,Yes
lampshade,30,5.296296296,4.82,31,No
lance,28,4.571428571,4.07,29,Yes
land,54,5.56,4.57,35,No
landlady,34,4.76,4.22,26,Yes
landscape,42,4.384615385,4.34,30,No
lantern,33,5.653846154,5,30,No
lanyard,32,5.416666667,4.46,30,No
lapdog,45,4.739130435,4.31,32,No
larvae,20,4.375,4.62,30,No
laryngoscope,28,4.411764706,4.48,26,Yes
lasso,32,5.555555556,4.74,32,No
latch,35,5.541666667,4.79,35,No
latex,21,5.086956522,4.77,36,No
latrine,30,6.333333333,4.62,25,Yes
laundry,24,6.208333333,4.93,25,Yes
lavatory,34,5.620689655,4.81,26,Yes
lawn,38,5.695652174,4.93,27,Yes
lawyer,37,4.625,4.7,33,No
laxative,33,5.206896552,4.07,33,No
leaf,56,5.584345479,5,61,No
leaflet,46,5.956521739,4.31,29,Yes
leash,24,5.708333333,4.89,26,Yes
leather,37,5.576923077,4.82,31,No
ledge,35,4.541666667,4.72,35,No
ledger,31,4.583333333,4.36,28,Yes
leech,25,4.291666667,4.33,27,Yes
leftovers,36,5.625,4.48,33,No
leg,44,5.875,4.83,28,Yes
leggings,26,6.130434783,4.86,26,Yes
lei,32,5.058823529,4.83,32,No
lemon,50,6.08,5,28,Yes
lemonade,21,5.409090909,4.83,28,Yes
lens,25,5.115384615,4.64,30,No
leopard,41,5.260869565,5,30,No
leotard,41,5.363636364,4.74,29,Yes
letter,52,5.259259259,4.7,34,No
letterbox,26,4.56,4.6,26,Yes
lettuce,27,6.083333333,4.97,29,Yes
lever,27,5.038461538,4.77,25,Yes
library,38,4.391304348,4.8,26,Yes
lice,28,5,4.73,26,Yes
licence,45,4.76,4.57,29,Yes
lid,49,5.428571429,4.96,40,No
lifeboat,29,5.333333333,4.48,29,Yes
lifebuoy,28,4.260869565,4.65,26,Yes
lifeguard,23,4.96,4.47,26,Yes
lighthouse,31,4.791666667,4.96,26,Yes
lilac,38,5,4.69,34,No
lily,31,4.884615385,4.69,53,No
limb,49,5.703703704,4.64,30,No
lime,24,5.52,4.96,55,No
limeade,20,4.75,4.44,25,Yes
limestone,39,4.565217391,4.59,33,No
limousine,33,5.565217391,4.63,27,Yes
linen,35,5.875,4.8,33,No
lingerie,37,5.72,4.87,37,No
linoleum,29,4.62962963,4.85,27,Yes
lint,22,5.04,4.96,37,No
lip,31,5.52173913,4.96,33,No
lipstick,32,5.928571429,4.9,35,No
liqueur,25,5.666666667,4.64,34,No
liquid,47,5.260869565,4.72,32,No
liquor,25,5.961538462,4.73,27,Yes
litter,33,5.034482759,4.47,34,No
livestock,25,5.041666667,4.7,27,Yes
lizard,24,4.925925926,4.68,30,No
llama,43,4.75,4.78,35,No
loaf,20,4.458333333,4.79,33,No
lobbyist,47,4.4,3.71,34,No
lobe,32,4.47826087,4.44,29,Yes
lobster,37,4.92,4.86,28,Yes
lock,24,5.173913043,4.65,27,Yes
locker,17,5.538461538,4.67,32,No
locket,30,5.333333333,4.82,39,No
locksmith,28,4.8,4.54,35,No
lodge,47,4.833333333,4,33,No
lodging,29,4.620689655,4.37,33,No
log,30,5.692307692,4.96,28,Yes
logbook,39,5.565217391,4.54,38,No
loin,38,4.391304348,4.38,31,No
loincloth,28,4.833333333,4.88,31,No
lollipop,33,6.48,4.96,25,Yes
longbow,27,5.285714286,4.96,33,No
loo,30,4.952380952,4.2,27,Yes
lotion,48,6.28,4.79,38,No
loudspeaker,29,4.625,4.82,26,Yes
lounge,41,4.714285714,3.96,30,No
lounger,27,4.692307692,4.04,29,Yes
lovebird,30,4.4,4.62,27,Yes
lozenge,36,5.4,4.59,26,Yes
lubricant,21,5.76,4.52,28,Yes
lubrication,30,4.333333333,3.62,28,Yes
luggage,31,5.304347826,4.83,33,No
lumber,48,5.217391304,4.56,35,No
lump,37,4.5,4.56,28,Yes
lunch,34,6.043478261,4.31,27,Yes
lunchroom,46,4.565217391,4.63,27,Yes
lyre,24,4.45,4.23,29,Yes
macaroni,31,5.62962963,4.97,28,Yes
macaroon,52,4.346153846,4.96,37,No
mace,40,5.12,4.81,26,Yes
machete,34,5.791666667,4.82,60,No
machine,47,5.791666667,4.25,28,Yes
machinery,35,5.416666667,4.75,35,No
magazine,45,6.166666667,5,35,No
maggot,27,4.44,4.97,26,Yes
magician,36,4.5,4.21,34,No
magnet,24,5.615384615,4.7,28,Yes
magnolia,22,5.416666667,4.71,27,Yes
maid,34,4.458333333,4.64,37,No
maiden,32,4.44,4.24,26,Yes
maidservant,27,4.333333333,4.39,30,No
mail,50,6.125,4.69,33,No
mailbag,31,5.041666667,4.89,37,No
maize,30,5.416666667,4.58,33,No
makeup,57,6,4.45,37,No
male,53,5.5,4.45,32,No
mall,32,4.36,4.83,37,No
mallard,35,4.772727273,4.27,24,Yes
mallet,33,5.56,4.93,28,Yes
mammal,59,5.291666667,4.59,33,No
man,72,5.346153846,4.79,34,No
mandolin,38,5.304347826,4.76,29,Yes
mango,35,6.24,5,33,No
manhole,37,4.72,4.7,33,No
manicure,45,4.730769231,4.39,35,No
manicurist,44,4.916666667,4.11,27,Yes
mannequin,33,4.48,4.53,35,No
mansion,37,4.52173913,4.89,59,No
mantel,25,5,4.64,26,Yes
mantelpiece,26,4.285714286,3.76,28,Yes
mantle,27,4.807692308,4.57,30,No
manure,34,4.708333333,4.64,26,Yes
manuscript,32,5.083333333,4.57,26,Yes
map,39,5.481481481,4.93,28,Yes
maple,39,4.32,4.46,34,No
marble,37,5.48,4.85,34,No
marbles,28,5.75,4.96,27,Yes
margarine,15,5.56,4.58,26,Yes
marigold,38,4.75,4.59,28,Yes
marijuana,40,6.04,4.89,38,No
marionette,34,4.333333333,4.63,27,Yes
marketeer,31,4.5,3.71,30,No
marksman,29,4.291666667,4.12,28,Yes
marmalade,23,6.041666667,4.83,35,No
marshmallow,43,6.173913043,4.85,38,No
mascara,21,5.703703704,4.93,26,Yes
mascot,34,4.32,4.2,28,Yes
mask,28,5.92,4.96,25,Yes
masseuse,26,5.086956522,4.56,56,No
mat,42,5.814814815,4.83,33,No
match,23,4.565217391,4.14,26,Yes
matchbox,18,5.875,4.78,29,Yes
matchstick,29,6.103448276,4.96,35,No
mathematician,37,4.272727273,4.38,28,Yes
mattress,36,6.72,5,27,Yes
mayonnaise,34,5.523809524,4.9,68,No
mayor,38,4.28,4.37,31,No
me,88,5.708333333,4.33,29,Yes
meadow,39,4.391304348,4.86,30,No
meal,44,5.958333333,4.62,27,Yes
meat,31,5.52173913,4.9,25,Yes
medal,43,5.608695652,4.89,32,No
medallion,34,5.541666667,4.68,26,Yes
medic,30,5.217391304,4.43,60,No
medicine,48,5.692307692,4.79,60,No
megaphone,20,6.2,4.76,27,Yes
melon,45,5.681818182,4.78,32,No
memo,39,5.04,4.25,37,No
memorabilia,38,4.434782609,4.15,28,Yes
men,35,5.72,4.75,26,Yes
mentor,46,4.347826087,3.7,34,No
menu,34,5.869565217,4.67,35,No
merchandise,32,5.833333333,4.52,27,Yes
merchant,22,4.5,4.31,31,No
merchantman,19,4.5,4.19,32,No
metal,32,5.130434783,4.87,30,No
metalworker,29,4.8,4.18,25,Yes
meteorologist,31,4.875,4.56,27,Yes
mice,35,5,4.84,28,Yes
microphone,40,6.043478261,4.88,28,Yes
microscope,32,5.721024259,5,28,Yes
microwave,24,5.28,4.34,27,Yes
midget,39,4.821428571,4.4,26,Yes
midwife,36,5,4.56,32,No
milk,20,5.956521739,4.92,27,Yes
milkshake,35,6.4,4.97,30,No
mincemeat,27,5.083333333,4.36,28,Yes
minister,38,4.84,4.22,37,No
mink,31,4.904761905,4.58,33,No
minnow,14,4.416666667,4.84,26,Yes
mint,34,5.76,4.54,33,No
mirror,30,6.086956522,4.97,26,Yes
mistletoe,18,4.592592593,4.85,34,No
mistress,46,5,4.22,33,No
mitt,22,6.08,4.76,36,No
mitten,22,6.041666667,4.89,27,Yes
mixer,35,5,4.33,37,No
moccasin,20,5.458333333,4.78,26,Yes
model,28,5.086956522,4.53,27,Yes
molasses,33,5,4.84,35,No
mommy,38,5.434782609,4.07,26,Yes
money,36,6.291666667,4.54,29,Yes
moneybags,39,5,3.85,39,No
mongoose,42,4.5,4.89,32,No
monk,45,5.173913043,4.35,39,No
monument,46,4.52,4.58,28,Yes
moonshine,35,5.260869565,4.46,28,Yes
mop,24,6.192307692,4.97,26,Yes
morsel,24,4.833333333,4.19,33,No
mortician,27,4.833333333,4.3,30,No
mosquito,40,4.4,4.88,31,No
moss,37,4.565217391,4.9,25,Yes
motel,37,4.48,4.93,31,No
moth,33,4.84,4.69,25,Yes
mothball,24,5.12,4.62,30,No
mother,47,5.52,4.6,24,Yes
motor,37,4.92,4.84,30,No
motorbike,36,6.347826087,4.79,26,Yes
motorboat,40,5.304347826,4.93,34,No
motorcycle,41,5.555555556,4.97,32,No
motorcyclist,48,4.52,4.79,25,Yes
motorist,35,5.12,4.72,36,No
mountain,37,4.307692308,4.96,26,Yes
mountainside,47,4.708333333,4.48,26,Yes
mouse,25,5.24,4.83,27,Yes
mousetrap,17,4.916666667,5,25,Yes
mousse,29,5.260869565,4.83,28,Yes
moustache,36,5.347826087,4.96,28,Yes
mouth,36,6.304347826,4.74,26,Yes
mouthpiece,36,5.304347826,4.66,28,Yes
mouthwash,27,6.230769231,4.67,27,Yes
mucus,25,4.88,4.76,57,No
mud,31,5.56,4.86,25,Yes
muffin,30,5.875,4.78,30,No
muffler,35,4.75,4.68,30,No
mug,38,6.13900135,4.8,27,Yes
mulberry,48,4.703703704,4.48,29,Yes
mulch,24,4.625,4.59,30,No
mule,37,4.318181818,5,26,Yes
mullet,22,4.518518519,4.78,60,No
mum,39,4.416666667,4.11,29,Yes
munitions,34,4.80952381,3.82,30,No
muscle,55,5.12,4.5,39,No
museum,42,4.333333333,4.6,28,Yes
mushroom,37,5.333333333,4.83,26,Yes
musician,43,4.47826087,4.42,31,No
musket,29,5.217391304,4.67,30,No
mustache,31,5.620689655,4.9,26,Yes
mustard,36,5.8,4.93,38,No
mutt,48,4.958333333,3.89,34,No
mutton,22,5,4.25,27,Yes
muzzle,27,4.391304348,4.59,33,No
myself,67,5.038461538,2.97,29,Yes
nail,31,5.541666667,4.93,25,Yes
nameplate,30,4.84,4.52,26,Yes
nanny,23,4.6,4.21,31,No
napkin,34,6.333333333,4.93,27,Yes
narcotics,49,4.956521739,4.59,37,No
neck,42,6.12,5,36,No
neckband,24,5.217391304,4.77,31,No
neckerchief,32,5.347826087,4.5,28,Yes
necklace,31,5.821428571,4.96,37,No
necktie,30,6.043478261,4.96,33,No
neckwear,31,5.652173913,4.56,34,No
nectar,43,4.608695652,4.63,36,No
needle,30,5.739130435,4.93,60,No
needlepoint,35,4.576923077,4.48,24,Yes
needlework,31,4.692307692,4.41,26,Yes
negligee,29,4.75,4.48,26,Yes
nephew,39,5.16,4.48,29,Yes
net,21,5.208333333,4.53,25,Yes
nettle,35,4.529411765,3.88,25,Yes
neurologist,32,4.384615385,4.1,34,No
newlyweds,22,4.772727273,3.79,32,No
newsagent,38,4.333333333,4.41,27,Yes
newsboy,31,4.869565217,4.42,25,Yes
newscaster,21,4.347826087,4.5,29,Yes
newsletter,42,5.826086957,4.66,36,No
newsman,35,4.285714286,4.26,35,No
newspaper,80,5.76,4.82,39,No
newspaperman,36,4.48,4.5,36,No
newsprint,40,4.260869565,4.62,27,Yes
newsstand,31,5.458333333,4.71,29,Yes
newt,29,4.391304348,4.17,32,No
nickel,28,5.814814815,4.79,35,No
nightcaps,34,4.708333333,4.07,33,No
nightclub,28,4.409090909,4.96,28,Yes
nightdress,30,5.791666667,4.62,26,Yes
nightgown,29,5.92,4.9,25,Yes
nightie,18,5.62962963,4.3,25,Yes
nightlight,35,4.821428571,4.93,29,Yes
nightshirt,29,6.291666667,5,27,Yes
nipple,33,5.625,4.83,26,Yes
noodle,35,6.24,4.71,55,No
noose,27,4.708333333,4.52,26,Yes
nose,32,6,4.89,26,Yes
nostril,26,5.208333333,4.89,35,No
note,46,5.434782609,4.61,34,No
notepaper,42,5.392857143,4.78,26,Yes
novel,34,5.4,4.21,28,Yes
nugget,36,4.826086957,4.45,27,Yes
nun,27,4.666666667,4.92,27,Yes
nurse,42,5.130434783,4.39,37,No
nursemaid,26,4.583333333,4.5,27,Yes
nursery,29,4.875,4.48,27,Yes
nut,37,5.555555556,4.52,36,No
nutcracker,32,5.36,4.81,59,No
nutmeg,31,4.608695652,4.69,28,Yes
nutshell,24,4.375,4.29,28,Yes
nylon,35,4.928571429,4.7,38,No
oar,41,5.307692308,4.84,26,Yes
oat,22,4.8,5,37,No
object,55,6.416666667,3.66,28,Yes
obstetrician,31,5.04,4.31,29,Yes
ocean,36,5.217391304,4.86,27,Yes
oceanographer,35,4.44,3.97,27,Yes
offspring,48,4.913043478,3.93,35,No
oilcan,46,4.782608696,4.62,34,No
oilcloth,34,5.125,4.4,28,Yes
ointment,27,5.869565217,4.5,30,No
okra,30,5.269230769,4.78,26,Yes
olive,35,6.173913043,4.9,29,Yes
omelet,25,5.6,4.93,57,No
onion,34,5.476190476,4.86,32,No
opal,25,4.6,4.42,29,Yes
ophthalmologist,38,4.423076923,4.32,26,Yes
opium,41,4.269230769,4.56,31,No
optician,27,4.851851852,4.68,27,Yes
orange,40,5.08,4.66,34,No
orchard,33,4.333333333,4.75,30,No
orchid,26,4.68,4.92,28,Yes
ore,31,4.375,4.48,26,Yes
oregano,28,5.64,4.81,35,No
organ,44,5.185185185,4.77,28,Yes
organism,27,4.727272727,4.16,26,Yes
orgy,28,4.782608696,3.67,26,Yes
ornament,34,6.181818182,4.04,34,No
orphan,37,5.259259259,4.04,34,No
orthodontist,27,4.916666667,4.43,25,Yes
ottoman,28,5.833333333,4.9,27,Yes
outfielder,20,4.6,4.67,26,Yes
outfit,56,6.130434783,4.12,34,No
outhouse,26,4.64,4.89,31,No
outlet,23,4.541666667,4.31,32,No
oven,21,5.923076923,4.97,24,Yes
overcoat,31,6.52,4.5,37,No
oxtail,26,4.444444444,4.5,30,No
oyster,25,5.407407407,4.85,25,Yes
pacemaker,28,4.363636364,4.68,32,No
pacifier,32,6.090909091,4.61,32,No
package,46,5.75,4.72,28,Yes
packaging,39,5.038461538,4.44,29,Yes
packet,42,4.52173913,4.46,32,No
pad,39,5.217391304,4.43,33,No
padding,38,4.925925926,4.52,28,Yes
paddle,33,5.68,4.8,27,Yes
padlock,24,6.08,4.92,26,Yes
page,37,4.96,4.9,31,No
pail,37,4.772727273,4.93,28,Yes
painkiller,31,5.518518519,4.18,29,Yes
paint,35,5.090909091,4.79,26,Yes
paintbox,27,4.44,4.65,28,Yes
paintbrush,32,5.56,4.79,27,Yes
pajamas,25,6.222222222,4.73,61,No
pal,40,4.333333333,3.93,34,No
pallet,31,4.36,4.59,26,Yes
palm,49,5.44,4.83,29,Yes
pamphlet,49,5.565217391,4.61,28,Yes
pan,44,6.409090909,4.86,37,No
panhandler,30,4.92,4,37,No
pantaloons,29,4.695652174,4.79,28,Yes
panties,26,5.791666667,4.9,29,Yes
pantry,14,5.260869565,4.67,32,No
pants,36,6.333333333,4.86,27,Yes
paper,61,5.695652174,4.93,36,No
paperback,39,5.090909091,4.57,34,No
paperhanger,23,4.625,4.04,29,Yes
paperweight,23,5.291666667,4.78,27,Yes
paprika,31,4.428571429,5,31,No
parachute,42,4.68,4.78,26,Yes
parachutist,30,4.6,4.3,27,Yes
parakeet,38,5.12,4.9,31,No
paraphernalia,28,4.5,3.67,28,Yes
paratrooper,42,4.291666667,4.89,27,Yes
parcel,39,5.583333333,4.81,27,Yes
parchment,32,4.681818182,4.48,27,Yes
parent,45,5.04,4.56,27,Yes
parka,30,5.875,4.65,31,No
parsley,37,5.434782609,4.77,28,Yes
parsnip,32,5.666666667,4.85,26,Yes
partner,49,5.230769231,3.53,38,No
passenger,28,5.08,4.34,30,No
passionflower,24,4.782608696,4.72,27,Yes
passport,30,5,5,27,Yes
pasta,33,5.72,4.86,29,Yes
pastrami,17,5.142857143,4.74,26,Yes
pastry,41,6.086956522,4.97,30,No
path,30,4.37037037,4.41,34,No
patrolman,36,4.814814815,4.67,35,No
paw,38,5,4.3,27,Yes
pea,38,5.777777778,4.9,33,No
peach,22,5.88,4.9,27,Yes
peacock,36,4.8,5,32,No
peanut,27,6.192307692,4.89,34,No
peanuts,42,6.12,4.9,31,No
pear,35,5.72,4.93,26,Yes
pearl,28,5.555555556,4.87,25,Yes
peashooter,24,4.84,4.28,28,Yes
pebble,24,5.47826087,4.86,29,Yes
pecan,29,5.5,4.87,27,Yes
pedal,33,5.04,4.44,31,No
pedestal,37,4.88,4.48,31,No
pedestrian,18,4.962962963,4.41,26,Yes
pedicurist,39,5.137931034,4.04,32,No
pedometer,26,5.681818182,4.93,25,Yes
peel,18,4.458333333,4.61,25,Yes
peelings,23,4.652173913,4.27,34,No
peephole,28,4.875,4.74,24,Yes
peg,26,4.391304348,4.93,25,Yes
pegboard,23,5.04,4.93,30,No
pellet,33,4.296296296,4.56,28,Yes
pelvis,39,5.72,4.93,28,Yes
pen,39,6.64,4.92,27,Yes
pencil,39,5.869565217,4.88,37,No
pendant,22,5.791666667,4.75,32,No
penknife,33,5.833333333,4.83,30,No
pennant,24,5.153846154,4.37,26,Yes
penny,35,6.448275862,4.83,37,No
penthouse,46,4.333333333,4.36,28,Yes
peony,36,4.333333333,4.48,27,Yes
people,56,6.076923077,4.82,33,No
pepper,38,5.875,4.59,36,No
peppercorn,20,5.181818182,4.89,34,No
peppermint,29,5.391304348,4.43,26,Yes
pepperoni,19,5.875,5,29,Yes
perfume,34,4.96,4.66,36,No
periscope,25,4.653846154,4.78,27,Yes
peroxide,17,4.555555556,4.93,27,Yes
person,54,6.12,4.72,34,No
perspiration,25,4.826086957,4.81,28,Yes
pet,53,6.214285714,4.71,39,No
petal,45,5.75,4.57,26,Yes
phalanges,56,4.35,4.61,27,Yes
pharmacist,35,5.041666667,4.03,37,No
pharmacy,35,5.083333333,4.78,30,No
phone,54,6.5,4.86,26,Yes
phonograph,41,4.423076923,4.59,30,No
photocopier,25,6.12,4.72,27,Yes
photocopy,27,4.260869565,4.5,28,Yes
photograph,39,5.875,4.89,26,Yes
physician,39,5.12,4.65,33,No
physiologist,40,4.75,4.25,27,Yes
piano,24,6.166666667,4.9,27,Yes
piccolo,34,4.956521739,4.71,34,No
pickaxe,24,5.333333333,4.93,26,Yes
pickle,38,5.730769231,4.64,33,No
picnicker,25,4.458333333,4.32,26,Yes
picture,44,5.32,4.52,26,Yes
picture frame,40,NA,4.61,30,No
pie,43,5.869565217,4.92,39,No
piercing,38,5,4.15,36,No
pig,37,4.56,5,29,Yes
piglet,38,4.68,4.93,26,Yes
pigtail,25,4.958333333,4.67,35,No
pike,44,4.590909091,4.25,27,Yes
pilaf,28,4.7,4.2,26,Yes
pill,31,6.36,4.72,32,No
pillar,26,5.041666667,4.77,36,No
pillow,36,6.391304348,5,28,Yes
pillowcase,38,5.92,4.93,33,No
pilot,27,4.52173913,4.67,28,Yes
pimento,44,4.769230769,4.64,26,Yes
pimple,28,5.72,4.77,34,No
pin,35,5.88,4.92,25,Yes
pinball,29,5.782608696,4.48,28,Yes
pincushion,31,5.260869565,4.69,32,No
pine,34,4.347826087,4.37,34,No
pineapple,32,6.304347826,4.94,32,No
pinecone,40,5.821428571,4.85,37,No
pinewood,26,4.541666667,4.74,27,Yes
pinkie,45,5.260869565,4.39,34,No
pinwheel,36,5.8,4.66,35,No
pipe,32,5.653846154,4.88,26,Yes
pistachio,46,5.541666667,4.93,39,No
pistol,38,5.260869565,4.89,27,Yes
pitcher,24,5.259259259,4.93,28,Yes
pitchfork,37,5.681818182,5,26,Yes
pizza,36,6.541666667,5,28,Yes
placard,42,4.458333333,4.46,28,Yes
placenta,35,4.28,4.79,29,Yes
plaintiff,29,4.375,3.9,37,No
plane,47,5.458333333,4.92,37,No
plank,36,4.92,5,27,Yes
planner,33,4.916666667,3.61,27,Yes
plant,38,5.652173913,4.76,28,Yes
plantain,25,5.409090909,4.42,27,Yes
planter,20,4.666666667,4.61,26,Yes
plaque,40,4.52,4.7,29,Yes
plaster,21,4.4,4.59,28,Yes
plastic,34,5.04,4.79,57,No
plate,36,5.590909091,4.77,31,No
platform,27,4.579514825,4.48,30,No
platter,28,5.75,4.93,29,Yes
player,37,4.72,4.15,35,No
playground,34,4.695652174,4.77,34,No
playhouse,24,4.869565217,4.72,28,Yes
playroom,26,4.52,4.71,34,No
playsuit,35,5.36,3.96,29,Yes
plaything,31,4.92,3.68,27,Yes
playwright,26,4.28,3.56,26,Yes
plexiglas,25,5.041666667,4.8,27,Yes
pliers,41,6.086956522,4.93,36,No
plow,36,5,4.46,34,No
plug,25,5.875,4.64,29,Yes
plum,34,5.62962963,4.85,28,Yes
plumber,28,4.44,4.63,30,No
plywood,35,4.807692308,4.82,32,No
pocket,22,5.407407407,4.68,24,Yes
pocketbook,16,5.884615385,5,30,No
pocketknife,38,5.692307692,4.93,36,No
podiatrist,34,4.791666667,4.63,30,No
poet,28,4.565217391,4.36,29,Yes
poinsettia,34,5.347826087,4.92,31,No
poker,39,4.590909091,4.2,31,No
pole,36,5.32,4.66,31,No
police,50,4.739130435,4.79,35,No
policeman,39,5.428571429,4.93,30,No
policewoman,42,4.904761905,4.89,34,No
politician,40,4.409090909,4.33,28,Yes
polyester,30,5.086956522,4.12,35,No
pomegranate,39,5.391304348,4.86,34,No
pompom,27,5.16,4.68,34,No
poncho,35,5.458333333,4.97,39,No
pond,41,4.5,4.9,26,Yes
pony,39,5.375,4.9,28,Yes
pooch,26,5.045454545,4.32,27,Yes
poodle,36,5.652173913,4.89,27,Yes
pool,34,6.041666667,4.77,34,No
poop,41,5.88,4.83,26,Yes
popcorn,47,6,5,38,No
porch,38,4.44,4.92,36,No
pork,31,4.916666667,4.79,26,Yes
porridge,35,4.80952381,4.89,37,No
portfolio,50,4.8,4,38,No
portrait,36,4.272727273,4.9,28,Yes
postage,28,4.32,4.37,34,No
postcard,43,5.76,4.93,28,Yes
poster,44,5.583333333,4.66,32,No
postman,33,4.913043478,4.74,34,No
postmaster,37,5.2,4.59,29,Yes
pot,49,6.16,4.81,38,No
potato,35,5.6,4.85,32,No
potboiler,20,4.84,4.16,25,Yes
potpourri,18,5.333333333,4.59,25,Yes
pottery,35,5.458333333,4.72,28,Yes
potty,20,5.037037037,4.12,26,Yes
pouch,24,5.178571429,4.5,25,Yes
poultry,44,4.826086957,4.72,29,Yes
powder,46,5.416666667,4.76,33,No
powderpuff,41,4.923076923,4.35,31,No
powerboat,35,5.782608696,4.76,35,No
practitioner,36,4.5,3.89,27,Yes
prankster,24,4.642857143,3.59,28,Yes
preschooler,31,4.409090909,4.33,29,Yes
present,34,4.32,3.39,26,Yes
pretzel,30,6.04,4.74,25,Yes
priest,25,4.56,4.77,25,Yes
primate,41,4.375,4.5,43,No
primrose,32,4.368421053,4.08,33,No
printout,49,5.2,4.53,27,Yes
prisoner,47,4.307692308,4.11,32,No
prize,28,4.916666667,4.45,29,Yes
produce,32,5.565217391,3.31,29,Yes
programmer,31,4.695652174,3.86,28,Yes
projector,25,5.086956522,4.64,29,Yes
proofreader,36,4.36,3.82,35,No
prop,37,5.125,4.46,56,No
propeller,35,4.36,4.9,31,No
proprietor,30,4.884615385,4.24,27,Yes
prosecutor,41,4.64,4.24,30,No
prosthesis,36,4.689655172,4.19,28,Yes
prostitute,32,5,4.28,25,Yes
protester,38,4.8,3.96,26,Yes
protractor,29,5.434782609,4,26,Yes
prune,35,5.074074074,4.7,26,Yes
pub,34,4.666666667,4.71,34,No
publication,32,4.48,4.41,28,Yes
publisher,20,4.44,4.24,26,Yes
puck,28,4.608695652,4.5,32,No
pudding,34,5.958333333,4.9,33,No
puddle,36,5,4.67,27,Yes
pug,31,5.965517241,4.62,27,Yes
puke,24,4.5,4.59,31,No
pulley,43,5.208333333,4.74,32,No
pullover,27,4.56,4.32,32,No
pulp,28,5.208333333,4.3,25,Yes
pumice,25,4.857142857,3.85,27,Yes
pump,22,4.347826087,4.31,36,No
pumpernickel,27,5.130434783,4.77,27,Yes
pumpkin,29,5.708333333,4.9,25,Yes
punchbowl,37,5.25,4.85,27,Yes
punter,24,4.464285714,4.07,26,Yes
pup,27,5.44,4.61,30,No
pupil,22,4.8,4.55,26,Yes
puppet,42,5.739130435,4.64,33,No
puppy,54,6.25,4.78,34,No
purse,36,6.291666667,4.9,31,No
pushcart,27,5.272727273,4.25,32,No
putty,37,5,4.48,29,Yes
puzzle,28,5.44,4.75,30,No
quadriceps,38,4.5,4.36,31,No
quarter,43,5.333333333,4.43,35,No
quarterback,35,4.346153846,4.61,26,Yes
quarters,31,5.909090909,4.57,27,Yes
questionnaire,36,4.461538462,4.24,30,No
quiche,33,5.727272727,4.53,25,Yes
quill,26,4.565217391,5,29,Yes
quilt,32,5.826086957,5,27,Yes
rabbit,34,5,4.93,24,Yes
racehorse,35,5.208333333,4.83,35,No
rack,22,4.68,4.48,34,No
racket,28,5.24,4.26,29,Yes
radiator,20,5.217391304,4.78,26,Yes
radio,32,5.291666667,4.74,27,Yes
radiologist,28,4.913043478,4.52,34,No
radish,35,5.846153846,4.87,33,No
raft,46,5.36,5,31,No
rag,39,5.666666667,4.67,40,No
rail,31,5.517241379,4.9,27,Yes
railroad,26,4.333333333,5,27,Yes
rain,40,4.958333333,4.97,56,No
raincoat,35,5.954545455,5,36,No
raindrop,29,5.208333333,4.89,31,No
rainwater,36,5.407407407,4.64,29,Yes
raisin,33,5.64,4.97,34,No
rake,29,6.136363636,4.84,34,No
ramp,33,4.666666667,4.69,37,No
rancher,39,4.68,4.83,27,Yes
raspberry,38,5.884615385,4.93,27,Yes
rat,34,4.608695652,4.85,31,No
rattle,29,4.409090909,4.07,26,Yes
razor,24,6.12,4.9,35,No
receipt,49,5.28,4.86,72,No
receptacle,23,4.863636364,4.58,26,Yes
receptionist,34,4.68,4.36,27,Yes
record,34,4.75,4.15,25,Yes
recorder,25,5.8,4.43,28,Yes
recruiter,29,4.347826087,4,32,No
rectum,37,5.041666667,4.92,34,No
reefer,25,4.52173913,4.54,25,Yes
refrigerator,29,5.851851852,5,28,Yes
reindeer,33,4.5,4.7,33,No
remote,39,4.357142857,3.44,36,No
repairer,21,4.583333333,4.29,35,No
reptile,24,5,4.47,27,Yes
residence,46,4.333333333,4.34,37,No
respirator,29,4.923076923,4.56,26,Yes
restaurant,38,5.275862069,4.89,26,Yes
retriever,26,4.96,4.15,25,Yes
revolver,41,5.555555556,4.69,30,No
rhinestone,27,5.291666667,4.82,33,No
rhubarb,31,5.260869565,4.86,28,Yes
rib,24,5.92,4.9,28,Yes
ribbon,26,6.375,4.89,26,Yes
rice,34,6.291666667,4.86,25,Yes
rifle,42,5.958333333,4.85,29,Yes
rind,27,5.130434783,4.48,28,Yes
ring,41,6.130434783,4.81,28,Yes
rink,32,4.333333333,4.56,35,No
river,43,4.64,4.89,29,Yes
riverbank,28,4.64,4.68,27,Yes
riverboat,33,5.52,4.9,28,Yes
roach,29,4.708333333,4.96,33,No
road,30,5.896551724,4.75,30,No
roadway,37,4.565217391,4.67,33,No
roast,23,4.821428571,4.4,34,No
robber,26,4.464285714,4.31,28,Yes
robe,35,5.909090909,5,26,Yes
robot,46,4.861185984,4.65,30,No
rock,42,5.48,4.91,28,Yes
rocker,20,5.04,4.31,28,Yes
rod,32,4.454545455,4.43,29,Yes
rodent,44,5.041666667,4.7,28,Yes
roll,32,4.44,4.16,30,No
rook,40,4.772727273,4.38,31,No
roommate,66,5.16,4.52,38,No
roosters,37,4.6,4.93,28,Yes
root,31,4.583333333,4.34,28,Yes
rope,44,6.2,4.93,28,Yes
rosary,36,5.791666667,4.63,38,No
rose,40,5.76,4.9,28,Yes
rosebush,30,5.333333333,4.69,24,Yes
rosemary,32,5.379310345,4.68,25,Yes
rosewater,22,5.25,4.58,26,Yes
rotisserie,22,4.791666667,4.23,34,No
rowboat,39,5.375,4.81,27,Yes
rubber,32,5.304347826,4.86,28,Yes
rubbish,28,4.666666667,3.64,27,Yes
ruby,39,4.76,4.77,35,No
rucksack,31,5.041666667,4.14,28,Yes
rug,42,6.173913043,4.79,26,Yes
ruler,34,5.25,4.66,24,Yes
rum,28,5.64,4.93,28,Yes
runner,45,4.608695652,4.86,32,No
rye,24,4.407407407,4.74,28,Yes
sack,23,5.083333333,4.84,26,Yes
sackcloth,18,4.913043478,4.65,25,Yes
saddle,28,4.954545455,4.85,34,No
saddlebag,32,5.409090909,4.88,28,Yes
saffron,41,4.666666667,4.44,28,Yes
sage,37,4.375,4.54,36,No
sailboat,44,5.266216216,4.89,26,Yes
sailcloth,37,4.454545455,4.39,27,Yes
salad,49,6.111111111,4.97,40,No
salamander,37,4.714285714,4.7,24,Yes
salesgirl,39,4.769230769,4.46,33,No
saleslady,48,4.28,4.65,28,Yes
salesman,24,4.84,4.81,34,No
saleswoman,33,4.608695652,4.8,35,No
salmon,31,4.454545455,4.81,28,Yes
saloon,29,4.301480485,4.68,26,Yes
salt,44,5.260869565,4.89,39,No
saltshaker,45,6,4.96,33,No
saltwater,33,5.192307692,4.77,32,No
salve,33,4.692307692,4,26,Yes
sand,38,5.956521739,5,27,Yes
sandalwood,27,4.36,4.71,28,Yes
sandbag,32,5.25,4.68,29,Yes
sandbank,37,4.52,4.83,32,No
sandbox,27,5.777777778,4.86,29,Yes
sandcastle,30,5.095238095,4.96,28,Yes
sandpaper,36,5.913043478,4.85,28,Yes
sandwich,30,6.333333333,4.9,27,Yes
sangria,24,4.863636364,4.45,27,Yes
sapling,22,4.304347826,4.52,25,Yes
sapphire,37,5.125,4.76,30,No
sardine,31,4.869565217,5,36,No
sarong,25,5.357142857,4.5,28,Yes
sash,33,4.916666667,4.67,34,No
satchel,16,5.583333333,4.73,29,Yes
satin,26,5.125,4.57,33,No
sauce,39,5.130434783,4.75,34,No
saucepan,39,6,4.67,27,Yes
sauerkraut,18,5.148148148,4.54,26,Yes
sauna,33,5.363636364,4.68,37,No
sausage,34,6.48,4.88,28,Yes
saw,18,4.76,4.46,26,Yes
sawdust,28,4.4,4.93,27,Yes
sawhorse,31,5.125,4.78,26,Yes
saxophone,16,6.222222222,5,49,No
scab,30,4.958333333,4.71,26,Yes
scale,31,5.652173913,4.39,34,No
scallion,40,5.173913043,4.72,27,Yes
scallop,25,5.48,4.61,24,Yes
scalp,27,5.25,4.82,25,Yes
scalpel,32,5.545454545,4.86,31,No
scanner,26,5.444444444,4.79,27,Yes
scapula,29,4.684210526,4.08,26,Yes
scar,33,4.608695652,4.74,37,No
scarecrow,15,5,4.68,25,Yes
scarf,35,6.434782609,4.97,28,Yes
school,40,5.16,4.79,27,Yes
schoolboy,31,4.92,4.5,31,No
schoolgirl,38,4.625,4.66,29,Yes
schoolhouse,32,5.291666667,4.86,30,No
schoolwork,43,4.5,4.1,28,Yes
scientist,31,4.47826087,4.24,34,No
scissors,21,6.291666667,4.85,60,No
scoop,42,4.28,4.15,35,No
scooter,35,5.913043478,4.96,27,Yes
scorecard,51,4.875,4.61,39,No
scorpion,39,4.32,4.84,32,No
scotch,31,5.4,4.55,31,No
scrapbook,36,5.84,4.76,28,Yes
scraper,30,5.12,4.23,30,No
scratches,53,4.4,4.59,34,No
screen,38,5.041666667,4.6,27,Yes
screw,35,5.708333333,4.81,32,No
screwdriver,42,6.52173913,4.9,31,No
scribbling,27,4.814814815,4.1,27,Yes
script,39,5.041666667,4.72,24,Yes
scrotum,20,5.291666667,4.87,28,Yes
scrubber,20,4.32,4.52,32,No
sculpture,46,5.782608696,4.79,32,No
scythe,26,4.727272727,4.29,26,Yes
sea,41,4.653846154,4.79,27,Yes
seam,22,4.44,4.5,28,Yes
seamstress,23,4.4,4.43,26,Yes
seaplane,30,4.333333333,4.75,25,Yes
searchlight,21,4.391304348,4.63,27,Yes
seashore,50,4.44,4.63,31,No
seasoning,34,4.47826087,4.67,30,No
seat,25,6.416666667,4.78,53,No
seawater,23,4.961538462,4.41,25,Yes
seaweed,25,4.458333333,4.89,27,Yes
secretary,64,5.2,4.54,37,No
sedan,36,5.565217391,4.72,30,No
sedative,27,4.416666667,4.56,35,No
seed,26,5.185185185,4.71,36,No
seedling,33,5.083333333,4.56,30,No
semen,21,5.269230769,4.79,27,Yes
senorita,28,4.391304348,4.18,34,No
sequin,22,4.923076923,4.24,26,Yes
servant,43,4.782608696,4.64,30,No
serviceman,26,4.8,4.57,25,Yes
sesame,32,4.652173913,4.5,26,Yes
sex,35,5.16,4.1,28,Yes
shack,33,5.125,4.93,33,No
shaker,35,4.36,4.11,33,No
shallot,23,5.380952381,4.59,25,Yes
shampoo,28,6,4.68,30,No
shamrock,29,4.5,4.89,26,Yes
shank,32,4.565217391,4.18,27,Yes
sharpener,29,4.785714286,4.64,30,No
shavings,30,4.6,4.5,60,No
shawl,27,5.76,5,24,Yes
shed,21,4.333333333,4.55,25,Yes
sheep,45,4.5,4.9,36,No
sheepdog,47,5.375,4.72,28,Yes
sheepskin,37,4.928571429,4.78,31,No
sheet,28,5.708333333,4.93,26,Yes
shelf,35,4.782608696,4.96,36,No
shell,37,5.291666667,4.8,30,No
shellfish,43,5.76,4.53,27,Yes
shelter,37,5.269230769,4.64,32,No
shelving,18,5.47826087,4.67,24,Yes
sherbet,20,5.916666667,4.83,26,Yes
shield,29,5.037037037,4.66,27,Yes
shin,33,5.592592593,4.86,27,Yes
shinbone,37,4.826086957,4.8,24,Yes
shingle,29,4.625,4.82,53,No
ship,47,5.2,4.87,26,Yes
shipman,30,4.407407407,3.92,27,Yes
shipmate,35,4.72,4.52,31,No
shirt,39,6.473045822,4.94,32,No
shirtsleeve,41,6.125,4.64,28,Yes
shirttail,36,5.333333333,4.78,32,No
shoe,35,6.458333333,4.97,28,Yes
shoehorn,26,5.75,4.57,27,Yes
shoelace,26,6.16,5,34,No
shoestring,30,6.36,4.87,31,No
shopkeeper,27,4.555555556,4.43,25,Yes
shopper,37,4.541666667,4.44,28,Yes
shore,36,4.333333333,4.79,37,No
shortbread,30,5.416666667,4.56,36,No
shortcake,31,5.846153846,4.41,37,No
shorts,43,6.04,4.82,33,No
shot,44,4.392857143,4.44,33,No
shotgun,41,5.826086957,4.96,26,Yes
shoulder,37,5.869565217,4.93,27,Yes
shovel,28,5.925925926,4.97,31,No
shower,38,5.391304348,4.89,37,No
showerhead,40,5.041666667,4.93,35,No
shrimp,36,4.909090909,4.8,26,Yes
shrine,33,4.555555556,4.47,26,Yes
shrub,37,5.259259259,4.92,67,No
shuffleboard,30,5.130434783,4.74,26,Yes
shutter,30,4.541666667,4.38,26,Yes
shuttle,42,4.695652174,4.63,34,No
sibling,37,5.04,4.37,27,Yes
sideboard,21,5.222222222,4.42,27,Yes
sideburns,23,5.166666667,4.96,26,Yes
sidecar,23,4.347826087,4.82,27,Yes
sidewalk,38,5.291666667,4.96,36,No
sifter,44,4.782608696,4.64,33,No
sign,48,4.666666667,4.62,35,No
signpost,52,5.25,4.63,37,No
silk,27,4.8,4.7,34,No
silkworm,29,5.208333333,4.62,28,Yes
silverware,30,6.24,4.66,25,Yes
singer,39,4.821428571,4.62,36,No
sink,40,5.48,4.74,39,No
sirloin,26,5.32,4.66,29,Yes
sister,38,4.8,4,29,Yes
skate,32,4.913043478,4.56,32,No
skateboard,39,6.04,4.86,28,Yes
skateboarder,46,4.739130435,4.82,35,No
skeleton,29,4.347826087,4.97,28,Yes
sketch,40,4.88,4.56,27,Yes
sketchbook,49,5.833333333,4.79,61,No
skewer,31,4.5,4.46,27,Yes
ski,28,5.52,4.63,30,No
skillet,25,5.409090909,4.73,34,No
skin,47,6.16,4.79,37,No
skirt,40,6.041666667,4.82,26,Yes
skittles,28,5.24,4.93,57,No
skullcap,34,4.962962963,4.54,27,Yes
slacks,22,6.103448276,4.57,32,No
slaw,22,4.8,4.64,27,Yes
sled,41,6.086956522,5,39,No
sledge,42,4.380952381,4.11,28,Yes
sledgehammer,35,5.916666667,4.89,30,No
sleeve,17,5.798376184,4.84,28,Yes
sleigh,30,4.84,4.71,28,Yes
slide,27,5.130434783,4.48,32,No
slime,33,4.37037037,4.48,31,No
sling,41,4.909090909,4.52,39,No
slingshot,26,5.4,4.87,26,Yes
slipcover,21,5.409090909,4.69,30,No
slipknot,27,4.84,4.68,26,Yes
slipper,25,6.166666667,4.86,25,Yes
slug,30,4.434782609,4.64,31,No
slush,32,4.541666667,4.04,29,Yes
slut,23,4.652173913,3.19,28,Yes
smock,32,5.08,4.78,31,No
smooch,21,4.32,4.21,27,Yes
smoothie,26,6.041666667,4.62,27,Yes
smuggler,28,4.481481481,4.31,30,No
snack,27,6.142857143,4.36,25,Yes
snail,40,4.52173913,4.93,37,No
sneaker,40,6.48,4.69,35,No
snorkel,22,4.814814815,4.56,24,Yes
snot,32,5.32,4.48,32,No
snow,31,5.538461538,4.85,27,Yes
snowball,32,5.5,4.93,32,No
snowdrift,34,4.304347826,4.78,29,Yes
snowfall,40,4.347826087,4.66,35,No
snowflake,29,5,4.76,30,No
snowman,26,4.916666667,4.64,26,Yes
snowshoe,33,5.541666667,4.67,26,Yes
soap,28,6.434782609,4.93,35,No
soccer,46,4.64,4.76,32,No
sock,33,5.833333333,4.91,30,No
socket,22,5.24,4.32,25,Yes
soda,23,6.47826087,4.97,24,Yes
sofa,29,6.608695652,4.9,32,No
softball,29,5.75,4.89,33,No
soil,32,5.703703704,4.87,36,No
soldier,33,4.56,4.72,26,Yes
soles,27,4.913043478,4.17,34,No
sombrero,28,5.518518519,4.7,30,No
someone,77,4.625,3.71,35,No
son,42,5.875,4.14,27,Yes
songbook,40,5.76,4.63,36,No
souffle,34,5.571428571,4.57,29,Yes
soup,38,5.576923077,4.72,25,Yes
sourdough,24,5.12,4.66,34,No
southerner,40,5.045454545,3.67,31,No
soy,23,4.785714286,4.7,25,Yes
soybean,16,5.2,4.82,25,Yes
spacesuit,26,4.814814815,4.96,28,Yes
spade,20,4.4,4.46,29,Yes
spareribs,23,4.869565217,4.76,30,No
spatula,28,5.708333333,4.96,36,No
speakers,25,4.92,4.93,25,Yes
spear,53,5.208333333,5,39,No
spectacles,25,5.28,4.56,25,Yes
spectroscope,18,4.9,4,25,Yes
speedboat,38,5.434782609,4.87,31,No
spices,32,5.391304348,4.66,54,No
spider,28,5.32,4.97,25,Yes
spike,41,4.615384615,4.52,29,Yes
spinach,42,4.96,4.77,29,Yes
spine,37,4.8,4.88,28,Yes
spit,37,4.391304348,4.71,33,No
splint,28,4.958333333,4.69,26,Yes
splinter,28,4.652173913,4.41,27,Yes
spokesman,34,4.375,4.11,27,Yes
sponge,25,6.5,5,24,Yes
spool,30,4.52173913,4.62,29,Yes
spoon,50,6.115384615,4.96,34,No
sportswoman,40,4.68,4.32,27,Yes
sportswriter,47,4.32,3.93,33,No
spout,30,5,4.67,26,Yes
sprayer,26,4.96,4.62,27,Yes
spreader,24,4.375,3.72,29,Yes
sprinkler,33,4.962962963,4.89,31,No
sprinter,29,4.565217391,4.13,36,No
spyglass,36,5.64,4.79,29,Yes
squash,44,5.409090909,4.7,27,Yes
squeegee,23,5.875,4.75,25,Yes
squirrel,34,4.346153846,4.89,31,No
stableman,30,4.375,4.73,28,Yes
staff,47,4.928571429,4.36,31,No
stage,34,4.875,4.64,27,Yes
stagecoach,33,4.538461538,4.93,29,Yes
staircase,30,5.695652174,4.66,31,No
stairs,24,5.88,5,52,No
stairwell,32,5.038461538,4.85,37,No
stake,41,4.36,4.21,34,No
stall,35,4.625,4.37,33,No
stallion,53,4.88,4.72,37,No
stamp,35,5.304347826,4.7,34,No
staple,38,5.32,4.34,31,No
stapler,27,6.458333333,4.62,32,No
starch,21,4.416666667,4.29,28,Yes
stationary,34,4.727272727,3.95,45,No
statue,62,4.777777778,4.93,33,No
statuette,33,4.739130435,4.54,25,Yes
steak,38,5.75,4.96,29,Yes
steamboat,43,4.541666667,4.9,32,No
steel,27,4.884615385,4.87,25,Yes
steelworker,26,4.44,4.44,33,No
stem,26,4.666666667,4.63,28,Yes
stencil,21,5.583333333,4.83,25,Yes
step,28,5.2,4.54,31,No
stepbrother,39,4.88,4.67,28,Yes
stepchild,39,5.04,4.33,33,No
stepdaughter,38,4.72,4.07,35,No
stepfather,49,5.16,4,29,Yes
stepladder,36,6.130434783,4.67,33,No
stepson,36,5.304347826,3.68,28,Yes
stereo,45,5.68,4.63,40,No
steroids,34,4.52,4.52,28,Yes
stethoscope,25,5.8,4.86,35,No
stewardess,36,5.12,4.31,27,Yes
stick,46,6.16,4.59,33,No
stilt,19,4.652173913,4.5,27,Yes
stirrer,26,4.615384615,3.83,31,No
stirrup,32,4.958333333,4.9,31,No
stitching,30,4.444444444,4.48,26,Yes
stockbroker,47,4.851851852,4.32,31,No
stocking,34,5.6,4.86,28,Yes
stockings,39,5.84,4.62,35,No
stomach,28,4.44,4.89,27,Yes
stomp,33,4.321428571,4.41,28,Yes
stone,50,5.875,4.72,36,No
stoneware,38,5.434782609,4.66,25,Yes
stool,34,6.076923077,4.9,26,Yes
stoop,21,4.5,4.63,29,Yes
stopwatch,46,6.041666667,4.92,38,No
store,35,5.739130435,4.5,33,No
storehouse,21,4.5,4.62,26,Yes
storekeeper,34,4.75,4.69,28,Yes
storeroom,23,4.655172414,4.5,33,No
storybook,37,5.703703704,4.92,29,Yes
stove,27,5.75,4.96,33,No
straightedge,37,4.291666667,4.07,31,No
strainer,20,4.875,4.46,32,No
straitjacket,51,5.037037037,4.73,37,No
strap,33,4.923076923,4.79,25,Yes
straw,32,6,4.77,32,No
strawberry,40,6.357142857,5,28,Yes
stream,38,4.678571429,4.5,36,No
street,33,4.708333333,4.75,26,Yes
streetcar,41,4.791666667,4.89,33,No
streets,40,4.769230769,4.77,30,No
streetwalker,33,4.84,4.33,30,No
stretcher,29,5.08,4.56,36,No
string,51,5.626180837,4.76,63,No
stroller,24,6.5,4.96,27,Yes
strongbox,20,4.454545455,4.79,27,Yes
strudel,29,5.666666667,4.12,27,Yes
student,25,5.043478261,4.92,25,Yes
stuff,66,4.391304348,3.13,33,No
submarine,47,4.826086957,4.8,25,Yes
substance,40,4.47826087,3.44,26,Yes
subway,33,5,4.86,36,No
suds,22,4.652173913,4.59,28,Yes
suede,28,5,4.24,27,Yes
sugar,35,6.173913043,4.87,29,Yes
sugarcane,29,5.043478261,4.89,27,Yes
suit,40,6.52173913,4.97,28,Yes
suitcase,43,6.08,4.97,38,No
summerhouse,31,5,4.54,35,No
sundae,32,5.96,4.59,28,Yes
sundeck,47,4.5,4.61,28,Yes
sunflower,37,5.333333333,4.8,28,Yes
sunglasses,30,6.458333333,4.83,25,Yes
sunroof,38,4.814814815,4.68,25,Yes
supermarket,41,4.869565217,4.57,28,Yes
supervisor,49,4.269230769,4.26,29,Yes
supper,25,5.2,4.63,29,Yes
surfboard,30,5.916666667,4.57,30,No
surgeon,49,5,4.54,31,No
surveyor,33,4.47826087,3.85,30,No
sushi,38,5.708333333,4.96,39,No
suspenders,27,5.24,4.68,72,No
suture,29,4.652173913,4.15,30,No
swab,18,4.76,4.34,28,Yes
swamp,28,4.52173913,4.96,34,No
swan,30,4.208333333,4.96,27,Yes
sweatband,42,6.041666667,4.37,28,Yes
sweater,32,6.592592593,4.78,29,Yes
sweatshirt,36,6.6,4.93,27,Yes
sweetener,22,5.2,4.48,33,No
swimsuit,31,6.08,4.78,28,Yes
swing,30,5.36,4.54,31,No
switchblade,34,5.869565217,5,29,Yes
switchboard,21,4.777777778,4.61,27,Yes
sword,44,5.461538462,4.93,35,No
syringe,34,5.535714286,4.81,51,No
syrup,28,5.16,4.76,36,No
tabasco,27,5.260869565,4.59,32,No
table,36,6.4,4.9,26,Yes
tablecloth,33,5.347826087,4.85,27,Yes
tablespoon,34,5.142857143,5,28,Yes
tablet,48,6.517241379,4.82,26,Yes
tableware,30,6.083333333,4.65,27,Yes
tabloid,42,4.52173913,4.07,28,Yes
taco,31,NA,4.93,26,Yes
taffy,44,4.6,4.79,36,No
tag,32,4.72,4.25,27,Yes
tailcoat,27,5.47826087,4.67,27,Yes
taillight,19,5,4.86,28,Yes
tailor,34,5.130434783,4.67,31,No
talisman,30,4.708333333,4.15,31,No
tambourine,49,5.916666667,4.86,33,No
tampon,30,6.208333333,4.86,36,No
tangerine,41,5.772727273,4.81,28,Yes
tank,61,4.608695652,4.8,36,No
tape,32,5.833333333,4.9,34,No
tapestry,32,4.565217391,4.52,27,Yes
tapioca,27,4.454545455,4.64,31,No
tar,43,4.37037037,4.78,33,No
tartar,21,4.48,4.4,29,Yes
tattoo,47,4.730769231,4.71,35,No
tavern,31,4.36,4.78,27,Yes
taxi,40,5.464285714,4.93,36,No
taxpayer,24,4.583333333,4.14,31,No
tea,37,6.153846154,4.69,27,Yes
teabag,31,6.32,4.82,30,No
teacher,31,5.416666667,4.52,28,Yes
teacup,29,6.347826087,4.92,27,Yes
teahouse,25,4.347826087,4.57,26,Yes
teakettle,28,6.125,4.97,27,Yes
teakwood,29,5.136363636,4.62,27,Yes
teammate,39,5.074074074,4.15,24,Yes
teapot,22,6.2,4.96,29,Yes
tear,22,4.44,4.56,29,Yes
teardrop,30,4.695652174,4.56,32,No
tearoom,40,4.458333333,4.58,27,Yes
teaspoon,24,4.76,4.76,29,Yes
teaspoonful,27,4.4,4.27,37,No
technician,30,4.56,4.1,27,Yes
teenager,48,5.08,4.34,32,No
teeth,29,6.275862069,4.96,33,No
telescope,28,5.916666667,5,32,No
television,34,5.6,4.83,26,Yes
temple,36,4.84,4.53,26,Yes
tenant,28,4.8,4.55,30,No
tenderloin,39,4.962962963,4.39,29,Yes
tent,33,5.5,4.96,33,No
tepee,45,4.916666667,4.85,36,No
termite,30,4.32,4.7,36,No
terrace,39,4.454545455,4.67,26,Yes
terrier,45,5.416666667,4.62,34,No
terrycloth,23,4.692307692,4.55,32,No
testes,32,5.083333333,4.54,28,Yes
testicle,26,6.24,4.59,25,Yes
textile,38,4.964285714,4.23,26,Yes
theatergoer,32,5,3.92,31,No
theologian,18,4.47826087,3.76,31,No
therapist,42,5.148148148,4.52,27,Yes
thermometer,24,5.56,4.96,27,Yes
thermos,31,5.518518519,4.67,25,Yes
thermostat,27,5.074074074,4.87,24,Yes
thesaurus,21,5.363636364,4.79,26,Yes
thigh,36,5.76,4.9,31,No
thimble,22,5.347826087,5,28,Yes
thong,36,6.47826087,4.93,33,No
thorn,28,4.925925926,5,28,Yes
thread,31,4.76,4.83,30,No
throat,44,5.347826087,4.97,37,No
throne,16,5.217391304,4.64,28,Yes
thumb,49,6.357142857,4.96,32,No
thumbnail,39,4.88,4.5,27,Yes
thumbscrew,37,5.173913043,4.32,28,Yes
thumbtack,23,5.956521739,4.96,26,Yes
thyme,32,4.958333333,4.96,28,Yes
ticket,41,5.333333333,4.7,33,No
tickler,22,4.76,3.76,25,Yes
tie,34,6.260869565,4.81,34,No
tightrope,38,4.590909091,4.78,36,No
tights,34,5.956521739,4.62,34,No
tile,35,4.76,4.68,30,No
tiller,53,4.541666667,4.26,37,No
timber,33,4.695652174,4.9,30,No
timepiece,33,5.375,4.36,25,Yes
tin,30,4.727272727,4.87,34,No
tinderbox,30,4.958333333,4.79,24,Yes
tinfoil,35,5.458333333,4.96,36,No
tinplate,31,4.869565217,4,34,No
tinsel,12,4.777777778,4.82,27,Yes
tire,29,5.291666667,5,24,Yes
tissue,17,5.72,4.93,26,Yes
toast,31,6.2,4.93,29,Yes
toaster,24,6.04,4.9,25,Yes
toastmaster,24,4.652173913,3.88,28,Yes
tobacco,27,5.666666667,4.88,38,No
toboggan,31,5.68,4.76,33,No
toddler,58,5.875,4.29,35,No
toe,41,5.954545455,4.93,28,Yes
toffee,39,5.608695652,4.89,40,No
tofu,35,5.555555556,4.86,33,No
toga,41,4.52173913,4.73,27,Yes
toilet,31,6.368918919,4.97,35,No
toiletry,31,5.222222222,4.52,29,Yes
token,40,5.2,4.3,29,Yes
tomahawk,31,4.958333333,4.83,28,Yes
tomato,41,6.125,5,26,Yes
tomb,45,4.739130435,4.73,39,No
tombstone,46,5.043478261,4.71,33,No
tongs,28,5.826086957,5,55,No
tongue,46,5.928571429,4.93,38,No
tonic,34,5.086956522,4.1,37,No
tool,27,6.304347826,4.6,25,Yes
tooth,52,6.037037037,4.89,37,No
toothbrush,24,6.72,5,28,Yes
toothpaste,23,5.76,4.97,27,Yes
toothpick,26,6.375,4.93,25,Yes
topsoil,31,4.92,4.85,29,Yes
torch,25,4.851851852,4.76,27,Yes
torchlight,32,4.64,4.28,31,No
torso,38,5.64,4.83,27,Yes
tortilla,48,6.037037037,4.89,36,No
tortoise,48,4.541666667,4.87,36,No
tote,31,4.28,4.38,38,No
toupee,24,6.217391304,4.65,27,Yes
tourist,42,5,4.59,26,Yes
tourniquet,21,4.956521739,4.5,27,Yes
towel,31,6.04,4.86,24,Yes
tower,44,4.307692308,4.76,36,No
townsfolk,38,4.583333333,3.82,59,No
toy,38,6.08,4.93,29,Yes
track,32,4.916666667,4.31,27,Yes
tracksuit,38,5.653846154,4.73,33,No
tractor,30,5.590909091,5,27,Yes
tradesman,31,4.84,4.07,27,Yes
trailer,38,5.296296296,4.79,27,Yes
train,37,5.333333333,4.79,35,No
trainee,31,4.72,3.89,26,Yes
trainer,52,5.357142857,4.31,28,Yes
trampoline,29,5.88,5,26,Yes
tranquilizer,18,4.56,4.55,60,No
trap,37,4.695652174,4.3,27,Yes
trapeze,22,4.958333333,4.55,27,Yes
trash,20,5.136363636,4.7,27,Yes
trashcan,39,5.76,4.86,28,Yes
traveler,49,4.714285714,4.07,68,No
tray,34,5.166666667,4.74,32,No
treadmill,24,6,4.93,30,No
treasure,44,4.666666667,4.32,39,No
treat,33,4.791666667,3.79,27,Yes
tree,55,5.84,5,38,No
trench,32,4.285714286,4.46,31,No
triceps,28,5.52,4.46,29,Yes
tricycle,34,6.173913043,4.68,36,No
trigger,31,5.16,4.31,37,No
trinket,34,4.791666667,4.48,29,Yes
tripod,27,5,4.72,25,Yes
trolley,24,5.416666667,4.73,29,Yes
trombone,46,5.75,4.9,38,No
trophy,34,4.916666667,4.89,25,Yes
trousers,33,6.185185185,4.93,34,No
trout,32,4.76,4.72,27,Yes
truck,29,6.041666667,4.84,55,No
trumpet,35,6.291666667,4.86,34,No
trunk,29,5.217391304,4.71,25,Yes
tub,37,6.086956522,4.64,37,No
tuba,44,5.130434783,4.86,32,No
tube,56,4.916666667,4.82,30,No
tubing,26,4.625,4.38,25,Yes
tugboat,35,4.555555556,4.78,33,No
tulip,32,5.217391304,5,27,Yes
tumbler,28,5.136363636,4.08,27,Yes
tummy,45,5.125,4.68,39,No
tuna,36,4.916666667,4.89,29,Yes
tunic,38,4.76,3.75,27,Yes
turban,24,5.148148148,4.76,31,No
turf,37,4.36,4.1,28,Yes
turkey,43,4.833333333,4.89,25,Yes
turnip,36,6.12,4.79,29,Yes
turntable,28,5.347826087,4.57,29,Yes
turtle,24,4.821428571,5,25,Yes
turtleneck,27,5.375,4.7,29,Yes
tutor,25,4.608695652,4.28,24,Yes
tutu,28,5.413793103,4.68,26,Yes
tuxedo,41,5.259259259,4.86,35,No
tweezer,26,5.272727273,4.89,26,Yes
twig,47,5.28,4.75,37,No
twine,44,5.5,4.03,35,No
typewriter,23,5.592592593,4.88,28,Yes
ukulele,36,5.782608696,4.62,26,Yes
umbrella,37,6.4,5,29,Yes
uncle,38,5.392857143,4.24,32,No
underclothes,22,6,4.66,53,No
undercoat,19,4.772727273,4.5,25,Yes
undershirt,49,5.954545455,5,34,No
underwear,25,6.52173913,4.96,88,No
uniform,33,5.666666667,4.67,27,Yes
upholstery,42,5.461538462,4.65,34,No
urinal,23,5.666666667,4.6,32,No
urn,23,4.791666667,4.61,26,Yes
vaccine,24,4.321428571,4.69,24,Yes
vacuum,25,5.291666667,4.22,27,Yes
vagina,28,6.041666667,4.82,59,No
valet,24,4.625,4.26,31,No
valve,29,4.869565217,4.83,26,Yes
van,43,6.28,4.72,38,No
vanilla,24,4.518518519,4.68,29,Yes
vase,34,5.36,5,39,No
vaseline,43,5.608695652,4.9,27,Yes
veal,34,4.5,4.75,26,Yes
vegetable,47,6.391304348,4.89,32,No
vegetation,34,4.925925926,4.45,27,Yes
vehicle,40,6.173913043,4.64,26,Yes
veil,18,5.727272727,4.45,26,Yes
vein,35,4.44,4.63,34,No
velvet,26,4.916666667,4.44,33,No
vendor,36,5,4.5,38,No
ventilator,29,4.72,4.04,27,Yes
vermicelli,26,5.571428571,4.52,27,Yes
vermouth,28,4.318181818,4.16,27,Yes
vessel,35,4.925925926,4.66,29,Yes
vest,37,6,4.52,33,No
veterinarian,39,5.074074074,4.46,25,Yes
vibrator,26,6.464285714,4.64,25,Yes
videotape,27,5.44,4.92,26,Yes
viewfinder,32,4.916666667,4.44,38,No
village,39,4.44,4.89,38,No
villager,45,4.666666667,4.24,27,Yes
vinaigrette,27,5.363636364,4.52,31,No
vine,33,5,4.86,33,No
vinegar,32,5.291666667,4.89,31,No
vinyl,37,4.6,4.54,31,No
viola,20,4.458333333,4.54,26,Yes
violin,25,6.043478261,4.96,28,Yes
violinist,24,4.47826087,4.84,28,Yes
virgin,27,4.448275862,3.31,34,No
visor,29,5.041666667,4.66,29,Yes
vitamins,33,5.12,4.5,72,No
vocalist,36,4.269230769,4.2,24,Yes
vodka,41,5.56,4.97,38,No
volleyball,37,6.52,4.93,26,Yes
vomit,29,4.666666667,4.75,26,Yes
voter,26,4.75,3.93,24,Yes
vulva,19,5.16,4.5,27,Yes
wafer,41,5.909090909,4.56,38,No
waffle,30,6.173913043,4.71,28,Yes
wagon,25,5.375,4.89,36,No
waist,26,4.888888889,4.72,26,Yes
waistband,18,5.833333333,4.79,29,Yes
waistcoat,35,6.44,4.63,32,No
waiter,37,4.48,4.67,37,No
waitress,31,4.826086957,4.56,26,Yes
walker,41,5.181818182,4.42,36,No
wall,40,4.68,4.86,29,Yes
wallboard,34,4.64,4.5,27,Yes
wallet,33,6.136363636,4.81,35,No
wallpaper,33,4.875,4.62,36,No
walnut,38,5.791666667,4.97,28,Yes
walrus,32,4.875,5,27,Yes
wand,38,5.08,4.73,34,No
warden,44,4.434782609,4.27,35,No
wart,20,4.56,4.89,27,Yes
washbasin,29,5.833333333,4.74,25,Yes
washboard,14,5.208333333,4.86,26,Yes
washbowl,24,5.692307692,4.76,35,No
washcloth,20,6.192307692,4.93,34,No
washer,26,5.518518519,4.7,37,No
washerwoman,21,4.55,3.92,26,Yes
washroom,26,5.037037037,4.76,27,Yes
washstand,20,4.652173913,4.85,31,No
waste,26,4.318181818,3.24,30,No
wastebasket,30,6.217391304,4.63,26,Yes
watch,44,5.269230769,4.61,38,No
watchband,37,5.923076923,5,24,Yes
watchdog,36,4.333333333,4.29,30,No
watchmaker,19,4.56,4.36,37,No
water,36,6.192307692,5,25,Yes
watercress,26,4.782608696,4.31,27,Yes
watermelon,41,5.869565217,4.89,37,No
wax,31,5.291666667,4.97,25,Yes
waxwork,35,4.3,3.96,24,Yes
weapon,52,5.52173913,4.76,62,No
weatherman,28,4.285714286,4.73,24,Yes
web,57,4.375,4.37,34,No
weed,31,5.28,4.9,24,Yes
wench,33,4.956521739,3.86,27,Yes
wheat,31,4.88,4.89,27,Yes
wheel,33,5.458333333,4.86,27,Yes
wheelbarrow,34,5.5,4.79,29,Yes
wheelchair,27,6.132791328,4.93,27,Yes
wheelhouse,29,4.434782609,4.56,27,Yes
whip,33,5,4.68,31,No
whirlpool,25,4.565217391,4.64,25,Yes
whisk,34,6,4.33,29,Yes
whiskers,27,4.625,4.89,59,No
whiskey,31,6.08,4.74,60,No
whistle,24,4.47826087,4.42,30,No
wife,40,6.357142857,4.13,27,Yes
wig,35,5.913043478,4.72,26,Yes
wigmaker,25,4.36,4.11,25,Yes
wildcat,34,4.583333333,4.79,30,No
wildlife,50,4.44,4.26,28,Yes
winch,27,5.045454545,4.4,25,Yes
windbreaker,22,5.307692308,4.12,26,Yes
window,35,5.68,4.86,24,Yes
windowpane,39,5.416666667,4.86,27,Yes
windowsill,26,5.391304348,4.7,31,No
windshield,29,5.708333333,4.86,28,Yes
windsock,30,4.391304348,4.39,27,Yes
wine,34,5.791666667,4.79,32,No
wineglass,27,6.416666667,4.93,28,Yes
wing,35,4.48,4.86,33,No
wingman,22,4.391304348,3.61,29,Yes
wiper,21,5.125,4.56,27,Yes
wiring,37,4.428571429,4.64,33,No
wishbone,36,5.458333333,4.68,28,Yes
wolfhound,40,4.346153846,4.8,28,Yes
woman,58,5.333333333,4.46,36,No
wood,39,5.590909091,4.85,25,Yes
woodblock,50,5.4,4.59,34,No
woodcarver,24,4.625,4.59,25,Yes
woodcraft,34,4.296296296,4.15,31,No
woodcutter,23,4.44,4.54,27,Yes
woodpecker,29,4.833333333,4.93,29,Yes
woodpile,24,5,5,26,Yes
woods,19,4.409090909,4.87,30,No
woodshed,24,5.25,4.68,33,No
woodwind,32,4.96,4.43,28,Yes
woodwork,39,5.12,4.45,33,No
wool,39,5.392857143,4.86,32,No
workbench,42,6.208333333,4.62,27,Yes
workbook,45,5.703703704,4.57,36,No
worker,53,5.086956522,4.59,32,No
workroom,33,4.703703704,4.66,27,Yes
worksheet,32,4.64,4.66,27,Yes
workshop,36,4.4,4.54,27,Yes
worm,46,4.681818182,4.9,36,No
wound,42,4.583333333,4.24,61,No
wrapper,44,5.791666667,4.39,31,No
wreath,22,5.461538462,4.93,27,Yes
wrench,28,6.181818182,4.93,27,Yes
wrestler,34,4.96,4.42,28,Yes
wrist,37,6.291666667,4.93,28,Yes
wristband,35,5.583333333,4.79,28,Yes
wristlet,25,5.428571429,4.38,29,Yes
wristwatch,35,6.5,4.85,27,Yes
xylophone,28,5.821428571,4.75,28,Yes
yacht,49,4.88,4.97,32,No
yachtsman,21,4.291666667,4.35,25,Yes
yam,21,5.259259259,4.93,34,No
yardstick,22,5.956521739,4.69,31,No
yarn,29,6.115384615,4.93,29,Yes
yearbook,40,5.56,4.58,36,No
yoga,34,4.44,4.53,39,No
yogurt,25,6.347826087,4.9,26,Yes
yolk,19,4.875,4.78,25,Yes
you,66,5.52,4.11,26,Yes
yourself,55,5.583333333,4.39,28,Yes
zipper,21,6.08,4.83,28,Yes
zucchini,41,5.923076923,4.87,31,No
