cues,con,type,n_previous,needs_norming
abdomen,4.7,Old,33,No
absinthe,4.3,Old,26,Yes
accessory,4.1,Old,32,No
accordion,4.86,Old,27,Yes
accountant,4.41,Old,28,Yes
acne,4.89,Old,29,Yes
acorn,4.96,Old,38,No
acrobat,4.46,Old,26,Yes
actor,4.57,Old,28,Yes
actress,4.54,Old,32,No
acupuncture,3.83,Old,35,No
adapter,3.82,Old,30,No
addict,3.14,Old,31,No
adult,4.4,Old,28,Yes
advisor,4.15,Old,35,No
afro,4.52,Old,30,No
aftershave,4.56,Old,28,Yes
aircraft,4.4,Old,26,Yes
airman,4.25,Old,28,Yes
airplane,4.96,Old,28,Yes
album,4.69,Old,35,No
alcohol,4.76,Old,28,Yes
ale,4.65,Old,27,Yes
alfalfa,4.69,Old,27,Yes
algae,4.93,Old,30,No
almond,4.71,Old,31,No
altar,4.85,Old,27,Yes
altarpiece,4.54,Old,28,Yes
aluminum,4.88,Old,30,No
ambulance,4.81,Old,27,Yes
ammunition,4.88,Old,51,No
amphibian,3.77,Old,32,No
amulet,4,Old,33,No
anchor,4.77,Old,25,Yes
anchovy,4.96,Old,26,Yes
animal,4.61,Old,38,No
ankle,4.81,Old,25,Yes
anklet,4.75,Old,38,No
announcer,4.52,Old,25,Yes
ant,4.86,Old,29,Yes
antenna,4.75,Old,36,No
antennae,4.85,Old,29,Yes
antibiotics,4.45,Old,30,No
antihistamine,3.68,Old,34,No
antique,3.75,Old,58,No
antiseptics,3.96,Old,31,No
anus,4.86,Old,34,No
apartment,4.9,Old,65,No
apparatus,3.78,Old,35,No
apparel,4.6,Old,30,No
appendage,4.26,Old,28,Yes
appetizer,4.71,Old,27,Yes
apple,5,Old,28,Yes
appliance,4.57,Old,37,No
applicator,4.26,Old,26,Yes
appraiser,3.62,Old,33,No
apprentice,3.67,Old,33,No
apricot,4.97,Old,37,No
apron,4.87,Old,38,No
aquarium,4.77,Old,28,Yes
arachnid,4.65,Old,30,No
archives,3.93,Old,26,Yes
arm,4.96,Old,35,No
armband,4.67,Old,30,No
armoire,4.52,Old,27,Yes
armor,4.76,Old,30,No
armpit,4.8,Old,26,Yes
arrow,4.97,Old,29,Yes
arrowhead,4.7,Old,26,Yes
artichoke,4.63,Old,27,Yes
artifact,4.5,Old,35,No
artist,4.24,Old,26,Yes
ash,4.96,Old,69,No
ashcan,4.78,Old,31,No
ashtray,4.97,Old,32,No
asparagus,4.96,Old,28,Yes
ass,4.67,Old,32,No
assassin,4.43,Old,27,Yes
assemblyman,3.74,Old,29,Yes
asshole,4.08,Old,33,No
astronaut,4.75,Old,29,Yes
athlete,4.3,Old,25,Yes
atlas,4.79,Old,26,Yes
attendant,4.44,Old,25,Yes
attire,4.47,Old,29,Yes
attorney,4.52,Old,32,No
auditorium,4.7,Old,31,No
aunt,4.17,Old,33,No
author,4.26,Old,30,No
auto,4,Old,34,No
automobile,4.96,Old,26,Yes
automotive,4.19,Old,27,Yes
avocado,4.89,Old,30,No
awning,4.61,Old,28,Yes
axe,5,Old,97,No
axle,4.5,Old,33,No
azalea,4.4,Old,28,Yes
babe,3.67,Old,28,Yes
baby,5,Old,28,Yes
backboard,4.93,Old,29,Yes
backbone,4.19,Old,34,No
backdoor,4.5,Old,26,Yes
backgammon,4.47,Old,28,Yes
backpack,4.96,Old,28,Yes
backscratcher,4.58,Old,26,Yes
bacon,4.9,Old,27,Yes
badge,4.93,Old,30,No
badminton,4.7,Old,26,Yes
bag,4.9,Old,24,Yes
baggage,4.43,Old,30,No
bagpipe,4.97,Old,50,No
bait,4.45,Old,26,Yes
baklava,4.32,Old,29,Yes
balcony,4.68,Old,35,No
ball,5,Old,33,No
ballerina,4.61,Old,28,Yes
balloon,4.92,Old,34,No
balloonist,4.5,Old,27,Yes
ballot,4.73,Old,27,Yes
ballplayer,4.68,Old,28,Yes
balm,3.68,Old,33,No
bamboo,4.86,Old,27,Yes
banana,5,Old,25,Yes
band,4.68,Old,27,Yes
bandage,4.85,Old,29,Yes
bangle,4.38,Old,33,No
banister,4.75,Old,27,Yes
banjo,4.9,Old,29,Yes
bank,4.78,Old,25,Yes
bankbook,4.81,Old,26,Yes
banknote,4.88,Old,29,Yes
banquet,4,Old,30,No
barbecue,4.52,Old,26,Yes
barber,4.59,Old,34,No
barkeep,4.22,Old,25,Yes
barley,4.59,Old,26,Yes
barman,4.46,Old,29,Yes
barn,4.79,Old,27,Yes
barnacle,4.92,Old,28,Yes
barrel,4.86,Old,26,Yes
barrette,4.12,Old,26,Yes
barricade,4.57,Old,35,No
bartender,4.82,Old,39,No
baseball,4.86,Old,35,No
baseboard,4.9,Old,27,Yes
basement,4.89,Old,28,Yes
basil,4.76,Old,27,Yes
basin,4.63,Old,29,Yes
basket,5,Old,27,Yes
basketball,4.97,Old,28,Yes
bass,4.31,Old,36,No
bassinet,4.71,Old,25,Yes
bat,5,Old,39,No
bath,4.85,Old,27,Yes
bathe,4.19,Old,33,No
bathroom,4.52,Old,38,No
bathtub,4.92,Old,28,Yes
baton,4.64,Old,26,Yes
battery,4.67,Old,27,Yes
battleship,4.81,Old,30,No
bayonet,4.77,Old,27,Yes
bazooka,4.66,Old,29,Yes
beach,4.79,Old,27,Yes
beachwear,4.64,Old,27,Yes
bead,4.9,Old,34,No
beagle,4.81,Old,33,No
beaker,4.72,Old,28,Yes
beanstalk,4.7,Old,36,No
beard,4.96,Old,33,No
beautician,4.69,Old,30,No
bed,5,Old,26,Yes
bedclothes,4.63,Old,24,Yes
bedpost,4.79,Old,26,Yes
bedroom,4.9,Old,33,No
bedspread,4.85,Old,39,No
beef,4.74,Old,32,No
beefcake,3.9,Old,34,No
beefsteak,4.76,Old,27,Yes
beer,4.88,Old,37,No
beet,4.8,Old,33,No
beetle,4.83,Old,26,Yes
beggar,4.59,Old,27,Yes
bell,4.96,Old,29,Yes
bellboy,4.39,Old,29,Yes
bellflower,4.26,Old,32,No
bellman,4.89,Old,29,Yes
belly,4.8,Old,32,No
belongings,3.88,Old,29,Yes
belt,4.9,Old,36,No
bench,4.87,Old,29,Yes
beret,4.8,Old,27,Yes
berry,4.93,Old,36,No
beverage,4.6,Old,34,No
bib,4.79,Old,27,Yes
bible,4.61,Old,38,No
bicep,4.67,Old,34,No
bicycle,4.89,Old,25,Yes
bifocals,4.64,Old,52,No
bike,5,Old,29,Yes
bill,4.68,Old,27,Yes
billfold,4.71,Old,31,No
billiards,4.61,Old,31,No
bin,4.72,Old,35,No
binoculars,5,Old,37,No
biologist,3.96,Old,30,No
bird,5,Old,34,No
birdbath,4.96,Old,27,Yes
birdseed,4.96,Old,34,No
birthmark,4.35,Old,28,Yes
biscuit,4.9,Old,31,No
bistro,4.44,Old,26,Yes
blackberry,4.97,Old,34,No
blackboard,4.72,Old,29,Yes
blackhead,4.71,Old,46,No
blade,4.93,Old,38,No
blanket,5,Old,27,Yes
blazer,4.79,Old,33,No
bleach,4.74,Old,28,Yes
bleacher,4.14,Old,36,No
blender,5,Old,27,Yes
blindfold,4.57,Old,33,No
blister,4.71,Old,32,No
block,4.48,Old,32,No
bloke,3.89,Old,25,Yes
blood,4.86,Old,31,No
bloodhound,4.76,Old,36,No
bloomers,4.26,Old,29,Yes
blouse,4.96,Old,32,No
blower,4.07,Old,28,Yes
blowgun,4.83,Old,27,Yes
blowtorch,4.93,Old,27,Yes
blueberry,4.96,Old,29,Yes
bluefish,4.79,Old,27,Yes
blueprint,4.77,Old,25,Yes
boa,4.92,Old,32,No
board,4.57,Old,27,Yes
boardinghouse,4.5,Old,26,Yes
boat,4.93,Old,25,Yes
boathouse,4.78,Old,33,No
boatman,4.73,Old,27,Yes
bobsleigh,4.77,Old,29,Yes
bodice,4.78,Old,26,Yes
body,4.79,Old,28,Yes
bodybuilder,4.43,Old,30,No
bodyguard,4.75,Old,27,Yes
bolt,4.67,Old,33,No
bomb,4.84,Old,28,Yes
bonbon,4.61,Old,29,Yes
bondsman,3.79,Old,29,Yes
bone,4.9,Old,34,No
bong,4.27,Old,29,Yes
bonnet,4.93,Old,27,Yes
book,4.9,Old,31,No
bookbinder,4.93,Old,26,Yes
bookcase,4.93,Old,29,Yes
bookend,4.32,Old,28,Yes
bookkeeper,4.64,Old,28,Yes
booklet,4.72,Old,27,Yes
bookmark,4.9,Old,27,Yes
bookmarker,4.62,Old,29,Yes
bookseller,4.43,Old,28,Yes
bookshelf,4.93,Old,27,Yes
boomerang,4.7,Old,27,Yes
boot,4.96,Old,48,No
booth,4.42,Old,34,No
bootlace,4.54,Old,36,No
booze,4.48,Old,28,Yes
bosom,4.63,Old,30,No
bottle,4.91,Old,28,Yes
boulder,4.67,Old,35,No
bouquet,4.74,Old,36,No
bourbon,4.93,Old,27,Yes
boutique,4.27,Old,26,Yes
bowl,4.87,Old,27,Yes
bowling,4.56,Old,29,Yes
box,4.9,Old,28,Yes
boxer,4.63,Old,27,Yes
boy,4.76,Old,33,No
boyfriend,4.59,Old,37,No
bra,4.54,Old,51,No
brace,3.96,Old,24,Yes
bracelet,4.96,Old,28,Yes
braid,4.38,Old,35,No
branch,4.9,Old,26,Yes
brandy,4.81,Old,26,Yes
brass,4.7,Old,34,No
bratwurst,4.82,Old,28,Yes
bread,4.92,Old,29,Yes
breadbasket,4,Old,31,No
breakfast,4.43,Old,24,Yes
breastbone,4.33,Old,34,No
breastplate,4.67,Old,27,Yes
breasts,5,Old,59,No
breeches,4.07,Old,27,Yes
brick,4.83,Old,30,No
bricklayer,4.42,Old,27,Yes
brickwork,4.48,Old,35,No
bridegroom,4.39,Old,33,No
bridesmaid,4.41,Old,28,Yes
bridge,4.97,Old,27,Yes
briefcase,4.86,Old,28,Yes
briefs,4.33,Old,29,Yes
brisket,4.61,Old,25,Yes
broach,3.74,Old,33,No
broccoli,4.87,Old,38,No
brochure,4.76,Old,30,No
broiler,4.83,Old,28,Yes
broker,4.03,Old,27,Yes
brooch,4.19,Old,26,Yes
broom,4.89,Old,39,No
broomstick,4.8,Old,29,Yes
broth,4.68,Old,36,No
brother,4.43,Old,34,No
brow,4.39,Old,26,Yes
brush,4.54,Old,50,No
bubble,4.6,Old,27,Yes
buck,4.67,Old,26,Yes
bucket,4.96,Old,30,No
buckle,4.71,Old,37,No
buckwheat,4.54,Old,29,Yes
buddy,3.48,Old,31,No
buffalo,4.83,Old,37,No
buffet,4.67,Old,25,Yes
bug,5,Old,36,No
bugle,4.84,Old,30,No
builder,3.97,Old,29,Yes
building,4.64,Old,28,Yes
bulb,4.93,Old,39,No
bulldozer,4.9,Old,28,Yes
bullet,4.83,Old,32,No
bullfighter,4.7,Old,25,Yes
bullfrog,4.9,Old,29,Yes
bully,3.92,Old,37,No
bum,4.21,Old,31,No
bun,4.88,Old,31,No
bunion,4.64,Old,26,Yes
bunk,4.3,Old,27,Yes
bunkhouse,4.37,Old,34,No
bunkmate,4,Old,35,No
bunny,4.97,Old,28,Yes
buoy,4.57,Old,34,No
burger,4.93,Old,27,Yes
burglar,4.44,Old,27,Yes
burlap,4.78,Old,29,Yes
bus,4.9,Old,28,Yes
bush,4.9,Old,27,Yes
businessman,4.47,Old,26,Yes
businesswoman,4.35,Old,34,No
busman,3.91,Old,29,Yes
butcher,4.65,Old,26,Yes
butt,4.75,Old,35,No
butter,4.9,Old,38,No
buttercup,4.71,Old,28,Yes
buttermilk,4.68,Old,36,No
butterscotch,4.58,Old,27,Yes
buttocks,4.83,Old,55,No
button,4.96,Old,28,Yes
buttonhole,4.7,Old,27,Yes
buttonhook,4.04,Old,27,Yes
bystander,4.17,Old,31,No
cab,4.88,Old,31,No
cabbage,4.75,Old,31,No
cabdriver,4.79,Old,29,Yes
cabin,4.92,Old,36,No
cabinet,4.89,Old,35,No
cable,4.74,Old,32,No
cactus,5,Old,53,No
caddy,4.32,Old,25,Yes
cadet,4.21,Old,30,No
cadillac,4.93,Old,30,No
cafe,4.96,Old,26,Yes
cafeteria,4.71,Old,28,Yes
cage,5,Old,30,No
cake,4.81,Old,29,Yes
calculator,4.86,Old,32,No
calender,4.82,Old,29,Yes
calf,4.48,Old,55,No
calipers,4.78,Old,26,Yes
camel,4.93,Old,28,Yes
camera,5,Old,29,Yes
camisole,4.81,Old,27,Yes
can,4.55,Old,27,Yes
candidate,3.81,Old,28,Yes
candle,4.86,Old,32,No
candlestick,4.93,Old,26,Yes
candy,4.83,Old,27,Yes
cane,4.87,Old,32,No
canine,4.71,Old,30,No
cannabis,4.69,Old,26,Yes
cannonball,4.8,Old,27,Yes
canoe,4.86,Old,27,Yes
cantaloupe,4.76,Old,26,Yes
canteen,4.88,Old,37,No
canvas,4.78,Old,65,No
cap,4.59,Old,27,Yes
cape,4.77,Old,54,No
capsule,4.52,Old,28,Yes
captain,4.19,Old,31,No
car,4.89,Old,25,Yes
caramel,4.73,Old,26,Yes
card,4.9,Old,24,Yes
cardboard,4.9,Old,27,Yes
cardigan,4.96,Old,30,No
caretaker,4.24,Old,33,No
carnival,4.68,Old,39,No
carp,4.62,Old,26,Yes
carpenter,4.41,Old,29,Yes
carpet,4.96,Old,63,No
carport,4.79,Old,26,Yes
carriage,4.86,Old,33,No
carrot,5,Old,25,Yes
cart,4.89,Old,35,No
carton,5,Old,25,Yes
cartridge,4.78,Old,29,Yes
case,3.93,Old,33,No
caseworker,4.37,Old,33,No
cash,4.48,Old,25,Yes
cashier,4.89,Old,29,Yes
cashmere,4.72,Old,33,No
casket,4.86,Old,30,No
casserole,4.87,Old,35,No
cassette,4.6,Old,30,No
castle,4.96,Old,29,Yes
cat,4.86,Old,29,Yes
catalogue,4.36,Old,27,Yes
catapult,4.43,Old,29,Yes
caterpillar,4.87,Old,30,No
catfish,4.85,Old,37,No
cathedral,4.86,Old,33,No
catnip,4.68,Old,26,Yes
cattle,4.64,Old,34,No
catwalk,4.15,Old,29,Yes
cauldron,4.61,Old,28,Yes
cauliflower,5,Old,29,Yes
caviar,4.7,Old,35,No
cayenne,4.22,Old,28,Yes
cedar,4.83,Old,32,No
celery,4.8,Old,33,No
cellar,4.68,Old,36,No
cello,4.96,Old,25,Yes
cellophane,4.54,Old,33,No
cement,4.97,Old,27,Yes
cent,4.19,Old,31,No
centipede,4.79,Old,26,Yes
ceramic,4.04,Old,34,No
ceramics,4.62,Old,27,Yes
cereal,4.83,Old,26,Yes
certificate,4.59,Old,35,No
chain,4.55,Old,27,Yes
chair,4.58,Old,39,No
chairman,4.31,Old,32,No
chairperson,4.58,Old,25,Yes
chairwoman,4.41,Old,33,No
chalet,4.36,Old,25,Yes
chalice,4.83,Old,29,Yes
chalk,4.9,Old,27,Yes
chambermaid,4.4,Old,30,No
champagne,4.82,Old,36,No
chapel,4.6,Old,31,No
chaplain,4.33,Old,32,No
charcoal,4.85,Old,28,Yes
chart,4.48,Old,36,No
chauffeur,4.43,Old,25,Yes
checkbook,4.97,Old,35,No
checkerboard,4.96,Old,28,Yes
checklist,4.61,Old,32,No
cheddar,4.46,Old,25,Yes
cheek,4.83,Old,26,Yes
cheekbone,4.71,Old,25,Yes
cheerleader,4.9,Old,28,Yes
cheese,4.7,Old,33,No
cheeseburger,4.93,Old,30,No
cheesecake,4.97,Old,32,No
cheesecloth,4.8,Old,27,Yes
chef,4.3,Old,27,Yes
chemicals,4.14,Old,32,No
cherry,4.62,Old,35,No
chessboard,4.68,Old,32,No
chest,4.93,Old,38,No
chestnut,4.7,Old,27,Yes
chevy,4.48,Old,28,Yes
chick,4.93,Old,34,No
chicken,4.8,Old,26,Yes
chickenfeed,4.78,Old,33,No
chihuahua,4.38,Old,28,Yes
child,4.78,Old,31,No
childbirth,4.04,Old,35,No
children,4.89,Old,29,Yes
chili,4.79,Old,33,No
chimney,5,Old,27,Yes
chimpanzee,4.96,Old,29,Yes
chin,4.89,Old,29,Yes
chinaware,4.82,Old,35,No
chinchilla,4.72,Old,33,No
chip,4.71,Old,26,Yes
chiropractor,4.86,Old,24,Yes
chisel,4.63,Old,25,Yes
chocolate,4.72,Old,26,Yes
chopsticks,5,Old,56,No
choreographer,4.23,Old,28,Yes
chow,4.47,Old,28,Yes
chowder,4.7,Old,26,Yes
chronograph,4.19,Old,24,Yes
chronometer,4.11,Old,29,Yes
chrysanthemum,4.57,Old,29,Yes
cider,4.97,Old,31,No
cigar,4.93,Old,27,Yes
cigarette,4.88,Old,26,Yes
citrus,4.21,Old,33,No
clam,4.89,Old,25,Yes
clamp,4.53,Old,26,Yes
clamshell,4.82,Old,27,Yes
clarinet,4.92,Old,34,No
classmate,4.32,Old,26,Yes
claw,4.83,Old,29,Yes
clay,4.93,Old,30,No
cleat,4.5,Old,30,No
cleavage,4.64,Old,27,Yes
cleavers,4.56,Old,28,Yes
clergy,4.03,Old,25,Yes
clerk,4.28,Old,30,No
client,3.9,Old,31,No
cliff,4.71,Old,32,No
clip,4.37,Old,54,No
clipboard,4.93,Old,26,Yes
clipper,4.3,Old,28,Yes
clitoris,4.93,Old,33,No
cloak,4.71,Old,25,Yes
clock,5,Old,28,Yes
closet,4.83,Old,39,No
cloth,4.9,Old,26,Yes
clothes,4.76,Old,49,No
clothesline,4.86,Old,28,Yes
clothespin,4.41,Old,31,No
clove,4.42,Old,28,Yes
clover,4.69,Old,39,No
cloverleaf,4.86,Old,35,No
club,3.78,Old,36,No
clubhouse,4.61,Old,34,No
coachman,4.12,Old,28,Yes
coal,4.66,Old,33,No
coaster,4.68,Old,29,Yes
coat,4.97,Old,27,Yes
cobblestone,4.79,Old,26,Yes
cobweb,4.92,Old,35,No
cocaine,4.52,Old,32,No
cock,4.79,Old,30,No
cockatoo,4.73,Old,36,No
cocktail,4.4,Old,30,No
cocoa,4.89,Old,33,No
coconut,4.79,Old,28,Yes
cod,4.61,Old,26,Yes
coffee,4.81,Old,28,Yes
coffeepot,4.64,Old,28,Yes
coffin,4.86,Old,28,Yes
coin,4.89,Old,32,No
coke,4.83,Old,36,No
cola,4.79,Old,24,Yes
colander,4.21,Old,25,Yes
coleslaw,4.67,Old,30,No
collar,4.64,Old,34,No
collarbone,4.85,Old,29,Yes
colleague,3.79,Old,27,Yes
collie,4.77,Old,31,No
cologne,4.76,Old,37,No
colt,4.96,Old,27,Yes
comb,5,Old,36,No
comforter,4.7,Old,38,No
comic,4,Old,35,No
committeewoman,4.33,Old,26,Yes
commode,4.54,Old,31,No
companion,3.75,Old,27,Yes
compass,4.66,Old,64,No
compost,4.46,Old,34,No
compressor,4.39,Old,34,No
computer,4.93,Old,27,Yes
concert,4.35,Old,28,Yes
conch,4.52,Old,27,Yes
concrete,4.59,Old,28,Yes
condiment,4.72,Old,38,No
conditioner,4.21,Old,31,No
condom,4.87,Old,36,No
condominium,4.35,Old,29,Yes
conductor,4.26,Old,32,No
cone,4.86,Old,26,Yes
confetti,4.93,Old,36,No
congresswoman,4.48,Old,28,Yes
container,4.85,Old,30,No
contraceptive,3.89,Old,26,Yes
controller,4.33,Old,35,No
cookbook,4.9,Old,30,No
cookhouse,4.62,Old,27,Yes
cookie,5,Old,28,Yes
cooler,4.14,Old,29,Yes
cop,4.3,Old,28,Yes
copier,4.72,Old,33,No
copilot,4.59,Old,28,Yes
copper,4.52,Old,32,No
copybook,4.67,Old,32,No
cord,4.63,Old,31,No
corduroy,4.56,Old,26,Yes
cork,4.86,Old,30,No
corkscrew,4.85,Old,26,Yes
corn,4.96,Old,36,No
cornbread,4.79,Old,35,No
cornfield,4.96,Old,42,No
cornflakes,4.82,Old,29,Yes
cornflower,4.71,Old,27,Yes
cornmeal,4.83,Old,25,Yes
cornstarch,4.56,Old,30,No
corridor,4.72,Old,28,Yes
corsage,4.38,Old,26,Yes
corset,4.48,Old,30,No
corvette,4.76,Old,38,No
cosmetics,4.72,Old,29,Yes
costume,4.57,Old,35,No
costumer,4.04,Old,27,Yes
cottage,4.85,Old,27,Yes
cotton,4.97,Old,31,No
couch,4.71,Old,29,Yes
council,2.73,Old,27,Yes
councilman,4.26,Old,27,Yes
councilwoman,4.59,Old,30,No
counselor,4.24,Old,26,Yes
countrywoman,4.25,Old,28,Yes
coupon,4.79,Old,27,Yes
courtyard,4.57,Old,27,Yes
cousin,3.7,Old,30,No
coverall,4.36,Old,33,No
cow,4.96,Old,38,No
cowhide,4.76,Old,28,Yes
cowskin,4.81,Old,31,No
crab,4.9,Old,27,Yes
crabgrass,4.52,Old,25,Yes
cracker,4.96,Old,64,No
cradle,4.93,Old,39,No
craftsman,4,Old,33,No
cranberry,4.96,Old,25,Yes
crane,4.68,Old,26,Yes
crap,3.67,Old,32,No
crate,4.93,Old,28,Yes
crawfish,5,Old,33,No
crayfish,4.93,Old,26,Yes
crayon,4.87,Old,34,No
cream,4.83,Old,38,No
creamer,4.66,Old,37,No
creature,4.07,Old,28,Yes
creek,4.87,Old,28,Yes
crepe,4.5,Old,34,No
crewman,4.39,Old,26,Yes
crib,4.86,Old,26,Yes
cricket,4.77,Old,27,Yes
crisps,4.04,Old,37,No
critter,4.19,Old,36,No
crocodile,4.83,Old,26,Yes
croissant,4.96,Old,30,No
crop,4.24,Old,27,Yes
croquet,4.59,Old,33,No
croquette,4.24,Old,26,Yes
cross,4.44,Old,35,No
crossbar,4.57,Old,35,No
crossbow,4.77,Old,26,Yes
crosswalk,4.62,Old,32,No
crossword,4.48,Old,34,No
crotch,4.77,Old,31,No
crouton,4.9,Old,28,Yes
crowbar,4.87,Old,34,No
crown,4.81,Old,30,No
crucifix,4.45,Old,32,No
cruiser,3.78,Old,29,Yes
crumb,4.8,Old,33,No
crumpet,4.81,Old,32,No
crust,4.59,Old,37,No
crutch,4.5,Old,30,No
crypt,4.75,Old,31,No
crystal,4.58,Old,35,No
cube,4.62,Old,31,No
cubical,4.21,Old,31,No
cucumber,4.83,Old,25,Yes
cuff,4.61,Old,25,Yes
cuisine,3.7,Old,35,No
cup,5,Old,27,Yes
cupboard,4.79,Old,27,Yes
curb,4.68,Old,33,No
curd,4.19,Old,28,Yes
curler,4.13,Old,31,No
curry,4.84,Old,26,Yes
curtain,4.82,Old,35,No
cushion,4.68,Old,34,No
custard,4.85,Old,29,Yes
custodian,4.64,Old,26,Yes
customer,3.82,Old,27,Yes
cuticle,4.94,Old,33,No
cutlery,4.75,Old,28,Yes
cutlet,4.52,Old,28,Yes
cuttlefish,4.23,Old,28,Yes
cymbal,4.92,Old,31,No
cymbals,4.88,Old,28,Yes
dachshund,4.67,Old,27,Yes
dad,4.29,Old,55,No
daffodil,4.96,Old,26,Yes
dagger,4.96,Old,58,No
daiquiri,4.62,Old,34,No
dairy,4.45,Old,36,No
daisy,5,Old,34,No
damsel,3.88,Old,31,No
dance,4.32,Old,37,No
dancer,4.75,Old,32,No
dandelion,5,Old,26,Yes
dandruff,4.79,Old,34,No
darkroom,4.45,Old,32,No
dart,4.9,Old,37,No
dartboard,4.75,Old,32,No
daughter,4.79,Old,39,No
daybed,4.41,Old,27,Yes
debris,4.69,Old,32,No
deck,4.77,Old,27,Yes
decor,3.77,Old,33,No
deer,4.86,Old,25,Yes
deerskin,4.9,Old,37,No
defendant,3.8,Old,31,No
delicatessen,4.28,Old,28,Yes
deliverer,3.72,Old,31,No
deliveryman,4.23,Old,27,Yes
democrat,3.96,Old,28,Yes
den,4.57,Old,24,Yes
denim,4.77,Old,63,No
dentist,4.93,Old,34,No
deodorant,5,Old,25,Yes
dermatologist,4.21,Old,29,Yes
derriere,4.65,Old,28,Yes
desert,4.86,Old,34,No
desk,4.87,Old,27,Yes
dessert,4.93,Old,36,No
detergent,4.77,Old,32,No
detonator,4.76,Old,25,Yes
device,3.97,Old,36,No
diagram,4.36,Old,27,Yes
diamond,4.89,Old,26,Yes
diaper,4.82,Old,30,No
diaphragm,3.93,Old,27,Yes
dice,4.86,Old,30,No
dictionary,4.62,Old,28,Yes
dietician,4.14,Old,34,No
dildo,4.7,Old,32,No
dime,4.85,Old,35,No
diner,4.82,Old,35,No
dinner,4.5,Old,31,No
dinnerware,4.79,Old,29,Yes
dip,4.22,Old,28,Yes
diploma,4.93,Old,31,No
dipper,4.21,Old,27,Yes
dipstick,3.81,Old,30,No
dirt,4.86,Old,37,No
dish,4.9,Old,28,Yes
dishwasher,4.86,Old,29,Yes
dishwater,4.61,Old,25,Yes
dispenser,3.84,Old,28,Yes
dividers,4.29,Old,25,Yes
divorcee,3.8,Old,33,No
dock,4.64,Old,37,No
doctor,4.69,Old,30,No
document,4.41,Old,29,Yes
dog,4.85,Old,31,No
dogcatcher,4.35,Old,36,No
doghouse,4.79,Old,32,No
doll,5,Old,33,No
dollar,4.93,Old,36,No
dollhouse,4.86,Old,27,Yes
dolphin,4.96,Old,27,Yes
dominoes,4.66,Old,49,No
donkey,5,Old,26,Yes
donut,4.93,Old,37,No
door,4.81,Old,29,Yes
doorbell,4.82,Old,35,No
doorframe,4.79,Old,27,Yes
doorknob,4.97,Old,26,Yes
doorknocker,4.7,Old,33,No
doorman,4.79,Old,27,Yes
doornail,4.9,Old,26,Yes
doorstep,5,Old,32,No
doorstop,4.82,Old,27,Yes
dorm,4.41,Old,29,Yes
dormitory,4.64,Old,28,Yes
douche,4.13,Old,28,Yes
dough,4.79,Old,30,No
doughnut,4.96,Old,27,Yes
dove,4.88,Old,27,Yes
drain,4.61,Old,34,No
drainpipe,4.86,Old,37,No
drapery,4.32,Old,25,Yes
drawers,4.96,Old,35,No
drawing,4.6,Old,32,No
drawstring,4.74,Old,25,Yes
dress,4.93,Old,25,Yes
dresser,4.96,Old,25,Yes
dressing,4.03,Old,38,No
dressmaker,4.64,Old,27,Yes
driftwood,4.88,Old,29,Yes
drill,4.4,Old,26,Yes
drink,4.76,Old,25,Yes
driver,4.71,Old,28,Yes
drone,3.93,Old,26,Yes
drug,4.48,Old,31,No
drugstore,4.82,Old,31,No
drum,4.96,Old,27,Yes
drumstick,4.96,Old,31,No
dryer,4.79,Old,30,No
drywall,4.7,Old,34,No
duck,4.86,Old,30,No
duckling,4.93,Old,27,Yes
duckweed,4.29,Old,26,Yes
ductwork,4.81,Old,26,Yes
dude,3.93,Old,37,No
duffel,4.12,Old,28,Yes
dumbbell,4.69,Old,34,No
dumbwaiter,4.55,Old,26,Yes
dumpling,4.65,Old,25,Yes
dust,4.4,Old,29,Yes
dustbin,4.54,Old,29,Yes
duster,4.64,Old,27,Yes
dwarf,4.45,Old,28,Yes
dwelling,4.14,Old,28,Yes
dye,4.58,Old,33,No
dynamite,4.68,Old,33,No
ear,5,Old,30,No
earmuff,4.85,Old,26,Yes
earphone,4.74,Old,33,No
earpiece,4.79,Old,39,No
earplug,4.82,Old,33,No
earplugs,4.9,Old,29,Yes
earring,4.96,Old,30,No
earth,4.8,Old,30,No
earthworm,4.89,Old,25,Yes
earwax,4.87,Old,30,No
easel,4.97,Old,31,No
eclair,4.75,Old,27,Yes
ecologist,3.68,Old,27,Yes
edibles,3.86,Old,35,No
editor,4.25,Old,28,Yes
educator,4,Old,26,Yes
eel,4.69,Old,32,No
egg,4.97,Old,30,No
eggbeater,4.89,Old,33,No
eggplant,4.97,Old,28,Yes
eggshell,4.77,Old,35,No
elbow,5,Old,31,No
electrician,4.21,Old,25,Yes
electrocardiogram,4.16,Old,33,No
electronics,4.37,Old,35,No
elephant,5,Old,43,No
elevator,4.79,Old,27,Yes
employee,4.1,Old,26,Yes
employer,3.81,Old,26,Yes
enamel,4.21,Old,29,Yes
encyclopedia,4.79,Old,38,No
enemy,2.83,Old,29,Yes
engine,4.86,Old,33,No
engineer,4.64,Old,28,Yes
entertainer,4.17,Old,27,Yes
entomologist,3.88,Old,26,Yes
entree,4.28,Old,30,No
envelope,4.93,Old,37,No
environment,3.74,Old,38,No
environmentalist,3.72,Old,27,Yes
epidermis,4.69,Old,37,No
equipment,4.83,Old,28,Yes
eraser,4.74,Old,36,No
erection,4.22,Old,31,No
escalator,5,Old,28,Yes
espresso,4.41,Old,29,Yes
essay,3.97,Old,27,Yes
evergreen,4,Old,31,No
examiner,3.57,Old,26,Yes
excavator,4.07,Old,26,Yes
executioner,4.17,Old,27,Yes
extinguisher,4.7,Old,37,No
eye,4.9,Old,31,No
eyeball,4.92,Old,29,Yes
eyebath,3.79,Old,30,No
eyedrop,4.81,Old,34,No
eyeglass,4.7,Old,24,Yes
eyeglasses,4.92,Old,29,Yes
eyelash,5,Old,35,No
eyelid,5,Old,33,No
eyepiece,4.74,Old,33,No
eyewash,4.7,Old,27,Yes
fabric,4.63,Old,33,No
face,4.87,Old,27,Yes
factory,4.76,Old,35,No
fairground,4.7,Old,33,No
family,4.23,Old,36,No
fan,4.71,Old,35,No
farm,4.59,Old,30,No
farmer,4.54,Old,26,Yes
farmhand,4.52,Old,34,No
farmhouse,4.74,Old,25,Yes
fastener,4.1,Old,28,Yes
father,4.52,Old,38,No
faucet,4.48,Old,28,Yes
fauna,3.96,Old,35,No
fawn,4.3,Old,26,Yes
feast,4.3,Old,32,No
feather,4.9,Old,27,Yes
featherbed,4.69,Old,27,Yes
fedora,4.5,Old,37,No
feline,4.38,Old,27,Yes
female,4.57,Old,29,Yes
femur,4.88,Old,29,Yes
fence,4.82,Old,41,No
fern,5,Old,32,No
ferret,4.97,Old,29,Yes
ferryboat,4.77,Old,25,Yes
fertilizer,4.76,Old,28,Yes
festival,4.33,Old,30,No
fiancee,3.86,Old,27,Yes
fiddle,4.81,Old,35,No
fig,4.97,Old,27,Yes
figurine,4.86,Old,33,No
file,4.41,Old,25,Yes
fillet,4.75,Old,29,Yes
film,4.71,Old,34,No
finger,5,Old,34,No
fingerboard,4.35,Old,27,Yes
fingernail,4.93,Old,27,Yes
fingerprint,4.96,Old,35,No
fingertip,4.93,Old,26,Yes
fir,4.58,Old,29,Yes
firearm,4.64,Old,32,No
firecracker,4.68,Old,26,Yes
fireplace,4.68,Old,31,No
firewood,4.93,Old,31,No
firstborn,4.04,Old,35,No
fish,5,Old,30,No
fishbone,4.57,Old,30,No
fisherman,4.73,Old,34,No
fishpond,4.71,Old,30,No
fist,4.93,Old,24,Yes
fixture,4.17,Old,30,No
flag,4.79,Old,29,Yes
flagpole,4.86,Old,37,No
flamethrower,4.57,Old,25,Yes
flannel,4.43,Old,57,No
flapjack,4.89,Old,30,No
flashbulb,4.75,Old,31,No
flashlight,5,Old,38,No
flask,4.79,Old,33,No
flatiron,4.24,Old,34,No
flaxseed,4.46,Old,27,Yes
fleece,4.75,Old,33,No
flesh,4.59,Old,33,No
floor,4.8,Old,29,Yes
floorboard,4.89,Old,35,No
flooring,4.43,Old,32,No
florist,4.62,Old,26,Yes
floss,4.41,Old,26,Yes
flounder,3.92,Old,29,Yes
flour,4.97,Old,28,Yes
flower,5,Old,39,No
flowerbed,4.71,Old,34,No
flowerpot,4.81,Old,37,No
fluid,4.73,Old,38,No
flute,5,Old,36,No
flycatcher,4.61,Old,25,Yes
flypaper,4.77,Old,25,Yes
flyswatter,5,Old,27,Yes
foghorn,4.96,Old,35,No
folder,4.93,Old,35,No
foliage,4.67,Old,29,Yes
fondue,4.79,Old,36,No
food,4.8,Old,35,No
foodstuff,4,Old,26,Yes
foot,4.9,Old,25,Yes
football,4.73,Old,27,Yes
footballer,4.52,Old,32,No
footbath,4.46,Old,33,No
footboard,4.77,Old,27,Yes
footbridge,4.81,Old,28,Yes
footpad,4.37,Old,28,Yes
footpath,4.79,Old,26,Yes
footplate,4.58,Old,32,No
footstool,4.96,Old,37,No
footwear,4.66,Old,26,Yes
forceps,4.79,Old,32,No
ford,4.19,Old,26,Yes
forearm,4.69,Old,27,Yes
forefinger,4.64,Old,27,Yes
forehead,4.9,Old,32,No
forest,4.76,Old,24,Yes
fork,4.9,Old,27,Yes
forklift,4.79,Old,40,No
fossil,4.9,Old,38,No
fountain,4.77,Old,36,No
fountainhead,3.87,Old,30,No
foxhound,4.48,Old,34,No
frame,4.3,Old,28,Yes
frankfurter,4.88,Old,25,Yes
freezer,4.87,Old,25,Yes
fridge,4.92,Old,37,No
friend,3.07,Old,28,Yes
frog,5,Old,28,Yes
frosting,4.86,Old,27,Yes
fruit,4.81,Old,30,No
fruitcake,4.62,Old,26,Yes
fryer,4.5,Old,28,Yes
fudge,4.89,Old,25,Yes
fungus,4.59,Old,33,No
funnel,4.52,Old,34,No
furnace,4.69,Old,35,No
furnishings,4.31,Old,26,Yes
furniture,4.89,Old,25,Yes
gadget,4.6,Old,28,Yes
gambler,4.03,Old,33,No
game,4.5,Old,38,No
gangster,3.93,Old,27,Yes
garage,4.96,Old,31,No
garb,4.19,Old,25,Yes
garbage,4.69,Old,28,Yes
garden,4.73,Old,36,No
gardener,4.5,Old,36,No
garland,4.85,Old,28,Yes
garlic,4.89,Old,27,Yes
garment,4.78,Old,26,Yes
garnets,4.12,Old,26,Yes
gasket,4.44,Old,26,Yes
gate,4.96,Old,36,No
gatehouse,4.48,Old,31,No
gatekeeper,4.21,Old,27,Yes
gauze,4.62,Old,34,No
gavel,4.88,Old,29,Yes
gazebo,4.79,Old,29,Yes
gear,4.28,Old,38,No
gearbox,4.72,Old,27,Yes
gem,4.88,Old,35,No
generator,4.23,Old,31,No
genitals,4.96,Old,98,No
gentleman,3.57,Old,27,Yes
geranium,4.76,Old,28,Yes
germ,3.89,Old,36,No
giblets,4.58,Old,30,No
gift,4.56,Old,36,No
gin,4.46,Old,27,Yes
ginger,4.92,Old,32,No
gingerbread,4.88,Old,30,No
gingersnap,4.76,Old,27,Yes
girdle,4.63,Old,25,Yes
girl,4.85,Old,25,Yes
girlfriend,4.25,Old,30,No
glass,4.82,Old,30,No
glassblower,4.33,Old,33,No
glasses,4.9,Old,24,Yes
glassware,4.59,Old,37,No
glider,4.32,Old,28,Yes
glitter,4.43,Old,27,Yes
globe,4.59,Old,27,Yes
glue,4.65,Old,39,No
glycerine,4,Old,27,Yes
goalkeeper,4.5,Old,28,Yes
goalpost,4.96,Old,30,No
goat,5,Old,36,No
goatee,4.89,Old,34,No
goatskin,4.8,Old,33,No
goblet,4.65,Old,28,Yes
goddaughter,3.72,Old,27,Yes
godfather,4.14,Old,27,Yes
godmother,3.72,Old,30,No
godparent,4,Old,29,Yes
goggles,4.93,Old,52,No
gold,4.81,Old,36,No
goldfish,4.79,Old,34,No
goldsmith,4.73,Old,34,No
golf,4.52,Old,26,Yes
golfer,4.71,Old,35,No
gondola,4.92,Old,28,Yes
goose,4.81,Old,27,Yes
gooseberry,4.7,Old,30,No
goulash,4.2,Old,28,Yes
gourd,4.86,Old,29,Yes
gown,4.61,Old,29,Yes
grandchild,4.26,Old,36,No
granddaughter,4.37,Old,29,Yes
grandfather,4.86,Old,26,Yes
grandma,4.54,Old,26,Yes
grandnephew,4.69,Old,25,Yes
grandniece,4.54,Old,33,No
grandpa,4.39,Old,28,Yes
grandparent,4.03,Old,38,No
grandson,4.3,Old,31,No
granite,5,Old,37,No
granny,4.24,Old,36,No
grape,5,Old,29,Yes
grapefruit,4.96,Old,28,Yes
grapevine,4.69,Old,31,No
graphite,4.58,Old,28,Yes
grass,4.93,Old,33,No
grasshopper,4.91,Old,33,No
grater,4.52,Old,28,Yes
grave,4.56,Old,29,Yes
gravel,5,Old,34,No
gravestone,4.72,Old,26,Yes
graveyard,4.83,Old,36,No
gravy,4.97,Old,37,No
grease,4.61,Old,29,Yes
greenery,4.34,Old,38,No
greenhouse,4.76,Old,26,Yes
greens,4.1,Old,29,Yes
grenade,4.9,Old,25,Yes
greyhound,5,Old,28,Yes
griddle,4.38,Old,35,No
grill,4.86,Old,27,Yes
grits,4.74,Old,31,No
groceries,4.74,Old,50,No
groom,4.54,Old,29,Yes
ground,4.77,Old,26,Yes
groundsman,4.19,Old,28,Yes
guard,4.04,Old,27,Yes
guardhouse,4.67,Old,25,Yes
guardrail,5,Old,26,Yes
guardsman,4.64,Old,28,Yes
guest,3.83,Old,29,Yes
guesthouse,4.53,Old,27,Yes
guestroom,4.44,Old,29,Yes
guidebook,4.83,Old,26,Yes
guillotine,4.64,Old,27,Yes
guitar,4.9,Old,33,No
guitarist,4.58,Old,26,Yes
gum,4.89,Old,34,No
gumbo,4.39,Old,26,Yes
gumdrop,4.9,Old,28,Yes
gun,4.83,Old,29,Yes
gunfighter,4.34,Old,28,Yes
gunnysack,4.52,Old,25,Yes
gunpowder,4.79,Old,29,Yes
guy,4.68,Old,30,No
gym,4.83,Old,24,Yes
gymnasium,4.81,Old,29,Yes
gymnast,4.85,Old,27,Yes
gynecologist,4.39,Old,26,Yes
gyroscope,4.25,Old,31,No
hailstone,4.57,Old,36,No
hair,4.97,Old,27,Yes
hairbrush,4.75,Old,38,No
hairdo,4.07,Old,27,Yes
hairdresser,4.79,Old,27,Yes
hairline,4.46,Old,28,Yes
hairnet,4.96,Old,35,No
hairpiece,4.82,Old,34,No
hairpin,4.83,Old,30,No
hairstyle,3.9,Old,34,No
hairstylist,4.79,Old,27,Yes
hall,4.67,Old,25,Yes
hallway,4.74,Old,27,Yes
ham,4.9,Old,30,No
hamburger,5,Old,28,Yes
hammer,4.77,Old,24,Yes
hammock,4.89,Old,38,No
hamper,4.21,Old,28,Yes
hamster,4.86,Old,39,No
hamstring,4.72,Old,29,Yes
hand,4.72,Old,24,Yes
handbag,4.93,Old,36,No
handball,4.48,Old,27,Yes
handbook,4.64,Old,26,Yes
handbrake,4.69,Old,28,Yes
handcart,4.67,Old,27,Yes
handclap,4.28,Old,26,Yes
handclasp,4.22,Old,37,No
handgun,5,Old,27,Yes
handhold,3.91,Old,25,Yes
handkerchief,5,Old,36,No
handle,4.57,Old,39,No
handlebar,4.76,Old,29,Yes
handrail,4.72,Old,28,Yes
handsaw,5,Old,28,Yes
handshake,4.52,Old,35,No
handwork,3.66,Old,27,Yes
hanger,4.81,Old,27,Yes
hangnail,4.71,Old,30,No
hanky,4.76,Old,25,Yes
hardcover,4.69,Old,28,Yes
hardware,4.62,Old,28,Yes
hardwood,4.4,Old,27,Yes
harmonica,4.9,Old,32,No
harness,4.14,Old,28,Yes
harp,4.85,Old,27,Yes
harpist,4.08,Old,33,No
harpsichord,4.67,Old,29,Yes
harvest,4,Old,35,No
hat,4.88,Old,28,Yes
hatband,4.38,Old,25,Yes
hatchback,4.48,Old,26,Yes
hatchet,4.93,Old,34,No
haystack,4.87,Old,34,No
head,4.75,Old,36,No
headboard,4.65,Old,26,Yes
headdress,4.71,Old,35,No
headgear,4.83,Old,26,Yes
headlight,4.97,Old,31,No
headmistress,4.56,Old,28,Yes
headphones,4.79,Old,27,Yes
headpiece,4.8,Old,29,Yes
headrest,4.8,Old,36,No
heads,4.63,Old,29,Yes
headset,4.83,Old,26,Yes
hearse,4.85,Old,30,No
hedgehog,4.93,Old,26,Yes
heel,4.86,Old,36,No
helicopter,4.62,Old,27,Yes
helmet,4.92,Old,30,No
hen,4.9,Old,29,Yes
herb,4.57,Old,30,No
herbivore,4.08,Old,31,No
heroin,4.57,Old,32,No
hibachi,4.14,Old,33,No
hibiscus,4.48,Old,27,Yes
hickory,4.34,Old,28,Yes
hiker,4.53,Old,27,Yes
hill,4.93,Old,25,Yes
him,3.54,Old,25,Yes
hinge,4.57,Old,31,No
hip,4.21,Old,35,No
hippie,4.07,Old,27,Yes
hitchhiker,4.83,Old,31,No
hoe,4.74,Old,28,Yes
hog,4.66,Old,32,No
holder,3.74,Old,31,No
holding,3.72,Old,26,Yes
holster,4.59,Old,33,No
home,4.11,Old,27,Yes
homemaker,4.22,Old,28,Yes
homework,4.5,Old,25,Yes
honey,4.88,Old,35,No
honeycomb,4.72,Old,25,Yes
honeydew,4.86,Old,31,No
honeysuckle,4.48,Old,29,Yes
hood,4.88,Old,27,Yes
hook,4.79,Old,29,Yes
hookah,4.83,Old,26,Yes
hookers,4.63,Old,28,Yes
hoop,4.74,Old,30,No
horn,5,Old,33,No
horse,5,Old,28,Yes
horsefly,4.97,Old,33,No
horseman,4.3,Old,27,Yes
horseradish,4.81,Old,26,Yes
horseshoe,5,Old,36,No
horsewhip,4.37,Old,32,No
hose,4.87,Old,33,No
hostel,3.9,Old,28,Yes
hostess,4.12,Old,25,Yes
hotel,4.93,Old,27,Yes
hotplate,4.7,Old,28,Yes
hound,4.48,Old,27,Yes
hourglass,4.93,Old,34,No
house,5,Old,36,No
houseboat,4.74,Old,35,No
houseboy,4.26,Old,25,Yes
housecoat,4.89,Old,31,No
housefly,4.96,Old,25,Yes
housekeeper,4.36,Old,36,No
housemaid,4.52,Old,28,Yes
housewife,4.43,Old,28,Yes
hubcap,5,Old,30,No
hug,4.14,Old,27,Yes
human,4.93,Old,25,Yes
hurdle,3.97,Old,34,No
husband,4.11,Old,27,Yes
husk,4.86,Old,26,Yes
husky,3.59,Old,29,Yes
hut,4.65,Old,37,No
hutch,4.31,Old,30,No
hypnotist,4.07,Old,29,Yes
ice,4.89,Old,31,No
iceboat,4.78,Old,25,Yes
icebox,4.71,Old,27,Yes
icepick,4.68,Old,27,Yes
icing,4.66,Old,33,No
igloo,4.73,Old,25,Yes
iguana,4.83,Old,28,Yes
illustrator,3.76,Old,31,No
incubator,4.65,Old,36,No
infant,4.93,Old,28,Yes
ingredients,4.16,Old,48,No
ink,4.56,Old,37,No
insect,4.89,Old,34,No
insole,4.11,Old,31,No
inspector,4.62,Old,33,No
instructor,4.26,Old,32,No
instrument,4.27,Old,26,Yes
insulin,4.37,Old,26,Yes
intercom,4.67,Old,35,No
intern,3.86,Old,31,No
interviewer,4.47,Old,33,No
inventor,3.82,Old,30,No
investigator,4.37,Old,30,No
iron,4.59,Old,27,Yes
item,4.41,Old,25,Yes
jacket,4.86,Old,27,Yes
jaguar,4.9,Old,32,No
jam,4.71,Old,29,Yes
jar,5,Old,28,Yes
jasmine,4.55,Old,27,Yes
javelin,4.9,Old,26,Yes
jaw,4.87,Old,38,No
jawbreaker,4.22,Old,28,Yes
jeans,5,Old,58,No
jeep,4.8,Old,26,Yes
jelly,4.93,Old,26,Yes
jersey,4.56,Old,29,Yes
jet,4.77,Old,40,No
jewel,4.96,Old,29,Yes
jeweler,4.61,Old,40,No
jewelry,4.82,Old,27,Yes
jockstrap,4.97,Old,27,Yes
jogger,4.68,Old,32,No
joint,4.37,Old,30,No
journal,4.63,Old,33,No
journalist,4.04,Old,27,Yes
joystick,4.74,Old,33,No
juice,4.89,Old,33,No
jukebox,4.93,Old,26,Yes
jumper,4.03,Old,27,Yes
junk,3.88,Old,26,Yes
jurist,3.96,Old,31,No
juror,4.29,Old,31,No
kale,4.81,Old,26,Yes
kaleidoscope,4.79,Old,35,No
kazoo,4.85,Old,32,No
kebab,4.85,Old,27,Yes
keepsake,3.89,Old,34,No
keg,4.75,Old,25,Yes
kelp,4.9,Old,28,Yes
kerchief,4.85,Old,25,Yes
kernel,4.21,Old,27,Yes
ketchup,5,Old,39,No
kettle,4.75,Old,28,Yes
kettledrum,4.9,Old,31,No
key,4.89,Old,29,Yes
keyboard,4.93,Old,29,Yes
keyhole,4.63,Old,31,No
kid,4.56,Old,53,No
kidney,4.96,Old,25,Yes
kiln,4.82,Old,29,Yes
kilt,4.71,Old,29,Yes
kindle,3.74,Old,25,Yes
kindling,3.76,Old,30,No
kiss,4.48,Old,54,No
kit,4.47,Old,37,No
kitchen,4.97,Old,30,No
kitchenette,4.56,Old,26,Yes
kite,5,Old,25,Yes
kitten,4.86,Old,26,Yes
kitty,4.97,Old,35,No
kiwi,4.86,Old,33,No
kleenex,4.92,Old,28,Yes
knapsack,4.9,Old,26,Yes
knee,5,Old,28,Yes
kneecap,4.7,Old,36,No
knickers,4.54,Old,32,No
knitting,4.14,Old,29,Yes
knob,4.75,Old,27,Yes
knot,4.87,Old,29,Yes
knuckle,4.93,Old,53,No
kumquat,4.88,Old,25,Yes
label,4.46,Old,37,No
laboratory,4.46,Old,28,Yes
labrador,4.35,Old,37,No
lace,4.85,Old,28,Yes
lad,4.28,Old,27,Yes
ladder,5,Old,33,No
ladle,4.9,Old,28,Yes
lady,4.33,Old,28,Yes
ladybug,4.92,Old,26,Yes
lager,4.64,Old,26,Yes
lake,4.88,Old,35,No
lamb,4.97,Old,34,No
lambskin,4.72,Old,32,No
lamp,4.97,Old,26,Yes
lamplight,4.8,Old,38,No
lamplighter,4.24,Old,25,Yes
lampshade,4.82,Old,31,No
lance,4.07,Old,29,Yes
land,4.57,Old,35,No
landlady,4.22,Old,26,Yes
landscape,4.34,Old,30,No
lantern,5,Old,30,No
lanyard,4.46,Old,30,No
lapdog,4.31,Old,32,No
larvae,4.62,Old,30,No
laryngoscope,4.48,Old,26,Yes
lasso,4.74,Old,32,No
latch,4.79,Old,35,No
latex,4.77,Old,36,No
latrine,4.62,Old,25,Yes
laundry,4.93,Old,25,Yes
lavatory,4.81,Old,26,Yes
lawn,4.93,Old,27,Yes
lawyer,4.7,Old,33,No
laxative,4.07,Old,33,No
leaf,5,Old,61,No
leaflet,4.31,Old,29,Yes
leash,4.89,Old,26,Yes
leather,4.82,Old,31,No
ledge,4.72,Old,35,No
ledger,4.36,Old,28,Yes
leech,4.33,Old,27,Yes
leftovers,4.48,Old,33,No
leg,4.83,Old,28,Yes
leggings,4.86,Old,26,Yes
lei,4.83,Old,32,No
lemon,5,Old,28,Yes
lemonade,4.83,Old,28,Yes
lens,4.64,Old,30,No
leopard,5,Old,30,No
leotard,4.74,Old,29,Yes
letter,4.7,Old,34,No
letterbox,4.6,Old,26,Yes
lettuce,4.97,Old,29,Yes
lever,4.77,Old,25,Yes
library,4.8,Old,26,Yes
lice,4.73,Old,26,Yes
licence,4.57,Old,29,Yes
lid,4.96,Old,40,No
lifeboat,4.48,Old,29,Yes
lifebuoy,4.65,Old,26,Yes
lifeguard,4.47,Old,26,Yes
lighthouse,4.96,Old,26,Yes
lilac,4.69,Old,34,No
lily,4.69,Old,53,No
limb,4.64,Old,30,No
lime,4.96,Old,55,No
limeade,4.44,Old,25,Yes
limestone,4.59,Old,33,No
limousine,4.63,Old,27,Yes
linen,4.8,Old,33,No
lingerie,4.87,Old,37,No
linoleum,4.85,Old,27,Yes
lint,4.96,Old,37,No
lip,4.96,Old,33,No
lipstick,4.9,Old,35,No
liqueur,4.64,Old,34,No
liquid,4.72,Old,32,No
liquor,4.73,Old,27,Yes
litter,4.47,Old,34,No
livestock,4.7,Old,27,Yes
lizard,4.68,Old,30,No
llama,4.78,Old,35,No
loaf,4.79,Old,33,No
lobbyist,3.71,Old,34,No
lobe,4.44,Old,29,Yes
lobster,4.86,Old,28,Yes
lock,4.65,Old,27,Yes
locker,4.67,Old,32,No
locket,4.82,Old,39,No
locksmith,4.54,Old,35,No
lodge,4,Old,33,No
lodging,4.37,Old,33,No
log,4.96,Old,28,Yes
logbook,4.54,Old,38,No
loin,4.38,Old,31,No
loincloth,4.88,Old,31,No
lollipop,4.96,Old,25,Yes
longbow,4.96,Old,33,No
loo,4.2,Old,27,Yes
lotion,4.79,Old,38,No
loudspeaker,4.82,Old,26,Yes
lounge,3.96,Old,30,No
lounger,4.04,Old,29,Yes
lovebird,4.62,Old,27,Yes
lozenge,4.59,Old,26,Yes
lubricant,4.52,Old,28,Yes
lubrication,3.62,Old,28,Yes
luggage,4.83,Old,33,No
lumber,4.56,Old,35,No
lump,4.56,Old,28,Yes
lunch,4.31,Old,27,Yes
lunchroom,4.63,Old,27,Yes
lyre,4.23,Old,29,Yes
macaroni,4.97,Old,28,Yes
macaroon,4.96,Old,37,No
mace,4.81,Old,26,Yes
machete,4.82,Old,60,No
machine,4.25,Old,28,Yes
machinery,4.75,Old,35,No
magazine,5,Old,35,No
maggot,4.97,Old,26,Yes
magician,4.21,Old,34,No
magnet,4.7,Old,28,Yes
magnolia,4.71,Old,27,Yes
maid,4.64,Old,37,No
maiden,4.24,Old,26,Yes
maidservant,4.39,Old,30,No
mail,4.69,Old,33,No
mailbag,4.89,Old,37,No
maize,4.58,Old,33,No
makeup,4.45,Old,37,No
male,4.45,Old,32,No
mall,4.83,Old,37,No
mallard,4.27,Old,24,Yes
mallet,4.93,Old,28,Yes
mammal,4.59,Old,33,No
man,4.79,Old,34,No
mandolin,4.76,Old,29,Yes
mango,5,Old,33,No
manhole,4.7,Old,33,No
manicure,4.39,Old,35,No
manicurist,4.11,Old,27,Yes
mannequin,4.53,Old,35,No
mansion,4.89,Old,59,No
mantel,4.64,Old,26,Yes
mantelpiece,3.76,Old,28,Yes
mantle,4.57,Old,30,No
manure,4.64,Old,26,Yes
manuscript,4.57,Old,26,Yes
map,4.93,Old,28,Yes
maple,4.46,Old,34,No
marble,4.85,Old,34,No
marbles,4.96,Old,27,Yes
margarine,4.58,Old,26,Yes
marigold,4.59,Old,28,Yes
marijuana,4.89,Old,38,No
marionette,4.63,Old,27,Yes
marketeer,3.71,Old,30,No
marksman,4.12,Old,28,Yes
marmalade,4.83,Old,35,No
marshmallow,4.85,Old,38,No
mascara,4.93,Old,26,Yes
mascot,4.2,Old,28,Yes
mask,4.96,Old,25,Yes
masseuse,4.56,Old,56,No
mat,4.83,Old,33,No
match,4.14,Old,26,Yes
matchbox,4.78,Old,29,Yes
matchstick,4.96,Old,35,No
mathematician,4.38,Old,28,Yes
mattress,5,Old,27,Yes
mayonnaise,4.9,Old,68,No
mayor,4.37,Old,31,No
me,4.33,Old,29,Yes
meadow,4.86,Old,30,No
meal,4.62,Old,27,Yes
meat,4.9,Old,25,Yes
medal,4.89,Old,32,No
medallion,4.68,Old,26,Yes
medic,4.43,Old,60,No
medicine,4.79,Old,60,No
megaphone,4.76,Old,27,Yes
melon,4.78,Old,32,No
memo,4.25,Old,37,No
memorabilia,4.15,Old,28,Yes
men,4.75,Old,26,Yes
mentor,3.7,Old,34,No
menu,4.67,Old,35,No
merchandise,4.52,Old,27,Yes
merchant,4.31,Old,31,No
merchantman,4.19,Old,32,No
metal,4.87,Old,30,No
metalworker,4.18,Old,25,Yes
meteorologist,4.56,Old,27,Yes
mice,4.84,Old,28,Yes
microphone,4.88,Old,28,Yes
microscope,5,Old,28,Yes
microwave,4.34,Old,27,Yes
midget,4.4,Old,26,Yes
midwife,4.56,Old,32,No
milk,4.92,Old,27,Yes
milkshake,4.97,Old,30,No
mincemeat,4.36,Old,28,Yes
minister,4.22,Old,37,No
mink,4.58,Old,33,No
minnow,4.84,Old,26,Yes
mint,4.54,Old,33,No
mirror,4.97,Old,26,Yes
mistletoe,4.85,Old,34,No
mistress,4.22,Old,33,No
mitt,4.76,Old,36,No
mitten,4.89,Old,27,Yes
mixer,4.33,Old,37,No
moccasin,4.78,Old,26,Yes
model,4.53,Old,27,Yes
molasses,4.84,Old,35,No
mommy,4.07,Old,26,Yes
money,4.54,Old,29,Yes
moneybags,3.85,Old,39,No
mongoose,4.89,Old,32,No
monk,4.35,Old,39,No
monument,4.58,Old,28,Yes
moonshine,4.46,Old,28,Yes
mop,4.97,Old,26,Yes
morsel,4.19,Old,33,No
mortician,4.3,Old,30,No
mosquito,4.88,Old,31,No
moss,4.9,Old,25,Yes
motel,4.93,Old,31,No
moth,4.69,Old,25,Yes
mothball,4.62,Old,30,No
mother,4.6,Old,24,Yes
motor,4.84,Old,30,No
motorbike,4.79,Old,26,Yes
motorboat,4.93,Old,34,No
motorcycle,4.97,Old,32,No
motorcyclist,4.79,Old,25,Yes
motorist,4.72,Old,36,No
mountain,4.96,Old,26,Yes
mountainside,4.48,Old,26,Yes
mouse,4.83,Old,27,Yes
mousetrap,5,Old,25,Yes
mousse,4.83,Old,28,Yes
moustache,4.96,Old,28,Yes
mouth,4.74,Old,26,Yes
mouthpiece,4.66,Old,28,Yes
mouthwash,4.67,Old,27,Yes
mucus,4.76,Old,57,No
mud,4.86,Old,25,Yes
muffin,4.78,Old,30,No
muffler,4.68,Old,30,No
mug,4.8,Old,27,Yes
mulberry,4.48,Old,29,Yes
mulch,4.59,Old,30,No
mule,5,Old,26,Yes
mullet,4.78,Old,60,No
mum,4.11,Old,29,Yes
munitions,3.82,Old,30,No
muscle,4.5,Old,39,No
museum,4.6,Old,28,Yes
mushroom,4.83,Old,26,Yes
musician,4.42,Old,31,No
musket,4.67,Old,30,No
mustache,4.9,Old,26,Yes
mustard,4.93,Old,38,No
mutt,3.89,Old,34,No
mutton,4.25,Old,27,Yes
muzzle,4.59,Old,33,No
myself,2.97,Old,29,Yes
nail,4.93,Old,25,Yes
nameplate,4.52,Old,26,Yes
nanny,4.21,Old,31,No
napkin,4.93,Old,27,Yes
narcotics,4.59,Old,37,No
neck,5,Old,36,No
neckband,4.77,Old,31,No
neckerchief,4.5,Old,28,Yes
necklace,4.96,Old,37,No
necktie,4.96,Old,33,No
neckwear,4.56,Old,34,No
nectar,4.63,Old,36,No
needle,4.93,Old,60,No
needlepoint,4.48,Old,24,Yes
needlework,4.41,Old,26,Yes
negligee,4.48,Old,26,Yes
nephew,4.48,Old,29,Yes
net,4.53,Old,25,Yes
nettle,3.88,Old,25,Yes
neurologist,4.1,Old,34,No
newlyweds,3.79,Old,32,No
newsagent,4.41,Old,27,Yes
newsboy,4.42,Old,25,Yes
newscaster,4.5,Old,29,Yes
newsletter,4.66,Old,36,No
newsman,4.26,Old,35,No
newspaper,4.82,Old,39,No
newspaperman,4.5,Old,36,No
newsprint,4.62,Old,27,Yes
newsstand,4.71,Old,29,Yes
newt,4.17,Old,32,No
nickel,4.79,Old,35,No
nightcaps,4.07,Old,33,No
nightclub,4.96,Old,28,Yes
nightdress,4.62,Old,26,Yes
nightgown,4.9,Old,25,Yes
nightie,4.3,Old,25,Yes
nightlight,4.93,Old,29,Yes
nightshirt,5,Old,27,Yes
nipple,4.83,Old,26,Yes
noodle,4.71,Old,55,No
noose,4.52,Old,26,Yes
nose,4.89,Old,26,Yes
nostril,4.89,Old,35,No
note,4.61,Old,34,No
notepaper,4.78,Old,26,Yes
novel,4.21,Old,28,Yes
nugget,4.45,Old,27,Yes
nun,4.92,Old,27,Yes
nurse,4.39,Old,37,No
nursemaid,4.5,Old,27,Yes
nursery,4.48,Old,27,Yes
nut,4.52,Old,36,No
nutcracker,4.81,Old,59,No
nutmeg,4.69,Old,28,Yes
nutshell,4.29,Old,28,Yes
nylon,4.7,Old,38,No
oar,4.84,Old,26,Yes
oat,5,Old,37,No
object,3.66,Old,28,Yes
obstetrician,4.31,Old,29,Yes
ocean,4.86,Old,27,Yes
oceanographer,3.97,Old,27,Yes
offspring,3.93,Old,35,No
oilcan,4.62,Old,34,No
oilcloth,4.4,Old,28,Yes
ointment,4.5,Old,30,No
okra,4.78,Old,26,Yes
olive,4.9,Old,29,Yes
omelet,4.93,Old,57,No
onion,4.86,Old,32,No
opal,4.42,Old,29,Yes
ophthalmologist,4.32,Old,26,Yes
opium,4.56,Old,31,No
optician,4.68,Old,27,Yes
orange,4.66,Old,34,No
orchard,4.75,Old,30,No
orchid,4.92,Old,28,Yes
ore,4.48,Old,26,Yes
oregano,4.81,Old,35,No
organ,4.77,Old,28,Yes
organism,4.16,Old,26,Yes
orgy,3.67,Old,26,Yes
ornament,4.04,Old,34,No
orphan,4.04,Old,34,No
orthodontist,4.43,Old,25,Yes
ottoman,4.9,Old,27,Yes
outfielder,4.67,Old,26,Yes
outfit,4.12,Old,34,No
outhouse,4.89,Old,31,No
outlet,4.31,Old,32,No
oven,4.97,Old,24,Yes
overcoat,4.5,Old,37,No
oxtail,4.5,Old,30,No
oyster,4.85,Old,25,Yes
pacemaker,4.68,Old,32,No
pacifier,4.61,Old,32,No
package,4.72,Old,28,Yes
packaging,4.44,Old,29,Yes
packet,4.46,Old,32,No
pad,4.43,Old,33,No
padding,4.52,Old,28,Yes
paddle,4.8,Old,27,Yes
padlock,4.92,Old,26,Yes
page,4.9,Old,31,No
pail,4.93,Old,28,Yes
painkiller,4.18,Old,29,Yes
paint,4.79,Old,26,Yes
paintbox,4.65,Old,28,Yes
paintbrush,4.79,Old,27,Yes
pajamas,4.73,Old,61,No
pal,3.93,Old,34,No
pallet,4.59,Old,26,Yes
palm,4.83,Old,29,Yes
pamphlet,4.61,Old,28,Yes
pan,4.86,Old,37,No
panhandler,4,Old,37,No
pantaloons,4.79,Old,28,Yes
panties,4.9,Old,29,Yes
pantry,4.67,Old,32,No
pants,4.86,Old,27,Yes
paper,4.93,Old,36,No
paperback,4.57,Old,34,No
paperhanger,4.04,Old,29,Yes
paperweight,4.78,Old,27,Yes
paprika,5,Old,31,No
parachute,4.78,Old,26,Yes
parachutist,4.3,Old,27,Yes
parakeet,4.9,Old,31,No
paraphernalia,3.67,Old,28,Yes
paratrooper,4.89,Old,27,Yes
parcel,4.81,Old,27,Yes
parchment,4.48,Old,27,Yes
parent,4.56,Old,27,Yes
parka,4.65,Old,31,No
parsley,4.77,Old,28,Yes
parsnip,4.85,Old,26,Yes
partner,3.53,Old,38,No
passenger,4.34,Old,30,No
passionflower,4.72,Old,27,Yes
passport,5,Old,27,Yes
pasta,4.86,Old,29,Yes
pastrami,4.74,Old,26,Yes
pastry,4.97,Old,30,No
path,4.41,Old,34,No
patrolman,4.67,Old,35,No
paw,4.3,Old,27,Yes
pea,4.9,Old,33,No
peach,4.9,Old,27,Yes
peacock,5,Old,32,No
peanut,4.89,Old,34,No
peanuts,4.9,Old,31,No
pear,4.93,Old,26,Yes
pearl,4.87,Old,25,Yes
peashooter,4.28,Old,28,Yes
pebble,4.86,Old,29,Yes
pecan,4.87,Old,27,Yes
pedal,4.44,Old,31,No
pedestal,4.48,Old,31,No
pedestrian,4.41,Old,26,Yes
pedicurist,4.04,Old,32,No
pedometer,4.93,Old,25,Yes
peel,4.61,Old,25,Yes
peelings,4.27,Old,34,No
peephole,4.74,Old,24,Yes
peg,4.93,Old,25,Yes
pegboard,4.93,Old,30,No
pellet,4.56,Old,28,Yes
pelvis,4.93,Old,28,Yes
pen,4.92,Old,27,Yes
pencil,4.88,Old,37,No
pendant,4.75,Old,32,No
penknife,4.83,Old,30,No
pennant,4.37,Old,26,Yes
penny,4.83,Old,37,No
penthouse,4.36,Old,28,Yes
peony,4.48,Old,27,Yes
people,4.82,Old,33,No
pepper,4.59,Old,36,No
peppercorn,4.89,Old,34,No
peppermint,4.43,Old,26,Yes
pepperoni,5,Old,29,Yes
perfume,4.66,Old,36,No
periscope,4.78,Old,27,Yes
peroxide,4.93,Old,27,Yes
person,4.72,Old,34,No
perspiration,4.81,Old,28,Yes
pet,4.71,Old,39,No
petal,4.57,Old,26,Yes
phalanges,4.61,Old,27,Yes
pharmacist,4.03,Old,37,No
pharmacy,4.78,Old,30,No
phone,4.86,Old,26,Yes
phonograph,4.59,Old,30,No
photocopier,4.72,Old,27,Yes
photocopy,4.5,Old,28,Yes
photograph,4.89,Old,26,Yes
physician,4.65,Old,33,No
physiologist,4.25,Old,27,Yes
piano,4.9,Old,27,Yes
piccolo,4.71,Old,34,No
pickaxe,4.93,Old,26,Yes
pickle,4.64,Old,33,No
picnicker,4.32,Old,26,Yes
picture,4.52,Old,26,Yes
picture frame,4.61,Old,30,No
pie,4.92,Old,39,No
piercing,4.15,Old,36,No
pig,5,Old,29,Yes
piglet,4.93,Old,26,Yes
pigtail,4.67,Old,35,No
pike,4.25,Old,27,Yes
pilaf,4.2,Old,26,Yes
pill,4.72,Old,32,No
pillar,4.77,Old,36,No
pillow,5,Old,28,Yes
pillowcase,4.93,Old,33,No
pilot,4.67,Old,28,Yes
pimento,4.64,Old,26,Yes
pimple,4.77,Old,34,No
pin,4.92,Old,25,Yes
pinball,4.48,Old,28,Yes
pincushion,4.69,Old,32,No
pine,4.37,Old,34,No
pineapple,4.94,Old,32,No
pinecone,4.85,Old,37,No
pinewood,4.74,Old,27,Yes
pinkie,4.39,Old,34,No
pinwheel,4.66,Old,35,No
pipe,4.88,Old,26,Yes
pistachio,4.93,Old,39,No
pistol,4.89,Old,27,Yes
pitcher,4.93,Old,28,Yes
pitchfork,5,Old,26,Yes
pizza,5,Old,28,Yes
placard,4.46,Old,28,Yes
placenta,4.79,Old,29,Yes
plaintiff,3.9,Old,37,No
plane,4.92,Old,37,No
plank,5,Old,27,Yes
planner,3.61,Old,27,Yes
plant,4.76,Old,28,Yes
plantain,4.42,Old,27,Yes
planter,4.61,Old,26,Yes
plaque,4.7,Old,29,Yes
plaster,4.59,Old,28,Yes
plastic,4.79,Old,57,No
plate,4.77,Old,31,No
platform,4.48,Old,30,No
platter,4.93,Old,29,Yes
player,4.15,Old,35,No
playground,4.77,Old,34,No
playhouse,4.72,Old,28,Yes
playroom,4.71,Old,34,No
playsuit,3.96,Old,29,Yes
plaything,3.68,Old,27,Yes
playwright,3.56,Old,26,Yes
plexiglas,4.8,Old,27,Yes
pliers,4.93,Old,36,No
plow,4.46,Old,34,No
plug,4.64,Old,29,Yes
plum,4.85,Old,28,Yes
plumber,4.63,Old,30,No
plywood,4.82,Old,32,No
pocket,4.68,Old,24,Yes
pocketbook,5,Old,30,No
pocketknife,4.93,Old,36,No
podiatrist,4.63,Old,30,No
poet,4.36,Old,29,Yes
poinsettia,4.92,Old,31,No
poker,4.2,Old,31,No
pole,4.66,Old,31,No
police,4.79,Old,35,No
policeman,4.93,Old,30,No
policewoman,4.89,Old,34,No
politician,4.33,Old,28,Yes
polyester,4.12,Old,35,No
pomegranate,4.86,Old,34,No
pompom,4.68,Old,34,No
poncho,4.97,Old,39,No
pond,4.9,Old,26,Yes
pony,4.9,Old,28,Yes
pooch,4.32,Old,27,Yes
poodle,4.89,Old,27,Yes
pool,4.77,Old,34,No
poop,4.83,Old,26,Yes
popcorn,5,Old,38,No
porch,4.92,Old,36,No
pork,4.79,Old,26,Yes
porridge,4.89,Old,37,No
portfolio,4,Old,38,No
portrait,4.9,Old,28,Yes
postage,4.37,Old,34,No
postcard,4.93,Old,28,Yes
poster,4.66,Old,32,No
postman,4.74,Old,34,No
postmaster,4.59,Old,29,Yes
pot,4.81,Old,38,No
potato,4.85,Old,32,No
potboiler,4.16,Old,25,Yes
potpourri,4.59,Old,25,Yes
pottery,4.72,Old,28,Yes
potty,4.12,Old,26,Yes
pouch,4.5,Old,25,Yes
poultry,4.72,Old,29,Yes
powder,4.76,Old,33,No
powderpuff,4.35,Old,31,No
powerboat,4.76,Old,35,No
practitioner,3.89,Old,27,Yes
prankster,3.59,Old,28,Yes
preschooler,4.33,Old,29,Yes
present,3.39,Old,26,Yes
pretzel,4.74,Old,25,Yes
priest,4.77,Old,25,Yes
primate,4.5,Old,43,No
primrose,4.08,Old,33,No
printout,4.53,Old,27,Yes
prisoner,4.11,Old,32,No
prize,4.45,Old,29,Yes
produce,3.31,Old,29,Yes
programmer,3.86,Old,28,Yes
projector,4.64,Old,29,Yes
proofreader,3.82,Old,35,No
prop,4.46,Old,56,No
propeller,4.9,Old,31,No
proprietor,4.24,Old,27,Yes
prosecutor,4.24,Old,30,No
prosthesis,4.19,Old,28,Yes
prostitute,4.28,Old,25,Yes
protester,3.96,Old,26,Yes
protractor,4,Old,26,Yes
prune,4.7,Old,26,Yes
pub,4.71,Old,34,No
publication,4.41,Old,28,Yes
publisher,4.24,Old,26,Yes
puck,4.5,Old,32,No
pudding,4.9,Old,33,No
puddle,4.67,Old,27,Yes
pug,4.62,Old,27,Yes
puke,4.59,Old,31,No
pulley,4.74,Old,32,No
pullover,4.32,Old,32,No
pulp,4.3,Old,25,Yes
pumice,3.85,Old,27,Yes
pump,4.31,Old,36,No
pumpernickel,4.77,Old,27,Yes
pumpkin,4.9,Old,25,Yes
punchbowl,4.85,Old,27,Yes
punter,4.07,Old,26,Yes
pup,4.61,Old,30,No
pupil,4.55,Old,26,Yes
puppet,4.64,Old,33,No
puppy,4.78,Old,34,No
purse,4.9,Old,31,No
pushcart,4.25,Old,32,No
putty,4.48,Old,29,Yes
puzzle,4.75,Old,30,No
quadriceps,4.36,Old,31,No
quarter,4.43,Old,35,No
quarterback,4.61,Old,26,Yes
quarters,4.57,Old,27,Yes
questionnaire,4.24,Old,30,No
quiche,4.53,Old,25,Yes
quill,5,Old,29,Yes
quilt,5,Old,27,Yes
rabbit,4.93,Old,24,Yes
racehorse,4.83,Old,35,No
rack,4.48,Old,34,No
racket,4.26,Old,29,Yes
radiator,4.78,Old,26,Yes
radio,4.74,Old,27,Yes
radiologist,4.52,Old,34,No
radish,4.87,Old,33,No
raft,5,Old,31,No
rag,4.67,Old,40,No
rail,4.9,Old,27,Yes
railroad,5,Old,27,Yes
rain,4.97,Old,56,No
raincoat,5,Old,36,No
raindrop,4.89,Old,31,No
rainwater,4.64,Old,29,Yes
raisin,4.97,Old,34,No
rake,4.84,Old,34,No
ramp,4.69,Old,37,No
rancher,4.83,Old,27,Yes
raspberry,4.93,Old,27,Yes
rat,4.85,Old,31,No
rattle,4.07,Old,26,Yes
razor,4.9,Old,35,No
receipt,4.86,Old,72,No
receptacle,4.58,Old,26,Yes
receptionist,4.36,Old,27,Yes
record,4.15,Old,25,Yes
recorder,4.43,Old,28,Yes
recruiter,4,Old,32,No
rectum,4.92,Old,34,No
reefer,4.54,Old,25,Yes
refrigerator,5,Old,28,Yes
reindeer,4.7,Old,33,No
remote,3.44,Old,36,No
repairer,4.29,Old,35,No
reptile,4.47,Old,27,Yes
residence,4.34,Old,37,No
respirator,4.56,Old,26,Yes
restaurant,4.89,Old,26,Yes
retriever,4.15,Old,25,Yes
revolver,4.69,Old,30,No
rhinestone,4.82,Old,33,No
rhubarb,4.86,Old,28,Yes
rib,4.9,Old,28,Yes
ribbon,4.89,Old,26,Yes
rice,4.86,Old,25,Yes
rifle,4.85,Old,29,Yes
rind,4.48,Old,28,Yes
ring,4.81,Old,28,Yes
rink,4.56,Old,35,No
river,4.89,Old,29,Yes
riverbank,4.68,Old,27,Yes
riverboat,4.9,Old,28,Yes
roach,4.96,Old,33,No
road,4.75,Old,30,No
roadway,4.67,Old,33,No
roast,4.4,Old,34,No
robber,4.31,Old,28,Yes
robe,5,Old,26,Yes
robot,4.65,Old,30,No
rock,4.91,Old,28,Yes
rocker,4.31,Old,28,Yes
rod,4.43,Old,29,Yes
rodent,4.7,Old,28,Yes
roll,4.16,Old,30,No
rook,4.38,Old,31,No
roommate,4.52,Old,38,No
roosters,4.93,Old,28,Yes
root,4.34,Old,28,Yes
rope,4.93,Old,28,Yes
rosary,4.63,Old,38,No
rose,4.9,Old,28,Yes
rosebush,4.69,Old,24,Yes
rosemary,4.68,Old,25,Yes
rosewater,4.58,Old,26,Yes
rotisserie,4.23,Old,34,No
rowboat,4.81,Old,27,Yes
rubber,4.86,Old,28,Yes
rubbish,3.64,Old,27,Yes
ruby,4.77,Old,35,No
rucksack,4.14,Old,28,Yes
rug,4.79,Old,26,Yes
ruler,4.66,Old,24,Yes
rum,4.93,Old,28,Yes
runner,4.86,Old,32,No
rye,4.74,Old,28,Yes
sack,4.84,Old,26,Yes
sackcloth,4.65,Old,25,Yes
saddle,4.85,Old,34,No
saddlebag,4.88,Old,28,Yes
saffron,4.44,Old,28,Yes
sage,4.54,Old,36,No
sailboat,4.89,Old,26,Yes
sailcloth,4.39,Old,27,Yes
salad,4.97,Old,40,No
salamander,4.7,Old,24,Yes
salesgirl,4.46,Old,33,No
saleslady,4.65,Old,28,Yes
salesman,4.81,Old,34,No
saleswoman,4.8,Old,35,No
salmon,4.81,Old,28,Yes
saloon,4.68,Old,26,Yes
salt,4.89,Old,39,No
saltshaker,4.96,Old,33,No
saltwater,4.77,Old,32,No
salve,4,Old,26,Yes
sand,5,Old,27,Yes
sandalwood,4.71,Old,28,Yes
sandbag,4.68,Old,29,Yes
sandbank,4.83,Old,32,No
sandbox,4.86,Old,29,Yes
sandcastle,4.96,Old,28,Yes
sandpaper,4.85,Old,28,Yes
sandwich,4.9,Old,27,Yes
sangria,4.45,Old,27,Yes
sapling,4.52,Old,25,Yes
sapphire,4.76,Old,30,No
sardine,5,Old,36,No
sarong,4.5,Old,28,Yes
sash,4.67,Old,34,No
satchel,4.73,Old,29,Yes
satin,4.57,Old,33,No
sauce,4.75,Old,34,No
saucepan,4.67,Old,27,Yes
sauerkraut,4.54,Old,26,Yes
sauna,4.68,Old,37,No
sausage,4.88,Old,28,Yes
saw,4.46,Old,26,Yes
sawdust,4.93,Old,27,Yes
sawhorse,4.78,Old,26,Yes
saxophone,5,Old,49,No
scab,4.71,Old,26,Yes
scale,4.39,Old,34,No
scallion,4.72,Old,27,Yes
scallop,4.61,Old,24,Yes
scalp,4.82,Old,25,Yes
scalpel,4.86,Old,31,No
scanner,4.79,Old,27,Yes
scapula,4.08,Old,26,Yes
scar,4.74,Old,37,No
scarecrow,4.68,Old,25,Yes
scarf,4.97,Old,28,Yes
school,4.79,Old,27,Yes
schoolboy,4.5,Old,31,No
schoolgirl,4.66,Old,29,Yes
schoolhouse,4.86,Old,30,No
schoolwork,4.1,Old,28,Yes
scientist,4.24,Old,34,No
scissors,4.85,Old,60,No
scoop,4.15,Old,35,No
scooter,4.96,Old,27,Yes
scorecard,4.61,Old,39,No
scorpion,4.84,Old,32,No
scotch,4.55,Old,31,No
scrapbook,4.76,Old,28,Yes
scraper,4.23,Old,30,No
scratches,4.59,Old,34,No
screen,4.6,Old,27,Yes
screw,4.81,Old,32,No
screwdriver,4.9,Old,31,No
scribbling,4.1,Old,27,Yes
script,4.72,Old,24,Yes
scrotum,4.87,Old,28,Yes
scrubber,4.52,Old,32,No
sculpture,4.79,Old,32,No
scythe,4.29,Old,26,Yes
sea,4.79,Old,27,Yes
seam,4.5,Old,28,Yes
seamstress,4.43,Old,26,Yes
seaplane,4.75,Old,25,Yes
searchlight,4.63,Old,27,Yes
seashore,4.63,Old,31,No
seasoning,4.67,Old,30,No
seat,4.78,Old,53,No
seawater,4.41,Old,25,Yes
seaweed,4.89,Old,27,Yes
secretary,4.54,Old,37,No
sedan,4.72,Old,30,No
sedative,4.56,Old,35,No
seed,4.71,Old,36,No
seedling,4.56,Old,30,No
semen,4.79,Old,27,Yes
senorita,4.18,Old,34,No
sequin,4.24,Old,26,Yes
servant,4.64,Old,30,No
serviceman,4.57,Old,25,Yes
sesame,4.5,Old,26,Yes
sex,4.1,Old,28,Yes
shack,4.93,Old,33,No
shaker,4.11,Old,33,No
shallot,4.59,Old,25,Yes
shampoo,4.68,Old,30,No
shamrock,4.89,Old,26,Yes
shank,4.18,Old,27,Yes
sharpener,4.64,Old,30,No
shavings,4.5,Old,60,No
shawl,5,Old,24,Yes
shed,4.55,Old,25,Yes
sheep,4.9,Old,36,No
sheepdog,4.72,Old,28,Yes
sheepskin,4.78,Old,31,No
sheet,4.93,Old,26,Yes
shelf,4.96,Old,36,No
shell,4.8,Old,30,No
shellfish,4.53,Old,27,Yes
shelter,4.64,Old,32,No
shelving,4.67,Old,24,Yes
sherbet,4.83,Old,26,Yes
shield,4.66,Old,27,Yes
shin,4.86,Old,27,Yes
shinbone,4.8,Old,24,Yes
shingle,4.82,Old,53,No
ship,4.87,Old,26,Yes
shipman,3.92,Old,27,Yes
shipmate,4.52,Old,31,No
shirt,4.94,Old,32,No
shirtsleeve,4.64,Old,28,Yes
shirttail,4.78,Old,32,No
shoe,4.97,Old,28,Yes
shoehorn,4.57,Old,27,Yes
shoelace,5,Old,34,No
shoestring,4.87,Old,31,No
shopkeeper,4.43,Old,25,Yes
shopper,4.44,Old,28,Yes
shore,4.79,Old,37,No
shortbread,4.56,Old,36,No
shortcake,4.41,Old,37,No
shorts,4.82,Old,33,No
shot,4.44,Old,33,No
shotgun,4.96,Old,26,Yes
shoulder,4.93,Old,27,Yes
shovel,4.97,Old,31,No
shower,4.89,Old,37,No
showerhead,4.93,Old,35,No
shrimp,4.8,Old,26,Yes
shrine,4.47,Old,26,Yes
shrub,4.92,Old,67,No
shuffleboard,4.74,Old,26,Yes
shutter,4.38,Old,26,Yes
shuttle,4.63,Old,34,No
sibling,4.37,Old,27,Yes
sideboard,4.42,Old,27,Yes
sideburns,4.96,Old,26,Yes
sidecar,4.82,Old,27,Yes
sidewalk,4.96,Old,36,No
sifter,4.64,Old,33,No
sign,4.62,Old,35,No
signpost,4.63,Old,37,No
silk,4.7,Old,34,No
silkworm,4.62,Old,28,Yes
silverware,4.66,Old,25,Yes
singer,4.62,Old,36,No
sink,4.74,Old,39,No
sirloin,4.66,Old,29,Yes
sister,4,Old,29,Yes
skate,4.56,Old,32,No
skateboard,4.86,Old,28,Yes
skateboarder,4.82,Old,35,No
skeleton,4.97,Old,28,Yes
sketch,4.56,Old,27,Yes
sketchbook,4.79,Old,61,No
skewer,4.46,Old,27,Yes
ski,4.63,Old,30,No
skillet,4.73,Old,34,No
skin,4.79,Old,37,No
skirt,4.82,Old,26,Yes
skittles,4.93,Old,57,No
skullcap,4.54,Old,27,Yes
slacks,4.57,Old,32,No
slaw,4.64,Old,27,Yes
sled,5,Old,39,No
sledge,4.11,Old,28,Yes
sledgehammer,4.89,Old,30,No
sleeve,4.84,Old,28,Yes
sleigh,4.71,Old,28,Yes
slide,4.48,Old,32,No
slime,4.48,Old,31,No
sling,4.52,Old,39,No
slingshot,4.87,Old,26,Yes
slipcover,4.69,Old,30,No
slipknot,4.68,Old,26,Yes
slipper,4.86,Old,25,Yes
slug,4.64,Old,31,No
slush,4.04,Old,29,Yes
slut,3.19,Old,28,Yes
smock,4.78,Old,31,No
smooch,4.21,Old,27,Yes
smoothie,4.62,Old,27,Yes
smuggler,4.31,Old,30,No
snack,4.36,Old,25,Yes
snail,4.93,Old,37,No
sneaker,4.69,Old,35,No
snorkel,4.56,Old,24,Yes
snot,4.48,Old,32,No
snow,4.85,Old,27,Yes
snowball,4.93,Old,32,No
snowdrift,4.78,Old,29,Yes
snowfall,4.66,Old,35,No
snowflake,4.76,Old,30,No
snowman,4.64,Old,26,Yes
snowshoe,4.67,Old,26,Yes
soap,4.93,Old,35,No
soccer,4.76,Old,32,No
sock,4.91,Old,30,No
socket,4.32,Old,25,Yes
soda,4.97,Old,24,Yes
sofa,4.9,Old,32,No
softball,4.89,Old,33,No
soil,4.87,Old,36,No
soldier,4.72,Old,26,Yes
soles,4.17,Old,34,No
sombrero,4.7,Old,30,No
someone,3.71,Old,35,No
son,4.14,Old,27,Yes
songbook,4.63,Old,36,No
souffle,4.57,Old,29,Yes
soup,4.72,Old,25,Yes
sourdough,4.66,Old,34,No
southerner,3.67,Old,31,No
soy,4.7,Old,25,Yes
soybean,4.82,Old,25,Yes
spacesuit,4.96,Old,28,Yes
spade,4.46,Old,29,Yes
spareribs,4.76,Old,30,No
spatula,4.96,Old,36,No
speakers,4.93,Old,25,Yes
spear,5,Old,39,No
spectacles,4.56,Old,25,Yes
spectroscope,4,Old,25,Yes
speedboat,4.87,Old,31,No
spices,4.66,Old,54,No
spider,4.97,Old,25,Yes
spike,4.52,Old,29,Yes
spinach,4.77,Old,29,Yes
spine,4.88,Old,28,Yes
spit,4.71,Old,33,No
splint,4.69,Old,26,Yes
splinter,4.41,Old,27,Yes
spokesman,4.11,Old,27,Yes
sponge,5,Old,24,Yes
spool,4.62,Old,29,Yes
spoon,4.96,Old,34,No
sportswoman,4.32,Old,27,Yes
sportswriter,3.93,Old,33,No
spout,4.67,Old,26,Yes
sprayer,4.62,Old,27,Yes
spreader,3.72,Old,29,Yes
sprinkler,4.89,Old,31,No
sprinter,4.13,Old,36,No
spyglass,4.79,Old,29,Yes
squash,4.7,Old,27,Yes
squeegee,4.75,Old,25,Yes
squirrel,4.89,Old,31,No
stableman,4.73,Old,28,Yes
staff,4.36,Old,31,No
stage,4.64,Old,27,Yes
stagecoach,4.93,Old,29,Yes
staircase,4.66,Old,31,No
stairs,5,Old,52,No
stairwell,4.85,Old,37,No
stake,4.21,Old,34,No
stall,4.37,Old,33,No
stallion,4.72,Old,37,No
stamp,4.7,Old,34,No
staple,4.34,Old,31,No
stapler,4.62,Old,32,No
starch,4.29,Old,28,Yes
stationary,3.95,Old,45,No
statue,4.93,Old,33,No
statuette,4.54,Old,25,Yes
steak,4.96,Old,29,Yes
steamboat,4.9,Old,32,No
steel,4.87,Old,25,Yes
steelworker,4.44,Old,33,No
stem,4.63,Old,28,Yes
stencil,4.83,Old,25,Yes
step,4.54,Old,31,No
stepbrother,4.67,Old,28,Yes
stepchild,4.33,Old,33,No
stepdaughter,4.07,Old,35,No
stepfather,4,Old,29,Yes
stepladder,4.67,Old,33,No
stepson,3.68,Old,28,Yes
stereo,4.63,Old,40,No
steroids,4.52,Old,28,Yes
stethoscope,4.86,Old,35,No
stewardess,4.31,Old,27,Yes
stick,4.59,Old,33,No
stilt,4.5,Old,27,Yes
stirrer,3.83,Old,31,No
stirrup,4.9,Old,31,No
stitching,4.48,Old,26,Yes
stockbroker,4.32,Old,31,No
stocking,4.86,Old,28,Yes
stockings,4.62,Old,35,No
stomach,4.89,Old,27,Yes
stomp,4.41,Old,28,Yes
stone,4.72,Old,36,No
stoneware,4.66,Old,25,Yes
stool,4.9,Old,26,Yes
stoop,4.63,Old,29,Yes
stopwatch,4.92,Old,38,No
store,4.5,Old,33,No
storehouse,4.62,Old,26,Yes
storekeeper,4.69,Old,28,Yes
storeroom,4.5,Old,33,No
storybook,4.92,Old,29,Yes
stove,4.96,Old,33,No
straightedge,4.07,Old,31,No
strainer,4.46,Old,32,No
straitjacket,4.73,Old,37,No
strap,4.79,Old,25,Yes
straw,4.77,Old,32,No
strawberry,5,Old,28,Yes
stream,4.5,Old,36,No
street,4.75,Old,26,Yes
streetcar,4.89,Old,33,No
streets,4.77,Old,30,No
streetwalker,4.33,Old,30,No
stretcher,4.56,Old,36,No
string,4.76,Old,63,No
stroller,4.96,Old,27,Yes
strongbox,4.79,Old,27,Yes
strudel,4.12,Old,27,Yes
student,4.92,Old,25,Yes
stuff,3.13,Old,33,No
submarine,4.8,Old,25,Yes
substance,3.44,Old,26,Yes
subway,4.86,Old,36,No
suds,4.59,Old,28,Yes
suede,4.24,Old,27,Yes
sugar,4.87,Old,29,Yes
sugarcane,4.89,Old,27,Yes
suit,4.97,Old,28,Yes
suitcase,4.97,Old,38,No
summerhouse,4.54,Old,35,No
sundae,4.59,Old,28,Yes
sundeck,4.61,Old,28,Yes
sunflower,4.8,Old,28,Yes
sunglasses,4.83,Old,25,Yes
sunroof,4.68,Old,25,Yes
supermarket,4.57,Old,28,Yes
supervisor,4.26,Old,29,Yes
supper,4.63,Old,29,Yes
surfboard,4.57,Old,30,No
surgeon,4.54,Old,31,No
surveyor,3.85,Old,30,No
sushi,4.96,Old,39,No
suspenders,4.68,Old,72,No
suture,4.15,Old,30,No
swab,4.34,Old,28,Yes
swamp,4.96,Old,34,No
swan,4.96,Old,27,Yes
sweatband,4.37,Old,28,Yes
sweater,4.78,Old,29,Yes
sweatshirt,4.93,Old,27,Yes
sweetener,4.48,Old,33,No
swimsuit,4.78,Old,28,Yes
swing,4.54,Old,31,No
switchblade,5,Old,29,Yes
switchboard,4.61,Old,27,Yes
sword,4.93,Old,35,No
syringe,4.81,Old,51,No
syrup,4.76,Old,36,No
tabasco,4.59,Old,32,No
table,4.9,Old,26,Yes
tablecloth,4.85,Old,27,Yes
tablespoon,5,Old,28,Yes
tablet,4.82,Old,26,Yes
tableware,4.65,Old,27,Yes
tabloid,4.07,Old,28,Yes
taco,4.93,Old,26,Yes
taffy,4.79,Old,36,No
tag,4.25,Old,27,Yes
tailcoat,4.67,Old,27,Yes
taillight,4.86,Old,28,Yes
tailor,4.67,Old,31,No
talisman,4.15,Old,31,No
tambourine,4.86,Old,33,No
tampon,4.86,Old,36,No
tangerine,4.81,Old,28,Yes
tank,4.8,Old,36,No
tape,4.9,Old,34,No
tapestry,4.52,Old,27,Yes
tapioca,4.64,Old,31,No
tar,4.78,Old,33,No
tartar,4.4,Old,29,Yes
tattoo,4.71,Old,35,No
tavern,4.78,Old,27,Yes
taxi,4.93,Old,36,No
taxpayer,4.14,Old,31,No
tea,4.69,Old,27,Yes
teabag,4.82,Old,30,No
teacher,4.52,Old,28,Yes
teacup,4.92,Old,27,Yes
teahouse,4.57,Old,26,Yes
teakettle,4.97,Old,27,Yes
teakwood,4.62,Old,27,Yes
teammate,4.15,Old,24,Yes
teapot,4.96,Old,29,Yes
tear,4.56,Old,29,Yes
teardrop,4.56,Old,32,No
tearoom,4.58,Old,27,Yes
teaspoon,4.76,Old,29,Yes
teaspoonful,4.27,Old,37,No
technician,4.1,Old,27,Yes
teenager,4.34,Old,32,No
teeth,4.96,Old,33,No
telescope,5,Old,32,No
television,4.83,Old,26,Yes
temple,4.53,Old,26,Yes
tenant,4.55,Old,30,No
tenderloin,4.39,Old,29,Yes
tent,4.96,Old,33,No
tepee,4.85,Old,36,No
termite,4.7,Old,36,No
terrace,4.67,Old,26,Yes
terrier,4.62,Old,34,No
terrycloth,4.55,Old,32,No
testes,4.54,Old,28,Yes
testicle,4.59,Old,25,Yes
textile,4.23,Old,26,Yes
theatergoer,3.92,Old,31,No
theologian,3.76,Old,31,No
therapist,4.52,Old,27,Yes
thermometer,4.96,Old,27,Yes
thermos,4.67,Old,25,Yes
thermostat,4.87,Old,24,Yes
thesaurus,4.79,Old,26,Yes
thigh,4.9,Old,31,No
thimble,5,Old,28,Yes
thong,4.93,Old,33,No
thorn,5,Old,28,Yes
thread,4.83,Old,30,No
throat,4.97,Old,37,No
throne,4.64,Old,28,Yes
thumb,4.96,Old,32,No
thumbnail,4.5,Old,27,Yes
thumbscrew,4.32,Old,28,Yes
thumbtack,4.96,Old,26,Yes
thyme,4.96,Old,28,Yes
ticket,4.7,Old,33,No
tickler,3.76,Old,25,Yes
tie,4.81,Old,34,No
tightrope,4.78,Old,36,No
tights,4.62,Old,34,No
tile,4.68,Old,30,No
tiller,4.26,Old,37,No
timber,4.9,Old,30,No
timepiece,4.36,Old,25,Yes
tin,4.87,Old,34,No
tinderbox,4.79,Old,24,Yes
tinfoil,4.96,Old,36,No
tinplate,4,Old,34,No
tinsel,4.82,Old,27,Yes
tire,5,Old,24,Yes
tissue,4.93,Old,26,Yes
toast,4.93,Old,29,Yes
toaster,4.9,Old,25,Yes
toastmaster,3.88,Old,28,Yes
tobacco,4.88,Old,38,No
toboggan,4.76,Old,33,No
toddler,4.29,Old,35,No
toe,4.93,Old,28,Yes
toffee,4.89,Old,40,No
tofu,4.86,Old,33,No
toga,4.73,Old,27,Yes
toilet,4.97,Old,35,No
toiletry,4.52,Old,29,Yes
token,4.3,Old,29,Yes
tomahawk,4.83,Old,28,Yes
tomato,5,Old,26,Yes
tomb,4.73,Old,39,No
tombstone,4.71,Old,33,No
tongs,5,Old,55,No
tongue,4.93,Old,38,No
tonic,4.1,Old,37,No
tool,4.6,Old,25,Yes
tooth,4.89,Old,37,No
toothbrush,5,Old,28,Yes
toothpaste,4.97,Old,27,Yes
toothpick,4.93,Old,25,Yes
topsoil,4.85,Old,29,Yes
torch,4.76,Old,27,Yes
torchlight,4.28,Old,31,No
torso,4.83,Old,27,Yes
tortilla,4.89,Old,36,No
tortoise,4.87,Old,36,No
tote,4.38,Old,38,No
toupee,4.65,Old,27,Yes
tourist,4.59,Old,26,Yes
tourniquet,4.5,Old,27,Yes
towel,4.86,Old,24,Yes
tower,4.76,Old,36,No
townsfolk,3.82,Old,59,No
toy,4.93,Old,29,Yes
track,4.31,Old,27,Yes
tracksuit,4.73,Old,33,No
tractor,5,Old,27,Yes
tradesman,4.07,Old,27,Yes
trailer,4.79,Old,27,Yes
train,4.79,Old,35,No
trainee,3.89,Old,26,Yes
trainer,4.31,Old,28,Yes
trampoline,5,Old,26,Yes
tranquilizer,4.55,Old,60,No
trap,4.3,Old,27,Yes
trapeze,4.55,Old,27,Yes
trash,4.7,Old,27,Yes
trashcan,4.86,Old,28,Yes
traveler,4.07,Old,68,No
tray,4.74,Old,32,No
treadmill,4.93,Old,30,No
treasure,4.32,Old,39,No
treat,3.79,Old,27,Yes
tree,5,Old,38,No
trench,4.46,Old,31,No
triceps,4.46,Old,29,Yes
tricycle,4.68,Old,36,No
trigger,4.31,Old,37,No
trinket,4.48,Old,29,Yes
tripod,4.72,Old,25,Yes
trolley,4.73,Old,29,Yes
trombone,4.9,Old,38,No
trophy,4.89,Old,25,Yes
trousers,4.93,Old,34,No
trout,4.72,Old,27,Yes
truck,4.84,Old,55,No
trumpet,4.86,Old,34,No
trunk,4.71,Old,25,Yes
tub,4.64,Old,37,No
tuba,4.86,Old,32,No
tube,4.82,Old,30,No
tubing,4.38,Old,25,Yes
tugboat,4.78,Old,33,No
tulip,5,Old,27,Yes
tumbler,4.08,Old,27,Yes
tummy,4.68,Old,39,No
tuna,4.89,Old,29,Yes
tunic,3.75,Old,27,Yes
turban,4.76,Old,31,No
turf,4.1,Old,28,Yes
turkey,4.89,Old,25,Yes
turnip,4.79,Old,29,Yes
turntable,4.57,Old,29,Yes
turtle,5,Old,25,Yes
turtleneck,4.7,Old,29,Yes
tutor,4.28,Old,24,Yes
tutu,4.68,Old,26,Yes
tuxedo,4.86,Old,35,No
tweezer,4.89,Old,26,Yes
twig,4.75,Old,37,No
twine,4.03,Old,35,No
typewriter,4.88,Old,28,Yes
ukulele,4.62,Old,26,Yes
umbrella,5,Old,29,Yes
uncle,4.24,Old,32,No
underclothes,4.66,Old,53,No
undercoat,4.5,Old,25,Yes
undershirt,5,Old,34,No
underwear,4.96,Old,88,No
uniform,4.67,Old,27,Yes
upholstery,4.65,Old,34,No
urinal,4.6,Old,32,No
urn,4.61,Old,26,Yes
vaccine,4.69,Old,24,Yes
vacuum,4.22,Old,27,Yes
vagina,4.82,Old,59,No
valet,4.26,Old,31,No
valve,4.83,Old,26,Yes
van,4.72,Old,38,No
vanilla,4.68,Old,29,Yes
vase,5,Old,39,No
vaseline,4.9,Old,27,Yes
veal,4.75,Old,26,Yes
vegetable,4.89,Old,32,No
vegetation,4.45,Old,27,Yes
vehicle,4.64,Old,26,Yes
veil,4.45,Old,26,Yes
vein,4.63,Old,34,No
velvet,4.44,Old,33,No
vendor,4.5,Old,38,No
ventilator,4.04,Old,27,Yes
vermicelli,4.52,Old,27,Yes
vermouth,4.16,Old,27,Yes
vessel,4.66,Old,29,Yes
vest,4.52,Old,33,No
veterinarian,4.46,Old,25,Yes
vibrator,4.64,Old,25,Yes
videotape,4.92,Old,26,Yes
viewfinder,4.44,Old,38,No
village,4.89,Old,38,No
villager,4.24,Old,27,Yes
vinaigrette,4.52,Old,31,No
vine,4.86,Old,33,No
vinegar,4.89,Old,31,No
vinyl,4.54,Old,31,No
viola,4.54,Old,26,Yes
violin,4.96,Old,28,Yes
violinist,4.84,Old,28,Yes
virgin,3.31,Old,34,No
visor,4.66,Old,29,Yes
vitamins,4.5,Old,72,No
vocalist,4.2,Old,24,Yes
vodka,4.97,Old,38,No
volleyball,4.93,Old,26,Yes
vomit,4.75,Old,26,Yes
voter,3.93,Old,24,Yes
vulva,4.5,Old,27,Yes
wafer,4.56,Old,38,No
waffle,4.71,Old,28,Yes
wagon,4.89,Old,36,No
waist,4.72,Old,26,Yes
waistband,4.79,Old,29,Yes
waistcoat,4.63,Old,32,No
waiter,4.67,Old,37,No
waitress,4.56,Old,26,Yes
walker,4.42,Old,36,No
wall,4.86,Old,29,Yes
wallboard,4.5,Old,27,Yes
wallet,4.81,Old,35,No
wallpaper,4.62,Old,36,No
walnut,4.97,Old,28,Yes
walrus,5,Old,27,Yes
wand,4.73,Old,34,No
warden,4.27,Old,35,No
wart,4.89,Old,27,Yes
washbasin,4.74,Old,25,Yes
washboard,4.86,Old,26,Yes
washbowl,4.76,Old,35,No
washcloth,4.93,Old,34,No
washer,4.7,Old,37,No
washerwoman,3.92,Old,26,Yes
washroom,4.76,Old,27,Yes
washstand,4.85,Old,31,No
waste,3.24,Old,30,No
wastebasket,4.63,Old,26,Yes
watch,4.61,Old,38,No
watchband,5,Old,24,Yes
watchdog,4.29,Old,30,No
watchmaker,4.36,Old,37,No
water,5,Old,25,Yes
watercress,4.31,Old,27,Yes
watermelon,4.89,Old,37,No
wax,4.97,Old,25,Yes
waxwork,3.96,Old,24,Yes
weapon,4.76,Old,62,No
weatherman,4.73,Old,24,Yes
web,4.37,Old,34,No
weed,4.9,Old,24,Yes
wench,3.86,Old,27,Yes
wheat,4.89,Old,27,Yes
wheel,4.86,Old,27,Yes
wheelbarrow,4.79,Old,29,Yes
wheelchair,4.93,Old,27,Yes
wheelhouse,4.56,Old,27,Yes
whip,4.68,Old,31,No
whirlpool,4.64,Old,25,Yes
whisk,4.33,Old,29,Yes
whiskers,4.89,Old,59,No
whiskey,4.74,Old,60,No
whistle,4.42,Old,30,No
wife,4.13,Old,27,Yes
wig,4.72,Old,26,Yes
wigmaker,4.11,Old,25,Yes
wildcat,4.79,Old,30,No
wildlife,4.26,Old,28,Yes
winch,4.4,Old,25,Yes
windbreaker,4.12,Old,26,Yes
window,4.86,Old,24,Yes
windowpane,4.86,Old,27,Yes
windowsill,4.7,Old,31,No
windshield,4.86,Old,28,Yes
windsock,4.39,Old,27,Yes
wine,4.79,Old,32,No
wineglass,4.93,Old,28,Yes
wing,4.86,Old,33,No
wingman,3.61,Old,29,Yes
wiper,4.56,Old,27,Yes
wiring,4.64,Old,33,No
wishbone,4.68,Old,28,Yes
wolfhound,4.8,Old,28,Yes
woman,4.46,Old,36,No
wood,4.85,Old,25,Yes
woodblock,4.59,Old,34,No
woodcarver,4.59,Old,25,Yes
woodcraft,4.15,Old,31,No
woodcutter,4.54,Old,27,Yes
woodpecker,4.93,Old,29,Yes
woodpile,5,Old,26,Yes
woods,4.87,Old,30,No
woodshed,4.68,Old,33,No
woodwind,4.43,Old,28,Yes
woodwork,4.45,Old,33,No
wool,4.86,Old,32,No
workbench,4.62,Old,27,Yes
workbook,4.57,Old,36,No
worker,4.59,Old,32,No
workroom,4.66,Old,27,Yes
worksheet,4.66,Old,27,Yes
workshop,4.54,Old,27,Yes
worm,4.9,Old,36,No
wound,4.24,Old,61,No
wrapper,4.39,Old,31,No
wreath,4.93,Old,27,Yes
wrench,4.93,Old,27,Yes
wrestler,4.42,Old,28,Yes
wrist,4.93,Old,28,Yes
wristband,4.79,Old,28,Yes
wristlet,4.38,Old,29,Yes
wristwatch,4.85,Old,27,Yes
xylophone,4.75,Old,28,Yes
yacht,4.97,Old,32,No
yachtsman,4.35,Old,25,Yes
yam,4.93,Old,34,No
yardstick,4.69,Old,31,No
yarn,4.93,Old,29,Yes
yearbook,4.58,Old,36,No
yoga,4.53,Old,39,No
yogurt,4.9,Old,26,Yes
yolk,4.78,Old,25,Yes
you,4.11,Old,26,Yes
yourself,4.39,Old,28,Yes
zipper,4.83,Old,28,Yes
zucchini,4.87,Old,31,No
antelope,5,New,0,Yes
barracuda,5,New,0,Yes
blackbird,5,New,0,Yes
boots,5,New,0,Yes
cobra,5,New,0,Yes
eagle,5,New,0,Yes
parrot,5,New,0,Yes
penguin,5,New,0,Yes
penis,5,New,0,Yes
porcupine,5,New,0,Yes
rattlesnake,5,New,0,Yes
seagull,5,New,0,Yes
snake,5,New,0,Yes
spaghetti,5,New,0,Yes
toad,5,New,0,Yes
whisky,5,New,0,Yes
bluebird,4.97,New,0,Yes
bluejay,4.97,New,0,Yes
chipmunk,4.97,New,0,Yes
fox,4.97,New,0,Yes
glove,4.97,New,0,Yes
gorilla,4.97,New,0,Yes
moose,4.97,New,0,Yes
rafter,4.97,New,0,Yes
serpent,4.97,New,0,Yes
alligator,4.96,New,0,Yes
anvil,4.96,New,0,Yes
bumblebee,4.96,New,0,Yes
caboose,4.96,New,0,Yes
cave,4.96,New,0,Yes
chimp,4.96,New,0,Yes
cockroach,4.96,New,0,Yes
coyote,4.96,New,0,Yes
crawlspace,4.96,New,0,Yes
hornet,4.96,New,0,Yes
hummingbird,4.96,New,0,Yes
island,4.96,New,0,Yes
kerosene,4.96,New,0,Yes
lion,4.96,New,0,Yes
mayo,4.96,New,0,Yes
muskrat,4.96,New,0,Yes
needles,4.96,New,0,Yes
noodles,4.96,New,0,Yes
pelican,4.96,New,0,Yes
pyramid,4.96,New,0,Yes
python,4.96,New,0,Yes
redwood,4.96,New,0,Yes
tail,4.96,New,0,Yes
wasp,4.96,New,0,Yes
whale,4.96,New,0,Yes
anaconda,4.93,New,0,Yes
bagpipes,4.93,New,0,Yes
beehive,4.93,New,0,Yes
bobcat,4.93,New,0,Yes
butterfly,4.93,New,0,Yes
cemetery,4.93,New,0,Yes
chopstick,4.93,New,0,Yes
churchyard,4.93,New,0,Yes
coliseum,4.93,New,0,Yes
crackers,4.93,New,0,Yes
crow,4.93,New,0,Yes
elk,4.93,New,0,Yes
emerald,4.93,New,0,Yes
groundhog,4.93,New,0,Yes
gunshot,4.93,New,0,Yes
hawk,4.93,New,0,Yes
hippo,4.93,New,0,Yes
hippopotamus,4.93,New,0,Yes
jellyfish,4.93,New,0,Yes
office,4.93,New,0,Yes
opossum,4.93,New,0,Yes
owl,4.93,New,0,Yes
panther,4.93,New,0,Yes
rainfall,4.93,New,0,Yes
shark,4.93,New,0,Yes
stair,4.93,New,0,Yes
tapeworm,4.93,New,0,Yes
text,4.93,New,0,Yes
ashes,4.92,New,0,Yes
baboon,4.92,New,0,Yes
caribou,4.92,New,0,Yes
limes,4.92,New,0,Yes
mast,4.92,New,0,Yes
moonstone,4.92,New,0,Yes
rosewood,4.92,New,0,Yes
theater,4.92,New,0,Yes
waterbird,4.92,New,0,Yes
armadillo,4.9,New,0,Yes
ax,4.9,New,0,Yes
church,4.9,New,0,Yes
clown,4.9,New,0,Yes
falcon,4.9,New,0,Yes
monkey,4.9,New,0,Yes
moon,4.9,New,0,Yes
rhino,4.9,New,0,Yes
scissor,4.9,New,0,Yes
scoreboard,4.9,New,0,Yes
starfish,4.9,New,0,Yes
waterfall,4.9,New,0,Yes
anthill,4.89,New,0,Yes
breast,4.89,New,0,Yes
corpse,4.89,New,0,Yes
drawbridge,4.89,New,0,Yes
flea,4.89,New,0,Yes
graves,4.89,New,0,Yes
mackerel,4.89,New,0,Yes
patio,4.89,New,0,Yes
racetrack,4.89,New,0,Yes
seahorse,4.89,New,0,Yes
shrubbery,4.89,New,0,Yes
snout,4.89,New,0,Yes
swordfish,4.89,New,0,Yes
trucks,4.89,New,0,Yes
underpants,4.89,New,0,Yes
bear,4.88,New,0,Yes
bee,4.88,New,0,Yes
candelabra,4.88,New,0,Yes
dam,4.88,New,0,Yes
gardenia,4.88,New,0,Yes
guppy,4.88,New,0,Yes
hare,4.88,New,0,Yes
hemlock,4.88,New,0,Yes
lard,4.88,New,0,Yes
motorway,4.88,New,0,Yes
sickle,4.88,New,0,Yes
skunk,4.88,New,0,Yes
stovepipe,4.88,New,0,Yes
airport,4.87,New,0,Yes
dinosaur,4.87,New,0,Yes
knuckles,4.87,New,0,Yes
shoreline,4.87,New,0,Yes
anteater,4.86,New,0,Yes
asteroid,4.86,New,0,Yes
cornea,4.86,New,0,Yes
courthouse,4.86,New,0,Yes
farmland,4.86,New,0,Yes
fireworks,4.86,New,0,Yes
honeybee,4.86,New,0,Yes
kangaroo,4.86,New,0,Yes
neckline,4.86,New,0,Yes
otter,4.86,New,0,Yes
ox,4.86,New,0,Yes
pawnshop,4.86,New,0,Yes
peninsula,4.86,New,0,Yes
pollen,4.86,New,0,Yes
rainstorm,4.86,New,0,Yes
raven,4.86,New,0,Yes
sketchpad,4.86,New,0,Yes
snowstorm,4.86,New,0,Yes
sunlamp,4.86,New,0,Yes
turpentine,4.86,New,0,Yes
zebra,4.86,New,0,Yes
ammo,4.85,New,0,Yes
bull,4.85,New,0,Yes
catsup,4.85,New,0,Yes
ceiling,4.85,New,0,Yes
foam,4.85,New,0,Yes
gargoyle,4.85,New,0,Yes
gutter,4.85,New,0,Yes
hemp,4.85,New,0,Yes
landmine,4.85,New,0,Yes
marsh,4.85,New,0,Yes
mold,4.85,New,0,Yes
pajama,4.85,New,0,Yes
raceway,4.85,New,0,Yes
sparrow,4.85,New,0,Yes
sunfish,4.85,New,0,Yes
bookshop,4.84,New,0,Yes
cyclist,4.84,New,0,Yes
gator,4.84,New,0,Yes
sealskin,4.84,New,0,Yes
tumbleweed,4.84,New,0,Yes
asphalt,4.83,New,0,Yes
billboard,4.83,New,0,Yes
bonfire,4.83,New,0,Yes
cocoon,4.83,New,0,Yes
dragonfly,4.83,New,0,Yes
ferry,4.83,New,0,Yes
gnat,4.83,New,0,Yes
hive,4.83,New,0,Yes
jail,4.83,New,0,Yes
missile,4.83,New,0,Yes
picnic,4.83,New,0,Yes
platypus,4.83,New,0,Yes
scaffolding,4.83,New,0,Yes
slaughterhouse,4.83,New,0,Yes
sloth,4.83,New,0,Yes
sphinx,4.83,New,0,Yes
sun,4.83,New,0,Yes
tarantula,4.83,New,0,Yes
thunderstorm,4.83,New,0,Yes
yoke,4.83,New,0,Yes
alley,4.82,New,0,Yes
cougar,4.82,New,0,Yes
crossbeam,4.82,New,0,Yes
flagstone,4.82,New,0,Yes
gladiator,4.82,New,0,Yes
grate,4.82,New,0,Yes
lava,4.82,New,0,Yes
lung,4.82,New,0,Yes
oak,4.82,New,0,Yes
sperm,4.82,New,0,Yes
streetlight,4.82,New,0,Yes
toadstool,4.82,New,0,Yes
tunnel,4.82,New,0,Yes
welder,4.82,New,0,Yes
yard,4.82,New,0,Yes
albatross,4.81,New,0,Yes
alpaca,4.81,New,0,Yes
bay,4.81,New,0,Yes
capes,4.81,New,0,Yes
flamingo,4.81,New,0,Yes
hole,4.81,New,0,Yes
macaw,4.81,New,0,Yes
orangutan,4.81,New,0,Yes
piston,4.81,New,0,Yes
rump,4.81,New,0,Yes
teleprompter,4.81,New,0,Yes
tweed,4.81,New,0,Yes
waterspout,4.81,New,0,Yes
zoo,4.81,New,0,Yes
banner,4.8,New,0,Yes
boar,4.8,New,0,Yes
coalmine,4.8,New,0,Yes
fortress,4.8,New,0,Yes
grain,4.8,New,0,Yes
locust,4.8,New,0,Yes
officer,4.8,New,0,Yes
prairie,4.8,New,0,Yes
sit,4.8,New,0,Yes
spacecraft,4.8,New,0,Yes
talon,4.8,New,0,Yes
vineyard,4.8,New,0,Yes
amplifier,4.79,New,0,Yes
ape,4.79,New,0,Yes
barnyard,4.79,New,0,Yes
beanpole,4.79,New,0,Yes
blackheads,4.79,New,0,Yes
breadfruit,4.79,New,0,Yes
brickyard,4.79,New,0,Yes
bucktooth,4.79,New,0,Yes
bunker,4.79,New,0,Yes
buttock,4.79,New,0,Yes
cannon,4.79,New,0,Yes
chandelier,4.79,New,0,Yes
city,4.79,New,0,Yes
cob,4.79,New,0,Yes
emu,4.79,New,0,Yes
firebomb,4.79,New,0,Yes
knight,4.79,New,0,Yes
orchestra,4.79,New,0,Yes
pancreas,4.79,New,0,Yes
roof,4.79,New,0,Yes
room,4.79,New,0,Yes
saucer,4.79,New,0,Yes
shipyard,4.79,New,0,Yes
skylight,4.79,New,0,Yes
somersault,4.79,New,0,Yes
stadium,4.79,New,0,Yes
steamroller,4.79,New,0,Yes
syringes,4.79,New,0,Yes
villa,4.79,New,0,Yes
wolf,4.79,New,0,Yes
woodworm,4.79,New,0,Yes
barrack,4.78,New,0,Yes
boardwalk,4.78,New,0,Yes
garter,4.78,New,0,Yes
gramophone,4.78,New,0,Yes
hillside,4.78,New,0,Yes
incinerator,4.78,New,0,Yes
leaves,4.78,New,0,Yes
parenthesis,4.78,New,0,Yes
pasture,4.78,New,0,Yes
skydiver,4.78,New,0,Yes
sleet,4.78,New,0,Yes
speedometer,4.78,New,0,Yes
stripper,4.78,New,0,Yes
stump,4.78,New,0,Yes
eucalyptus,4.77,New,0,Yes
haircut,4.77,New,0,Yes
koala,4.77,New,0,Yes
lilly,4.77,New,0,Yes
nutcrackers,4.77,New,0,Yes
sharkskin,4.77,New,0,Yes
silverfish,4.77,New,0,Yes
blimp,4.76,New,0,Yes
classroom,4.76,New,0,Yes
fin,4.76,New,0,Yes
gecko,4.76,New,0,Yes
grove,4.76,New,0,Yes
hydrant,4.76,New,0,Yes
ivory,4.76,New,0,Yes
ladybird,4.76,New,0,Yes
packhorse,4.76,New,0,Yes
piranha,4.76,New,0,Yes
rectangle,4.76,New,0,Yes
schoolmaster,4.76,New,0,Yes
skyscraper,4.76,New,0,Yes
spud,4.76,New,0,Yes
tusk,4.76,New,0,Yes
headstand,4.75,New,0,Yes
horsehair,4.75,New,0,Yes
lumberjack,4.75,New,0,Yes
mockingbird,4.75,New,0,Yes
monastery,4.75,New,0,Yes
panda,4.75,New,0,Yes
pheasant,4.75,New,0,Yes
quicksand,4.75,New,0,Yes
reservoir,4.75,New,0,Yes
rhinoceros,4.75,New,0,Yes
rooster,4.75,New,0,Yes
skating,4.75,New,0,Yes
strings,4.75,New,0,Yes
windpipe,4.75,New,0,Yes
arcade,4.74,New,0,Yes
buzzard,4.74,New,0,Yes
dome,4.74,New,0,Yes
duct,4.74,New,0,Yes
intestines,4.74,New,0,Yes
milkmaid,4.74,New,0,Yes
nightstick,4.74,New,0,Yes
omelette,4.74,New,0,Yes
park,4.74,New,0,Yes
pentagram,4.74,New,0,Yes
persimmon,4.74,New,0,Yes
sandstone,4.74,New,0,Yes
sawmill,4.74,New,0,Yes
steeple,4.74,New,0,Yes
weasel,4.74,New,0,Yes
bearskin,4.73,New,0,Yes
boulevard,4.73,New,0,Yes
bruise,4.73,New,0,Yes
clergyman,4.73,New,0,Yes
copperhead,4.73,New,0,Yes
crankshaft,4.73,New,0,Yes
dingo,4.73,New,0,Yes
giraffe,4.73,New,0,Yes
highschool,4.73,New,0,Yes
kennel,4.73,New,0,Yes
mane,4.73,New,0,Yes
piss,4.73,New,0,Yes
possum,4.73,New,0,Yes
prong,4.73,New,0,Yes
ranch,4.73,New,0,Yes
rocket,4.73,New,0,Yes
salon,4.73,New,0,Yes
satellite,4.73,New,0,Yes
smokestack,4.73,New,0,Yes
surfer,4.73,New,0,Yes
tassel,4.73,New,0,Yes
vulture,4.73,New,0,Yes
anchorman,4.72,New,0,Yes
bulletin,4.72,New,0,Yes
daggers,4.72,New,0,Yes
fort,4.72,New,0,Yes
gazelle,4.72,New,0,Yes
mill,4.72,New,0,Yes
mullets,4.72,New,0,Yes
mummy,4.72,New,0,Yes
princess,4.72,New,0,Yes
quartz,4.72,New,0,Yes
rudder,4.72,New,0,Yes
slap,4.72,New,0,Yes
stork,4.72,New,0,Yes
stripe,4.72,New,0,Yes
sunbather,4.72,New,0,Yes
tonsil,4.72,New,0,Yes
valley,4.72,New,0,Yes
yeast,4.72,New,0,Yes
apartments,4.71,New,0,Yes
cartilage,4.71,New,0,Yes
frankincense,4.71,New,0,Yes
kingfisher,4.71,New,0,Yes
monorail,4.71,New,0,Yes
navel,4.71,New,0,Yes
ostrich,4.71,New,0,Yes
pigeon,4.71,New,0,Yes
pope,4.71,New,0,Yes
roadblock,4.71,New,0,Yes
shaft,4.71,New,0,Yes
silt,4.71,New,0,Yes
squid,4.71,New,0,Yes
sweat,4.71,New,0,Yes
uterus,4.71,New,0,Yes
whey,4.71,New,0,Yes
airfield,4.7,New,0,Yes
army,4.7,New,0,Yes
ballroom,4.7,New,0,Yes
breadboard,4.7,New,0,Yes
campground,4.7,New,0,Yes
cheetah,4.7,New,0,Yes
glacier,4.7,New,0,Yes
gong,4.7,New,0,Yes
gunsmith,4.7,New,0,Yes
heliport,4.7,New,0,Yes
lobby,4.7,New,0,Yes
manor,4.7,New,0,Yes
market,4.7,New,0,Yes
meter,4.7,New,0,Yes
patch,4.7,New,0,Yes
preacher,4.7,New,0,Yes
reed,4.7,New,0,Yes
reef,4.7,New,0,Yes
ripcord,4.7,New,0,Yes
sergeant,4.7,New,0,Yes
snakebite,4.7,New,0,Yes
spaniel,4.7,New,0,Yes
spearmint,4.7,New,0,Yes
spleen,4.7,New,0,Yes
storm,4.7,New,0,Yes
swordsman,4.7,New,0,Yes
whisker,4.7,New,0,Yes
bald,4.69,New,0,Yes
blowfish,4.69,New,0,Yes
cogwheel,4.69,New,0,Yes
crevasse,4.69,New,0,Yes
dewdrop,4.69,New,0,Yes
genitalia,4.69,New,0,Yes
humpback,4.69,New,0,Yes
jean,4.69,New,0,Yes
lab,4.69,New,0,Yes
mastiff,4.69,New,0,Yes
measles,4.69,New,0,Yes
moat,4.69,New,0,Yes
pendulum,4.69,New,0,Yes
petroleum,4.69,New,0,Yes
poppy,4.69,New,0,Yes
riverbed,4.69,New,0,Yes
star,4.69,New,0,Yes
sternum,4.69,New,0,Yes
sunrise,4.69,New,0,Yes
tollgate,4.69,New,0,Yes
ulcer,4.69,New,0,Yes
viper,4.69,New,0,Yes
watermill,4.69,New,0,Yes
wick,4.69,New,0,Yes
airstrip,4.68,New,0,Yes
axes,4.68,New,0,Yes
beaver,4.68,New,0,Yes
bison,4.68,New,0,Yes
blizzard,4.68,New,0,Yes
bullring,4.68,New,0,Yes
canal,4.68,New,0,Yes
chameleon,4.68,New,0,Yes
fire,4.68,New,0,Yes
gallstone,4.68,New,0,Yes
geyser,4.68,New,0,Yes
herring,4.68,New,0,Yes
liver,4.68,New,0,Yes
petticoat,4.68,New,0,Yes
pipeline,4.68,New,0,Yes
pit,4.68,New,0,Yes
prison,4.68,New,0,Yes
rupee,4.68,New,0,Yes
saloonkeeper,4.68,New,0,Yes
snapshot,4.68,New,0,Yes
sparkler,4.68,New,0,Yes
whetstone,4.68,New,0,Yes
ark,4.67,New,0,Yes
bloodstain,4.67,New,0,Yes
brushes,4.67,New,0,Yes
catacomb,4.67,New,0,Yes
comet,4.67,New,0,Yes
crossroads,4.67,New,0,Yes
cub,4.67,New,0,Yes
drawer,4.67,New,0,Yes
ferryman,4.67,New,0,Yes
flock,4.67,New,0,Yes
floodlight,4.67,New,0,Yes
gopher,4.67,New,0,Yes
harpoon,4.67,New,0,Yes
laundryman,4.67,New,0,Yes
pagoda,4.67,New,0,Yes
passageway,4.67,New,0,Yes
raccoon,4.67,New,0,Yes
rifleman,4.67,New,0,Yes
shepherd,4.67,New,0,Yes
smack,4.67,New,0,Yes
spa,4.67,New,0,Yes
traffic,4.67,New,0,Yes
waterfront,4.67,New,0,Yes
barge,4.66,New,0,Yes
boardroom,4.66,New,0,Yes
buzzer,4.66,New,0,Yes
calves,4.66,New,0,Yes
colon,4.66,New,0,Yes
dozen,4.66,New,0,Yes
fog,4.66,New,0,Yes
graph,4.66,New,0,Yes
hailstorm,4.66,New,0,Yes
hymen,4.66,New,0,Yes
jackrabbit,4.66,New,0,Yes
jungle,4.66,New,0,Yes
landlord,4.66,New,0,Yes
lane,4.66,New,0,Yes
manatee,4.66,New,0,Yes
mural,4.66,New,0,Yes
nudist,4.66,New,0,Yes
plankton,4.66,New,0,Yes
toucan,4.66,New,0,Yes
comma,4.65,New,0,Yes
flywheel,4.65,New,0,Yes
mike,4.65,New,0,Yes
orphanage,4.65,New,0,Yes
quail,4.65,New,0,Yes
rattail,4.65,New,0,Yes
scabbard,4.65,New,0,Yes
tortoiseshell,4.65,New,0,Yes
university,4.65,New,0,Yes
yak,4.65,New,0,Yes
brassiere,4.64,New,0,Yes
campus,4.64,New,0,Yes
cylinder,4.64,New,0,Yes
dung,4.64,New,0,Yes
flint,4.64,New,0,Yes
fly,4.64,New,0,Yes
freckles,4.64,New,0,Yes
handmaiden,4.64,New,0,Yes
inn,4.64,New,0,Yes
jester,4.64,New,0,Yes
jury,4.64,New,0,Yes
molehill,4.64,New,0,Yes
neighbor,4.64,New,0,Yes
rabbi,4.64,New,0,Yes
ratchet,4.64,New,0,Yes
sachet,4.64,New,0,Yes
sagebrush,4.64,New,0,Yes
sax,4.64,New,0,Yes
schoolmate,4.64,New,0,Yes
schoolroom,4.64,New,0,Yes
siding,4.64,New,0,Yes
sprout,4.64,New,0,Yes
tit,4.64,New,0,Yes
town,4.64,New,0,Yes
vertebrae,4.64,New,0,Yes
beast,4.63,New,0,Yes
bungalow,4.63,New,0,Yes
butler,4.63,New,0,Yes
cameraman,4.63,New,0,Yes
canary,4.63,New,0,Yes
cartwheel,4.63,New,0,Yes
courtroom,4.63,New,0,Yes
cowgirl,4.63,New,0,Yes
dent,4.63,New,0,Yes
embroidery,4.63,New,0,Yes
gallbladder,4.63,New,0,Yes
machetes,4.63,New,0,Yes
mound,4.63,New,0,Yes
oscilloscope,4.63,New,0,Yes
paperwork,4.63,New,0,Yes
pod,4.63,New,0,Yes
sandstorm,4.63,New,0,Yes
seal,4.63,New,0,Yes
shaving,4.63,New,0,Yes
shipbuilding,4.63,New,0,Yes
spotlight,4.63,New,0,Yes
steamship,4.63,New,0,Yes
stonecutter,4.63,New,0,Yes
telegram,4.63,New,0,Yes
aqueduct,4.62,New,0,Yes
cargo,4.62,New,0,Yes
cervix,4.62,New,0,Yes
college,4.62,New,0,Yes
firework,4.62,New,0,Yes
fizz,4.62,New,0,Yes
flintstone,4.62,New,0,Yes
flood,4.62,New,0,Yes
gaslight,4.62,New,0,Yes
hum,4.62,New,0,Yes
morgue,4.62,New,0,Yes
nod,4.62,New,0,Yes
paleontologist,4.62,New,0,Yes
pier,4.62,New,0,Yes
pleat,4.62,New,0,Yes
prawn,4.62,New,0,Yes
rash,4.62,New,0,Yes
rickshaw,4.62,New,0,Yes
rim,4.62,New,0,Yes
semicolon,4.62,New,0,Yes
shipbuilder,4.62,New,0,Yes
signboard,4.62,New,0,Yes
sod,4.62,New,0,Yes
tyrannosaurus,4.62,New,0,Yes
vault,4.62,New,0,Yes
venom,4.62,New,0,Yes
waterhole,4.62,New,0,Yes
chute,4.61,New,0,Yes
crater,4.61,New,0,Yes
dashboard,4.61,New,0,Yes
formaldehyde,4.61,New,0,Yes
kids,4.61,New,0,Yes
liverwurst,4.61,New,0,Yes
mainsail,4.61,New,0,Yes
pound,4.61,New,0,Yes
ravine,4.61,New,0,Yes
robin,4.61,New,0,Yes
sandpiper,4.61,New,0,Yes
stockroom,4.61,New,0,Yes
sunspot,4.61,New,0,Yes
thyroid,4.61,New,0,Yes
tribesman,4.61,New,0,Yes
turtledove,4.61,New,0,Yes
wooden,4.61,New,0,Yes
butternut,4.6,New,0,Yes
collage,4.6,New,0,Yes
grassland,4.6,New,0,Yes
meteorite,4.6,New,0,Yes
sandbar,4.6,New,0,Yes
sheik,4.6,New,0,Yes
sleeveless,4.6,New,0,Yes
wharf,4.6,New,0,Yes
whorehouse,4.6,New,0,Yes
arch,4.59,New,0,Yes
aspen,4.59,New,0,Yes
bobtail,4.59,New,0,Yes
chamber,4.59,New,0,Yes
domino,4.59,New,0,Yes
filter,4.59,New,0,Yes
gnome,4.59,New,0,Yes
graphics,4.59,New,0,Yes
handwriting,4.59,New,0,Yes
hurricane,4.59,New,0,Yes
jockey,4.59,New,0,Yes
lightning,4.59,New,0,Yes
movie,4.59,New,0,Yes
pavilion,4.59,New,0,Yes
pinstripe,4.59,New,0,Yes
pregnant,4.59,New,0,Yes
propane,4.59,New,0,Yes
refinery,4.59,New,0,Yes
sail,4.59,New,0,Yes
senator,4.59,New,0,Yes
sharpshooter,4.59,New,0,Yes
sieve,4.59,New,0,Yes
sill,4.59,New,0,Yes
songbird,4.59,New,0,Yes
stain,4.59,New,0,Yes
tee,4.59,New,0,Yes
telegraph,4.59,New,0,Yes
turbine,4.59,New,0,Yes
windscreen,4.59,New,0,Yes
congressman,4.58,New,0,Yes
entrails,4.58,New,0,Yes
groin,4.58,New,0,Yes
helmeted,4.58,New,0,Yes
hookworm,4.58,New,0,Yes
hovercraft,4.58,New,0,Yes
hula,4.58,New,0,Yes
longshoreman,4.58,New,0,Yes
lungfish,4.58,New,0,Yes
meetinghouse,4.58,New,0,Yes
planet,4.58,New,0,Yes
plastics,4.58,New,0,Yes
slate,4.58,New,0,Yes
sprocket,4.58,New,0,Yes
stockyard,4.58,New,0,Yes
woodsman,4.58,New,0,Yes
abrasion,4.57,New,0,Yes
afterbirth,4.57,New,0,Yes
aviator,4.57,New,0,Yes
barometer,4.57,New,0,Yes
brunette,4.57,New,0,Yes
cavern,4.57,New,0,Yes
cerebellum,4.57,New,0,Yes
chophouse,4.57,New,0,Yes
cove,4.57,New,0,Yes
firebird,4.57,New,0,Yes
flannels,4.57,New,0,Yes
handstand,4.57,New,0,Yes
harbor,4.57,New,0,Yes
hyena,4.57,New,0,Yes
malt,4.57,New,0,Yes
mildew,4.57,New,0,Yes
monogram,4.57,New,0,Yes
palace,4.57,New,0,Yes
quart,4.57,New,0,Yes
seaport,4.57,New,0,Yes
shrapnel,4.57,New,0,Yes
silhouette,4.57,New,0,Yes
speedway,4.57,New,0,Yes
spur,4.57,New,0,Yes
sunburn,4.57,New,0,Yes
surf,4.57,New,0,Yes
tick,4.57,New,0,Yes
traveller,4.57,New,0,Yes
biophysicist,4.56,New,0,Yes
bolero,4.56,New,0,Yes
canon,4.56,New,0,Yes
chickenpox,4.56,New,0,Yes
choirboy,4.56,New,0,Yes
coil,4.56,New,0,Yes
crematory,4.56,New,0,Yes
freckle,4.56,New,0,Yes
frost,4.56,New,0,Yes
longhorn,4.56,New,0,Yes
lumberyard,4.56,New,0,Yes
manger,4.56,New,0,Yes
mountaintop,4.56,New,0,Yes
oilman,4.56,New,0,Yes
pile,4.56,New,0,Yes
rubble,4.56,New,0,Yes
site,4.56,New,0,Yes
stonemason,4.56,New,0,Yes
thorax,4.56,New,0,Yes
trumpeter,4.56,New,0,Yes
tumor,4.56,New,0,Yes
vent,4.56,New,0,Yes
auctioneer,4.55,New,0,Yes
billiard,4.55,New,0,Yes
blindfolded,4.55,New,0,Yes
boxing,4.55,New,0,Yes
campsite,4.55,New,0,Yes
cut,4.55,New,0,Yes
dockyard,4.55,New,0,Yes
footman,4.55,New,0,Yes
fuse,4.55,New,0,Yes
grid,4.55,New,0,Yes
housetops,4.55,New,0,Yes
infirmary,4.55,New,0,Yes
intestine,4.55,New,0,Yes
marsupial,4.55,New,0,Yes
pigtailed,4.55,New,0,Yes
planetarium,4.55,New,0,Yes
ram,4.55,New,0,Yes
spokeswoman,4.55,New,0,Yes
typhoon,4.55,New,0,Yes
vet,4.55,New,0,Yes
watermark,4.55,New,0,Yes
wave,4.55,New,0,Yes
allspice,4.54,New,0,Yes
antifreeze,4.54,New,0,Yes
battlefield,4.54,New,0,Yes
bayou,4.54,New,0,Yes
cinder,4.54,New,0,Yes
cloud,4.54,New,0,Yes
coastline,4.54,New,0,Yes
constable,4.54,New,0,Yes
corral,4.54,New,0,Yes
dike,4.54,New,0,Yes
fender,4.54,New,0,Yes
hedge,4.54,New,0,Yes
iris,4.54,New,0,Yes
logger,4.54,New,0,Yes
midshipman,4.54,New,0,Yes
mosque,4.54,New,0,Yes
newsroom,4.54,New,0,Yes
parade,4.54,New,0,Yes
pesticide,4.54,New,0,Yes
scorekeeper,4.54,New,0,Yes
seismograph,4.54,New,0,Yes
shadow,4.54,New,0,Yes
shoemaker,4.54,New,0,Yes
showroom,4.54,New,0,Yes
sphincter,4.54,New,0,Yes
spice,4.54,New,0,Yes
sunset,4.54,New,0,Yes
suspender,4.54,New,0,Yes
synagogue,4.54,New,0,Yes
tidewater,4.54,New,0,Yes
undercarriage,4.54,New,0,Yes
venus,4.54,New,0,Yes
veranda,4.54,New,0,Yes
weep,4.54,New,0,Yes
attic,4.53,New,0,Yes
bowel,4.53,New,0,Yes
calfskin,4.53,New,0,Yes
cobbler,4.53,New,0,Yes
crack,4.53,New,0,Yes
medication,4.53,New,0,Yes
spades,4.53,New,0,Yes
tornado,4.53,New,0,Yes
abacus,4.52,New,0,Yes
asbestos,4.52,New,0,Yes
barb,4.52,New,0,Yes
bark,4.52,New,0,Yes
blonde,4.52,New,0,Yes
brontosaurus,4.52,New,0,Yes
bullfight,4.52,New,0,Yes
carpetbag,4.52,New,0,Yes
crest,4.52,New,0,Yes
crowd,4.52,New,0,Yes
diarrhea,4.52,New,0,Yes
digit,4.52,New,0,Yes
dunk,4.52,New,0,Yes
explosion,4.52,New,0,Yes
fat,4.52,New,0,Yes
fishery,4.52,New,0,Yes
foyer,4.52,New,0,Yes
hairless,4.52,New,0,Yes
heart,4.52,New,0,Yes
hexagon,4.52,New,0,Yes
honk,4.52,New,0,Yes
horseshit,4.52,New,0,Yes
inkwell,4.52,New,0,Yes
jump,4.52,New,0,Yes
kissing,4.52,New,0,Yes
knitter,4.52,New,0,Yes
lick,4.52,New,0,Yes
mortuary,4.52,New,0,Yes
night,4.52,New,0,Yes
peddler,4.52,New,0,Yes
permafrost,4.52,New,0,Yes
pus,4.52,New,0,Yes
quilting,4.52,New,0,Yes
receipts,4.52,New,0,Yes
rust,4.52,New,0,Yes
saxophonist,4.52,New,0,Yes
sewage,4.52,New,0,Yes
sextuplet,4.52,New,0,Yes
silver,4.52,New,0,Yes
skylark,4.52,New,0,Yes
snapper,4.52,New,0,Yes
sturgeon,4.52,New,0,Yes
thundercloud,4.52,New,0,Yes
towline,4.52,New,0,Yes
triangle,4.52,New,0,Yes
waltz,4.52,New,0,Yes
whitehead,4.52,New,0,Yes
mist,4.51,New,0,Yes
backroom,4.5,New,0,Yes
bailiff,4.5,New,0,Yes
batman,4.5,New,0,Yes
cacti,4.5,New,0,Yes
chlorine,4.5,New,0,Yes
chrome,4.5,New,0,Yes
ditch,4.5,New,0,Yes
drape,4.5,New,0,Yes
fiber,4.5,New,0,Yes
flare,4.5,New,0,Yes
flares,4.5,New,0,Yes
hangar,4.5,New,0,Yes
hosiery,4.5,New,0,Yes
icehouse,4.5,New,0,Yes
infielder,4.5,New,0,Yes
lagoon,4.5,New,0,Yes
larynx,4.5,New,0,Yes
laser,4.5,New,0,Yes
line,4.5,New,0,Yes
loom,4.5,New,0,Yes
loot,4.5,New,0,Yes
lynx,4.5,New,0,Yes
mime,4.5,New,0,Yes
morphine,4.5,New,0,Yes
muscleman,4.5,New,0,Yes
naked,4.5,New,0,Yes
painted,4.5,New,0,Yes
plantation,4.5,New,0,Yes
primates,4.5,New,0,Yes
rattler,4.5,New,0,Yes
ringworm,4.5,New,0,Yes
sheriff,4.5,New,0,Yes
smile,4.5,New,0,Yes
smudge,4.5,New,0,Yes
snowdrop,4.5,New,0,Yes
spray,4.5,New,0,Yes
stateroom,4.5,New,0,Yes
steam,4.5,New,0,Yes
swine,4.5,New,0,Yes
tack,4.5,New,0,Yes
tip,4.5,New,0,Yes
topsail,4.5,New,0,Yes
trident,4.5,New,0,Yes
whitetail,4.5,New,0,Yes
woofer,4.5,New,0,Yes
abscess,4.48,New,0,Yes
artery,4.48,New,0,Yes
backdrop,4.48,New,0,Yes
bladder,4.48,New,0,Yes
bran,4.48,New,0,Yes
brig,4.48,New,0,Yes
brown,4.48,New,0,Yes
brushfire,4.48,New,0,Yes
bud,4.48,New,0,Yes
butterfat,4.48,New,0,Yes
cadaver,4.48,New,0,Yes
candlelight,4.48,New,0,Yes
casebook,4.48,New,0,Yes
chop,4.48,New,0,Yes
cloakroom,4.48,New,0,Yes
column,4.48,New,0,Yes
countryside,4.48,New,0,Yes
crying,4.48,New,0,Yes
cyclone,4.48,New,0,Yes
droppings,4.48,New,0,Yes
exam,4.48,New,0,Yes
goalie,4.48,New,0,Yes
grindstone,4.48,New,0,Yes
hairy,4.48,New,0,Yes
hopscotch,4.48,New,0,Yes
marrow,4.48,New,0,Yes
monsoon,4.48,New,0,Yes
mortar,4.48,New,0,Yes
newsreel,4.48,New,0,Yes
observatory,4.48,New,0,Yes
planking,4.48,New,0,Yes
plastering,4.48,New,0,Yes
platoon,4.48,New,0,Yes
potbelly,4.48,New,0,Yes
ridge,4.48,New,0,Yes
saline,4.48,New,0,Yes
salute,4.48,New,0,Yes
sarcophagus,4.48,New,0,Yes
satinwood,4.48,New,0,Yes
schnapps,4.48,New,0,Yes
sheath,4.48,New,0,Yes
shipment,4.48,New,0,Yes
sinkhole,4.48,New,0,Yes
sonogram,4.48,New,0,Yes
spaceship,4.48,New,0,Yes
spectrometer,4.48,New,0,Yes
sycamore,4.48,New,0,Yes
undergarment,4.48,New,0,Yes
vermin,4.48,New,0,Yes
vitamin,4.48,New,0,Yes
wigwam,4.48,New,0,Yes
alarm,4.47,New,0,Yes
bronze,4.47,New,0,Yes
crawling,4.47,New,0,Yes
farmyard,4.47,New,0,Yes
filmstrip,4.47,New,0,Yes
medics,4.47,New,0,Yes
nudge,4.47,New,0,Yes
prism,4.47,New,0,Yes
shingles,4.47,New,0,Yes
sorcerer,4.47,New,0,Yes
tendon,4.47,New,0,Yes
ad,4.46,New,0,Yes
backstroke,4.46,New,0,Yes
bedrock,4.46,New,0,Yes
bile,4.46,New,0,Yes
birth,4.46,New,0,Yes
carcass,4.46,New,0,Yes
cavalryman,4.46,New,0,Yes
clubfoot,4.46,New,0,Yes
cobalt,4.46,New,0,Yes
condor,4.46,New,0,Yes
coop,4.46,New,0,Yes
cosmonaut,4.46,New,0,Yes
dawn,4.46,New,0,Yes
dune,4.46,New,0,Yes
firebox,4.46,New,0,Yes
hatch,4.46,New,0,Yes
lectern,4.46,New,0,Yes
mansions,4.46,New,0,Yes
metalwork,4.46,New,0,Yes
nightingale,4.46,New,0,Yes
retina,4.46,New,0,Yes
sewer,4.46,New,0,Yes
shilling,4.46,New,0,Yes
song,4.46,New,0,Yes
starlet,4.46,New,0,Yes
stockade,4.46,New,0,Yes
tentacle,4.46,New,0,Yes
trail,4.46,New,0,Yes
turbojet,4.46,New,0,Yes
urinate,4.46,New,0,Yes
vasectomy,4.46,New,0,Yes
wet,4.46,New,0,Yes
whalebone,4.46,New,0,Yes
wreckage,4.46,New,0,Yes
yawn,4.46,New,0,Yes
airliner,4.45,New,0,Yes
archaeologist,4.45,New,0,Yes
bomber,4.45,New,0,Yes
bucketful,4.45,New,0,Yes
chiffon,4.45,New,0,Yes
coastguard,4.45,New,0,Yes
cottontail,4.45,New,0,Yes
crease,4.45,New,0,Yes
dean,4.45,New,0,Yes
droplet,4.45,New,0,Yes
gizzard,4.45,New,0,Yes
gypsy,4.45,New,0,Yes
ironwork,4.45,New,0,Yes
jowl,4.45,New,0,Yes
maze,4.45,New,0,Yes
paste,4.45,New,0,Yes
pentagon,4.45,New,0,Yes
queen,4.45,New,0,Yes
riot,4.45,New,0,Yes
seafront,4.45,New,0,Yes
siren,4.45,New,0,Yes
sixpence,4.45,New,0,Yes
sky,4.45,New,0,Yes
sunlight,4.45,New,0,Yes
vertebra,4.45,New,0,Yes
almanac,4.44,New,0,Yes
ammonia,4.44,New,0,Yes
anthrax,4.44,New,0,Yes
bite,4.44,New,0,Yes
bluebook,4.44,New,0,Yes
cell,4.44,New,0,Yes
circle,4.44,New,0,Yes
eat,4.44,New,0,Yes
fencer,4.44,New,0,Yes
flattop,4.44,New,0,Yes
follicle,4.44,New,0,Yes
gallery,4.44,New,0,Yes
insecticide,4.44,New,0,Yes
nape,4.44,New,0,Yes
obsidian,4.44,New,0,Yes
plaza,4.44,New,0,Yes
prince,4.44,New,0,Yes
punching,4.44,New,0,Yes
showgirl,4.44,New,0,Yes
sleep,4.44,New,0,Yes
sphere,4.44,New,0,Yes
sportsman,4.44,New,0,Yes
twister,4.44,New,0,Yes
underbrush,4.44,New,0,Yes
ventriloquist,4.44,New,0,Yes
washing,4.44,New,0,Yes
wormwood,4.44,New,0,Yes
zeppelin,4.44,New,0,Yes
bracket,4.43,New,0,Yes
brook,4.43,New,0,Yes
circus,4.43,New,0,Yes
citizen,4.43,New,0,Yes
clothing,4.43,New,0,Yes
cockfight,4.43,New,0,Yes
crematorium,4.43,New,0,Yes
crevice,4.43,New,0,Yes
engraver,4.43,New,0,Yes
excrement,4.43,New,0,Yes
firelight,4.43,New,0,Yes
floodgate,4.43,New,0,Yes
gang,4.43,New,0,Yes
gauntlet,4.43,New,0,Yes
hem,4.43,New,0,Yes
lioness,4.43,New,0,Yes
list,4.43,New,0,Yes
locked,4.43,New,0,Yes
lumberman,4.43,New,0,Yes
minefield,4.43,New,0,Yes
moneylender,4.43,New,0,Yes
moonlight,4.43,New,0,Yes
nosebleed,4.43,New,0,Yes
ocelot,4.43,New,0,Yes
octagon,4.43,New,0,Yes
oxcart,4.43,New,0,Yes
parkway,4.43,New,0,Yes
penicillin,4.43,New,0,Yes
pharaoh,4.43,New,0,Yes
pilgrim,4.43,New,0,Yes
pint,4.43,New,0,Yes
polo,4.43,New,0,Yes
quiz,4.43,New,0,Yes
signature,4.43,New,0,Yes
spoonful,4.43,New,0,Yes
sulfur,4.43,New,0,Yes
swim,4.43,New,0,Yes
tennis,4.43,New,0,Yes
typewriting,4.43,New,0,Yes
watchtower,4.43,New,0,Yes
waterfowl,4.43,New,0,Yes
waterwheel,4.43,New,0,Yes
welt,4.43,New,0,Yes
wizard,4.43,New,0,Yes
appendectomy,4.42,New,0,Yes
bellhop,4.42,New,0,Yes
blowpipe,4.42,New,0,Yes
cuckoo,4.42,New,0,Yes
freighter,4.42,New,0,Yes
glasshouse,4.42,New,0,Yes
goggle,4.42,New,0,Yes
headless,4.42,New,0,Yes
hermaphrodite,4.42,New,0,Yes
paratroops,4.42,New,0,Yes
seaman,4.42,New,0,Yes
skiing,4.42,New,0,Yes
solid,4.42,New,0,Yes
tang,4.42,New,0,Yes
albino,4.41,New,0,Yes
beaded,4.41,New,0,Yes
biographer,4.41,New,0,Yes
blond,4.41,New,0,Yes
blush,4.41,New,0,Yes
brunch,4.41,New,0,Yes
clasp,4.41,New,0,Yes
crossroad,4.41,New,0,Yes
curly,4.41,New,0,Yes
curve,4.41,New,0,Yes
distillery,4.41,New,0,Yes
dropkick,4.41,New,0,Yes
flagstaff,4.41,New,0,Yes
flutist,4.41,New,0,Yes
geologist,4.41,New,0,Yes
glycerin,4.41,New,0,Yes
gristle,4.41,New,0,Yes
horseback,4.41,New,0,Yes
hunter,4.41,New,0,Yes
kickoff,4.41,New,0,Yes
knit,4.41,New,0,Yes
lettering,4.41,New,0,Yes
lining,4.41,New,0,Yes
mesh,4.41,New,0,Yes
mole,4.41,New,0,Yes
mountaineer,4.41,New,0,Yes
nightcap,4.41,New,0,Yes
nights,4.41,New,0,Yes
paintwork,4.41,New,0,Yes
paneling,4.41,New,0,Yes
port,4.41,New,0,Yes
screenplay,4.41,New,0,Yes
shelve,4.41,New,0,Yes
soapy,4.41,New,0,Yes
splashing,4.41,New,0,Yes
sting,4.41,New,0,Yes
turquoise,4.41,New,0,Yes
typist,4.41,New,0,Yes
windstorm,4.41,New,0,Yes
alehouse,4.4,New,0,Yes
bleed,4.4,New,0,Yes
brownstone,4.4,New,0,Yes
chime,4.4,New,0,Yes
coral,4.4,New,0,Yes
gashes,4.4,New,0,Yes
librarian,4.4,New,0,Yes
magnifier,4.4,New,0,Yes
president,4.4,New,0,Yes
sewing,4.4,New,0,Yes
steed,4.4,New,0,Yes
tapping,4.4,New,0,Yes
tong,4.4,New,0,Yes
warlord,4.4,New,0,Yes
waterline,4.4,New,0,Yes
waterway,4.4,New,0,Yes
zinc,4.4,New,0,Yes
blink,4.39,New,0,Yes
boiling,4.39,New,0,Yes
chateau,4.39,New,0,Yes
cleric,4.39,New,0,Yes
downtown,4.39,New,0,Yes
dragon,4.39,New,0,Yes
earnings,4.39,New,0,Yes
gash,4.39,New,0,Yes
headstone,4.39,New,0,Yes
jackal,4.39,New,0,Yes
lithograph,4.39,New,0,Yes
masseur,4.39,New,0,Yes
molding,4.39,New,0,Yes
nighthawk,4.39,New,0,Yes
percolator,4.39,New,0,Yes
punch,4.39,New,0,Yes
quartet,4.39,New,0,Yes
scriptwriter,4.39,New,0,Yes
skipper,4.39,New,0,Yes
snore,4.39,New,0,Yes
sparks,4.39,New,0,Yes
stag,4.39,New,0,Yes
talker,4.39,New,0,Yes
beacon,4.38,New,0,Yes
blacksmith,4.38,New,0,Yes
cataract,4.38,New,0,Yes
centrifuge,4.38,New,0,Yes
curl,4.38,New,0,Yes
dew,4.38,New,0,Yes
doorkeeper,4.38,New,0,Yes
flooding,4.38,New,0,Yes
foothill,4.38,New,0,Yes
glycerol,4.38,New,0,Yes
goblin,4.38,New,0,Yes
harem,4.38,New,0,Yes
hearth,4.38,New,0,Yes
heron,4.38,New,0,Yes
jade,4.38,New,0,Yes
kneeling,4.38,New,0,Yes
lesion,4.38,New,0,Yes
lighting,4.38,New,0,Yes
looter,4.38,New,0,Yes
mariner,4.38,New,0,Yes
millimeter,4.38,New,0,Yes
oriole,4.38,New,0,Yes
pant,4.38,New,0,Yes
potion,4.38,New,0,Yes
