"gloss_english","n_languages_with_gloss_data","n_languages_covered","languages_covered","in_english_4000","n_languages_covered_plus_english","includes_hack_translation","avg_percentile_across_covering_langs","words"
"train",12,10,"Chinese_Simplified;Dutch;French;Galician;German;Italian;Portuguese;Russian;Spanish;Turkish",TRUE,11,TRUE,0.861402067751165,"Chinese_Simplified:列车;Dutch:trein;French:train;Galician:tren;German:Zug;Italian:treno;Portuguese:combóio;Russian:поезд;Spanish:tren;Turkish:tren"
"table",12,9,"Chinese_Traditional;French;German;Italian;Polish;Portuguese;Russian;Spanish;Turkish",TRUE,10,TRUE,0.868981862689883,"Chinese_Traditional:桌;French:table;German:Tisch;Italian:tavolo;Polish:tabela;Portuguese:mesa;Russian:стол;Spanish:mesa;Turkish:masa"
"heart",12,9,"Chinese_Traditional;French;Galician;German;Italian;Polish;Portuguese;Russian;Spanish",TRUE,10,TRUE,0.683950414512284,"Chinese_Traditional:心;French:coeur;Galician:corazón;German:Herz;Italian:cuore;Polish:serce;Portuguese:coração;Russian:сердце;Spanish:corazón"
"chicken",12,8,"Chinese_Traditional;Dutch;French;Italian;Portuguese;Russian;Spanish;Turkish",TRUE,9,TRUE,0.956801246381719,"Chinese_Traditional:雞;Dutch:kip;French:poulet;Italian:gallina;Portuguese:Galinha;Russian:курица;Spanish:pollo;Turkish:tavuk"
"chair",12,8,"Chinese_Traditional;French;Galician;German;Italian;Portuguese;Russian;Spanish",TRUE,9,TRUE,0.950658512373724,"Chinese_Traditional:椅;French:chaise;Galician:cadeira;German:Stuhl;Italian:sedia;Portuguese:cadeira;Russian:стул;Spanish:silla"
"bottle",12,8,"Chinese_Traditional;Dutch;French;German;Italian;Portuguese;Russian;Spanish",TRUE,9,TRUE,0.926798973509699,"Chinese_Traditional:樽;Dutch:fles;French:bouteille;German:Flasche;Italian:bottiglia;Portuguese:garrafa;Russian:бутылка;Spanish:botella"
"bus",12,8,"Dutch;French;Galician;Italian;Portuguese;Russian;Spanish;Turkish",TRUE,9,TRUE,0.925325630766227,"Dutch:autobus;French:bus;Galician:autobús;Italian:autobus;Portuguese:camioneta;Russian:автобус;Spanish:autobús;Turkish:otobüs"
"window",12,8,"Chinese_Traditional;French;German;Italian;Portuguese;Russian;Spanish;Turkish",TRUE,9,TRUE,0.917803992595676,"Chinese_Traditional:窗;French:fenêtre;German:Fenster;Italian:finestra;Portuguese:janela;Russian:окно;Spanish:ventanilla;Turkish:pencere"
"shirt",12,8,"Chinese_Traditional;French;German;Italian;Portuguese;Russian;Spanish;Turkish",TRUE,9,TRUE,0.906260207552476,"Chinese_Traditional:衫;French:chemise;German:Hemd;Italian:camicia;Portuguese:camisa;Russian:рубашка;Spanish:camisa;Turkish:gömlek"
"leg",12,8,"Chinese_Traditional;Dutch;French;Galician;German;Italian;Portuguese;Spanish",TRUE,9,TRUE,0.895706423683452,"Chinese_Traditional:腿;Dutch:been;French:jambe;Galician:perna;German:Bein;Italian:gamba;Portuguese:perna;Spanish:pata"
"boat",12,8,"Chinese_Traditional;Galician;German;Italian;Portuguese;Russian;Spanish;Turkish",TRUE,9,TRUE,0.894021047304358,"Chinese_Traditional:船;Galician:barco;German:Boot;Italian:battello;Portuguese:barco;Russian:лодка;Spanish:barco;Turkish:tekne"
"coat",12,8,"Dutch;French;German;Italian;Portuguese;Russian;Spanish;Turkish",TRUE,9,TRUE,0.893811714872955,"Dutch:mantel;French:manteau;German:Mantel;Italian:cappotto;Portuguese:casaco;Russian:пальто;Spanish:casaca;Turkish:palto"
"book",12,8,"Chinese_Traditional;French;Galician;Italian;Portuguese;Russian;Spanish;Turkish",TRUE,9,TRUE,0.88619444448707,"Chinese_Traditional:書;French:livre;Galician:libro;Italian:libro;Portuguese:livro;Russian:книга;Spanish:libreta;Turkish:kitap"
"sand",12,8,"Chinese_Traditional;Dutch;French;Galician;German;Italian;Portuguese;Russian",TRUE,9,TRUE,0.864560820505608,"Chinese_Traditional:沙;Dutch:zand;French:sable;Galician:area;German:Sand;Italian:sabbia;Portuguese:areia;Russian:песок"
"blood",12,8,"Chinese_Traditional;French;Galician;Italian;Portuguese;Russian;Spanish;Turkish",TRUE,9,TRUE,0.828716218456748,"Chinese_Traditional:血;French:sang;Galician:sangue;Italian:sangue;Portuguese:sangue;Russian:кровь;Spanish:sangre;Turkish:kan"
"paper",12,8,"Chinese_Traditional;Galician;German;Italian;Portuguese;Russian;Spanish;Turkish",TRUE,9,TRUE,0.825370800277167,"Chinese_Traditional:紙;Galician:papel;German:Papier;Italian:carta;Portuguese:papel;Russian:бумага;Spanish:papel;Turkish:kâğıt"
"letter",12,8,"French;Galician;German;Italian;Portuguese;Russian;Spanish;Turkish",TRUE,9,TRUE,0.812411820972537,"French:lettre;Galician:carta;German:Brief;Italian:lettera;Portuguese:carta;Russian:письмо;Spanish:letra;Turkish:mektup"
"rain",12,8,"Chinese_Traditional;French;Galician;Italian;Portuguese;Russian;Spanish;Turkish",TRUE,9,TRUE,0.798926737129803,"Chinese_Traditional:雨;French:pluie;Galician:chuvia;Italian:pioggia;Portuguese:chuva;Russian:дождь;Spanish:lluvia;Turkish:yağmur"
"mother",12,8,"Chinese_Simplified;Chinese_Traditional;French;Galician;Italian;Portuguese;Russian;Turkish",TRUE,9,TRUE,0.741517308357975,"Chinese_Simplified:母亲;Chinese_Traditional:母;French:mère;Galician:nai;Italian:madre;Portuguese:mãe;Russian:мать;Turkish:anne"
"money",12,8,"Chinese_Traditional;Galician;Italian;Polish;Portuguese;Russian;Spanish;Turkish",TRUE,9,TRUE,0.702559113002112,"Chinese_Traditional:錢;Galician:carto;Italian:denaro;Polish:pieniądze;Portuguese:dinheiro;Russian:деньги;Spanish:dinero;Turkish:para"
"father",12,8,"Chinese_Traditional;French;Galician;Italian;Polish;Portuguese;Russian;Turkish",TRUE,9,TRUE,0.667946123452139,"Chinese_Traditional:父;French:père;Galician:pai;Italian:padre;Polish:ojciec;Portuguese:pai;Russian:отец;Turkish:baba"
"dance",12,8,"Chinese_Traditional;French;Galician;German;Polish;Portuguese;Russian;Turkish",TRUE,9,TRUE,0.581506720052934,"Chinese_Traditional:舞;French:bal;Galician:baile;German:Tanz;Polish:taniec;Portuguese:dança;Russian:танец;Turkish:dans"
"lemon",12,7,"Dutch;French;Italian;Portuguese;Russian;Spanish;Turkish",TRUE,8,TRUE,0.961598507593528,"Dutch:citroen;French:citron;Italian:limone;Portuguese:limão;Russian:лимон;Spanish:limón;Turkish:limon"
"pen",12,7,"Chinese_Traditional;Dutch;French;German;Italian;Portuguese;Spanish",TRUE,8,TRUE,0.942796108344682,"Chinese_Traditional:筆;Dutch:pen;French:stylo;German:Stift;Italian:penna;Portuguese:caneta;Spanish:bolígrafo"
"door",12,7,"Dutch;Galician;German;Portuguese;Russian;Spanish;Turkish",TRUE,8,TRUE,0.927591981398614,"Dutch:deur;Galician:porta;German:Tür;Portuguese:porta;Russian:дверь;Spanish:puerta;Turkish:kapı"
"eye",12,7,"Chinese_Traditional;Dutch;French;Galician;Italian;Portuguese;Russian",TRUE,8,TRUE,0.925093008182105,"Chinese_Traditional:眼;Dutch:oog;French:oeil;Galician:ollo;Italian:occhio;Portuguese:olho;Russian:глаз"
"mirror",12,7,"Dutch;Galician;German;Italian;Portuguese;Russian;Turkish",TRUE,8,TRUE,0.921100629648794,"Dutch:spiegel;Galician:espello;German:Spiegel;Italian:specchio;Portuguese:espelho;Russian:зеркало;Turkish:ayna"
"egg",12,7,"Chinese_Traditional;Dutch;French;Italian;Portuguese;Russian;Spanish",TRUE,8,TRUE,0.921033678333264,"Chinese_Traditional:蛋;Dutch:ei;French:oeuf;Italian:uovo;Portuguese:ovo;Russian:яйцо;Spanish:huevo"
"cup",12,7,"Chinese_Traditional;French;German;Portuguese;Russian;Spanish;Turkish",TRUE,8,TRUE,0.917891954840274,"Chinese_Traditional:杯;French:tasse;German:Tasse;Portuguese:chávena;Russian:чашка;Spanish:taza;Turkish:fincan"
"newspaper",12,7,"Dutch;Galician;German;Portuguese;Russian;Spanish;Turkish",TRUE,8,TRUE,0.914774333691769,"Dutch:krant;Galician:periódico;German:Zeitung;Portuguese:jornal;Russian:газета;Spanish:periódico;Turkish:gazete"
"bear",12,7,"Chinese_Traditional;Dutch;French;Italian;Portuguese;Russian;Spanish",TRUE,8,TRUE,0.913942984792669,"Chinese_Traditional:熊;Dutch:beer;French:ours;Italian:orso;Portuguese:urso;Russian:медведь;Spanish:oso"
"butterfly",12,7,"Chinese_Simplified;Chinese_Traditional;French;Italian;Portuguese;Spanish;Turkish",TRUE,8,TRUE,0.909775790002975,"Chinese_Simplified:蝴蝶;Chinese_Traditional:蝶;French:papillon;Italian:farfalla;Portuguese:borboleta;Spanish:mariposa;Turkish:kelebek"
"fish",12,7,"Chinese_Traditional;French;Galician;German;Italian;Portuguese;Russian",TRUE,8,TRUE,0.907866528027816,"Chinese_Traditional:魚;French:poisson;Galician:peixe;German:Fisch;Italian:pesce;Portuguese:peixe;Russian:рыба"
"nose",12,7,"Chinese_Traditional;Dutch;French;Galician;German;Portuguese;Spanish",TRUE,8,TRUE,0.905507286028378,"Chinese_Traditional:鼻;Dutch:neus;French:nez;Galician:nariz;German:Nase;Portuguese:nariz;Spanish:nariz"
"shoe",12,7,"Chinese_Traditional;French;Galician;German;Portuguese;Spanish;Turkish",TRUE,8,TRUE,0.904803098408473,"Chinese_Traditional:鞋;French:chaussure;Galician:zapato;German:Schuh;Portuguese:sapato;Spanish:zapato;Turkish:ayakkabı"
"neck",12,7,"Chinese_Traditional;Dutch;French;Galician;Italian;Portuguese;Russian",TRUE,8,TRUE,0.903392703754724,"Chinese_Traditional:頸;Dutch:hals;French:cou;Galician:pescozo;Italian:collo;Portuguese:pescoço;Russian:шея"
"cow",12,7,"French;Galician;German;Italian;Portuguese;Russian;Spanish",TRUE,8,TRUE,0.903221792481784,"French:vache;Galician:vaca;German:Kuh;Italian:mucca;Portuguese:vaca;Russian:корова;Spanish:vaca"
"pencil",12,7,"Chinese_Simplified;Dutch;French;Italian;Portuguese;Russian;Spanish",TRUE,8,TRUE,0.900541792774662,"Chinese_Simplified:铅笔;Dutch:potlood;French:crayon;Italian:matita;Portuguese:lápis;Russian:карандаш;Spanish:lápiz"
"boot",12,7,"Chinese_Traditional;Dutch;French;German;Portuguese;Russian;Spanish",TRUE,8,TRUE,0.900497005554825,"Chinese_Traditional:靴;Dutch:laars;French:botte;German:Stiefel;Portuguese:bota;Russian:сапог;Spanish:bota"
"lamp",12,7,"Chinese_Traditional;French;German;Italian;Portuguese;Russian;Spanish",TRUE,8,TRUE,0.893287279349432,"Chinese_Traditional:燈;French:lampe;German:Lampe;Italian:lampada;Portuguese:candeeiro;Russian:лампа;Spanish:lámpara"
"sheep",12,7,"Chinese_Traditional;Dutch;French;German;Italian;Portuguese;Spanish",TRUE,8,TRUE,0.892583822787645,"Chinese_Traditional:羊;Dutch:schaap;French:mouton;German:Schaf;Italian:pecora;Portuguese:carneiro;Spanish:oveja"
"milk",12,7,"Chinese_Traditional;French;Italian;Portuguese;Russian;Spanish;Turkish",TRUE,8,TRUE,0.891968900911741,"Chinese_Traditional:奶;French:lait;Italian:latte;Portuguese:leite;Russian:молоко;Spanish:leche;Turkish:süt"
"cheese",12,7,"Dutch;Galician;German;Italian;Portuguese;Russian;Spanish",TRUE,8,TRUE,0.888659329056187,"Dutch:kaas;Galician:queixo;German:Käse;Italian:formaggio;Portuguese:queijo;Russian:сыр;Spanish:queso"
"hammer",12,7,"Chinese_Traditional;French;German;Italian;Portuguese;Russian;Spanish",TRUE,8,TRUE,0.888374920155176,"Chinese_Traditional:錘;French:marteau;German:Hammer;Italian:martello;Portuguese:martelo;Russian:молоток;Spanish:martillo"
"mouse",12,7,"Chinese_Traditional;Dutch;Galician;Italian;Portuguese;Russian;Spanish",TRUE,8,TRUE,0.87296495064714,"Chinese_Traditional:鼠;Dutch:muis;Galician:rato;Italian:topo;Portuguese:rato;Russian:мышь;Spanish:ratón"
"wolf",12,7,"Chinese_Traditional;French;Galician;Italian;Portuguese;Russian;Spanish",TRUE,8,TRUE,0.871625554376855,"Chinese_Traditional:狼;French:loup;Galician:lobo;Italian:lupo;Portuguese:lobo;Russian:волк;Spanish:lobo"
"glass",12,7,"French;Galician;German;Italian;Portuguese;Russian;Spanish",TRUE,8,TRUE,0.868372016346377,"French:verre;Galician:vidro;German:Glas;Italian:bicchiere;Portuguese:vidro;Russian:стекло;Spanish:vaso"
"frog",12,7,"Chinese_Traditional;Dutch;French;German;Italian;Portuguese;Spanish",TRUE,8,TRUE,0.862961578777245,"Chinese_Traditional:蛙;Dutch:kikker;French:grenouille;German:Frosch;Italian:rana;Portuguese:rã;Spanish:rana"
"flower",12,7,"French;Galician;German;Italian;Portuguese;Russian;Turkish",TRUE,8,TRUE,0.85466420278816,"French:fleur;Galician:flor;German:Blume;Italian:fiore;Portuguese:flor;Russian:цветок;Turkish:çiçek"
"wall",12,7,"Chinese_Traditional;French;Galician;Italian;Portuguese;Russian;Spanish",TRUE,8,TRUE,0.843619024554913,"Chinese_Traditional:牆;French:mur;Galician:muro;Italian:muro;Portuguese:parede;Russian:стена;Spanish:pared"
"building",12,7,"Chinese_Traditional;Galician;Italian;Portuguese;Russian;Spanish;Turkish",TRUE,8,TRUE,0.839707875062187,"Chinese_Traditional:樓;Galician:edificio;Italian:edificio;Portuguese:edifício;Russian:здание;Spanish:edificio;Turkish:bina"
"fox",12,7,"Chinese_Simplified;Chinese_Traditional;French;Italian;Portuguese;Spanish;Turkish",TRUE,8,TRUE,0.836832454237946,"Chinese_Simplified:狐狸;Chinese_Traditional:狐;French:renard;Italian:volpe;Portuguese:raposa;Spanish:zorro;Turkish:tilki"
"bridge",12,7,"Chinese_Traditional;French;German;Italian;Portuguese;Russian;Spanish",TRUE,8,TRUE,0.836103585237835,"Chinese_Traditional:橋;French:pont;German:Brücke;Italian:ponte;Portuguese:ponte;Russian:мост;Spanish:puente"
"child",12,7,"Galician;German;Italian;Portuguese;Russian;Spanish;Turkish",TRUE,8,TRUE,0.826048572138923,"Galician:neno;German:Kind;Italian:bambino;Portuguese:criança;Russian:ребёнок;Spanish:niño;Turkish:çocuk"
"stomach",12,7,"Chinese_Traditional;French;Galician;German;Italian;Portuguese;Spanish",TRUE,8,TRUE,0.818014592471925,"Chinese_Traditional:胃;French:ventre;Galician:estómago;German:Magen;Italian:stomaco;Portuguese:estômago;Spanish:estómago"
"water",12,7,"Chinese_Traditional;French;Galician;Italian;Portuguese;Russian;Turkish",TRUE,8,TRUE,0.803138708837064,"Chinese_Traditional:水;French:eau;Galician:auga;Italian:acqua;Portuguese:Água;Russian:вода;Turkish:su"
"lake",12,7,"Chinese_Simplified;Chinese_Traditional;French;Italian;Portuguese;Russian;Turkish",TRUE,8,TRUE,0.789942120917516,"Chinese_Simplified:湖泊;Chinese_Traditional:湖;French:lac;Italian:lago;Portuguese:lago;Russian:озеро;Turkish:göl"
"rope",12,7,"Chinese_Simplified;Dutch;French;German;Italian;Spanish;Turkish",TRUE,8,TRUE,0.783246221752684,"Chinese_Simplified:绳子;Dutch:touw;French:corde;German:Seil;Italian:fune;Spanish:cuerda;Turkish:ip"
"ice",12,7,"French;Galician;Italian;Portuguese;Russian;Spanish;Turkish",TRUE,8,FALSE,0.780804646061717,"French:glace;Galician:xeo;Italian:ghiaccio;Portuguese:gelo;Russian:лёд;Spanish:hielo;Turkish:buz"
"man",12,7,"Chinese_Traditional;French;Galician;Italian;Polish;Portuguese;Russian",TRUE,8,TRUE,0.767446368459839,"Chinese_Traditional:男;French:homme;Galician:home;Italian:uomo;Polish:człowiek;Portuguese:homem;Russian:мужчина"
"weapon",12,7,"French;Galician;German;Italian;Portuguese;Russian;Spanish",TRUE,8,TRUE,0.750192087238347,"French:arme;Galician:arma;German:Waffe;Italian:arma;Portuguese:arma;Russian:оружие;Spanish:arma"
"muscle",12,7,"French;German;Italian;Portuguese;Russian;Spanish;Turkish",TRUE,8,TRUE,0.726196348765364,"French:muscle;German:Muskel;Italian:muscolo;Portuguese:músculo;Russian:мышца;Spanish:músculo;Turkish:kas"
"office",12,7,"Galician;German;Italian;Portuguese;Russian;Spanish;Turkish",TRUE,8,TRUE,0.715433597051522,"Galician:despacho;German:Büro;Italian:ufficio;Portuguese:consultório;Russian:офис;Spanish:despacho;Turkish:büro"
"fire",12,7,"Chinese_Traditional;French;Italian;Polish;Portuguese;Russian;Spanish",TRUE,8,TRUE,0.714763196623939,"Chinese_Traditional:火;French:feu;Italian:fuoco;Polish:ogień;Portuguese:incêndio;Russian:пожар;Spanish:incendio"
"gold",12,7,"Chinese_Simplified;French;Galician;German;Italian;Portuguese;Russian",TRUE,8,TRUE,0.708745399578071,"Chinese_Simplified:黄金;French:or;Galician:ouro;German:Gold;Italian:oro;Portuguese:ouro;Russian:золото"
"fruit",12,7,"French;Galician;German;Portuguese;Russian;Spanish;Turkish",TRUE,8,TRUE,0.705876722531871,"French:fruit;Galician:froita;German:Frucht;Portuguese:fruto;Russian:плод;Spanish:fruto;Turkish:meyve"
"page",12,7,"French;Galician;Italian;Polish;Portuguese;Russian;Spanish",TRUE,8,FALSE,0.67458972346984,"French:page;Galician:páxina;Italian:pagina;Polish:strona;Portuguese:página;Russian:страница;Spanish:página"
"bomb",12,7,"Chinese_Simplified;French;German;Italian;Portuguese;Russian;Spanish",TRUE,8,TRUE,0.647238907216058,"Chinese_Simplified:炸弹;French:bombe;German:Bombe;Italian:bomba;Portuguese:bomba;Russian:бомба;Spanish:bomba"
"kiss",12,7,"Chinese_Traditional;French;German;Italian;Polish;Portuguese;Spanish",TRUE,8,TRUE,0.635064400065602,"Chinese_Traditional:吻;French:bise;German:Kuss;Italian:bacio;Polish:pocałunek;Portuguese:beijo;Spanish:beso"
"circus",12,7,"Chinese_Simplified;French;Italian;Polish;Portuguese;Russian;Spanish",TRUE,8,FALSE,0.586344704941559,"Chinese_Simplified:马戏;French:cirque;Italian:circo;Polish:cyrk;Portuguese:circo;Russian:цирк;Spanish:circo"
"friend",12,7,"German;Italian;Polish;Portuguese;Russian;Spanish;Turkish",TRUE,8,TRUE,0.54098419240873,"German:Freund;Italian:amico;Polish:przyjaciel;Portuguese:amigo;Russian:приятель;Spanish:amiga;Turkish:arkadaş"
"bed",12,6,"Chinese_Traditional;Galician;German;Portuguese;Russian;Spanish",TRUE,7,TRUE,0.953426924419741,"Chinese_Traditional:床;Galician:cama;German:Bett;Portuguese:cama;Russian:кровать;Spanish:cama"
"bicycle",12,6,"Dutch;French;Galician;Italian;Portuguese;Turkish",TRUE,7,TRUE,0.952346443649528,"Dutch:fiets;French:vélo;Galician:bicicleta;Italian:bicicletta;Portuguese:bicicleta;Turkish:bisiklet"
"scissors",12,6,"Dutch;French;German;Italian;Portuguese;Spanish",TRUE,7,TRUE,0.95202096061991,"Dutch:schaar;French:ciseaux;German:Schere;Italian:forbici;Portuguese:tesoura;Spanish:tijeras"
"dog",12,6,"Chinese_Traditional;French;Italian;Portuguese;Russian;Spanish",TRUE,7,TRUE,0.946448330965317,"Chinese_Traditional:狗;French:chien;Italian:cane;Portuguese:cão;Russian:собака;Spanish:perro"
"tractor",12,6,"Dutch;German;Italian;Portuguese;Russian;Spanish",TRUE,7,TRUE,0.936876616495284,"Dutch:tractor;German:Traktor;Italian:trattore;Portuguese:tractor;Russian:трактор;Spanish:tractor"
"ant",12,6,"Chinese_Simplified;Chinese_Traditional;Dutch;Portuguese;Russian;Spanish",TRUE,7,TRUE,0.935137263366654,"Chinese_Simplified:蚂蚁;Chinese_Traditional:蟻;Dutch:mier;Portuguese:formiga;Russian:муравей;Spanish:hormiga"
"mouth",12,6,"Chinese_Traditional;French;German;Italian;Portuguese;Russian",TRUE,7,TRUE,0.932869706598132,"Chinese_Traditional:嘴;French:bouche;German:Mund;Italian:bocca;Portuguese:boca;Russian:рот"
"fork",12,6,"Chinese_Traditional;French;German;Italian;Portuguese;Spanish",TRUE,7,TRUE,0.928778526561044,"Chinese_Traditional:叉;French:fourchette;German:Gabel;Italian:forchetta;Portuguese:garfo;Spanish:tenedor"
"duck",12,6,"Chinese_Traditional;French;Galician;German;Portuguese;Spanish",TRUE,7,TRUE,0.926331895687577,"Chinese_Traditional:鴨;French:canard;Galician:pato;German:Ente;Portuguese:pato;Spanish:pato"
"airplane",12,6,"French;Galician;Portuguese;Russian;Spanish;Turkish",TRUE,7,FALSE,0.925029033529714,"French:avion;Galician:avión;Portuguese:avião;Russian:самолёт;Spanish:avión;Turkish:uçak"
"guitar",12,6,"Dutch;French;Italian;Portuguese;Russian;Spanish",TRUE,7,TRUE,0.924604709023361,"Dutch:gitaar;French:guitare;Italian:chitarra;Portuguese:guitarra;Russian:гитара;Spanish:guitarra"
"knife",12,7,"Chinese_Traditional;French;Galician;Italian;Russian;Spanish;Turkish",FALSE,7,TRUE,0.920769773418625,"Chinese_Traditional:刀;French:couteau;Galician:coitelo;Italian:coltello;Russian:нож;Spanish:cuchillo;Turkish:bıçak"
"onion",12,6,"Chinese_Simplified;Chinese_Traditional;French;Italian;Portuguese;Spanish",TRUE,7,TRUE,0.91918082653903,"Chinese_Simplified:洋葱;Chinese_Traditional:蔥;French:oignon;Italian:cipolla;Portuguese:cebola;Spanish:cebolla"
"truck",12,6,"French;Galician;Italian;Portuguese;Spanish;Turkish",TRUE,7,FALSE,0.91427376309653,"French:camion;Galician:camión;Italian:camion;Portuguese:Camião;Spanish:camión;Turkish:kamyon"
"jacket",12,6,"French;Galician;German;Russian;Spanish;Turkish",TRUE,7,TRUE,0.911502425888975,"French:veste;Galician:chaqueta;German:Jacke;Russian:пиджак;Spanish:chaqueta;Turkish:ceket"
"shark",12,6,"Chinese_Traditional;German;Italian;Portuguese;Russian;Spanish",TRUE,7,TRUE,0.909446666141829,"Chinese_Traditional:鯊;German:Hai;Italian:squalo;Portuguese:tubarão;Russian:акула;Spanish:tiburón"
"arm",12,6,"Chinese_Traditional;French;Galician;Italian;Portuguese;Spanish",TRUE,7,TRUE,0.897138276701388,"Chinese_Traditional:臂;French:bras;Galician:brazo;Italian:braccio;Portuguese:braço;Spanish:brazo"
"ball",12,6,"Chinese_Traditional;Dutch;French;German;Portuguese;Spanish",TRUE,7,TRUE,0.89066446256332,"Chinese_Traditional:球;Dutch:bal;French:balle;German:Ball;Portuguese:bola;Spanish:pelota"
"hotel",12,6,"Chinese_Simplified;German;Italian;Portuguese;Russian;Spanish",TRUE,7,TRUE,0.88658798225299,"Chinese_Simplified:宾馆;German:Hotel;Italian:hotel;Portuguese:hotel;Russian:гостиница;Spanish:hotel"
"tree",12,6,"French;Galician;German;Italian;Portuguese;Spanish",TRUE,7,TRUE,0.885854105221052,"French:arbre;Galician:árbore;German:Baum;Italian:albero;Portuguese:árvore;Spanish:árbol"
"grass",12,6,"Chinese_Traditional;French;German;Italian;Spanish;Turkish",TRUE,7,TRUE,0.884962201030926,"Chinese_Traditional:草;French:herbe;German:Gras;Italian:erba;Spanish:hierba;Turkish:ot"
"cake",12,6,"Chinese_Traditional;French;German;Portuguese;Spanish;Turkish",TRUE,7,TRUE,0.883267384905355,"Chinese_Traditional:餅;French:gâteau;German:Torte;Portuguese:bolo;Spanish:pastel;Turkish:pasta"
"cat",12,6,"Chinese_Traditional;French;Galician;Italian;Portuguese;Spanish",TRUE,7,TRUE,0.883185837259622,"Chinese_Traditional:貓;French:chat;Galician:gato;Italian:gatto;Portuguese:gato;Spanish:gato"
"key",12,6,"French;Galician;German;Italian;Portuguese;Spanish",TRUE,7,TRUE,0.881556555122555,"French:clé;Galician:chave;German:Taste;Italian:chiave;Portuguese:chave;Spanish:llave"
"lion",12,6,"Dutch;French;Italian;Portuguese;Russian;Spanish",TRUE,7,TRUE,0.880305550859511,"Dutch:leeuw;French:lion;Italian:leone;Portuguese:leão;Russian:лев;Spanish:león"
"bird",12,6,"French;Galician;Italian;Portuguese;Russian;Turkish",TRUE,7,FALSE,0.874071397278974,"French:oiseau;Galician:ave;Italian:uccello;Portuguese:pássaro;Russian:птица;Turkish:kuş"
"tear",12,6,"Chinese_Traditional;French;Galician;Portuguese;Russian;Spanish",TRUE,7,TRUE,0.870085459456807,"Chinese_Traditional:淚;French:larme;Galician:bágoa;Portuguese:lágrima;Russian:слеза;Spanish:lágrima"
"skirt",12,6,"Chinese_Traditional;French;Galician;Italian;Russian;Spanish",TRUE,7,TRUE,0.868379519404201,"Chinese_Traditional:裙;French:jupe;Galician:saia;Italian:gonna;Russian:юбка;Spanish:falda"
"moon",12,6,"Chinese_Traditional;Dutch;Italian;Portuguese;Russian;Spanish",TRUE,7,TRUE,0.865779135733004,"Chinese_Traditional:月;Dutch:maan;Italian:luna;Portuguese:lua;Russian:луна;Spanish:luna"
"car",12,6,"Chinese_Traditional;French;Galician;Italian;Portuguese;Spanish",TRUE,7,TRUE,0.854150217684182,"Chinese_Traditional:車;French:voiture;Galician:auto;Italian:automobile;Portuguese:carro;Spanish:coche"
"flag",12,6,"Dutch;Galician;German;Italian;Portuguese;Turkish",TRUE,7,TRUE,0.847600677857043,"Dutch:vlag;Galician:bandeira;German:Flagge;Italian:bandiera;Portuguese:bandeira;Turkish:bayrak"
"bone",12,6,"Chinese_Traditional;French;Galician;Portuguese;Russian;Spanish",TRUE,7,TRUE,0.841802051584009,"Chinese_Traditional:骨;French:os;Galician:óso;Portuguese:osso;Russian:кость;Spanish:hueso"
"doctor",12,6,"Chinese_Simplified;Galician;Italian;Portuguese;Russian;Spanish",TRUE,7,FALSE,0.841720223814311,"Chinese_Simplified:医生;Galician:doutor;Italian:dottore;Portuguese:doutor;Russian:доктор;Spanish:doctora"
"head",12,6,"Chinese_Traditional;French;Galician;Italian;Portuguese;Russian",TRUE,7,TRUE,0.838383050878184,"Chinese_Traditional:頭;French:tête;Galician:cabeza;Italian:testa;Portuguese:cabeça;Russian:голова"
"beach",12,6,"Chinese_Traditional;French;Galician;German;Italian;Portuguese",TRUE,7,TRUE,0.821954985982797,"Chinese_Traditional:灘;French:plage;Galician:praia;German:Strand;Italian:spiaggia;Portuguese:praia"
"meat",12,6,"Chinese_Traditional;French;Portuguese;Russian;Spanish;Turkish",TRUE,7,TRUE,0.818137501629872,"Chinese_Traditional:肉;French:viande;Portuguese:carne;Russian:мясо;Spanish:carne;Turkish:et"
"box",12,6,"Chinese_Traditional;French;German;Portuguese;Russian;Spanish",TRUE,7,TRUE,0.817466142395751,"Chinese_Traditional:盒;French:boîte;German:Kasten;Portuguese:caixa;Russian:коробка;Spanish:cuadro"
"cigarette",12,6,"Chinese_Simplified;French;Galician;Portuguese;Russian;Spanish",TRUE,7,FALSE,0.814446705747128,"Chinese_Simplified:香烟;French:cigarette;Galician:cigarro;Portuguese:cigarro;Russian:сигарета;Spanish:cigarrillo"
"house",12,6,"French;Galician;Italian;Portuguese;Spanish;Turkish",TRUE,7,FALSE,0.812106527960767,"French:maison;Galician:casa;Italian:abitazione;Portuguese:Casa;Spanish:casa;Turkish:ev"
"rabbit",12,6,"Chinese_Traditional;French;Italian;Portuguese;Russian;Spanish",TRUE,7,TRUE,0.809116773076421,"Chinese_Traditional:兔;French:lapin;Italian:coniglio;Portuguese:coelho;Russian:кроличий;Spanish:conejo"
"school",12,6,"Galician;Italian;Portuguese;Russian;Spanish;Turkish",TRUE,7,FALSE,0.801207232195865,"Galician:colexio;Italian:scuola;Portuguese:escola;Russian:школа;Spanish:escuela;Turkish:okul"
"body",12,6,"French;Galician;German;Italian;Portuguese;Russian",TRUE,7,TRUE,0.788789562324459,"French:corps;Galician:corpo;German:Körper;Italian:corpo;Portuguese:corpo;Russian:тело"
"plate",12,6,"Chinese_Traditional;Galician;Italian;Polish;Portuguese;Spanish",TRUE,7,TRUE,0.778173219004773,"Chinese_Traditional:碟;Galician:prato;Italian:piatto;Polish:płaszczyzna;Portuguese:chapa;Spanish:plato"
"bowl",12,6,"Chinese_Traditional;French;German;Polish;Portuguese;Spanish",TRUE,7,TRUE,0.768361883111094,"Chinese_Traditional:碗;French:bol;German:Schüssel;Polish:czara;Portuguese:tigela;Spanish:cuenco"
"sun",12,6,"French;Galician;German;Portuguese;Russian;Spanish",TRUE,7,TRUE,0.76662942751092,"French:soleil;Galician:sol;German:Sonne;Portuguese:sol;Russian:солнце;Spanish:sol"
"river",12,6,"Chinese_Traditional;French;German;Italian;Portuguese;Russian",TRUE,7,TRUE,0.76404816695248,"Chinese_Traditional:河;French:fleuve;German:Fluss;Italian:fiume;Portuguese:rio;Russian:река"
"radio",12,6,"Galician;Italian;Portuguese;Russian;Spanish;Turkish",TRUE,7,FALSE,0.763926741957281,"Galician:radio;Italian:radio;Portuguese:rádio;Russian:радио;Spanish:radio;Turkish:radyo"
"crystal",12,6,"Chinese_Simplified;Galician;German;Italian;Portuguese;Spanish",TRUE,7,TRUE,0.760727245390277,"Chinese_Simplified:水晶;Galician:cristal;German:Kristall;Italian:cristallo;Portuguese:cristal;Spanish:cristal"
"throat",12,6,"Chinese_Traditional;French;Galician;German;Russian;Spanish",TRUE,7,TRUE,0.760467758998157,"Chinese_Traditional:喉;French:gorge;Galician:gorxa;German:Schlund;Russian:горло;Spanish:garganta"
"street",12,6,"French;Galician;German;Portuguese;Russian;Turkish",TRUE,7,TRUE,0.755814681319813,"French:rue;Galician:rúa;German:Strasse;Portuguese:rua;Russian:улица;Turkish:cadde"
"boy",12,6,"Galician;German;Italian;Portuguese;Russian;Spanish",TRUE,7,TRUE,0.755601548295003,"Galician:rapaz;German:Junge;Italian:ragazzo;Portuguese:rapaz;Russian:мальчик;Spanish:chico"
"skin",12,6,"Chinese_Simplified;Chinese_Traditional;Galician;German;Italian;Portuguese",TRUE,7,TRUE,0.751729195723903,"Chinese_Simplified:肌肤;Chinese_Traditional:膚;Galician:pel;German:Haut;Italian:pelle;Portuguese:pele"
"woman",12,6,"Chinese_Traditional;French;Galician;Italian;Portuguese;Russian",TRUE,7,TRUE,0.746146840318475,"Chinese_Traditional:女;French:femme;Galician:muller;Italian:donna;Portuguese:mulher;Russian:женщина"
"room",12,6,"French;Galician;German;Italian;Russian;Spanish",TRUE,7,TRUE,0.741724971631612,"French:salle;Galician:sala;German:Zimmer;Italian:stanza;Russian:комната;Spanish:habitación"
"church",12,6,"French;Italian;Polish;Portuguese;Russian;Spanish",TRUE,7,FALSE,0.738960292079191,"French:église;Italian:chiesa;Polish:kościół;Portuguese:igreja;Russian:церковь;Spanish:iglesia"
"seat",12,6,"French;Galician;German;Italian;Polish;Portuguese",TRUE,7,TRUE,0.729149932504928,"French:siège;Galician:asento;German:Sitz;Italian:sedile;Polish:siedzenie;Portuguese:assento"
"prison",12,6,"Chinese_Simplified;Chinese_Traditional;German;Portuguese;Russian;Spanish",TRUE,7,TRUE,0.708878085297245,"Chinese_Simplified:牢狱;Chinese_Traditional:牢;German:Knast;Portuguese:Prisão;Russian:тюрьма;Spanish:prisión"
"teacher",12,6,"German;Italian;Polish;Portuguese;Russian;Spanish",TRUE,7,TRUE,0.685713348025414,"German:Lehrer;Italian:insegnante;Polish:nauczyciel;Portuguese:professor;Russian:преподаватель;Spanish:maestro"
"football",12,6,"Chinese_Simplified;Dutch;French;Galician;Portuguese;Spanish",TRUE,7,TRUE,0.67881701551827,"Chinese_Simplified:足球;Dutch:voetbal;French:foot;Galician:fútbol;Portuguese:futebol;Spanish:fútbol"
"student",12,6,"Galician;German;Italian;Polish;Portuguese;Spanish",TRUE,7,TRUE,0.675146804041699,"Galician:alumno;German:Student;Italian:studente;Polish:student;Portuguese:estudante;Spanish:alumno"
"medicine",12,6,"Chinese_Traditional;Galician;German;Italian;Polish;Portuguese",TRUE,7,TRUE,0.672071378494608,"Chinese_Traditional:藥;Galician:medicamento;German:Arznei;Italian:medicina;Polish:medycyna;Portuguese:medicina"
"ocean",12,6,"Chinese_Simplified;Galician;Italian;Polish;Portuguese;Russian",TRUE,7,FALSE,0.661804829631144,"Chinese_Simplified:海洋;Galician:océano;Italian:oceano;Polish:ocean;Portuguese:oceano;Russian:океан"
"lady",12,6,"Chinese_Simplified;French;German;Polish;Portuguese;Russian",TRUE,7,TRUE,0.654408754239932,"Chinese_Simplified:淑女;French:dame;German:Dame;Polish:pani;Portuguese:dama;Russian:дама"
"list",12,6,"Chinese_Simplified;Galician;Italian;Polish;Portuguese;Russian",TRUE,7,FALSE,0.617441444636927,"Chinese_Simplified:清单;Galician:lista;Italian:lista;Polish:lista;Portuguese:lista;Russian:список"
"circle",12,6,"Galician;German;Italian;Polish;Portuguese;Spanish",TRUE,7,TRUE,0.606589547806998,"Galician:círculo;German:Kreis;Italian:cerchio;Polish:krąg;Portuguese:círculo;Spanish:círculo"
"brother",12,6,"French;German;Italian;Polish;Portuguese;Russian",TRUE,7,TRUE,0.595297106490066,"French:frère;German:Bruder;Italian:fratello;Polish:brat;Portuguese:irmão;Russian:брат"
"king",12,7,"French;Italian;Polish;Portuguese;Russian;Spanish;Turkish",FALSE,7,FALSE,0.576575056044928,"French:roi;Italian:re;Polish:król;Portuguese:rei;Russian:король;Spanish:rey;Turkish:kral"
"gift",12,6,"Chinese_Simplified;German;Italian;Polish;Portuguese;Russian",TRUE,7,TRUE,0.566735647040992,"Chinese_Simplified:礼物;German:Geschenk;Italian:regalo;Polish:podarunek;Portuguese:prenda;Russian:подарок"
"song",12,6,"German;Italian;Polish;Portuguese;Russian;Spanish",TRUE,7,TRUE,0.56096061729714,"German:Lied;Italian:canzone;Polish:piosenka;Portuguese:canção;Russian:песня;Spanish:canción"
"birth",12,6,"Galician;German;Polish;Portuguese;Russian;Spanish",TRUE,7,TRUE,0.552989129018232,"Galician:nacemento;German:Geburt;Polish:urodzenie;Portuguese:nascimento;Russian:рождение;Spanish:nacimiento"
"wind",12,7,"Galician;Italian;Polish;Portuguese;Russian;Spanish;Turkish",FALSE,7,FALSE,0.544436132727132,"Galician:vento;Italian:vento;Polish:wiatr;Portuguese:vento;Russian:ветер;Spanish:viento;Turkish:rüzgâr"
"banana",12,5,"Chinese_Traditional;Dutch;French;Italian;Portuguese",TRUE,6,TRUE,0.980981985286798,"Chinese_Traditional:蕉;Dutch:banaan;French:banane;Italian:banana;Portuguese:banana"
"cherry",12,5,"Dutch;French;German;Italian;Portuguese",TRUE,6,TRUE,0.978034359941551,"Dutch:kers;French:cerise;German:Kirsche;Italian:ciliegie;Portuguese:cereja"
"bread",12,5,"Dutch;French;Italian;Portuguese;Russian",TRUE,6,TRUE,0.963787452927272,"Dutch:brood;French:pain;Italian:pane;Portuguese:pão;Russian:хлеб"
"crab",12,5,"Chinese_Traditional;Dutch;French;Italian;Portuguese",TRUE,6,TRUE,0.959395520484974,"Chinese_Traditional:蟹;Dutch:krab;French:crabe;Italian:granchio;Portuguese:caranguejo"
"penis",12,5,"Dutch;German;Italian;Portuguese;Spanish",TRUE,6,TRUE,0.958560738360673,"Dutch:piel;German:Penis;Italian:pene;Portuguese:pénis;Spanish:pene"
"eagle",12,5,"Chinese_Traditional;Dutch;French;Portuguese;Spanish",TRUE,6,TRUE,0.955833703494752,"Chinese_Traditional:鷹;Dutch:adelaar;French:aigle;Portuguese:águia;Spanish:águila"
"finger",12,5,"French;German;Portuguese;Spanish;Turkish",TRUE,6,TRUE,0.955490979053855,"French:doigt;German:Finger;Portuguese:dedo;Spanish:dedo;Turkish:parmak"
"knee",12,5,"Chinese_Traditional;Galician;German;Italian;Portuguese",TRUE,6,TRUE,0.932371986588928,"Chinese_Traditional:膝;Galician:xeonllo;German:Knie;Italian:ginocchio;Portuguese:joelho"
"shoulder",12,5,"Chinese_Traditional;Galician;German;Portuguese;Russian",TRUE,6,TRUE,0.920639433870403,"Chinese_Traditional:肩;Galician:ombro;German:Schulter;Portuguese:ombro;Russian:плечо"
"rice",12,5,"Chinese_Traditional;Dutch;Portuguese;Spanish;Turkish",TRUE,6,TRUE,0.919879936590178,"Chinese_Traditional:飯;Dutch:rijst;Portuguese:arroz;Spanish:arroz;Turkish:pirinç"
"horse",12,5,"French;Italian;Portuguese;Russian;Spanish",TRUE,6,FALSE,0.917372445503216,"French:cheval;Italian:cavallo;Portuguese:Cavalo;Russian:лошадь;Spanish:caballo"
"peach",12,5,"Chinese_Traditional;Dutch;French;Portuguese;Russian",TRUE,6,TRUE,0.910680664661737,"Chinese_Traditional:桃;Dutch:perzik;French:pêche;Portuguese:pêssego;Russian:персик"
"hand",12,5,"Chinese_Traditional;French;Galician;Italian;Portuguese",TRUE,6,TRUE,0.910669134382682,"Chinese_Traditional:手;French:main;Galician:man;Italian:mano;Portuguese:mão"
"apple",12,5,"French;German;Italian;Russian;Spanish",TRUE,6,TRUE,0.910149156293079,"French:pomme;German:Apfel;Italian:mela;Russian:яблоко;Spanish:manzana"
"lip",12,5,"Chinese_Traditional;French;Galician;Portuguese;Turkish",TRUE,6,TRUE,0.905735673498227,"Chinese_Traditional:唇;French:lèvre;Galician:labio;Portuguese:lábio;Turkish:dudak"
"parrot",12,5,"Chinese_Traditional;Dutch;Italian;Portuguese;Spanish",TRUE,6,TRUE,0.903756529813905,"Chinese_Traditional:鸚;Dutch:papegaai;Italian:pappagallo;Portuguese:papagaio;Spanish:loro"
"violin",12,5,"Dutch;French;Italian;Portuguese;Russian",TRUE,6,TRUE,0.901656017758528,"Dutch:viool;French:violon;Italian:violino;Portuguese:violino;Russian:скрипка"
"bull",12,5,"Dutch;Italian;Portuguese;Spanish;Turkish",TRUE,6,TRUE,0.900777948168986,"Dutch:stier;Italian:toro;Portuguese:touro;Spanish:toro;Turkish:boğa"
"spoon",12,5,"Dutch;French;German;Italian;Russian",TRUE,6,TRUE,0.900064036611137,"Dutch:lepel;French:cuillère;German:Löffel;Italian:cucchiaio;Russian:ложка"
"foot",12,5,"Chinese_Traditional;French;Italian;Portuguese;Spanish",TRUE,6,TRUE,0.899708952178259,"Chinese_Traditional:腳;French:pied;Italian:piede;Portuguese:pé;Spanish:pie"
"ankle",12,5,"German;Italian;Portuguese;Russian;Spanish",TRUE,6,TRUE,0.8983714292142,"German:Fessel;Italian:caviglia;Portuguese:tornozelo;Russian:лодыжка;Spanish:tobillo"
"piano",12,5,"Chinese_Simplified;Dutch;French;Portuguese;Spanish",TRUE,6,TRUE,0.897511779103218,"Chinese_Simplified:钢琴;Dutch:piano;French:piano;Portuguese:piano;Spanish:piano"
"mushroom",12,5,"Dutch;French;Italian;Portuguese;Spanish",TRUE,6,TRUE,0.896916335164057,"Dutch:champignon;French:champignon;Italian:fungo;Portuguese:cogumelo;Spanish:champiñón"
"hair",12,5,"Chinese_Traditional;French;Galician;Portuguese;Spanish",TRUE,6,TRUE,0.890638497866898,"Chinese_Traditional:髮;French:cheveux;Galician:cabelo;Portuguese:cabelo;Spanish:cabello"
"helicopter",12,5,"Dutch;French;Italian;Portuguese;Russian",TRUE,6,TRUE,0.88919611950728,"Dutch:helikopter;French:hélicoptère;Italian:elicottero;Portuguese:helicóptero;Russian:вертолёт"
"beard",12,5,"Chinese_Traditional;Dutch;French;Italian;Portuguese",TRUE,6,TRUE,0.88910109901242,"Chinese_Traditional:鬍;Dutch:baard;French:barbe;Italian:barba;Portuguese:barba"
"chest",12,5,"Chinese_Traditional;French;Galician;German;Portuguese",TRUE,6,TRUE,0.885451571640759,"Chinese_Traditional:胸;French:coffre;Galician:peito;German:Truhe;Portuguese:peito"
"stone",12,5,"French;German;Portuguese;Russian;Spanish",TRUE,6,TRUE,0.881602641564807,"French:pierre;German:Stein;Portuguese:pedra;Russian:камень;Spanish:piedra"
"deer",12,5,"Chinese_Traditional;Dutch;French;Italian;Spanish",TRUE,6,TRUE,0.877990728321654,"Chinese_Traditional:鹿;Dutch:ree;French:cerf;Italian:cervo;Spanish:ciervo"
"fist",12,5,"Chinese_Traditional;Dutch;French;Portuguese;Spanish",TRUE,6,TRUE,0.874699160385579,"Chinese_Traditional:拳;Dutch:vuist;French:poing;Portuguese:punho;Spanish:puño"
"rose",12,5,"Chinese_Simplified;German;Portuguese;Russian;Turkish",TRUE,6,TRUE,0.872091164417162,"Chinese_Simplified:玫瑰;German:Rose;Portuguese:rosa;Russian:роза;Turkish:gül"
"garlic",12,5,"Chinese_Traditional;Dutch;French;Portuguese;Spanish",TRUE,6,TRUE,0.872011696361818,"Chinese_Traditional:蒜;Dutch:knoflook;French:ail;Portuguese:alho;Spanish:ajo"
"pot",12,5,"Chinese_Traditional;French;German;Portuguese;Spanish",TRUE,6,TRUE,0.869383451052583,"Chinese_Traditional:鍋;French:marmite;German:Kanne;Portuguese:panela;Spanish:olla"
"elbow",12,5,"French;Italian;Portuguese;Russian;Spanish",TRUE,6,FALSE,0.86764430422631,"French:coude;Italian:gomito;Portuguese:cotovelo;Russian:локоть;Spanish:codo"
"wheel",12,5,"Dutch;French;Portuguese;Russian;Spanish",TRUE,6,TRUE,0.86330357769586,"Dutch:wiel;French:roue;Portuguese:roda;Russian:колесо;Spanish:rueda"
"girl",12,5,"French;Italian;Portuguese;Russian;Spanish",TRUE,6,FALSE,0.86281595185659,"French:fille;Italian:ragazza;Portuguese:rapariga;Russian:девочка;Spanish:niña"
"ship",12,5,"Galician;German;Italian;Portuguese;Turkish",TRUE,6,TRUE,0.86092312867996,"Galician:nave;German:Schiff;Italian:nave;Portuguese:navio;Turkish:gemi"
"orange",12,5,"Chinese_Traditional;Dutch;French;Portuguese;Spanish",TRUE,6,TRUE,0.859292274854979,"Chinese_Traditional:橙;Dutch:sinaasappel;French:orange;Portuguese:laranja;Spanish:naranja"
"needle",12,5,"Chinese_Traditional;French;German;Italian;Spanish",TRUE,6,TRUE,0.852210137933384,"Chinese_Traditional:針;French:aiguille;German:Nadel;Italian:ago;Spanish:aguja"
"honey",12,5,"French;German;Italian;Portuguese;Spanish",TRUE,6,TRUE,0.850028439716291,"French:miel;German:Honig;Italian:miele;Portuguese:mel;Spanish:miel"
"strawberry",12,5,"Dutch;French;Italian;Portuguese;Spanish",TRUE,6,TRUE,0.847457628971662,"Dutch:aardbei;French:fraise;Italian:fragola;Portuguese:morango;Spanish:fresa"
"suitcase",12,5,"French;Italian;Portuguese;Russian;Spanish",TRUE,6,FALSE,0.844596506337178,"French:valise;Italian:valigia;Portuguese:mala;Russian:чемодан;Spanish:maleta"
"stool",12,5,"Chinese_Traditional;French;German;Italian;Turkish",TRUE,6,TRUE,0.840647518097769,"Chinese_Traditional:櫈;French:tabouret;German:Hocker;Italian:sgabello;Turkish:tabure"
"tower",12,5,"Chinese_Traditional;German;Portuguese;Russian;Spanish",TRUE,6,TRUE,0.834959367227496,"Chinese_Traditional:塔;German:Turm;Portuguese:torre;Russian:башня;Spanish:torre"
"food",12,5,"Chinese_Simplified;Chinese_Traditional;Galician;Italian;Russian",TRUE,6,TRUE,0.831739319110577,"Chinese_Simplified:食品;Chinese_Traditional:食;Galician:alimento;Italian:cibo;Russian:пища"
"comb",12,5,"French;German;Italian;Portuguese;Spanish",TRUE,6,TRUE,0.829008251242643,"French:peigne;German:Kamm;Italian:pettine;Portuguese:pente;Spanish:peine"
"oil",12,6,"Chinese_Traditional;French;Galician;Portuguese;Russian;Spanish",FALSE,6,TRUE,0.828758473752355,"Chinese_Traditional:油;French:huile;Galician:aceite;Portuguese:óleo;Russian:нефть;Spanish:petróleo"
"smile",12,5,"Chinese_Simplified;Chinese_Traditional;Portuguese;Russian;Spanish",TRUE,6,TRUE,0.824875249633102,"Chinese_Simplified:笑容;Chinese_Traditional:笑;Portuguese:sorriso;Russian:улыбка;Spanish:sonrisa"
"pig",12,5,"Chinese_Traditional;French;Italian;Portuguese;Spanish",TRUE,6,TRUE,0.822823598645613,"Chinese_Traditional:豬;French:porc;Italian:maiale;Portuguese:porco;Spanish:cerdo"
"shower",12,5,"Chinese_Simplified;Dutch;French;German;Spanish",TRUE,6,TRUE,0.822592288154626,"Chinese_Simplified:淋浴;Dutch:douche;French:douche;German:Dusche;Spanish:ducha"
"restaurant",12,5,"Chinese_Simplified;Italian;Portuguese;Russian;Turkish",TRUE,6,FALSE,0.821142928629397,"Chinese_Simplified:餐厅;Italian:ristorante;Portuguese:restaurante;Russian:ресторан;Turkish:lokanta"
"vest",12,5,"French;German;Italian;Portuguese;Spanish",TRUE,6,TRUE,0.818550695182636,"French:gilet;German:Weste;Italian:canottiera;Portuguese:colete;Spanish:chaleco"
"mountain",12,5,"Chinese_Traditional;French;Galician;German;Italian",TRUE,6,TRUE,0.818476757585137,"Chinese_Traditional:山;French:montagne;Galician:montaña;German:Berg;Italian:montagna"
"soldier",12,5,"Chinese_Simplified;Chinese_Traditional;Italian;Portuguese;Russian",TRUE,6,TRUE,0.818015775675581,"Chinese_Simplified:士兵;Chinese_Traditional:兵;Italian:soldato;Portuguese:soldado;Russian:солдат"
"kettle",12,5,"Chinese_Traditional;French;German;Italian;Portuguese",TRUE,6,TRUE,0.81740250883718,"Chinese_Traditional:壺;French:bouilloire;German:Kessel;Italian:bollitore;Portuguese:chaleira"
"wagon",12,5,"French;German;Italian;Portuguese;Spanish",TRUE,6,TRUE,0.8165847206541,"French:chariot;German:Waggon;Italian:carro;Portuguese:carroça;Spanish:vagón"
"candle",12,5,"Chinese_Traditional;Dutch;French;Italian;Spanish",TRUE,6,TRUE,0.814316496220538,"Chinese_Traditional:燭;Dutch:kaars;French:bougie;Italian:candela;Spanish:vela"
"animal",12,5,"Galician;Italian;Polish;Portuguese;Russian",TRUE,6,FALSE,0.809083970740176,"Galician:animal;Italian:animale;Polish:zwierzęcy;Portuguese:animal;Russian:животное"
"plant",12,5,"French;Galician;Portuguese;Russian;Turkish",TRUE,6,FALSE,0.805273547028836,"French:plante;Galician:planta;Portuguese:planta;Russian:растение;Turkish:bitki"
"cheek",12,5,"Chinese_Traditional;Dutch;French;Italian;Russian",TRUE,6,TRUE,0.788537819687093,"Chinese_Traditional:腮;Dutch:wang;French:joue;Italian:guancia;Russian:щека"
"rock",12,5,"French;German;Italian;Portuguese;Spanish",TRUE,6,TRUE,0.781029199699149,"French:roche;German:Felsen;Italian:roccia;Portuguese:rocha;Spanish:roca"
"garden",12,5,"Chinese_Simplified;Italian;Portuguese;Russian;Spanish",TRUE,6,FALSE,0.773473742013461,"Chinese_Simplified:花园;Italian:giardino;Portuguese:jardim;Russian:сад;Spanish:jardín"
"cork",12,5,"French;German;Italian;Portuguese;Spanish",TRUE,6,TRUE,0.772310423630783,"French:liège;German:Korken;Italian:sughero;Portuguese:cortiça;Spanish:corcho"
"arrow",12,5,"Chinese_Traditional;French;Italian;Polish;Portuguese",TRUE,6,TRUE,0.767580426700383,"Chinese_Traditional:箭;French:flèche;Italian:freccia;Polish:strzałka;Portuguese:seta"
"cloth",12,5,"Galician;German;Italian;Portuguese;Spanish",TRUE,6,TRUE,0.765578132333865,"Galician:pano;German:Tuch;Italian:tela;Portuguese:pano;Spanish:tela"
"ceiling",12,5,"Galician;Italian;Portuguese;Russian;Spanish",TRUE,6,FALSE,0.762007673221206,"Galician:teito;Italian:soffitto;Portuguese:tecto;Russian:потолок;Spanish:techo"
"coin",12,5,"Chinese_Simplified;Galician;German;Italian;Spanish",TRUE,6,TRUE,0.757091697590275,"Chinese_Simplified:硬币;Galician:moeda;German:Münze;Italian:moneta;Spanish:moneda"
"leaf",12,5,"Dutch;French;German;Portuguese;Spanish",TRUE,6,TRUE,0.753589364227924,"Dutch:blad;French:feuille;German:Blatt;Portuguese:folha;Spanish:hoja"
"wife",12,5,"Chinese_Simplified;Italian;Polish;Portuguese;Russian",TRUE,6,FALSE,0.745500532411954,"Chinese_Simplified:妻子;Italian:moglie;Polish:żona;Portuguese:esposa;Russian:жена"
"pocket",12,5,"French;Galician;Portuguese;Russian;Spanish",TRUE,6,FALSE,0.743858991908575,"French:poche;Galician:peto;Portuguese:bolso;Russian:карман;Spanish:bolsillo"
"city",12,5,"Chinese_Traditional;Galician;Italian;Polish;Portuguese",TRUE,6,TRUE,0.741052736797956,"Chinese_Traditional:城;Galician:cidade;Italian:città;Polish:miasto;Portuguese:cidade"
"owl",12,5,"French;German;Italian;Portuguese;Spanish",TRUE,6,TRUE,0.740612765577867,"French:chouette;German:Eule;Italian:gufo;Portuguese:coruja;Spanish:búho"
"person",12,5,"Chinese_Traditional;Galician;Italian;Polish;Portuguese",TRUE,6,TRUE,0.737073336970196,"Chinese_Traditional:人;Galician:persoa;Italian:persona;Polish:osoba;Portuguese:pessoa"
"television",12,5,"French;Polish;Portuguese;Russian;Turkish",TRUE,6,FALSE,0.727083243348155,"French:télévision;Polish:telewizja;Portuguese:televisor;Russian:телевидение;Turkish:televizyon"
"temple",12,5,"Chinese_Simplified;Chinese_Traditional;French;Galician;Portuguese",TRUE,6,TRUE,0.725299588264935,"Chinese_Simplified:寺院;Chinese_Traditional:廟;French:temple;Galician:templo;Portuguese:templo"
"son",12,5,"French;Galician;Portuguese;Russian;Spanish",TRUE,6,FALSE,0.719556388482653,"French:fils;Galician:fillo;Portuguese:filho;Russian:сын;Spanish:hijo"
"scar",12,5,"Chinese_Simplified;Chinese_Traditional;German;Portuguese;Spanish",TRUE,6,TRUE,0.719149601201497,"Chinese_Simplified:伤痕;Chinese_Traditional:疤;German:Narbe;Portuguese:cicatriz;Spanish:cicatriz"
"wing",12,5,"Chinese_Traditional;French;German;Portuguese;Russian",TRUE,6,TRUE,0.712152144303136,"Chinese_Traditional:翅;French:aile;German:Schwinge;Portuguese:asa;Russian:крыло"
"iron",12,5,"French;German;Italian;Portuguese;Spanish",TRUE,6,TRUE,0.712035450368188,"French:fer;German:Eisen;Italian:ferro;Portuguese:ferro;Spanish:hierro"
"palace",12,5,"Chinese_Simplified;German;Italian;Portuguese;Russian",TRUE,6,TRUE,0.70233803513332,"Chinese_Simplified:宫殿;German:Palast;Italian:palazzo;Portuguese:palácio;Russian:дворец"
"cross",12,5,"French;Galician;Polish;Russian;Spanish",TRUE,6,FALSE,0.688982895748118,"French:croix;Galician:cruz;Polish:krzyż;Russian:крест;Spanish:cruz"
"stage",12,5,"Chinese_Simplified;French;German;Portuguese;Spanish",TRUE,6,TRUE,0.683933938673759,"Chinese_Simplified:舞台;French:scène;German:Bühne;Portuguese:palco;Spanish:escenario"
"priest",12,5,"French;Galician;Polish;Portuguese;Russian",TRUE,6,FALSE,0.677224029888431,"French:prêtre;Galician:cura;Polish:ksiądz;Portuguese:padre;Russian:священник"
"engineer",12,5,"Galician;Italian;Portuguese;Russian;Turkish",TRUE,6,FALSE,0.673171084665037,"Galician:enxeñeiro;Italian:ingegnere;Portuguese:engenheiro;Russian:инженер;Turkish:mühendis"
"writer",12,6,"Galician;Italian;Polish;Portuguese;Russian;Spanish",FALSE,6,FALSE,0.671631775541236,"Galician:escritor;Italian:scrittore;Polish:pisarz;Portuguese:escritor;Russian:писатель;Spanish:escritora"
"film",12,5,"French;Galician;German;Portuguese;Russian",TRUE,6,TRUE,0.670666627616007,"French:film;Galician:película;German:Film;Portuguese:filme;Russian:плёнка"
"park",12,5,"Chinese_Simplified;French;Portuguese;Russian;Spanish",TRUE,6,FALSE,0.668555737276707,"Chinese_Simplified:公园;French:parc;Portuguese:parque;Russian:парк;Spanish:parque"
"signature",12,5,"Galician;Portuguese;Russian;Spanish;Turkish",TRUE,6,FALSE,0.666335445790829,"Galician:sinatura;Portuguese:assinatura;Russian:подпись;Spanish:firma;Turkish:imza"
"bar",12,6,"French;Galician;German;Italian;Portuguese;Spanish",FALSE,6,TRUE,0.663256144311404,"French:bar;Galician:barra;German:Bar;Italian:bar;Portuguese:barra;Spanish:barra"
"smoke",12,6,"Chinese_Traditional;Italian;Polish;Portuguese;Russian;Spanish",FALSE,6,TRUE,0.662650263468351,"Chinese_Traditional:煙;Italian:fumo;Polish:palenie;Portuguese:fumo;Russian:дым;Spanish:humo"
"cell",12,5,"Galician;German;Italian;Portuguese;Spanish",TRUE,6,TRUE,0.653961325462336,"Galician:célula;German:Zelle;Italian:cellula;Portuguese:célula;Spanish:celda"
"family",12,5,"Galician;Italian;Polish;Portuguese;Russian",TRUE,6,FALSE,0.646177469410776,"Galician:familia;Italian:famiglia;Polish:rodzina;Portuguese:família;Russian:семья"
"tennis",12,5,"German;Italian;Portuguese;Spanish;Turkish",TRUE,6,TRUE,0.645116110743285,"German:Tennis;Italian:tennis;Portuguese:ténis;Spanish:tenis;Turkish:tenis"
"village",12,5,"German;Italian;Polish;Portuguese;Russian",TRUE,6,TRUE,0.63687169835151,"German:Dorf;Italian:villaggio;Polish:wieś;Portuguese:aldeia;Russian:деревня"
"document",12,5,"Galician;Polish;Portuguese;Russian;Spanish",TRUE,6,FALSE,0.633351878947866,"Galician:documento;Polish:dokument;Portuguese:documento;Russian:документ;Spanish:documento"
"field",12,6,"French;Galician;German;Italian;Portuguese;Russian",FALSE,6,TRUE,0.625173662796856,"French:champ;Galician:leira;German:Feld;Italian:campo;Portuguese:campo;Russian:поле"
"army",12,5,"Galician;Italian;Polish;Portuguese;Russian",TRUE,6,FALSE,0.623065530765913,"Galician:exército;Italian:esercito;Polish:wojsko;Portuguese:exército;Russian:армия"
"camp",12,6,"French;Italian;Polish;Portuguese;Russian;Spanish",FALSE,6,FALSE,0.61710298309549,"French:camp;Italian:campeggio;Polish:obóz;Portuguese:acampamento;Russian:лагерь;Spanish:campamento"
"line",12,5,"Galician;German;Polish;Portuguese;Russian",TRUE,6,TRUE,0.614108971425684,"Galician:liña;German:Zeile;Polish:linia;Portuguese:linha;Russian:линия"
"night",12,5,"Galician;Italian;Polish;Portuguese;Russian",TRUE,6,FALSE,0.612906587503262,"Galician:noite;Italian:notte;Polish:noc;Portuguese:noite;Russian:ночь"
"pus",12,5,"Dutch;German;Italian;Polish;Portuguese",TRUE,6,TRUE,0.610864537743592,"Dutch:etter;German:Eiter;Italian:pus;Polish:zgorzel;Portuguese:pus"
"alley",12,5,"Chinese_Traditional;German;Italian;Polish;Portuguese",TRUE,6,TRUE,0.610020349689396,"Chinese_Traditional:巷;German:Gasse;Italian:vicolo;Polish:zaułek;Portuguese:beco"
"pope",12,5,"French;Italian;Polish;Portuguese;Spanish",TRUE,6,FALSE,0.599509622949931,"French:pape;Italian:pontefice;Polish:papież;Portuguese:papa;Spanish:papa"
"market",12,5,"Galician;German;Polish;Portuguese;Spanish",TRUE,6,TRUE,0.572346222350954,"Galician:mercado;German:Markt;Polish:rynek;Portuguese:mercado;Spanish:mercado"
"accident",12,6,"Chinese_Simplified;Galician;Italian;Polish;Portuguese;Spanish",FALSE,6,FALSE,0.540284036243033,"Chinese_Simplified:事故;Galician:accidente;Italian:incidente;Polish:wypadek;Portuguese:acidente;Spanish:accidente"
"step",12,5,"French;Galician;German;Polish;Portuguese",TRUE,6,TRUE,0.525018832157566,"French:marche;Galician:paso;German:Stufe;Polish:krok;Portuguese:passo"
"crack",12,5,"Chinese_Simplified;Galician;German;Polish;Spanish",TRUE,6,TRUE,0.514713700207289,"Chinese_Simplified:裂痕;Galician:fenda;German:Spalte;Polish:pęknięcie;Spanish:grieta"
"group",12,6,"French;Galician;German;Polish;Portuguese;Russian",FALSE,6,TRUE,0.50791561990438,"French:groupe;Galician:grupo;German:Gruppe;Polish:grupa;Portuguese:Grupo;Russian:группа"
"carrot",12,4,"French;Portuguese;Russian;Spanish",TRUE,5,FALSE,0.979515795408727,"French:carotte;Portuguese:cenoura;Russian:морковь;Spanish:zanahoria"
"toaster",12,4,"Dutch;French;German;Portuguese",TRUE,5,TRUE,0.97647817754597,"Dutch:broodrooster;French:grille-pain;German:Toaster;Portuguese:torradeira"
"tooth",12,4,"Chinese_Traditional;Dutch;French;Russian",TRUE,5,TRUE,0.969998874392196,"Chinese_Traditional:齒;Dutch:tand;French:dent;Russian:зуб"
"mayonnaise",12,4,"Dutch;Italian;Portuguese;Russian",TRUE,5,TRUE,0.966146330945982,"Dutch:mayonaise;Italian:maionese;Portuguese:maionese;Russian:майонез"
"sweater",12,4,"Dutch;French;Italian;Portuguese",TRUE,5,TRUE,0.953966256882282,"Dutch:trui;French:pull;Italian:maglia;Portuguese:camisola"
"tomato",12,4,"French;Italian;Portuguese;Spanish",TRUE,5,FALSE,0.95183365469478,"French:tomate;Italian:pomodoro;Portuguese:tomate;Spanish:tomate"
"nail",12,4,"Chinese_Traditional;French;Portuguese;Turkish",TRUE,5,TRUE,0.949492529214638,"Chinese_Traditional:釘;French:clou;Portuguese:unha;Turkish:tırnak"
"chocolate",12,4,"Dutch;Portuguese;Spanish;Turkish",TRUE,5,TRUE,0.948723125458781,"Dutch:chocola;Portuguese:chocolate;Spanish:chocolate;Turkish:çikolata"
"snake",12,4,"Chinese_Traditional;French;Russian;Spanish",TRUE,5,TRUE,0.946759125337874,"Chinese_Traditional:蛇;French:serpent;Russian:змея;Spanish:culebra"
"thumb",12,4,"Dutch;French;German;Italian",TRUE,5,TRUE,0.944113287795254,"Dutch:duim;French:pouce;German:Daumen;Italian:pollice"
"ashtray",12,4,"Dutch;French;Portuguese;Spanish",TRUE,5,TRUE,0.941265905400583,"Dutch:asbak;French:cendrier;Portuguese:cinzeiro;Spanish:cenicero"
"ear",12,4,"French;Italian;Russian;Turkish",TRUE,5,FALSE,0.940026461187345,"French:oreille;Italian:orecchio;Russian:ухо;Turkish:kulak"
"oak",12,4,"French;Galician;German;Spanish",TRUE,5,TRUE,0.923006948336014,"French:chêne;Galician:carballo;German:Eiche;Spanish:roble"
"computer",12,4,"Galician;Italian;Portuguese;Russian",TRUE,5,FALSE,0.922356445063463,"Galician:ordenador;Italian:computer;Portuguese:computador;Russian:компьютер"
"jar",12,4,"Chinese_Traditional;Dutch;Portuguese;Spanish",TRUE,5,TRUE,0.917151944253431,"Chinese_Traditional:罐;Dutch:bokaal;Portuguese:frasco;Spanish:jarra"
"mosquito",12,4,"Chinese_Traditional;Italian;Portuguese;Russian",TRUE,5,TRUE,0.915381925798393,"Chinese_Traditional:蚊;Italian:zanzara;Portuguese:mosquito;Russian:комар"
"pistol",12,4,"Galician;Italian;Portuguese;Russian",TRUE,5,FALSE,0.914681162891018,"Galician:pistola;Italian:pistola;Portuguese:pistola;Russian:пистолет"
"tobacco",12,4,"Galician;Italian;Portuguese;Turkish",TRUE,5,FALSE,0.907526766302189,"Galician:tabaco;Italian:tabacco;Portuguese:tabaco;Turkish:tütün"
"beer",12,4,"French;Portuguese;Russian;Spanish",TRUE,5,FALSE,0.903741247360629,"French:bière;Portuguese:cerveja;Russian:пиво;Spanish:cerveza"
"cabinet",12,4,"Chinese_Traditional;German;Italian;Spanish",TRUE,5,TRUE,0.903337198055452,"Chinese_Traditional:櫃;German:Schrank;Italian:mobile;Spanish:armario"
"salt",12,4,"Chinese_Traditional;French;Portuguese;Russian",TRUE,5,TRUE,0.902534000998118,"Chinese_Traditional:鹽;French:sel;Portuguese:sal;Russian:соль"
"tiger",12,5,"Dutch;French;Italian;Portuguese;Spanish",FALSE,5,TRUE,0.899236933529241,"Dutch:tijger;French:tigre;Italian:tigre;Portuguese:tigre;Spanish:tigre"
"crocodile",12,4,"Chinese_Traditional;Dutch;Portuguese;Spanish",TRUE,5,TRUE,0.89261294235731,"Chinese_Traditional:鱷;Dutch:krokodil;Portuguese:crocodilo;Spanish:cocodrilo"
"barrel",12,4,"French;German;Italian;Portuguese",TRUE,5,TRUE,0.892424977546509,"French:tonneau;German:Fass;Italian:barile;Portuguese:barril"
"helmet",12,4,"French;Galician;Italian;Portuguese",TRUE,5,FALSE,0.89132438734634,"French:casque;Galician:casco;Italian:casco;Portuguese:capacete"
"crow",12,4,"Chinese_Traditional;Portuguese;Russian;Spanish",TRUE,5,TRUE,0.883867605432974,"Chinese_Traditional:鴉;Portuguese:corvo;Russian:ворона;Spanish:cuervo"
"clock",12,4,"French;Italian;Portuguese;Spanish",TRUE,5,FALSE,0.880903345138415,"French:horloge;Italian:orologio;Portuguese:Relógio;Spanish:reloj"
"drum",12,4,"Chinese_Traditional;French;Italian;Spanish",TRUE,5,TRUE,0.879471136790655,"Chinese_Traditional:鼓;French:tambour;Italian:tamburo;Spanish:tambor"
"sock",12,4,"Chinese_Traditional;French;Italian;Portuguese",TRUE,5,TRUE,0.878973890838498,"Chinese_Traditional:襪;French:chaussette;Italian:calza;Portuguese:meia"
"pipe",12,4,"French;Portuguese;Spanish;Turkish",TRUE,5,FALSE,0.875653916314779,"French:pipe;Portuguese:cachimbo;Spanish:pipa;Turkish:boru"
"rat",12,4,"French;German;Italian;Spanish",TRUE,5,TRUE,0.874715034412037,"French:rat;German:Ratte;Italian:ratto;Spanish:rata"
"whip",12,4,"Chinese_Traditional;French;Portuguese;Spanish",TRUE,5,TRUE,0.873818653681315,"Chinese_Traditional:鞭;French:fouet;Portuguese:chicote;Spanish:látigo"
"sugar",12,4,"French;Italian;Russian;Turkish",TRUE,5,FALSE,0.870299505555446,"French:sucre;Italian:zucchero;Russian:сахар;Turkish:şeker"
"umbrella",12,4,"Chinese_Traditional;German;Italian;Spanish",TRUE,5,TRUE,0.869481044000654,"Chinese_Traditional:傘;German:Schirm;Italian:ombrello;Spanish:paraguas"
"camel",12,4,"Dutch;French;Italian;Portuguese",TRUE,5,TRUE,0.868002595152409,"Dutch:kameel;French:chameau;Italian:cammello;Portuguese:camelo"
"hat",12,4,"French;German;Italian;Spanish",TRUE,5,TRUE,0.86742652167989,"French:chapeau;German:Hut;Italian:cappello;Spanish:sombrero"
"compass",12,4,"Dutch;German;Italian;Portuguese",TRUE,5,TRUE,0.8673518527236,"Dutch:kompas;German:Kompass;Italian:bussola;Portuguese:bússola"
"insect",12,4,"Chinese_Traditional;Italian;Portuguese;Turkish",TRUE,5,TRUE,0.863166263634645,"Chinese_Traditional:蟲;Italian:insetto;Portuguese:insecto;Turkish:böcek"
"chin",12,4,"German;Italian;Portuguese;Spanish",TRUE,5,TRUE,0.862978106035052,"German:Kinn;Italian:mento;Portuguese:queixo;Spanish:mentón"
"scorpion",12,4,"Chinese_Traditional;Italian;Portuguese;Spanish",TRUE,5,TRUE,0.862616014938643,"Chinese_Traditional:蠍;Italian:scorpione;Portuguese:escorpião;Spanish:escorpión"
"dollar",12,4,"Galician;Italian;Portuguese;Russian",TRUE,5,FALSE,0.860899659135842,"Galician:dólar;Italian:dollaro;Portuguese:dólar;Russian:доллар"
"coffin",12,4,"German;Portuguese;Russian;Spanish",TRUE,5,TRUE,0.859444883687011,"German:Sarg;Portuguese:caixão;Russian:гроб;Spanish:ataúd"
"blouse",12,4,"Dutch;French;Portuguese;Spanish",TRUE,5,TRUE,0.857001734609795,"Dutch:blouse;French:chemisier;Portuguese:blusa;Spanish:blusa"
"flute",12,4,"Chinese_Traditional;French;Portuguese;Spanish",TRUE,5,TRUE,0.855711102227835,"Chinese_Traditional:笛;French:flûte;Portuguese:flauta;Spanish:flauta"
"oven",12,4,"French;German;Portuguese;Spanish",TRUE,5,TRUE,0.855419504151055,"French:four;German:Ofen;Portuguese:forno;Spanish:horno"
"bookcase",12,4,"Dutch;Italian;Portuguese;Spanish",TRUE,5,TRUE,0.852792521177896,"Dutch:boekenkast;Italian:libreria;Portuguese:estante;Spanish:estantería"
"elevator",12,4,"German;Italian;Portuguese;Spanish",TRUE,5,TRUE,0.846664041720324,"German:Aufzug;Italian:ascensore;Portuguese:elevador;Spanish:ascensor"
"airport",12,4,"Chinese_Simplified;Portuguese;Russian;Spanish",TRUE,5,FALSE,0.842305921885224,"Chinese_Simplified:机场;Portuguese:aeroporto;Russian:аэропорт;Spanish:aeropuerto"
"branch",12,4,"French;German;Polish;Portuguese",TRUE,5,TRUE,0.840101661727896,"French:branche;German:Ast;Polish:dziedzina;Portuguese:ramo"
"thigh",12,4,"Dutch;French;German;Portuguese",TRUE,5,TRUE,0.839011610185602,"Dutch:dij;French:cuisse;German:Schenkel;Portuguese:coxa"
"tank",12,4,"Chinese_Traditional;Italian;Portuguese;Russian",TRUE,5,TRUE,0.838810919613034,"Chinese_Traditional:缸;Italian:serbatoio;Portuguese:tanque;Russian:танк"
"vase",12,4,"Dutch;French;Portuguese;Spanish",TRUE,5,TRUE,0.836973855065118,"Dutch:vaas;French:vase;Portuguese:vaso;Spanish:jarrón"
"balloon",12,4,"Dutch;French;Portuguese;Spanish",TRUE,5,TRUE,0.833915046872586,"Dutch:ballon;French:ballon;Portuguese:balão;Spanish:globo"
"belt",12,4,"French;Portuguese;Russian;Spanish",TRUE,5,FALSE,0.831400340255224,"French:ceinture;Portuguese:cinto;Russian:пояс;Spanish:cinturón"
"castle",12,4,"Dutch;Italian;Portuguese;Spanish",TRUE,5,TRUE,0.828947967706745,"Dutch:kasteel;Italian:castello;Portuguese:castelo;Spanish:castillo"
"ring",12,4,"French;Portuguese;Russian;Spanish",TRUE,5,FALSE,0.827661052900274,"French:bague;Portuguese:anel;Russian:кольцо;Spanish:anillo"
"roof",12,4,"French;German;Italian;Russian",TRUE,5,TRUE,0.826213379363768,"French:toit;German:Dach;Italian:tetto;Russian:крыша"
"lighthouse",12,4,"French;Italian;Portuguese;Spanish",TRUE,5,FALSE,0.826147207410055,"French:phare;Italian:faro;Portuguese:farol;Spanish:faro"
"pine",12,4,"French;Italian;Portuguese;Spanish",TRUE,5,FALSE,0.825525841242718,"French:pin;Italian:pino;Portuguese:pinheiro;Spanish:pino"
"bucket",12,4,"Chinese_Traditional;Dutch;Portuguese;Spanish",TRUE,5,TRUE,0.820486848025245,"Chinese_Traditional:桶;Dutch:emmer;Portuguese:balde;Spanish:cubo"
"bag",12,4,"Chinese_Traditional;French;German;Spanish",TRUE,5,TRUE,0.819608533970578,"Chinese_Traditional:袋;French:sac;German:Tasche;Spanish:bolso"
"pepper",12,4,"Chinese_Traditional;French;Italian;Russian",TRUE,5,TRUE,0.818331930140049,"Chinese_Traditional:椒;French:poivre;Italian:peperone;Russian:перец"
"anchor",12,4,"French;German;Portuguese;Spanish",TRUE,5,TRUE,0.817432516807556,"French:ancre;German:Anker;Portuguese:âncora;Spanish:ancla"
"pants",12,4,"Dutch;French;German;Spanish",TRUE,5,TRUE,0.816184040862836,"Dutch:broek;French:pantalon;German:Hose;Spanish:calzoncillos"
"factory",12,4,"Galician;Portuguese;Russian;Spanish",TRUE,5,FALSE,0.812852372225862,"Galician:fábrica;Portuguese:fábrica;Russian:фабрика;Spanish:fábrica"
"bullet",12,4,"Italian;Portuguese;Russian;Spanish",TRUE,5,FALSE,0.811943227250719,"Italian:bossolo;Portuguese:bala;Russian:пуля;Spanish:bala"
"carpet",12,4,"German;Italian;Portuguese;Spanish",TRUE,5,TRUE,0.811143575191373,"German:Teppich;Italian:tappeto;Portuguese:tapete;Spanish:alfombra"
"cane",12,4,"Chinese_Traditional;Italian;Portuguese;Spanish",TRUE,5,TRUE,0.80532132041289,"Chinese_Traditional:杖;Italian:bastone;Portuguese:cana;Spanish:bastón"
"cage",12,4,"Chinese_Traditional;Italian;Portuguese;Spanish",TRUE,5,TRUE,0.804112285494224,"Chinese_Traditional:籠;Italian:gabbia;Portuguese:gaiola;Spanish:jaula"
"shovel",12,4,"Chinese_Traditional;German;Russian;Spanish",TRUE,5,TRUE,0.80378548565272,"Chinese_Traditional:鏟;German:Schaufel;Russian:лопата;Spanish:pala"
"trumpet",12,4,"French;Italian;Portuguese;Spanish",TRUE,5,FALSE,0.802982057943713,"French:trompette;Italian:tromba;Portuguese:trompete;Spanish:trompeta"
"forest",12,4,"Galician;Italian;Portuguese;Turkish",TRUE,5,FALSE,0.802262532752276,"Galician:monte;Italian:foresta;Portuguese:floresta;Turkish:orman"
"mill",12,4,"German;Italian;Portuguese;Spanish",TRUE,5,TRUE,0.801499361237185,"German:Mühle;Italian:mulino;Portuguese:moinho;Spanish:molino"
"cemetery",12,4,"Galician;Portuguese;Russian;Spanish",TRUE,5,FALSE,0.800516217436372,"Galician:cemiterio;Portuguese:cemitério;Russian:кладбище;Spanish:cementerio"
"package",12,4,"Galician;German;Portuguese;Russian",TRUE,5,TRUE,0.799184578019108,"Galician:paquete;German:Paket;Portuguese:embalagem;Russian:пакет"
"cave",12,4,"French;Portuguese;Russian;Spanish",TRUE,5,FALSE,0.796358808095433,"French:grotte;Portuguese:caverna;Russian:пещера;Spanish:cueva"
"nurse",12,4,"Chinese_Simplified;Italian;Portuguese;Spanish",TRUE,5,FALSE,0.794748225122858,"Chinese_Simplified:护士;Italian:infermiere;Portuguese:enfermeiro;Spanish:enfermero"
"basin",12,4,"Chinese_Traditional;German;Italian;Portuguese",TRUE,5,TRUE,0.792943477358945,"Chinese_Traditional:盆;German:Becken;Italian:catino;Portuguese:bacia"
"donkey",12,4,"Chinese_Traditional;French;Portuguese;Spanish",TRUE,5,TRUE,0.792881550973906,"Chinese_Traditional:驢;French:âne;Portuguese:burro;Spanish:burro"
"lily",12,4,"French;German;Italian;Portuguese",TRUE,5,TRUE,0.791138771477464,"French:lys;German:Lilie;Italian:giglio;Portuguese:lírio"
"cap",12,4,"French;German;Portuguese;Spanish",TRUE,5,TRUE,0.78988848969209,"French:casquette;German:Kappe;Portuguese:boné;Spanish:tapón"
"skeleton",12,4,"Chinese_Traditional;Italian;Spanish;Turkish",TRUE,5,TRUE,0.788457889146092,"Chinese_Traditional:骸;Italian:scheletro;Spanish:esqueleto;Turkish:iskelet"
"laboratory",12,4,"Galician;Portuguese;Russian;Spanish",TRUE,5,FALSE,0.787837423521082,"Galician:laboratorio;Portuguese:laboratório;Russian:лаборатория;Spanish:laboratorio"
"crown",12,4,"Chinese_Simplified;Dutch;Portuguese;Spanish",TRUE,5,TRUE,0.786870406867668,"Chinese_Simplified:皇冠;Dutch:kroon;Portuguese:coroa;Spanish:corona"
"ladder",12,4,"Chinese_Simplified;Chinese_Traditional;French;German",TRUE,5,TRUE,0.784995760847379,"Chinese_Simplified:阶梯;Chinese_Traditional:梯;French:échelle;German:Leiter"
"balcony",12,4,"German;Italian;Spanish;Turkish",TRUE,5,TRUE,0.78320102364938,"German:Balkon;Italian:balcone;Spanish:balcón;Turkish:balkon"
"wine",12,4,"French;Italian;Portuguese;Russian",TRUE,5,FALSE,0.782525885675396,"French:vin;Italian:vino;Portuguese:vinho;Russian:вино"
"worker",12,4,"Galician;Italian;Portuguese;Russian",TRUE,5,FALSE,0.782245016283597,"Galician:obreiro;Italian:lavoratore;Portuguese:trabalhador;Russian:работник"
"forehead",12,4,"French;German;Portuguese;Russian",TRUE,5,TRUE,0.782130542579537,"French:front;German:Stirn;Portuguese:testa;Russian:лоб"
"tongue",12,4,"Chinese_Traditional;Dutch;French;Portuguese",TRUE,5,TRUE,0.780927227583509,"Chinese_Traditional:舌;Dutch:tong;French:langue;Portuguese:língua"
"brain",12,5,"Chinese_Traditional;Galician;Italian;Portuguese;Russian",FALSE,5,TRUE,0.78013663815089,"Chinese_Traditional:腦;Galician:cerebro;Italian:cervello;Portuguese:cérebro;Russian:мозг"
"basket",12,4,"French;German;Portuguese;Spanish",TRUE,5,TRUE,0.778346179385482,"French:panier;German:Korb;Portuguese:cesto;Spanish:cesta"
"ruler",12,4,"Chinese_Traditional;French;Italian;Portuguese",TRUE,5,TRUE,0.776840231848725,"Chinese_Traditional:尺;French:règle;Italian:righello;Portuguese:régua"
"monastery",12,4,"Galician;Italian;Russian;Spanish",TRUE,5,FALSE,0.776026992328944,"Galician:mosteiro;Italian:monastero;Russian:монастырь;Spanish:monasterio"
"lamb",12,4,"Italian;Portuguese;Spanish;Turkish",TRUE,5,FALSE,0.770765677982739,"Italian:agnello;Portuguese:cordeiro;Spanish:cordero;Turkish:kuzu"
"farmer",12,4,"Galician;German;Portuguese;Spanish",TRUE,5,TRUE,0.770344573002256,"Galician:labrego;German:Bauer;Portuguese:agricultor;Spanish:granjero"
"breast",12,4,"French;Italian;Portuguese;Spanish",TRUE,5,FALSE,0.765984961995813,"French:sein;Italian:seno;Portuguese:seio;Spanish:seno"
"cable",12,4,"French;German;Spanish;Turkish",TRUE,5,TRUE,0.761026706238236,"French:câble;German:Kabel;Spanish:cable;Turkish:kablo"
"sister",12,4,"Chinese_Traditional;French;Russian;Spanish",TRUE,5,TRUE,0.756437346150787,"Chinese_Traditional:姐;French:soeur;Russian:сестра;Spanish:hermana"
"sauce",12,4,"Chinese_Traditional;French;Italian;Turkish",TRUE,5,TRUE,0.756051140217624,"Chinese_Traditional:醬;French:sauce;Italian:sugo;Turkish:sos"
"tail",12,4,"Chinese_Traditional;French;German;Portuguese",TRUE,5,TRUE,0.752537250280377,"Chinese_Traditional:尾;French:queue;German:Schwanz;Portuguese:cauda"
"president",12,4,"Chinese_Simplified;Galician;Portuguese;Russian",TRUE,5,FALSE,0.750575424826738,"Chinese_Simplified:总统;Galician:presidente;Portuguese:presidente;Russian:президент"
"wood",12,4,"French;Galician;German;Portuguese",TRUE,5,TRUE,0.750165991875482,"French:bois;Galician:madeira;German:Holz;Portuguese:madeira"
"dagger",12,4,"Chinese_Simplified;Italian;Portuguese;Spanish",TRUE,5,FALSE,0.749480418578999,"Chinese_Simplified:匕首;Italian:pugnale;Portuguese:punhal;Spanish:puñal"
"bank",12,4,"French;Galician;Portuguese;Russian",TRUE,5,FALSE,0.749028166692306,"French:banque;Galician:banco;Portuguese:banco;Russian:банк"
"grave",12,4,"Chinese_Traditional;German;Russian;Turkish",TRUE,5,TRUE,0.747295078666082,"Chinese_Traditional:墓;German:Grab;Russian:могила;Turkish:mezar"
"rail",12,4,"Chinese_Traditional;French;German;Portuguese",TRUE,5,TRUE,0.745246286122071,"Chinese_Traditional:軌;French:rail;German:Schiene;Portuguese:carril"
"bald",12,4,"Chinese_Traditional;French;Polish;Portuguese",TRUE,5,TRUE,0.736341109961934,"Chinese_Traditional:禿;French:chauve;Polish:łysy;Portuguese:careca"
"wax",12,4,"Chinese_Traditional;French;German;Italian",TRUE,5,TRUE,0.735509743211749,"Chinese_Traditional:蠟;French:cire;German:Wachs;Italian:cera"
"fat",12,4,"Chinese_Traditional;Galician;Italian;Portuguese",TRUE,5,TRUE,0.719485981242213,"Chinese_Traditional:肥;Galician:graxa;Italian:grasso;Portuguese:gordo"
"clothing",12,4,"German;Portuguese;Russian;Turkish",TRUE,5,TRUE,0.717005238876424,"German:Kleidung;Portuguese:roupa;Russian:одежда;Turkish:giyim"
"back",12,5,"Dutch;French;Galician;Italian;Portuguese",FALSE,5,TRUE,0.714836549654666,"Dutch:rug;French:dos;Galician:lombo;Italian:schiena;Portuguese:costas"
"lightning",12,4,"Galician;Polish;Portuguese;Spanish",TRUE,5,FALSE,0.708300081000274,"Galician:raio;Polish:piorun;Portuguese:relâmpago;Spanish:relámpago"
"walnut",12,4,"Chinese_Simplified;French;Italian;Spanish",TRUE,5,FALSE,0.706031927423507,"Chinese_Simplified:核桃;French:noix;Italian:noce;Spanish:nuez"
"sweat",12,4,"German;Portuguese;Spanish;Turkish",TRUE,5,TRUE,0.705710245959744,"German:Schweiss;Portuguese:suor;Spanish:sudor;Turkish:ter"
"ink",12,4,"French;German;Italian;Spanish",TRUE,5,TRUE,0.705520192198036,"French:encre;German:Tinte;Italian:inchiostro;Spanish:tinta"
"stick",12,4,"Chinese_Traditional;French;Spanish;Turkish",TRUE,5,TRUE,0.704753064922091,"Chinese_Traditional:棍;French:canne;Spanish:palo;Turkish:çubuk"
"road",12,4,"French;Galician;Italian;Russian",TRUE,5,FALSE,0.704293540029906,"French:route;Galician:estrada;Italian:strada;Russian:дорога"
"secretary",12,4,"Italian;Portuguese;Russian;Spanish",TRUE,5,FALSE,0.702130599721762,"Italian:segretaria;Portuguese:secretário;Russian:секретарь;Spanish:secretario"
"jewel",12,4,"German;Italian;Portuguese;Spanish",TRUE,5,TRUE,0.700578140017828,"German:Juwel;Italian:gioiello;Portuguese:jóia;Spanish:joya"
"bathroom",12,4,"Galician;Italian;Portuguese;Spanish",TRUE,5,FALSE,0.69894455387166,"Galician:baño;Italian:bagno;Portuguese:sanitário;Spanish:baño"
"steel",12,4,"Chinese_Traditional;German;Italian;Portuguese",TRUE,5,TRUE,0.697724560499309,"Chinese_Traditional:鋼;German:Stahl;Italian:acciaio;Portuguese:aço"
"uncle",12,4,"French;Galician;Russian;Spanish",TRUE,5,FALSE,0.696193495121644,"French:oncle;Galician:tío;Russian:дядя;Spanish:tío"
"author",12,4,"Galician;German;Portuguese;Russian",TRUE,5,TRUE,0.696044691067772,"Galician:autor;German:Autor;Portuguese:autor;Russian:автор"
"band",12,4,"Galician;Polish;Portuguese;Spanish",TRUE,5,FALSE,0.694366625819829,"Galician:banda;Polish:pasmo;Portuguese:banda;Spanish:venda"
"carriage",12,4,"Dutch;Italian;Polish;Spanish",TRUE,5,TRUE,0.690631325903107,"Dutch:koets;Italian:carrozza;Polish:transportowanie;Spanish:carruaje"
"leather",12,4,"French;Galician;German;Polish",TRUE,5,TRUE,0.690003954914868,"French:cuir;Galician:coiro;German:Leder;Polish:skórzany"
"wave",12,4,"Chinese_Traditional;Polish;Portuguese;Russian",TRUE,5,TRUE,0.6895133333268,"Chinese_Traditional:浪;Polish:fala;Portuguese:onda;Russian:волна"
"column",12,4,"Galician;Italian;Portuguese;Spanish",TRUE,5,FALSE,0.686650669804602,"Galician:columna;Italian:colonna;Portuguese:coluna;Spanish:columna"
"lawyer",12,4,"German;Italian;Portuguese;Spanish",TRUE,5,TRUE,0.683410032194426,"German:Anwalt;Italian:avvocato;Portuguese:advogado;Spanish:abogada"
"port",12,4,"French;Galician;Russian;Spanish",TRUE,5,FALSE,0.68098469242099,"French:port;Galician:porto;Russian:порт;Spanish:puerto"
"painter",12,5,"French;Galician;German;Portuguese;Spanish",FALSE,5,TRUE,0.679922861347458,"French:peintre;Galician:pintor;German:Maler;Portuguese:pintor;Spanish:pintora"
"thread",12,4,"French;German;Portuguese;Spanish",TRUE,5,TRUE,0.679196051885385,"French:fil;German:Faden;Portuguese:fio;Spanish:hilo"
"pilot",12,4,"Portuguese;Russian;Spanish;Turkish",TRUE,5,FALSE,0.678036098943033,"Portuguese:piloto;Russian:летчик;Spanish:piloto;Turkish:pilot"
"medal",12,4,"Chinese_Simplified;Italian;Portuguese;Spanish",TRUE,5,FALSE,0.677303704928357,"Chinese_Simplified:奖牌;Italian:medaglia;Portuguese:medalha;Spanish:medalla"
"chain",12,4,"Dutch;French;Galician;Portuguese",TRUE,5,TRUE,0.676684372182632,"Dutch:ketting;French:chaîne;Galician:cadea;Portuguese:corrente"
"square",12,5,"French;Galician;German;Italian;Russian",FALSE,5,TRUE,0.67603676482234,"French:place;Galician:praza;German:Quadrat;Italian:piazza;Russian:квадрат"
"device",12,4,"Galician;Portuguese;Russian;Turkish",TRUE,5,FALSE,0.669299621101716,"Galician:dispositivo;Portuguese:dispositivo;Russian:прибор;Turkish:cihaz"
"sea",12,4,"French;German;Russian;Turkish",TRUE,5,TRUE,0.667832009650958,"French:mer;German:Meer;Russian:море;Turkish:deniz"
"ground",12,4,"French;Galician;Italian;Portuguese",TRUE,5,FALSE,0.66713134683712,"French:sol;Galician:chan;Italian:suolo;Portuguese:terreno"
"fog",12,4,"Chinese_Traditional;Polish;Portuguese;Spanish",TRUE,5,TRUE,0.666254371510718,"Chinese_Traditional:霧;Polish:mgła;Portuguese:nevoeiro;Spanish:niebla"
"knot",12,4,"French;German;Italian;Portuguese",TRUE,5,TRUE,0.663606957774288,"French:noeud;German:Knoten;Italian:nodo;Portuguese:nó"
"hole",12,4,"Chinese_Traditional;French;Polish;Portuguese",TRUE,5,TRUE,0.662135515560741,"Chinese_Traditional:洞;French:trou;Polish:dziura;Portuguese:buraco"
"metal",12,4,"German;Italian;Portuguese;Russian",TRUE,5,TRUE,0.656415327313026,"German:Metall;Italian:metallo;Portuguese:metal;Russian:металл"
"player",12,4,"French;Galician;Portuguese;Russian",TRUE,5,FALSE,0.655897865303052,"French:joueur;Galician:xogador;Portuguese:jogador;Russian:игрок"
"star",12,4,"French;Italian;Portuguese;Russian",TRUE,5,FALSE,0.650615960097161,"French:étoile;Italian:stella;Portuguese:estrela;Russian:звезда"
"murder",12,5,"Galician;Polish;Portuguese;Russian;Spanish",FALSE,5,FALSE,0.647431775120467,"Galician:asasinato;Polish:zabójstwo;Portuguese:assassínio;Russian:убийство;Spanish:asesinato"
"tray",12,4,"French;Italian;Portuguese;Spanish",TRUE,5,FALSE,0.646910340210175,"French:bac;Italian:vassoio;Portuguese:tabuleiro;Spanish:bandeja"
"slap",12,4,"French;Italian;Polish;Spanish",TRUE,5,FALSE,0.645695629429204,"French:claque;Italian:schiaffo;Polish:klaps;Spanish:bofetada"
"cliff",12,4,"Chinese_Simplified;Chinese_Traditional;Italian;Spanish",TRUE,5,TRUE,0.644224692818391,"Chinese_Simplified:悬崖;Chinese_Traditional:崖;Italian:precipizio;Spanish:precipicio"
"board",12,4,"Galician;German;Italian;Portuguese",TRUE,5,TRUE,0.6437160643216,"Galician:xunta;German:Tafel;Italian:bordo;Portuguese:painel"
"clown",12,4,"French;Polish;Portuguese;Turkish",TRUE,5,FALSE,0.641259570885845,"French:clown;Polish:błazen;Portuguese:palhaço;Turkish:soytarı"
"stain",12,4,"French;Galician;Polish;Russian",TRUE,5,FALSE,0.640537051018628,"French:tache;Galician:mancha;Polish:skaza;Russian:пятно"
"cannon",12,4,"French;Italian;Portuguese;Spanish",TRUE,5,FALSE,0.63802554502394,"French:canon;Italian:cannone;Portuguese:canhão;Spanish:cañón"
"enemy",12,4,"Chinese_Simplified;Galician;Polish;Russian",TRUE,5,FALSE,0.636870764636295,"Chinese_Simplified:仇敌;Galician:inimigo;Polish:wróg;Russian:враг"
"portrait",12,4,"German;Portuguese;Russian;Spanish",TRUE,5,TRUE,0.635245000223385,"German:Bildnis;Portuguese:retrato;Russian:портрет;Spanish:retrato"
"explosion",12,4,"Galician;Polish;Portuguese;Spanish",TRUE,5,FALSE,0.630779496099576,"Galician:explosión;Polish:wybuch;Portuguese:explosão;Spanish:explosión"
"prince",12,4,"French;Italian;Portuguese;Russian",TRUE,5,FALSE,0.628849666861651,"French:prince;Italian:principe;Portuguese:príncipe;Russian:князь"
"autumn",12,5,"Galician;Polish;Portuguese;Russian;Spanish",FALSE,5,FALSE,0.628227863606003,"Galician:outono;Polish:jesień;Portuguese:outono;Russian:осень;Spanish:otoño"
"arch",12,4,"French;German;Portuguese;Russian",TRUE,5,TRUE,0.628210890417728,"French:arche;German:Bogen;Portuguese:arco;Russian:арка"
"sky",12,4,"Chinese_Traditional;German;Polish;Spanish",TRUE,5,TRUE,0.628000789568622,"Chinese_Traditional:天;German:Himmel;Polish:niebo;Spanish:cielo"
"folder",12,4,"German;Polish;Portuguese;Spanish",TRUE,5,TRUE,0.625015676608197,"German:Ordner;Polish:folder;Portuguese:pasta;Spanish:carpeta"
"town",12,4,"French;Galician;German;Portuguese",TRUE,5,TRUE,0.624254894893315,"French:ville;Galician:vila;German:Kaff;Portuguese:vila"
"treasure",12,4,"Galician;German;Polish;Portuguese",TRUE,5,TRUE,0.622262847760007,"Galician:tesouro;German:Schatz;Polish:skarb;Portuguese:tesouro"
"golf",12,4,"French;German;Portuguese;Spanish",TRUE,5,TRUE,0.620380162564142,"French:golf;German:Golf;Portuguese:golfe;Spanish:golf"
"foam",12,4,"French;German;Italian;Portuguese",TRUE,5,TRUE,0.618295319131518,"French:mousse;German:Schaum;Italian:schiuma;Portuguese:espuma"
"powder",12,4,"French;Galician;Italian;Portuguese",TRUE,5,FALSE,0.61782675446132,"French:poudre;Galician:po;Italian:cipria;Portuguese:pó"
"police",12,4,"Polish;Portuguese;Russian;Turkish",TRUE,5,FALSE,0.617324213384484,"Polish:policja;Portuguese:policial;Russian:полиция;Turkish:polis"
"poet",12,4,"Galician;Russian;Spanish;Turkish",TRUE,5,FALSE,0.609571175109133,"Galician:poeta;Russian:поэт;Spanish:poetisa;Turkish:şair"
"dragon",12,4,"Italian;Polish;Portuguese;Spanish",TRUE,5,FALSE,0.607932403161864,"Italian:drago;Polish:smok;Portuguese:dragão;Spanish:dragón"
"whistle",12,4,"French;Italian;Portuguese;Turkish",TRUE,5,FALSE,0.605908701749879,"French:sifflet;Italian:fischio;Portuguese:assobio;Turkish:ıslık"
"saw",12,4,"French;Portuguese;Russian;Spanish",TRUE,5,FALSE,0.605011942145751,"French:scier;Portuguese:serra;Russian:пила;Spanish:sierra"
"script",12,4,"Galician;Polish;Portuguese;Spanish",TRUE,5,FALSE,0.603543044932329,"Galician:guión;Polish:scenariusz;Portuguese:guião;Spanish:guión"
"hall",12,4,"French;German;Russian;Turkish",TRUE,5,TRUE,0.602301687118243,"French:hall;German:Saal;Russian:зал;Turkish:salon"
"object",12,4,"Galician;Portuguese;Russian;Turkish",TRUE,5,FALSE,0.598385162847003,"Galician:obxecto;Portuguese:objecto;Russian:объект;Turkish:cisim"
"funeral",12,5,"Galician;Italian;Polish;Portuguese;Turkish",FALSE,5,FALSE,0.598088247037281,"Galician:enterro;Italian:funerale;Polish:pogrzeb;Portuguese:funeral;Turkish:cenaze"
"dust",12,4,"Italian;Portuguese;Russian;Turkish",TRUE,5,FALSE,0.594221239385899,"Italian:polvere;Portuguese:poeira;Russian:пыль;Turkish:toz"
"drug",12,4,"French;Galician;Polish;Portuguese",TRUE,5,FALSE,0.592570158832229,"French:drogue;Galician:droga;Polish:narkotyk;Portuguese:droga"
"voice",12,5,"Galician;Italian;Polish;Portuguese;Turkish",FALSE,5,FALSE,0.59075525799622,"Galician:voz;Italian:voce;Polish:głos;Portuguese:voz;Turkish:ses"
"runner",12,4,"Galician;German;Italian;Spanish",TRUE,5,TRUE,0.589826495180935,"Galician:corredor;German:Läufer;Italian:corridore;Spanish:corredor"
"wound",12,4,"French;German;Russian;Turkish",TRUE,5,TRUE,0.58966450093043,"French:plaie;German:Wunde;Russian:рана;Turkish:yara"
"traffic",12,4,"Galician;Polish;Portuguese;Turkish",TRUE,5,FALSE,0.589659010136424,"Galician:tráfico;Polish:ruch;Portuguese:tráfego;Turkish:trafik"
"day",12,5,"Galician;Italian;Polish;Portuguese;Russian",FALSE,5,FALSE,0.587642244667702,"Galician:xornada;Italian:giorno;Polish:dzień;Portuguese:Dia;Russian:день"
"robber",12,4,"German;Italian;Polish;Portuguese",TRUE,5,TRUE,0.580823876601456,"German:Räuber;Italian:rapinatore;Polish:rabuś;Portuguese:assaltante"
"pension",12,5,"Galician;Polish;Portuguese;Russian;Spanish",FALSE,5,FALSE,0.576512051447234,"Galician:pensión;Polish:emerytura;Portuguese:pensão;Russian:пенсия;Spanish:pensión"
"crowd",12,4,"French;Italian;Portuguese;Russian",TRUE,5,FALSE,0.574920391208908,"French:foule;Italian:folla;Portuguese:multidão;Russian:толпа"
"athlete",12,4,"German;Polish;Portuguese;Spanish",TRUE,5,TRUE,0.567443408519799,"German:Athlet;Polish:sportowiec;Portuguese:atleta;Spanish:deportista"
"queen",12,4,"French;Polish;Portuguese;Spanish",TRUE,5,FALSE,0.565532169475243,"French:reine;Polish:królowa;Portuguese:rainha;Spanish:reina"
"trophy",12,4,"German;Italian;Polish;Spanish",TRUE,5,TRUE,0.561369467278638,"German:Trophäe;Italian:trofeo;Polish:trofeum;Spanish:trofeo"
"shadow",12,4,"Italian;Polish;Russian;Spanish",TRUE,5,FALSE,0.554865232939104,"Italian:ombra;Polish:cień;Russian:тень;Spanish:sombra"
"guest",12,4,"Italian;Polish;Russian;Turkish",TRUE,5,FALSE,0.553235814479631,"Italian:ospite;Polish:gość;Russian:гость;Turkish:misafir"
"novel",12,4,"German;Italian;Polish;Spanish",TRUE,5,TRUE,0.551981056803436,"German:Roman;Italian:romanzo;Polish:powieść;Spanish:novela"
"slime",12,4,"German;Italian;Polish;Portuguese",TRUE,5,TRUE,0.549106576609919,"German:Schleim;Italian:melma;Polish:szlam;Portuguese:lodo"
"dirt",12,4,"French;German;Italian;Portuguese",TRUE,5,TRUE,0.547565343447915,"French:crasse;German:Dreck;Italian:sporco;Portuguese:sujidade"
"cut",12,4,"Galician;German;Italian;Portuguese",TRUE,5,TRUE,0.544280191960822,"Galician:corte;German:Schnitt;Italian:taglio;Portuguese:corte"
"customer",12,4,"Chinese_Simplified;German;Polish;Spanish",TRUE,5,TRUE,0.543099751976538,"Chinese_Simplified:顾客;German:Kunde;Polish:klient;Spanish:cliente"
"winner",12,5,"German;Polish;Portuguese;Russian;Spanish",FALSE,5,TRUE,0.542710914825614,"German:Sieger;Polish:zwycięzca;Portuguese:vencedor;Russian:победитель;Spanish:vencedora"
"club",12,4,"German;Polish;Portuguese;Spanish",TRUE,5,TRUE,0.538879523796009,"German:Knüppel;Polish:klub;Portuguese:clube;Spanish:club"
"mold",12,4,"German;Italian;Polish;Portuguese",TRUE,5,TRUE,0.53690971111055,"German:Schimmel;Italian:stampo;Polish:forma;Portuguese:molde"
"sign",12,4,"Galician;German;Polish;Turkish",TRUE,5,TRUE,0.527970209428225,"Galician:signo;German:Zeichen;Polish:znak;Turkish:işaret"
"tumor",12,4,"German;Italian;Polish;Portuguese",TRUE,5,TRUE,0.526898000827112,"German:Tumor;Italian:tumore;Polish:nowotwór;Portuguese:tumor"
"crime",12,5,"French;Galician;Italian;Polish;Portuguese",FALSE,5,FALSE,0.519051370989727,"French:crime;Galician:crime;Italian:crimine;Polish:przestępstwo;Portuguese:crime"
"farm",12,4,"French;Italian;Polish;Spanish",TRUE,5,FALSE,0.516665720835552,"French:ferme;Italian:fattoria;Polish:gospodarstwo;Spanish:granja"
"music",12,5,"Italian;Polish;Portuguese;Russian;Turkish",FALSE,5,FALSE,0.509376856839858,"Italian:musica;Polish:muzyka;Portuguese:música;Russian:музыка;Turkish:müzik"
"war",12,5,"French;Italian;Polish;Portuguese;Russian",FALSE,5,FALSE,0.502287386380523,"French:guerre;Italian:guerra;Polish:wojna;Portuguese:Guerra;Russian:война"
"sex",12,4,"French;German;Italian;Portuguese",TRUE,5,TRUE,0.499260053636598,"French:sexe;German:Sex;Italian:sesso;Portuguese:sexo"
"killer",12,5,"French;German;Italian;Portuguese;Turkish",FALSE,5,TRUE,0.496078484121833,"French:tueur;German:Killer;Italian:killer;Portuguese:assassino;Turkish:katil"
"broom",12,3,"French;German;Portuguese",TRUE,4,TRUE,0.978030897504401,"French:balai;German:Besen;Portuguese:vassoura"
"monkey",12,3,"Chinese_Traditional;French;Portuguese",TRUE,4,TRUE,0.973942510942094,"Chinese_Traditional:猴;French:singe;Portuguese:macaco"
"oyster",12,3,"Chinese_Traditional;Dutch;French",TRUE,4,TRUE,0.969989451170137,"Chinese_Traditional:蠔;Dutch:oester;French:huître"
"refrigerator",12,3,"Dutch;French;Portuguese",TRUE,4,TRUE,0.961318904962632,"Dutch:koelkast;French:réfrigérateur;Portuguese:frigorífico"
"turtle",12,3,"Chinese_Traditional;Portuguese;Spanish",TRUE,4,TRUE,0.957248248187961,"Chinese_Traditional:龜;Portuguese:tartaruga;Spanish:tortuga"
"whale",12,3,"Chinese_Traditional;Portuguese;Spanish",TRUE,4,TRUE,0.955381650841551,"Chinese_Traditional:鯨;Portuguese:baleia;Spanish:ballena"
"pineapple",12,3,"Dutch;French;Portuguese",TRUE,4,TRUE,0.953384024965887,"Dutch:ananas;French:ananas;Portuguese:ananás"
"squid",12,3,"Chinese_Traditional;Dutch;Portuguese",TRUE,4,TRUE,0.951099394601564,"Chinese_Traditional:魷;Dutch:inktvis;Portuguese:lula"
"goose",12,3,"Chinese_Traditional;French;Portuguese",TRUE,4,TRUE,0.946901965777222,"Chinese_Traditional:鵝;French:oie;Portuguese:ganso"
"dolphin",12,3,"Dutch;German;Portuguese",TRUE,4,TRUE,0.946606507214473,"Dutch:dolfijn;German:Delphin;Portuguese:golfinho"
"squirrel",12,3,"French;Portuguese;Spanish",TRUE,4,FALSE,0.945888230669707,"French:écureuil;Portuguese:esquilo;Spanish:ardilla"
"ambulance",12,3,"Italian;Portuguese;Spanish",TRUE,4,FALSE,0.944968271803432,"Italian:ambulanza;Portuguese:ambulância;Spanish:ambulancia"
"sword",12,3,"Chinese_Traditional;Russian;Spanish",TRUE,4,TRUE,0.943129960054089,"Chinese_Traditional:劍;Russian:меч;Spanish:espada"
"towel",12,3,"Chinese_Traditional;Dutch;Spanish",TRUE,4,TRUE,0.939942897464631,"Chinese_Traditional:巾;Dutch:handdoek;Spanish:toalla"
"scarf",12,3,"German;Portuguese;Spanish",TRUE,4,TRUE,0.939705859105206,"German:Schal;Portuguese:cachecol;Spanish:bufanda"
"accordion",12,3,"French;Portuguese;Spanish",TRUE,4,FALSE,0.932331799193812,"French:accordéon;Portuguese:acordeão;Spanish:acordeón"
"pan",12,3,"Dutch;German;Portuguese",TRUE,4,TRUE,0.929535329543394,"Dutch:pan;German:Pfanne;Portuguese:tacho"
"lizard",12,3,"Dutch;Italian;Portuguese",TRUE,4,TRUE,0.929523613745964,"Dutch:hagedis;Italian:lucertola;Portuguese:lagarto"
"motorcycle",12,3,"French;Italian;Portuguese",TRUE,4,FALSE,0.928107037758555,"French:moto;Italian:motocicletta;Portuguese:motocicleta"
"axe",12,3,"Chinese_Traditional;Dutch;French",TRUE,4,TRUE,0.927157304428471,"Chinese_Traditional:斧;Dutch:bijl;French:hache"
"floor",12,3,"Dutch;Italian;Portuguese",TRUE,4,TRUE,0.926889231125758,"Dutch:vloer;Italian:pavimento;Portuguese:chão"
"peacock",12,3,"Dutch;French;Portuguese",TRUE,4,TRUE,0.920482984628686,"Dutch:pauw;French:paon;Portuguese:pavão"
"bracelet",12,3,"Dutch;Portuguese;Spanish",TRUE,4,TRUE,0.918371623671076,"Dutch:armband;Portuguese:pulseira;Spanish:pulsera"
"van",12,3,"Italian;Portuguese;Spanish",TRUE,4,FALSE,0.917392648780337,"Italian:furgone;Portuguese:carrinha;Spanish:furgoneta"
"eggplant",12,3,"Dutch;Italian;Portuguese",TRUE,4,TRUE,0.911998994797183,"Dutch:aubergine;Italian:melanzana;Portuguese:beringela"
"nipple",12,3,"German;Italian;Portuguese",TRUE,4,TRUE,0.910735371909821,"German:Nippel;Italian:capezzolo;Portuguese:mamilo"
"brush",12,3,"Dutch;Italian;Spanish",TRUE,4,TRUE,0.910704183499271,"Dutch:borstel;Italian:pennello;Spanish:pincel"
"swan",12,3,"Chinese_Simplified;French;Portuguese",TRUE,4,FALSE,0.910207644027907,"Chinese_Simplified:天鹅;French:cygne;Portuguese:cisne"
"sparrow",12,3,"Chinese_Traditional;Portuguese;Russian",TRUE,4,TRUE,0.909636191565695,"Chinese_Traditional:雀;Portuguese:pardal;Russian:воробей"
"mole",12,3,"Chinese_Traditional;Dutch;French",TRUE,4,TRUE,0.909361200907541,"Chinese_Traditional:痣;Dutch:mol;French:taupe"
"handkerchief",12,3,"Dutch;Portuguese;Spanish",TRUE,4,TRUE,0.907867461005958,"Dutch:neusdoek;Portuguese:lenço;Spanish:pañuelo"
"snail",12,3,"French;Portuguese;Spanish",TRUE,4,FALSE,0.904767000697892,"French:escargot;Portuguese:caracol;Spanish:caracol"
"orangutan",12,3,"Chinese_Traditional;Dutch;Portuguese",TRUE,4,TRUE,0.90363131902437,"Chinese_Traditional:猩;Dutch:orangoetang;Portuguese:orangotango"
"flour",12,3,"German;Portuguese;Turkish",TRUE,4,TRUE,0.90324007431145,"German:Mehl;Portuguese:farinha;Turkish:un"
"potato",12,3,"Dutch;Portuguese;Spanish",TRUE,4,TRUE,0.902679085905837,"Dutch:aardappel;Portuguese:batata;Spanish:patata"
"notebook",12,4,"Chinese_Traditional;Galician;German;Portuguese",FALSE,4,TRUE,0.902635483000098,"Chinese_Traditional:簿;Galician:caderno;German:Heft;Portuguese:caderno"
"vagina",12,3,"German;Italian;Portuguese",TRUE,4,TRUE,0.900422523299646,"German:Scheide;Italian:vagina;Portuguese:vagina"
"trout",12,3,"Dutch;French;Portuguese",TRUE,4,TRUE,0.899733297632389,"Dutch:forel;French:truite;Portuguese:truta"
"hairpin",12,3,"Chinese_Traditional;Italian;Spanish",TRUE,4,TRUE,0.897538611895167,"Chinese_Traditional:釵;Italian:forcina;Spanish:horquilla"
"blackbird",12,3,"French;German;Portuguese",TRUE,4,TRUE,0.896521715067457,"French:merle;German:Amsel;Portuguese:melro"
"canoe",12,3,"Dutch;Italian;Portuguese",TRUE,4,TRUE,0.896512070541087,"Dutch:kano;Italian:canoa;Portuguese:canoa"
"camera",12,3,"Dutch;Galician;Turkish",TRUE,4,TRUE,0.894172816694515,"Dutch:fototoestel;Galician:cámara;Turkish:kamera"
"seagull",12,3,"Chinese_Traditional;Portuguese;Spanish",TRUE,4,TRUE,0.893991443212734,"Chinese_Traditional:鷗;Portuguese:gaivota;Spanish:gaviota"
